{
    "b0": 0.15656713217282517,
    "b1": 0.03638224840178393,
    "b2": 0.022390122288961794,
    "b3": 0.06903770230645243,
    "t1": 0.26231552845347583,
    "t2": 0.6058134657883574
}