{
    "b0": 0.21207159198005954,
    "b1": -0.022683208412817624,
    "b2": 0.01397378372773225,
    "b3": -0.16743725121959677,
    "t1": 0.2891105388387313,
    "t2": 4.097415344428958
}