{
    "b0": 0.195467173518243,
    "b1": -0.013218741881348452,
    "b2": -0.11935471449043028,
    "b3": -0.029368807956484465,
    "t1": 6.259217486276227,
    "t2": 0.5003884010965197
}