{
    "b0": 0.19628444210527543,
    "b1": -0.009503191105631623,
    "b2": 0.018381388565718734,
    "b3": -0.1527414417180551,
    "t1": 0.28559964268231247,
    "t2": 4.729259257763106
}