{
    "b0": 0.20200607428672782,
    "b1": -0.008824501315491923,
    "b2": 0.014757624783522183,
    "b3": -0.13185364141096875,
    "t1": 0.26340341450762134,
    "t2": 4.825037676002542
}