{
    "b0": 0.14983856021041062,
    "b1": 0.04130165111120743,
    "b2": 0.04244302496234972,
    "b3": 0.07594567364657409,
    "t1": 0.3809885978260252,
    "t2": 1.2808316944718408
}