{
    "b0": 0.37347132359115603,
    "b1": -0.18250037145536047,
    "b2": -0.38692664014967165,
    "b3": -0.030780481374871556,
    "t1": 10.720081329433008,
    "t2": 0.36329826128296494
}