{
    "b0": 0.15028230014010832,
    "b1": 0.03557998362967008,
    "b2": -0.03397259274756601,
    "b3": 0.036832794000646825,
    "t1": 2.6846226462961997,
    "t2": 0.37269074015190934
}