{
    "b0": 0.15787505709855087,
    "b1": 0.02987892219488695,
    "b2": -0.0009559500640580233,
    "b3": -0.027465801587157532,
    "t1": 1.65643841614911,
    "t2": 0.32216880855119573
}