{
    "b0": 0.13247210242746965,
    "b1": 0.06335143746062558,
    "b2": 0.08750109337216093,
    "b3": -0.05619393472955217,
    "t1": 1.0000001154289861,
    "t2": 0.7175649782207238
}