{
    "b0": 0.1459717890339764,
    "b1": 0.03715029011239518,
    "b2": 0.02695322827143111,
    "b3": -0.0336243027098618,
    "t1": 1.0000001273367245,
    "t2": 0.5067605352499758
}