{
    "b0": 0.18693704074714118,
    "b1": -0.006907442560417532,
    "b2": 0.028060748607064274,
    "b3": -0.056410931089892064,
    "t1": 0.3218080076611127,
    "t2": 3.254322650008487
}