{
    "b0": 0.20655259824468622,
    "b1": -0.007023858104533258,
    "b2": -0.16165455168601797,
    "b3": -0.020308477460717775,
    "t1": 5.478895001365091,
    "t2": 0.6363115316103756
}