{
    "b0": 0.16308253736872438,
    "b1": 0.022771612345349482,
    "b2": 0.19091590902701355,
    "b3": -0.15113403902498876,
    "t1": 0.6693912427236675,
    "t2": 0.8009685379275593
}