{
    "b0": 0.14272360001050546,
    "b1": 0.052503765018837606,
    "b2": 0.057145227031282844,
    "b3": 0.0548304639043701,
    "t1": 0.2272641139583408,
    "t2": 0.8650138485300609
}