{
    "b0": 0.24607681048307548,
    "b1": -0.05166677830622565,
    "b2": -0.05418265436886859,
    "b3": -0.30615289292121994,
    "t1": 0.6627575345633794,
    "t2": 5.586130466489437
}