{
    "b0": 0.21718511494648224,
    "b1": -0.02636409045624194,
    "b2": -0.05250153896819858,
    "b3": -0.2066359669211779,
    "t1": 0.5012402034181216,
    "t2": 5.774748041097188
}