{
    "b0": 0.506172702203053,
    "b1": -0.3185668103587938,
    "b2": -0.5461080150108493,
    "b3": -0.028701967315235374,
    "t1": 12.338716418925362,
    "t2": 0.30888385538777396
}