{
    "b0": 0.2743186338400868,
    "b1": -0.08011681217218167,
    "b2": -0.07325915976114,
    "b3": -0.38722956192348296,
    "t1": 0.763176258019149,
    "t2": 5.751874859482157
}