{
    "b0": 0.13467272918589304,
    "b1": 0.05142399208275211,
    "b2": 0.05950488438186138,
    "b3": 0.061380959359869286,
    "t1": 0.37467951999143556,
    "t2": 1.195670603960917
}