{
    "b0": 0.16169182466508755,
    "b1": 0.029559458593641695,
    "b2": -0.0265474586593369,
    "b3": 0.023293957327351893,
    "t1": 2.552872813614801,
    "t2": 0.0795556521089653
}