{
    "b0": 0.1550059825213833,
    "b1": 0.04066772578295959,
    "b2": 0.05284972512443602,
    "b3": 0.03709971192555107,
    "t1": 0.2545732735943152,
    "t2": 1.0647748305246185
}