{
    "b0": 0.19473201404524307,
    "b1": 0.003226882555166479,
    "b2": -0.14099450076151399,
    "b3": -0.019095770662068717,
    "t1": 5.086068035402741,
    "t2": 0.5358963856999682
}