{
    "b0": 0.15486770391423532,
    "b1": 0.03858762933190321,
    "b2": 0.019187742041044748,
    "b3": 0.06637262581342948,
    "t1": 0.32411615573481406,
    "t2": 0.6055757291586603
}