{
    "b0": 0.1438133862055147,
    "b1": 0.0513124513569586,
    "b2": 0.055897680095059035,
    "b3": 0.05504277911931517,
    "t1": 0.22414242029066322,
    "t2": 0.9072831174706645
}