{
    "b0": 0.2834514116180197,
    "b1": -0.09114146915579124,
    "b2": -0.25283949436883113,
    "b3": -0.028608816726474466,
    "t1": 8.392060104928095,
    "t2": 0.3136457546614169
}