{
    "b0": 0.1627456761927368,
    "b1": 0.023475907433349423,
    "b2": 0.18190582382617976,
    "b3": -0.14457807129540373,
    "t1": 0.7120436060071382,
    "t2": 0.8766527117189626
}