{
    "b0": 0.21025244509085092,
    "b1": -0.01025017243529066,
    "b2": -0.17321127600979877,
    "b3": -0.021409976091921926,
    "t1": 6.202822268881049,
    "t2": 0.7172507738178809
}