{
    "b0": 0.21502608848973723,
    "b1": -0.016074914116326278,
    "b2": -0.026974084281769208,
    "b3": -0.15714141118960379,
    "t1": 0.5248336744433729,
    "t2": 4.509039622323478
}