{
    "b0": 0.4848718148279633,
    "b1": -0.2938389211633865,
    "b2": -0.5316222367932324,
    "b3": -0.03285520485940433,
    "t1": 12.216819321427325,
    "t2": 0.3596634965571845
}