{
    "b0": 0.15007783181514817,
    "b1": 0.04246563997788255,
    "b2": 0.03918204026637484,
    "b3": 0.07220264434944094,
    "t1": 0.31370192685620113,
    "t2": 0.9208145537319629
}