{
    "b0": 0.14419856405367845,
    "b1": 0.03772348746418498,
    "b2": 0.35616746193942694,
    "b3": -0.34980571031061386,
    "t1": 0.8050092065235284,
    "t2": 0.7487434828815769
}