{
    "b0": 0.15372936784895738,
    "b1": -0.0023917726802255117,
    "b2": 0.14239449517309002,
    "b3": -0.15876087496271063,
    "t1": 0.6529463715309006,
    "t2": 0.5904007943252672
}