{
    "b0": 0.12125140091007106,
    "b1": 0.011125548918214212,
    "b2": -0.023868981564883394,
    "b3": 0.02243687424130351,
    "t1": 0.8579366244415545,
    "t2": 2.324278871892572
}