{
    "b0": 0.19422675567012046,
    "b1": -0.04081337594151052,
    "b2": -0.061207249934735274,
    "b3": -0.09555722566059038,
    "t1": 0.4935994758927355,
    "t2": 6.290874068365164
}