{
    "b0": 0.15558165178587074,
    "b1": 0.014826310618524196,
    "b2": -0.0836667234942417,
    "b3": -0.024536507108000722,
    "t1": 3.6937758760371793,
    "t2": 0.4670240465529563
}