{
    "b0": 0.13156131884731406,
    "b1": 0.0340536747012158,
    "b2": 6.751109977304326e-08,
    "b3": -0.04653883324494871,
    "t1": 4.285651116597569,
    "t2": 0.6266734255327342
}