{
    "b0": 0.13380147825914437,
    "b1": 0.006874085653238204,
    "b2": 0.009245406441702728,
    "b3": -0.02310037575816203,
    "t1": 2.3819052683835715,
    "t2": 0.5278309438159942
}