{
    "b0": 0.1451204493449544,
    "b1": 0.0022906581634193493,
    "b2": -0.011650189824431393,
    "b3": 0.022842095462369077,
    "t1": 0.3088793014303214,
    "t2": 3.9865891841977783
}