{
    "b0": 0.1392226398212851,
    "b1": 0.03538908346797168,
    "b2": -0.012508755252294664,
    "b3": -0.01744468026318178,
    "t1": 1.672212311548212,
    "t2": 0.5227325870361728
}