{
    "b0": 0.12956909188804197,
    "b1": 0.030434998105126492,
    "b2": -0.016447638126456315,
    "b3": 0.027773496138545906,
    "t1": 2.339563141052568,
    "t2": 0.05196399056961966
}