{
    "b0": 0.15937546182715165,
    "b1": 0.01892060483621091,
    "b2": -0.06940556337523711,
    "b3": -0.01607809212300283,
    "t1": 3.293289584574696,
    "t2": 0.48701896618728197
}