{
    "b0": 0.1414193966807519,
    "b1": 0.031832001165500196,
    "b2": -0.04468385690456865,
    "b3": -0.019883933652882435,
    "t1": 2.826526563388024,
    "t2": 0.40096033842331724
}