{
    "b0": 0.11951677012462981,
    "b1": 0.04191287318607914,
    "b2": 2.564335966528941e-06,
    "b3": 0.08771204429856516,
    "t1": 0.42588603457962404,
    "t2": 3.2084224975700053
}