{
    "b0": 0.14658393972332753,
    "b1": 4.85565197050519e-09,
    "b2": 1.6511288848222523e-10,
    "b3": -0.01106443094739178,
    "t1": -0.32886006009950164,
    "t2": 0.3818734120085231
}