{
    "b0": 0.17571404793850667,
    "b1": -0.023981574226500713,
    "b2": -0.0440946247553629,
    "b3": -0.057370285190946224,
    "t1": 0.4661368082054351,
    "t2": 5.463598606762298
}