{
    "b0": 0.152459137771159,
    "b1": -0.0020052994653237373,
    "b2": 0.03130613918911196,
    "b3": -0.046280345047026564,
    "t1": 0.8798315299696062,
    "t2": 0.5660186865961422
}