{
    "b0": 0.11186619184754759,
    "b1": 0.04745256338213128,
    "b2": -1.1519317266598175e-07,
    "b3": -0.03839553327728012,
    "t1": 13.800447920652076,
    "t2": 0.5743908038558214
}