{
    "b0": 0.15531640596232035,
    "b1": -0.0067938777012564785,
    "b2": -0.02793470512054404,
    "b3": 0.0033689852243194143,
    "t1": 0.4407776791546541,
    "t2": 1.4098763841669195
}