{
    "b0": 0.293806013963138,
    "b1": -0.12595260513923798,
    "b2": -0.26503337133869215,
    "b3": -0.042048103102317255,
    "t1": 9.297865947274655,
    "t2": 0.6159964271267808
}