{
    "b0": 0.13276160743868404,
    "b1": 0.005032600564864682,
    "b2": 0.012823630650158244,
    "b3": -0.027221537019804752,
    "t1": 3.6654027807585043,
    "t2": 0.5655580336065982
}