{
    "b0": 0.13407298310622803,
    "b1": 0.03283993230714326,
    "b2": 0.016013351290304883,
    "b3": -0.03637390368334367,
    "t1": 1.2734741201670774,
    "t2": 0.4715349234698806
}