{
    "b0": 0.1321108333808757,
    "b1": 0.002577901593949526,
    "b2": 0.3949154141913646,
    "b3": -0.4052223824898826,
    "t1": 1.0609423347195848,
    "t2": 1.0215882201482382
}