{
    "b0": 0.1262232007353032,
    "b1": 0.006366234936918562,
    "b2": -0.1751858596781886,
    "b3": 0.16471468108818044,
    "t1": 1.1357602062997463,
    "t2": 1.280822758845252
}