{
    "b0": 0.1329546115870663,
    "b1": 0.0008951570794306389,
    "b2": 0.011392109187702594,
    "b3": -0.024277650872625324,
    "t1": 1.7375508264178277,
    "t2": 0.7706543431143177
}