{
    "b0": 0.14070794424205185,
    "b1": 0.029989935925748123,
    "b2": -0.055575363321903326,
    "b3": -0.021597242843664745,
    "t1": 2.935119308442485,
    "t2": 0.4172027560823294
}