{
    "b0": 0.13479214020635225,
    "b1": 0.0035086707831803376,
    "b2": 0.011145864764409612,
    "b3": -0.022123277316575016,
    "t1": 1.990052353516617,
    "t2": 0.6682002556443191
}