{
    "b0": 0.1548436416598321,
    "b1": -0.006514546170936161,
    "b2": -0.027213609115523046,
    "b3": 0.002095300639093344,
    "t1": 0.4190452356902681,
    "t2": 1.4297366650129164
}