{
    "b0": 0.13141382859580658,
    "b1": 0.004164561926647416,
    "b2": 0.023369021403261726,
    "b3": -0.031072121249022023,
    "t1": 1.8701179692355192,
    "t2": 0.7807848868144824
}