{
    "b0": 0.13949671508202913,
    "b1": 0.04012309409505109,
    "b2": 0.026241418213132497,
    "b3": -0.02735138079737579,
    "t1": 0.9852721633597952,
    "t2": 0.5686823250112011
}