{
    "b0": 0.13487038615298427,
    "b1": 0.0024741044449682675,
    "b2": 0.012956593820749119,
    "b3": -0.035521030128486904,
    "t1": 1.5348608195462754,
    "t2": 0.7636613017522436
}