{
    "b0": 0.1545867654807277,
    "b1": -0.005870141343094328,
    "b2": -0.5147883635898786,
    "b3": 0.4929027432418419,
    "t1": 0.6036451579275005,
    "t2": 0.6140503924348071
}