{
    "b0": 0.13754285543425654,
    "b1": 0.02734529815118747,
    "b2": 2.2858263801651263e-07,
    "b3": -0.047208715309104025,
    "t1": 3.2375797526223513,
    "t2": 0.6330217648967826
}