{
    "b0": 0.1358904259340498,
    "b1": 0.016245339049135492,
    "b2": -0.004710362028869793,
    "b3": 0.04336689311702943,
    "t1": 2.330726538734565,
    "t2": 0.057859521295992276
}