{
    "b0": 0.14532398220389553,
    "b1": 0.03350398460150193,
    "b2": -0.03072349430403899,
    "b3": -0.008668072024673708,
    "t1": 1.8664597075969227,
    "t2": 0.3288361411304011
}