{
    "b0": 0.13413266881713584,
    "b1": 0.014660127457535144,
    "b2": 0.006660522042549131,
    "b3": 0.09429860138563849,
    "t1": 2.0,
    "t2": 5.0
}