{
    "b0": 0.14164401833583237,
    "b1": 0.002960399567386876,
    "b2": -0.009489361430403178,
    "b3": 0.016108385216659415,
    "t1": 0.37191841155639654,
    "t2": 3.547998498515841
}