{
    "b0": 0.12450187120027319,
    "b1": 0.01712457035636316,
    "b2": 1.7558364901089363e-07,
    "b3": 0.046865975905125326,
    "t1": 0.2529687055290785,
    "t2": 3.263850947271358
}