{
    "b0": 0.10333544057130235,
    "b1": 0.016771588621613223,
    "b2": 0.5605319677841649,
    "b3": -0.5816412430202335,
    "t1": 1.5222229870532449,
    "t2": 1.47459704122556
}