{
    "b0": 0.14361396655864106,
    "b1": -0.03315590553531393,
    "b2": 0.06099849805066126,
    "b3": -0.10770773075978131,
    "t1": 3.196319713550119,
    "t2": 5.172278494082125
}