{
    "b0": 0.10588662332554093,
    "b1": 0.011884851814102275,
    "b2": 0.007621801087099266,
    "b3": -0.028345120723905368,
    "t1": 1.8477948421015913,
    "t2": 0.7694743352414269
}