{
    "b0": 0.11207344041189417,
    "b1": 0.013284935149584074,
    "b2": -0.019149437188784035,
    "b3": 0.008519089465716946,
    "t1": 1.0733288313284421,
    "t2": 1.7401138003427339
}