{
    "b0": 0.11366434246608288,
    "b1": -0.0021415849779611675,
    "b2": -0.0703324457379261,
    "b3": 0.06732220711674212,
    "t1": 0.5469443630280038,
    "t2": 0.6187454798353058
}