{
    "b0": 0.1055786824930472,
    "b1": 0.013442645878201492,
    "b2": -0.30258339843424253,
    "b3": 0.285166861109059,
    "t1": 1.0172413193489578,
    "t2": 1.0629761429025248
}