{
    "b0": 0.10620851105410065,
    "b1": 0.009111867197755205,
    "b2": -0.9192618865565172,
    "b3": 0.9087701305194035,
    "t1": 0.8870513480853189,
    "t2": 0.8955367911587367
}