{
    "b0": 0.12979134310822857,
    "b1": -0.018103551594187795,
    "b2": -0.22555762238004975,
    "b3": 0.21295293966062293,
    "t1": 0.612203326348172,
    "t2": 0.6434653457095495
}