{
    "b0": 0.15510630296977893,
    "b1": -0.04587410534164351,
    "b2": 0.040698465485118795,
    "b3": -0.07567522895675724,
    "t1": 2.0,
    "t2": 5.0
}