{
    "b0": 0.10815227046177285,
    "b1": 0.017511341901005836,
    "b2": -0.0161625347415452,
    "b3": -0.020931276219862932,
    "t1": 2.4712401292589163,
    "t2": 0.8864068325387253
}