{
    "b0": 0.14960781510804746,
    "b1": -0.03812282259908152,
    "b2": -0.02965314350835228,
    "b3": -0.08730873278919664,
    "t1": 0.6642395438517559,
    "t2": 4.942994870632151
}