{
    "b0": 0.12104050191795863,
    "b1": 0.011468297086866627,
    "b2": -3.420247096652673e-08,
    "b3": -0.0195948779252526,
    "t1": 1.222034980425514,
    "t2": 0.5820450292207716
}