{
    "b0": 0.11302000126695946,
    "b1": 0.012862775361962795,
    "b2": -0.016702439261377298,
    "b3": 0.008379486933728919,
    "t1": 1.0158136832429212,
    "t2": 2.628329318610592
}