{
    "b0": 0.11440325238127179,
    "b1": -0.0026637154407552115,
    "b2": -0.16196451685520788,
    "b3": 0.15832938595338114,
    "t1": 0.49331124590195297,
    "t2": 0.5257771559395708
}