{
    "b0": 0.10446659907236804,
    "b1": 0.014613303477800007,
    "b2": 0.3283550565976192,
    "b3": -0.3440515205964048,
    "t1": 1.073490769337414,
    "t2": 1.0316051372929054
}