{
    "b0": 0.13021913804093876,
    "b1": -0.0010832487677813508,
    "b2": -0.026438030141789547,
    "b3": -0.024116721422835847,
    "t1": 6.368574031384802,
    "t2": 0.8446643432897203
}