{
    "b0": 0.11420325824388146,
    "b1": -0.0024415481783240196,
    "b2": -0.34456322405182527,
    "b3": 0.34163250868239353,
    "t1": 0.5115144758562259,
    "t2": 0.5266083491330529
}