{
    "b0": 0.12551829569052286,
    "b1": 0.004748426005459754,
    "b2": -0.01297887759741373,
    "b3": -0.0015894520817220296,
    "t1": 0.7250219349806091,
    "t2": 0.21137620302449417
}