{
    "b0": 0.11706035194867007,
    "b1": -0.0027473382001602423,
    "b2": 0.16885339814937986,
    "b3": -0.17325478860768462,
    "t1": 0.7380373625092407,
    "t2": 0.6644491193049776
}