{
    "b0": 0.11221173231096025,
    "b1": -0.0007326122118276321,
    "b2": -0.01241260893751095,
    "b3": 0.008900154458480549,
    "t1": 0.34290763624550813,
    "t2": 0.6470824940132115
}