{
    "b0": 0.10189884931985227,
    "b1": 0.01720763741891578,
    "b2": 0.016587931477792417,
    "b3": -0.003982533079217577,
    "t1": 0.23302667803683824,
    "t2": 0.8788634300238297
}