{
    "b0": 0.1202613709332724,
    "b1": 0.008890468888211933,
    "b2": -0.0038609351050989,
    "b3": -0.0202155006386983,
    "t1": 1.8824795265088947,
    "t2": 0.7593382310522848
}