{
    "b0": 0.11997531969078572,
    "b1": 0.007773482516361899,
    "b2": 0.008149322566593682,
    "b3": -0.028392964548846177,
    "t1": 1.6697117996650357,
    "t2": 0.894808738157274
}