{
    "b0": 0.11126810760575696,
    "b1": 0.014724986482054976,
    "b2": -0.019569926700205513,
    "b3": 0.015186926411205325,
    "t1": 1.0715777676819294,
    "t2": 2.854082414387034
}