{
    "b0": 0.16118679154619334,
    "b1": -0.04941125089636052,
    "b2": -0.04102820220431087,
    "b3": -0.10636395198418458,
    "t1": 0.6568507789814235,
    "t2": 5.093171835483073
}