{
    "b0": 0.151628386669607,
    "b1": -0.04155529421354145,
    "b2": 0.44863274100546296,
    "b3": -0.5157662134864712,
    "t1": 4.5793656114139925,
    "t2": 5.020747247967458
}