{
    "b0": 0.11274358556501736,
    "b1": -0.007198899277741646,
    "b2": 0.017866613257882438,
    "b3": 0.023670901325837147,
    "t1": 1.6045368666180206,
    "t2": 0.04939321304883138
}