{
    "b0": 0.1288954922801573,
    "b1": -0.01738288786759233,
    "b2": -0.16730626506610427,
    "b3": 0.15243148508561144,
    "t1": 0.5651220854228625,
    "t2": 0.5856930667554147
}