{
    "b0": 0.12442720076781007,
    "b1": -0.012562788688886856,
    "b2": -0.017431117784281257,
    "b3": -0.0004223462311551572,
    "t1": 0.4115109471820366,
    "t2": 1.4953968268943558
}