{
    "b0": 0.09737257408372657,
    "b1": 0.02466259910108452,
    "b2": 0.39597248668829366,
    "b3": -0.4170913232415708,
    "t1": 1.3977302126773947,
    "t2": 1.364933691723591
}