{
    "b0": 0.10409437061021079,
    "b1": 0.01587758362245045,
    "b2": -0.27644753821711854,
    "b3": 0.25527508919421893,
    "t1": 1.2921901919330836,
    "t2": 1.3556484915147182
}