{
    "b0": 0.12297788111950864,
    "b1": 0.005465508119816489,
    "b2": 0.021144281918315393,
    "b3": -0.038370129925310414,
    "t1": 1.0000001340815208,
    "t2": 0.7808078379519612
}