{
    "b0": 0.12893177317865243,
    "b1": -0.01754340953400332,
    "b2": -0.630969399640638,
    "b3": 0.619123764278487,
    "t1": 0.6473660240085122,
    "t2": 0.6544980681544755
}