{
    "b0": 0.16087893807576056,
    "b1": -0.0520333044407275,
    "b2": 0.05709142672606477,
    "b3": -0.10263331800602146,
    "t1": 2.0,
    "t2": 5.0
}