{
    "b0": 0.18073805769140489,
    "b1": -0.04043844432040693,
    "b2": 0.04016192500435599,
    "b3": -0.013321548492157664,
    "t1": 0.9692418369554431,
    "t2": 0.18644207329368595
}