{
    "b0": 0.1643629024909726,
    "b1": -0.04835687267931175,
    "b2": 0.47333370048563794,
    "b3": -0.4828636403378599,
    "t1": 1.8762335456201213,
    "t2": 2.3773247350514852
}