{
    "b0": 0.21209958744757287,
    "b1": -0.07661567734952546,
    "b2": -0.06490754151008751,
    "b3": -0.19204248535717067,
    "t1": 1.0553001525002617,
    "t2": 6.4255559398391995
}