{
    "b0": -0.009154023314793189,
    "b1": 0.14426785783998933,
    "b2": 0.2606834384674724,
    "b3": 0.040218220580478456,
    "t1": 14.64499748096869,
    "t2": 2.369813345742497
}