{
    "b0": 0.25950832646747246,
    "b1": -0.14996519641585893,
    "b2": 0.25550380632390657,
    "b3": -0.5219267330249497,
    "t1": 3.444903922371863,
    "t2": 5.648802589893885
}