{
    "b0": 0.17447573529947596,
    "b1": -0.06559469091510785,
    "b2": 0.06200745864177916,
    "b3": -0.14706655991467013,
    "t1": 2.0,
    "t2": 5.0
}