{
    "b0": 0.14564785564255162,
    "b1": -0.01300288978534896,
    "b2": 0.04326008992476455,
    "b3": 0.011152469073213597,
    "t1": 2.9439541453393465,
    "t2": 0.16135346433644165
}