{
    "b0": 0.14505180895895584,
    "b1": -0.03569795293287084,
    "b2": 0.2184453019358231,
    "b3": -0.20732321224997668,
    "t1": 1.8344553761199451,
    "t2": 2.3483777749963797
}