{
    "b0": 0.15893110445692568,
    "b1": -0.0501442368766296,
    "b2": 0.0546158844054505,
    "b3": -0.09709564087721077,
    "t1": 2.0,
    "t2": 5.0
}