{
    "b0": 0.194841328938578,
    "b1": -0.07620277087695097,
    "b2": 0.9129204216380619,
    "b3": -0.9518839309068732,
    "t1": 2.278980457915331,
    "t2": 2.6535693204075743
}