{
    "b0": 0.13625245774823747,
    "b1": -0.008531725713026642,
    "b2": -0.8639270063569925,
    "b3": 0.9060219677565338,
    "t1": 1.0456243102814753,
    "t2": 1.009032441396103
}