{
    "b0": 0.13746997318953375,
    "b1": -0.025303705127072258,
    "b2": -0.7346920065292487,
    "b3": 0.766780170496143,
    "t1": 1.6108590265426022,
    "t2": 1.558619868960649
}