{
    "b0": 0.15417816935753784,
    "b1": -0.01965569622472767,
    "b2": 0.031122675311428986,
    "b3": 0.00898584624267769,
    "t1": 1.8230732251614141,
    "t2": 0.12215827976439762
}