{
    "b0": 0.1523779738461,
    "b1": -0.038588988297895185,
    "b2": 0.13149753307314374,
    "b3": -0.12328759951158841,
    "t1": 1.4410056612907367,
    "t2": 2.72465013591607
}