{
    "b0": 0.13960921270451546,
    "b1": -0.028283184911591788,
    "b2": 0.05972835740153818,
    "b3": -0.04380321693571297,
    "t1": 1.2760543476299246,
    "t2": 2.5047768679571165
}