{
    "b0": 0.14227491890130575,
    "b1": -0.006415464681979708,
    "b2": 0.10002289967290724,
    "b3": -0.11331904913469683,
    "t1": 1.0464056333842149,
    "t2": 1.0234420320725892
}