{
    "b0": 0.14464508070293203,
    "b1": -0.030621636527425132,
    "b2": 0.06599932751766502,
    "b3": -0.05040201716251402,
    "t1": 1.3954327550341514,
    "t2": 2.6895603889726885
}