{
    "b0": 0.1586468761623812,
    "b1": -0.023989709795241322,
    "b2": 0.037309621315096284,
    "b3": 0.009660043974449459,
    "t1": 3.03132463139196,
    "t2": 1.0209146010015027
}