{
    "b0": 0.1419206294815091,
    "b1": -0.008243718036177773,
    "b2": 0.01311951985345941,
    "b3": 0.025611498455909897,
    "t1": 2.52085781832957,
    "t2": 0.4042103458600937
}