{
    "b0": 0.15417639801847924,
    "b1": -0.016678290282541926,
    "b2": -0.10227093919572423,
    "b3": 0.12210007921366635,
    "t1": 1.1628976751166036,
    "t2": 1.3635032150318565
}