{
    "b0": 0.14447853003530575,
    "b1": -0.011611559810703533,
    "b2": 0.00923618105757557,
    "b3": 0.0038266976858949723,
    "t1": 0.2983045186905817,
    "t2": 0.11248856938737982
}