{
    "b0": 0.1581621778426073,
    "b1": -0.042597238353085244,
    "b2": 0.3811527870906597,
    "b3": -0.3792464451934985,
    "t1": 1.7914247113799506,
    "t2": 2.3320110484679444
}