{
    "b0": 0.1431731079011041,
    "b1": -0.029477992375216876,
    "b2": 0.05916273858579476,
    "b3": -0.039804380212531326,
    "t1": 1.241863028625249,
    "t2": 2.6135167567667
}