{
    "b0": 0.13352469515675477,
    "b1": -0.017945945428364855,
    "b2": -0.03106598240152676,
    "b3": 0.03152154661065752,
    "t1": 0.307997486758411,
    "t2": 0.568995592689486
}