{
    "b0": 0.1344170186336456,
    "b1": -0.0058368907481540205,
    "b2": -0.40736376095302484,
    "b3": 0.45237280590750134,
    "t1": 1.0330405952287915,
    "t2": 0.9621561430542778
}