{
    "b0": 0.16430829447165415,
    "b1": -0.055345990334801115,
    "b2": 0.05606108610206234,
    "b3": -0.11689223070482563,
    "t1": 2.0,
    "t2": 5.0
}