{
    "b0": 0.15233802850328018,
    "b1": -0.04357919258647855,
    "b2": 0.05003778980301111,
    "b3": -0.07598077560986638,
    "t1": 2.0,
    "t2": 5.0
}