{
    "b0": 0.13550506478917074,
    "b1": -0.007230378690855493,
    "b2": -0.673824579041249,
    "b3": 0.7191679624103818,
    "t1": 1.0303101350976174,
    "t2": 0.9845411212783463
}