{
    "b0": 0.14929196170583656,
    "b1": -0.03567983911377516,
    "b2": 0.11764959903915752,
    "b3": -0.10396985540374643,
    "t1": 1.4115406975189715,
    "t2": 2.775287295535015
}