{
    "b0": 0.27679172935458257,
    "b1": -0.1389769642091012,
    "b2": -0.5025706773072601,
    "b3": 0.40463353591890655,
    "t1": 4.73199771153919,
    "t2": 3.172070042211059
}