{
    "b0": 0.15939525818213782,
    "b1": -0.020860175895866206,
    "b2": -0.5989803625232989,
    "b3": 0.6097027834030966,
    "t1": 1.133697185104066,
    "t2": 1.1810601314962388
}