{
    "b0": 0.1571413584137554,
    "b1": -0.04786450515167026,
    "b2": 0.38918693232237656,
    "b3": -0.3963686922390799,
    "t1": 2.1610660205948817,
    "t2": 2.5940854584144706
}