{
    "b0": 0.13863965505890086,
    "b1": -0.014160002090457547,
    "b2": 0.8020533193684845,
    "b3": -0.7547952205167348,
    "t1": 1.3028349347270791,
    "t2": 1.3863292052971086
}