{
    "b0": 0.13178718075313658,
    "b1": -0.017984357516180757,
    "b2": 0.3461407402672753,
    "b3": -0.3044601442604549,
    "t1": 1.42803990973878,
    "t2": 1.6010077668281217
}