{
    "b0": 0.13958194018491535,
    "b1": -0.00524044417176301,
    "b2": -0.004659243771187963,
    "b3": 0.02983289123281238,
    "t1": 2.457001002039657,
    "t2": 0.5147668209710199
}