{
    "b0": 0.11682475656442745,
    "b1": 0.018745597562518854,
    "b2": -0.010263201474632742,
    "b3": 0.09545402412964361,
    "t1": 0.694836845165686,
    "t2": 6.333552716631363
}