{
    "b0": 0.17031311149307093,
    "b1": -0.04092363489615981,
    "b2": -0.04053197709634811,
    "b3": -0.11792176853551958,
    "t1": 0.18195857357173165,
    "t2": 4.781863447064273
}