{
    "b0": 0.15246921914614925,
    "b1": -0.02989201040851036,
    "b2": 0.7210501366933325,
    "b3": -0.6862344510371374,
    "t1": 1.7380013891396022,
    "t2": 1.9253699784108056
}