{
    "b0": 0.16280847858631262,
    "b1": -0.07516174215029454,
    "b2": -0.08568140457407408,
    "b3": -0.07398186824517408,
    "t1": 0.42544582357241056,
    "t2": 4.951147597849743
}