{
    "b0": 0.10977536622658668,
    "b1": 0.025703728794918907,
    "b2": -0.03957707470147229,
    "b3": 0.047778324104289574,
    "t1": 0.7028145871613312,
    "t2": 4.369780914600945
}