{
    "b0": 0.12777065062482412,
    "b1": -0.0044238091329851376,
    "b2": -0.03304574527488109,
    "b3": -0.08242936827886174,
    "t1": 0.10049433178157509,
    "t2": 0.530717831298579
}