{
    "b0": 0.12425850311949552,
    "b1": -0.020833161488054995,
    "b2": 0.049259828036022725,
    "b3": -0.04830348315484932,
    "t1": 2.8201584527577817,
    "t2": 0.6685448995575196
}