{
    "b0": 0.07911456729109734,
    "b1": 0.035730551733342664,
    "b2": 2.6522430874031944e-06,
    "b3": 0.1453654719986214,
    "t1": 0.17370192571005139,
    "t2": 4.659970945512976
}