{
    "b0": 0.1295048956340788,
    "b1": -0.04096800155744561,
    "b2": -0.06657398283596172,
    "b3": 0.014378902580001688,
    "t1": 0.40968523455113237,
    "t2": 1.5902663866096278
}