{
    "b0": 0.1294490060932607,
    "b1": -0.026663647895608468,
    "b2": 0.11918086245497356,
    "b3": -0.15885706033363772,
    "t1": 1.0000000255793966,
    "t2": 0.8204417205525006
}