{
    "b0": 0.09320946567302227,
    "b1": 0.031148149097749066,
    "b2": -0.028785910466682236,
    "b3": 0.10400760892635827,
    "t1": 0.47304920533261235,
    "t2": 5.289717592900253
}