{
    "b0": 0.07881055055889984,
    "b1": 0.03763415760385175,
    "b2": 1.7949562780457395e-06,
    "b3": 0.13445028882347618,
    "t1": 0.2126190667868294,
    "t2": 4.821461142917132
}