{
    "b0": 0.12806819347260825,
    "b1": -0.04039866328226352,
    "b2": -0.2654480171409712,
    "b3": 0.24053626084203306,
    "t1": 0.8961892755563556,
    "t2": 1.0933079882268988
}