{
    "b0": 0.13498947505361183,
    "b1": -0.04730498517234012,
    "b2": -0.07902331231175654,
    "b3": 0.027019006904330383,
    "t1": 0.40004622077514285,
    "t2": 0.6914487317474918
}