{
    "b0": 0.07210684996429541,
    "b1": 0.03761183871532521,
    "b2": 1.2153825963735765e-06,
    "b3": 0.17060366595677903,
    "t1": 0.23303621079283607,
    "t2": 4.510116458788546
}