{
    "b0": 0.10706264473790306,
    "b1": 0.02093404973519781,
    "b2": -0.03911449244213476,
    "b3": 0.08266178489170951,
    "t1": 0.5494833882003938,
    "t2": 5.432666210307852
}