{
    "b0": 0.11443899889178497,
    "b1": -0.013879029121779449,
    "b2": -0.853663853793747,
    "b3": 0.8377321985972503,
    "t1": 1.1042977717363132,
    "t2": 1.1852980131272393
}