{
    "b0": 0.12978827482258998,
    "b1": -0.0373409598090781,
    "b2": 0.050856651257528536,
    "b3": -0.08969445564719505,
    "t1": 1.0000000515785252,
    "t2": 0.5984413130299845
}