{
    "b0": 0.1292818756695487,
    "b1": -0.04147972385877523,
    "b2": 0.21508875822549936,
    "b3": -0.24083557147489,
    "t1": 1.0000001057777388,
    "t2": 0.8288491247254565
}