{
    "b0": 0.1230686601864723,
    "b1": -0.005528213086515282,
    "b2": -0.06949114418503984,
    "b3": -0.011669890579724514,
    "t1": 0.5698521094375828,
    "t2": 0.14503225674384668
}