{
    "b0": 0.13393892866120718,
    "b1": -0.04626962920795827,
    "b2": -0.06907282363344903,
    "b3": 0.018073527541887992,
    "t1": 0.3967936778928304,
    "t2": 1.0160415641775256
}