{
    "b0": 0.12366852031126464,
    "b1": -0.002952152068945238,
    "b2": -0.07119785442525293,
    "b3": -0.025198439951411543,
    "t1": 0.5605677534893889,
    "t2": 0.12476296316259086
}