{
    "b0": 0.16410323960338874,
    "b1": -0.07652351375219939,
    "b2": -0.0855488553155782,
    "b3": -0.0831394687570979,
    "t1": 0.4132512533342082,
    "t2": 4.351343210781032
}