{
    "b0": 0.08566540547787786,
    "b1": 0.047188832635090924,
    "b2": -0.009111310783733104,
    "b3": 0.11477989300008626,
    "t1": 0.540115853014254,
    "t2": 5.272440166672675
}