{
    "b0": 0.11931985114508838,
    "b1": -0.021992963826766625,
    "b2": 0.5249541955470929,
    "b3": -0.556205388762418,
    "t1": 1.0859877046623159,
    "t2": 1.002234341294727
}