{
    "b0": 0.12838290520541795,
    "b1": -0.04076314225200185,
    "b2": 0.24167642485974292,
    "b3": -0.2693456396572947,
    "t1": 1.0000001055634689,
    "t2": 0.852169513097333
}