{
    "b0": 0.009182959807277544,
    "b1": 0.10637193968795483,
    "b2": 0.06817797983513235,
    "b3": -0.060945531099416146,
    "t1": -9.100558398992368,
    "t2": 0.706734235689246
}