{
    "b0": 0.11659461324361599,
    "b1": -0.017668709471483215,
    "b2": -0.4666997916221324,
    "b3": 0.4410357883894817,
    "t1": 1.014584342196767,
    "t2": 1.1349614670284185
}