{
    "b0": 0.12994759542773252,
    "b1": -0.040364815124751034,
    "b2": 0.2523440824416157,
    "b3": -0.2840949758472465,
    "t1": 1.0000000482757212,
    "t2": 0.8499393013982818
}