{
    "b0": 0.07311857487506085,
    "b1": 0.056515049422139876,
    "b2": -0.00010090911443370182,
    "b3": 0.17531579412738957,
    "t1": 0.48916788187329663,
    "t2": 5.017798225448433
}