{
    "b0": 0.0788674460306056,
    "b1": 0.027522295066552196,
    "b2": -0.0003564174949272532,
    "b3": 0.15524743875574903,
    "t1": 0.24084067363511213,
    "t2": 4.691588662198564
}