{
    "b0": 0.10121776259273935,
    "b1": 0.026104670874825202,
    "b2": -0.032997201006160236,
    "b3": 0.08778682272531864,
    "t1": 0.49742896193480923,
    "t2": 4.673489157836403
}