{
    "b0": 0.07538764471945107,
    "b1": 0.036628293227976394,
    "b2": -7.142995940984109e-07,
    "b3": 0.16951422980231357,
    "t1": 0.199268631565895,
    "t2": 4.576940398250171
}