{
    "b0": 0.11809694402623497,
    "b1": -0.019718624214739765,
    "b2": 0.8009960593616046,
    "b3": -0.8323183643355212,
    "t1": 1.0604874151520949,
    "t2": 1.0015443653503502
}