{
    "b0": 0.07677164806707582,
    "b1": 0.030748005871164802,
    "b2": -0.00034414373862860434,
    "b3": 0.16988659956291655,
    "t1": 0.2652687790084117,
    "t2": 4.594457983848021
}