{
    "b0": 0.1335770521585834,
    "b1": -0.04596333529678108,
    "b2": -0.14405658437153218,
    "b3": 0.10145753655962181,
    "t1": 0.5238658688532277,
    "t2": 0.6656057056584178
}