{
    "b0": 0.10621261692054317,
    "b1": 0.020066926021542197,
    "b2": -0.04063852573402427,
    "b3": 0.0730480291897628,
    "t1": 0.5149429222021875,
    "t2": 4.611710975989099
}