{
    "b0": 0.13274835854798492,
    "b1": -0.045318534315970854,
    "b2": -0.39591465168287004,
    "b3": 0.36267237988570705,
    "t1": 0.6169809940549198,
    "t2": 0.6773022205941538
}