{
    "b0": 0.07197069794816371,
    "b1": 0.057392760604610224,
    "b2": 0.0002577861239968192,
    "b3": 0.17542809239415058,
    "t1": 0.5358752164646953,
    "t2": 5.335281863701117
}