{
    "b0": 0.1276350252750228,
    "b1": -0.03761054713237755,
    "b2": -0.9048296812287935,
    "b3": 0.8695582072853812,
    "t1": 0.8896188873485366,
    "t2": 0.9338271353321033
}