{
    "b0": 0.10546122634089639,
    "b1": 0.028832901817556027,
    "b2": -0.05045108389909503,
    "b3": 0.07129189054770098,
    "t1": 0.808488230272228,
    "t2": 4.131440785839211
}