{
    "b0": 0.1641811711427059,
    "b1": -0.07581133349286541,
    "b2": -0.09130563150382649,
    "b3": -0.08724310517443472,
    "t1": 0.4410890659631991,
    "t2": 5.20503097457171
}