{
    "b0": 0.12079184527323766,
    "b1": 0.015532638998701498,
    "b2": 0.031607665213238996,
    "b3": -0.06520673455651185,
    "t1": 1.838573082965398,
    "t2": 0.9672360855699061
}