{
    "b0": 0.12239111142385739,
    "b1": -0.02069924879137081,
    "b2": -0.26869626899445725,
    "b3": 0.23595282173836796,
    "t1": 1.0392783871669145,
    "t2": 1.3081930748851083
}