{
    "b0": 0.12955428938663227,
    "b1": -0.041733098215194976,
    "b2": 0.047363999873838825,
    "b3": -0.076953647098609,
    "t1": 1.0000000462811718,
    "t2": 0.6353552603406667
}