{
    "b0": 0.1348769924403102,
    "b1": -0.0474090780675711,
    "b2": -0.5801417974591144,
    "b3": 0.5462789907135693,
    "t1": 0.5885773717261392,
    "t2": 0.6256484889796623
}