{
    "b0": 0.12906886089240913,
    "b1": -0.04150861584265564,
    "b2": 0.15157325236376906,
    "b3": -0.1763889231838103,
    "t1": 1.0000000153389994,
    "t2": 0.7866983711247789
}