{
    "b0": 0.12834871389150482,
    "b1": -0.02581153133482654,
    "b2": -0.6670204916022816,
    "b3": 0.6226684251494197,
    "t1": 0.9709923150283579,
    "t2": 1.041737387999576
}