{
    "b0": 0.14980317864300927,
    "b1": -0.044840109675540155,
    "b2": 0.04529868248808024,
    "b3": -0.12199206968412911,
    "t1": 2.0,
    "t2": 5.0
}