{
    "b0": 0.1413716650652002,
    "b1": -0.0543880040264316,
    "b2": -0.06320450692201611,
    "b3": -0.02008425912967486,
    "t1": 0.32142999739739037,
    "t2": 2.621046738507447
}