{
    "b0": 0.14455063218849776,
    "b1": -0.05809560563487877,
    "b2": -0.05931459059556341,
    "b3": -0.04202193340586062,
    "t1": 0.32311801516699107,
    "t2": 3.0219943625391026
}