{
    "b0": 0.15763349530237672,
    "b1": -0.053853804017316376,
    "b2": 0.06156512266730695,
    "b3": -0.14584309684041316,
    "t1": 2.0,
    "t2": 5.0
}