{
    "b0": 0.114309542920375,
    "b1": -0.007092964885042152,
    "b2": -0.9038281362129653,
    "b3": 0.9047987355235719,
    "t1": 0.5412418305479311,
    "t2": 0.5491533825065423
}