{
    "b0": 0.11796868153092042,
    "b1": -0.011357834815780728,
    "b2": -0.39797818575599997,
    "b3": 0.40468388047175585,
    "t1": 0.7196564348081551,
    "t2": 0.7562616101190741
}