{
    "b0": 0.13934927521997018,
    "b1": -0.035434872495479754,
    "b2": 0.05098107038751941,
    "b3": -0.08650602050803749,
    "t1": 2.0,
    "t2": 5.0
}