{
    "b0": 0.13543275832764576,
    "b1": -0.047586038506538815,
    "b2": 0.02676924896110948,
    "b3": -0.03906520612603294,
    "t1": 0.9182904049655648,
    "t2": 0.30759119706673155
}