{
    "b0": 0.12532541557430624,
    "b1": -0.020675250911513378,
    "b2": 0.07369408761050114,
    "b3": -0.05593263381280139,
    "t1": 1.1148597804800953,
    "t2": 2.156387351177917
}