{
    "b0": 0.1263502369593375,
    "b1": -0.021932351995048664,
    "b2": 0.18904565635374082,
    "b3": -0.17013919003934025,
    "t1": 1.3922180815037513,
    "t2": 1.7647127517705121
}