{
    "b0": 0.13554758266758743,
    "b1": -0.04771168932205484,
    "b2": -0.01052790847232175,
    "b3": -0.034553241266182075,
    "t1": 0.4696500961125675,
    "t2": 0.2748618881251647
}