{
    "b0": 0.1393399731705575,
    "b1": -0.0529592402041173,
    "b2": -0.055127103592395345,
    "b3": -0.027299447780844106,
    "t1": 0.32853717130892984,
    "t2": 2.7753605563966537
}