{
    "b0": 0.13490096995776735,
    "b1": -0.04663925727961002,
    "b2": 0.0963392493016971,
    "b3": -0.06498235713723347,
    "t1": 1.4892542065854144,
    "t2": 2.8685474530919133
}