{
    "b0": 0.14759984924232147,
    "b1": -0.05989391863706302,
    "b2": -0.07284747908353344,
    "b3": -0.03683548869028169,
    "t1": 0.36761851182394345,
    "t2": 4.377592907491506
}