{
    "b0": 0.1558966579261517,
    "b1": -0.06948204600939588,
    "b2": -4.12527758224257e-07,
    "b3": -0.08411723376618709,
    "t1": 0.7368418318682644,
    "t2": 5.800312986234044
}