{
    "b0": 0.12315292577188669,
    "b1": -0.017931155921909223,
    "b2": -0.03902304520034352,
    "b3": 0.0748230302663711,
    "t1": 1.8786824576799486,
    "t2": 0.9797489022578578
}