{
    "b0": 0.13971814637164698,
    "b1": -0.05338651534515576,
    "b2": -0.04456665003651705,
    "b3": -0.03510395703129171,
    "t1": 0.2873394079038295,
    "t2": 2.149265393340851
}