{
    "b0": 0.14478841940774848,
    "b1": -0.04070500533734732,
    "b2": 0.04896675859083491,
    "b3": -0.10567114318539353,
    "t1": 2.0,
    "t2": 5.0
}