{
    "b0": 0.17719045975247452,
    "b1": -0.0730924597638112,
    "b2": 0.061940229495615826,
    "b3": -0.18116317187879458,
    "t1": 2.0,
    "t2": 5.0
}