{
    "b0": 0.12478374447789714,
    "b1": -0.02883216727608031,
    "b2": 0.04988321522623855,
    "b3": -0.021492656323304576,
    "t1": 1.008923971676182,
    "t2": 1.8648618767880505
}