{
    "b0": 0.12373089518245944,
    "b1": -0.02760074468989671,
    "b2": -0.006805748718395569,
    "b3": 0.05182424941568094,
    "t1": 1.7660821575337193,
    "t2": 0.9331860198387579
}