{
    "b0": 0.13382849830011745,
    "b1": -0.0289657774841003,
    "b2": 0.0869847434616701,
    "b3": -0.08639066739181686,
    "t1": 1.5488262297180504,
    "t2": 2.748893048156897
}