{
    "b0": 0.1263525943831367,
    "b1": -0.030902805988700672,
    "b2": 0.36526272527827575,
    "b3": -0.32803530629298266,
    "t1": 1.399468368974027,
    "t2": 1.5152537872967917
}