{
    "b0": 0.12549931292832675,
    "b1": -0.02108123314909791,
    "b2": 0.034935326154516964,
    "b3": -0.04143663528081734,
    "t1": 2.0,
    "t2": 5.0
}