{
    "b0": 0.1368749759203725,
    "b1": -0.0330115328413262,
    "b2": 0.09996481602139963,
    "b3": -0.10441251037948218,
    "t1": 1.4966217686876953,
    "t2": 2.736755828959833
}