{
    "b0": 0.13359177061328795,
    "b1": -0.029279114317095015,
    "b2": 0.1667395095129007,
    "b3": -0.16327770172759926,
    "t1": 1.7090024154836565,
    "t2": 2.378599898598305
}