{
    "b0": 0.1369932099097045,
    "b1": -0.03204173981121913,
    "b2": 0.04264665882007076,
    "b3": -0.06964245455660421,
    "t1": 2.0,
    "t2": 5.0
}