{
    "b0": 0.12370227308044718,
    "b1": -0.019080664197247497,
    "b2": 0.07841739288125366,
    "b3": -0.05319851521741177,
    "t1": 1.0763949164760485,
    "t2": 1.8534759836960832
}