{
    "b0": 0.15013523104889112,
    "b1": -0.042849956921252735,
    "b2": -0.04359561213494007,
    "b3": -0.10750252054538184,
    "t1": 0.4398485192769233,
    "t2": 5.180793329476563
}