{
    "b0": 0.1432925004259437,
    "b1": -0.03899539024271767,
    "b2": 0.046194387216274155,
    "b3": -0.10364096167309711,
    "t1": 2.0,
    "t2": 5.0
}