{
    "b0": 0.12564869481217508,
    "b1": -0.02629128908559839,
    "b2": 0.06392229135306615,
    "b3": -0.035410180022706066,
    "t1": 1.1602712158813298,
    "t2": 1.8524064669040532
}