{
    "b0": 0.126053243197907,
    "b1": -0.02163198230933456,
    "b2": 0.26481499439524553,
    "b3": -0.24416041469202004,
    "t1": 1.4325676068219588,
    "t2": 1.6849585737279427
}