{
    "b0": 0.12767322210279888,
    "b1": -0.028176672801387706,
    "b2": 0.448409253948521,
    "b3": -0.41418209934975536,
    "t1": 1.3852834904842948,
    "t2": 1.4756650978301367
}