{
    "b0": 0.16072607664886793,
    "b1": -0.0732102666201383,
    "b2": 2.0595176361444534e-06,
    "b3": -0.09269508343971387,
    "t1": 0.7838630608522912,
    "t2": 6.030394275797597
}