{
    "b0": 0.14093942165491397,
    "b1": -0.03442182625637097,
    "b2": -0.02610541110211275,
    "b3": -0.06333332262317516,
    "t1": 0.2601231932091833,
    "t2": 4.380414935176751
}