{
    "b0": 0.13283853280926522,
    "b1": -0.02775244852776948,
    "b2": 0.03815588771579903,
    "b3": -0.053220634800404,
    "t1": 2.0,
    "t2": 5.0
}