{
    "b0": 0.2444044503285833,
    "b1": -0.13962970860693322,
    "b2": 0.27603949666450617,
    "b3": -0.5288959242296494,
    "t1": 3.524419217170374,
    "t2": 5.423203154954689
}