{
    "b0": 0.10213982505087527,
    "b1": -0.0012006038978564833,
    "b2": 0.05431906106434593,
    "b3": 0.04245296681141833,
    "t1": 5.521546050652813,
    "t2": 0.6845678675960694
}