{
    "b0": 0.14209687711858518,
    "b1": -0.056332595015980105,
    "b2": -0.049827660489197706,
    "b3": -0.033949282324613236,
    "t1": 0.3495654716092279,
    "t2": 2.416094878321207
}