{
    "b0": 0.1487896420656958,
    "b1": -0.04478945907817637,
    "b2": 0.049686592913478905,
    "b3": -0.1131322931972006,
    "t1": 2.0,
    "t2": 5.0
}