{
    "b0": 0.135409763067856,
    "b1": -0.047336178001899126,
    "b2": 0.023000878142769285,
    "b3": -0.036571730966939074,
    "t1": 0.9509490021777811,
    "t2": 0.28602351473332854
}