{
    "b0": 0.12843275341506508,
    "b1": -0.023726349740098174,
    "b2": 0.03947582790489643,
    "b3": -0.06478767674737157,
    "t1": 2.0,
    "t2": 5.0
}