{
    "b0": 0.1455734401593019,
    "b1": -0.06224139829970444,
    "b2": 0.10787601333060706,
    "b3": -0.11376411857966529,
    "t1": 1.4597423945373218,
    "t2": 2.7735515254705447
}