{
    "b0": 0.34509948531268575,
    "b1": -0.2406242952721493,
    "b2": 0.5348164085535781,
    "b3": -0.9769562480868597,
    "t1": 3.9418710956502103,
    "t2": 5.720231538804666
}