{
    "b0": 0.12431992337312968,
    "b1": -0.007247499419475105,
    "b2": 0.22941760069770037,
    "b3": -0.2099683547016625,
    "t1": 1.0323707798879862,
    "t2": 0.9621797832770367
}