{
    "b0": 0.11287870245888548,
    "b1": -0.003363431351975938,
    "b2": 0.5925728686347916,
    "b3": -0.6220066939372975,
    "t1": 0.7832553745520549,
    "t2": 0.7609477776538296
}