{
    "b0": 0.1528240457614326,
    "b1": -0.04386038577484741,
    "b2": 1.373144122466391e-06,
    "b3": -0.08469233248173154,
    "t1": 0.5633968053940426,
    "t2": 5.433828575801728
}