{
    "b0": 0.10851776855758108,
    "b1": 0.01649081437655809,
    "b2": 0.02640832996104629,
    "b3": -0.048831957498633935,
    "t1": 1.7192981104198244,
    "t2": 0.949182831923509
}