{
    "b0": 0.09482677624489474,
    "b1": 0.02188711351467492,
    "b2": -0.026907097270347055,
    "b3": 0.060447318496615096,
    "t1": 0.5211345343537501,
    "t2": 3.9964118828945776
}