{
    "b0": 0.10803289115886569,
    "b1": 0.003713750985434255,
    "b2": -0.5019039741630194,
    "b3": 0.46880490162608424,
    "t1": 1.1427525190302972,
    "t2": 1.2316421211289896
}