{
    "b0": 0.15016417079592068,
    "b1": -0.041291999457467504,
    "b2": 1.5461504985769814e-06,
    "b3": -0.08034429628180313,
    "t1": 0.5356480285152758,
    "t2": 5.391979768067014
}