{
    "b0": 0.11302887680398825,
    "b1": -0.0030651754015782687,
    "b2": 0.24839215939732182,
    "b3": -0.281018622064411,
    "t1": 0.8762704947967329,
    "t2": 0.8083638247032745
}