{
    "b0": 0.11002995526986592,
    "b1": 0.0110082013567111,
    "b2": -0.8842707359202701,
    "b3": 0.8639313000872837,
    "t1": 1.1181856708582172,
    "t2": 1.1611888187824086
}