{
    "b0": 0.10733616762992212,
    "b1": 0.0043625498667541306,
    "b2": 0.3131130287248237,
    "b3": -0.3489541816193309,
    "t1": 1.2913421270790306,
    "t2": 1.1459612253997673
}