{
    "b0": 0.12039009246913238,
    "b1": -0.0010369962151154204,
    "b2": 0.007278190506022415,
    "b3": 0.013149580550376952,
    "t1": 1.9797999928475796,
    "t2": 0.8615952127027756
}