{
    "b0": 0.11908859849754297,
    "b1": 0.0018728069701685838,
    "b2": 0.016083796453607,
    "b3": 0.005018340999290055,
    "t1": 0.7657493481338881,
    "t2": 2.4742476849321724
}