{
    "b0": 0.12171430590424251,
    "b1": -0.003180878799515001,
    "b2": -0.0049146346213863,
    "b3": 0.02070265713839492,
    "t1": 0.20478918347105557,
    "t2": 1.1606041165483414
}