{
    "b0": 0.11184899481941689,
    "b1": 0.007441669989335192,
    "b2": 0.8646504581946327,
    "b3": -0.901251490699673,
    "t1": 1.041296997659246,
    "t2": 1.0013880965178785
}