{
    "b0": 0.12214388819026069,
    "b1": -0.004019534405003902,
    "b2": 0.007711096385954574,
    "b3": 0.01661326374373175,
    "t1": 2.067207707315419,
    "t2": 0.8424825876836868
}