{
    "b0": 0.1442890799983741,
    "b1": -0.036713612460517055,
    "b2": 0.01525191361480271,
    "b3": -0.07034943024359822,
    "t1": 0.6870330168447476,
    "t2": 4.839436521495504
}