{
    "b0": 0.1186989747957959,
    "b1": 0.002683305438305578,
    "b2": 0.010759412914351493,
    "b3": 0.010154147546296963,
    "t1": 0.7581671664405396,
    "t2": 1.6850386436759455
}