{
    "b0": 0.11105403885163621,
    "b1": 0.0061919769569558185,
    "b2": 0.9380944958663743,
    "b3": -0.9642213543178731,
    "t1": 1.0418839013459529,
    "t2": 1.009644193937213
}