{
    "b0": 0.10990149699698222,
    "b1": 0.011040014946214509,
    "b2": 0.49712952162905233,
    "b3": -0.5215864311544953,
    "t1": 1.0908890715175845,
    "t2": 1.0360969254920074
}