{
    "b0": 0.11269427958405588,
    "b1": 0.007587157211756131,
    "b2": 0.394936042401465,
    "b3": -0.42071452510591373,
    "t1": 1.1603844151247067,
    "t2": 1.0676339081563584
}