{
    "b0": 0.11354775825846838,
    "b1": 0.006917619739015661,
    "b2": 0.01823732290168899,
    "b3": 0.021085600904108947,
    "t1": 0.7702691155100071,
    "t2": 4.000042693328538
}