{
    "b0": 0.12069778152426082,
    "b1": -0.005638830534358136,
    "b2": 0.028717762336750788,
    "b3": 0.003095619429094085,
    "t1": 1.1599867456141717,
    "t2": 0.26003603090121513
}