{
    "b0": 0.1113521146942487,
    "b1": 0.006952131424952544,
    "b2": 0.7415379343694438,
    "b3": -0.7714315158448146,
    "t1": 1.0445646182719142,
    "t2": 1.0026986909463869
}