{
    "b0": 0.1330700410993396,
    "b1": -0.016789372813919158,
    "b2": 0.09044690759644569,
    "b3": -0.08355870547786529,
    "t1": 1.902514378925409,
    "t2": 2.885109504684682
}