{
    "b0": 0.10899416242144855,
    "b1": 0.010517675672574223,
    "b2": 0.03211148745542905,
    "b3": -0.07345689115155472,
    "t1": 1.8477223413152686,
    "t2": 0.7345796982584313
}