{
    "b0": 0.11993438563085407,
    "b1": -0.00630683071977791,
    "b2": 0.01761131259175803,
    "b3": 0.020895930943882843,
    "t1": 1.149466249758614,
    "t2": 0.5927687394387878
}