{
    "b0": 0.12101128996332683,
    "b1": -0.0025310622304267213,
    "b2": 0.008325877647991179,
    "b3": 0.013883967402260947,
    "t1": 2.0732400676734435,
    "t2": 0.7852111914593488
}