{
    "b0": 0.12021514036830215,
    "b1": -0.00039437496031352604,
    "b2": 0.016026734361202815,
    "b3": 0.001999891136686205,
    "t1": 1.0669273537525819,
    "t2": 0.17139080683302793
}