{
    "b0": 0.12364574326681144,
    "b1": -0.006150826820231984,
    "b2": 0.08206834461040605,
    "b3": -0.06152313571033685,
    "t1": 1.000000139280359,
    "t2": 0.8542335478736032
}