{
    "b0": 0.12375662584978499,
    "b1": -0.006238516580968896,
    "b2": 0.07765305348389356,
    "b3": -0.057478934436196706,
    "t1": 1.0000001041562967,
    "t2": 0.8525030769069394
}