{
    "b0": 0.12123226104764812,
    "b1": -0.0016370859158473402,
    "b2": -0.0010983418831875288,
    "b3": 0.018184729557338766,
    "t1": 0.43294070737811513,
    "t2": 1.051815239631567
}