{
    "b0": 0.39102758913195057,
    "b1": -0.31990324707419604,
    "b2": -0.18832797761131342,
    "b3": -0.781015396914747,
    "t1": 1.3213254362542448,
    "t2": 7.108428499503457
}