{
    "b0": 0.11204691925381718,
    "b1": -0.0229717210320995,
    "b2": 0.0002953078718411495,
    "b3": -0.03366071132105617,
    "t1": 1.7219245357235322,
    "t2": 0.5980663428561603
}