{
    "b0": 0.10665951475570955,
    "b1": -0.03403909472802264,
    "b2": -0.04702841077516456,
    "b3": -0.012842060983611084,
    "t1": 0.7974302610034452,
    "t2": 2.9009732604908383
}