{
    "b0": 0.1153205963631968,
    "b1": -0.012826821916508233,
    "b2": -0.2531896490317862,
    "b3": 0.20466981123471417,
    "t1": 0.8398152017376581,
    "t2": 0.9155385243332175
}