{
    "b0": 0.10022234037831913,
    "b1": -0.02983026104989235,
    "b2": 3.2439531762965684e-07,
    "b3": -0.015072451563954882,
    "t1": 2.0727331164996494,
    "t2": 0.7371137290073406
}