{
    "b0": 0.1587584338216891,
    "b1": -0.0853139447283541,
    "b2": -0.07368480860349752,
    "b3": -0.15156279716291984,
    "t1": 0.888615274910651,
    "t2": 5.53131621935354
}