{
    "b0": 0.10847246498751609,
    "b1": -0.03058062302338184,
    "b2": -0.05419545430163829,
    "b3": -0.02201187922807063,
    "t1": 0.5079707016369932,
    "t2": 1.9558086762699403
}