{
    "b0": 0.1360100330847557,
    "b1": -0.06300970664563496,
    "b2": -0.06085579470926232,
    "b3": -0.08961393535513222,
    "t1": 0.8653334564345692,
    "t2": 5.2064244572367375
}