{
    "b0": 0.10152162197750211,
    "b1": -0.03018677561034553,
    "b2": -0.04200894524443115,
    "b3": -0.0019481302089452805,
    "t1": 0.9812222750878474,
    "t2": 2.1088523312018905
}