{
    "b0": 0.09849767985964063,
    "b1": -0.02695076231497359,
    "b2": 0.030359537563376938,
    "b3": -0.04319271359994901,
    "t1": 2.18630435824341,
    "t2": 1.105399632676802
}