{
    "b0": 0.1220789691253129,
    "b1": -0.0457602617883858,
    "b2": -0.06013231615185271,
    "b3": -0.05507834257351195,
    "t1": 0.5970000987976235,
    "t2": 4.044617207318074
}