{
    "b0": 0.12038590272475745,
    "b1": -0.031066065772972905,
    "b2": -0.06702416902882927,
    "b3": -0.026021357585580506,
    "t1": 0.7175172095785665,
    "t2": 4.5966415134734735
}