{
    "b0": 0.1272492863013398,
    "b1": -0.047057206999269144,
    "b2": -0.07306034128462197,
    "b3": -0.07454448191836364,
    "t1": 0.6195461358971647,
    "t2": 4.27014283440008
}