{
    "b0": 0.11468509935543852,
    "b1": -0.0071573727989363446,
    "b2": -0.5147180962664643,
    "b3": 0.48401478081675625,
    "t1": 0.8003377288374963,
    "t2": 0.8316982628661916
}