{
    "b0": 0.3480015714558321,
    "b1": -0.25927105277908935,
    "b2": -0.1895288437912468,
    "b3": -0.6424259787452181,
    "t1": 1.1476663576832968,
    "t2": 6.728735535751209
}