{
    "b0": 0.29121989662608105,
    "b1": -0.20249554239650297,
    "b2": -0.1676100962771376,
    "b3": -0.4899992313093807,
    "t1": 1.0477313650542577,
    "t2": 6.518091541429941
}