{
    "b0": 0.10551368781392075,
    "b1": -0.025030936926195305,
    "b2": -0.29042169498935316,
    "b3": 0.23407445776105446,
    "t1": 0.8742912715026498,
    "t2": 0.9044139237503035
}