{
    "b0": 0.11018067284518482,
    "b1": -0.02346676054684306,
    "b2": -0.017945743168296956,
    "b3": -0.08203293685999871,
    "t1": 0.16041990957175845,
    "t2": 0.6469360487103438
}