{
    "b0": 0.17808858975277356,
    "b1": -0.08269672384595841,
    "b2": -0.09994436727045922,
    "b3": -0.16641453337563938,
    "t1": 0.7514486926902246,
    "t2": 5.598867448040486
}