{
    "b0": 0.09865394535776749,
    "b1": -0.026797068895463877,
    "b2": -0.05852596191773933,
    "b3": 0.020515687458173164,
    "t1": 1.0750354759547038,
    "t2": 1.6021298704298692
}