{
    "b0": 0.1069120485419031,
    "b1": -0.025121528554940084,
    "b2": 0.3480230538149447,
    "b3": -0.3969215275012816,
    "t1": 1.0000002387023725,
    "t2": 0.951489972449569
}