{
    "b0": 0.22939448949553062,
    "b1": -0.14675206981301817,
    "b2": -0.13834915529744768,
    "b3": -0.3361396757083339,
    "t1": 1.0185570542752553,
    "t2": 6.523358695587797
}