{
    "b0": 0.11743397408870843,
    "b1": -0.015921389317032617,
    "b2": 0.37872928872466816,
    "b3": -0.4300476289852635,
    "t1": 0.8580467833472786,
    "t2": 0.8221905298965556
}