{
    "b0": 0.11759879855493763,
    "b1": -0.01161596341214595,
    "b2": 0.018452177242981795,
    "b3": -0.06928963031102264,
    "t1": 1.000000048201056,
    "t2": 0.7037189067672186
}