{
    "b0": 0.14683892546817134,
    "b1": -0.05866882378656667,
    "b2": -0.0893234026684209,
    "b3": -0.10465082026041937,
    "t1": 0.7248528805766359,
    "t2": 5.769931710787419
}