{
    "b0": 0.10202038881903672,
    "b1": -0.030497162552209064,
    "b2": -0.03573546471532063,
    "b3": -0.009277093362444873,
    "t1": 0.8046720489694408,
    "t2": 1.8396195518429512
}