{
    "b0": 0.17572084270978497,
    "b1": -0.08049290168405285,
    "b2": -0.09777799974013235,
    "b3": -0.16274151368127776,
    "t1": 0.7547260714871851,
    "t2": 5.627696027865753
}