{
    "b0": 0.10712367273377336,
    "b1": -0.023637112925534276,
    "b2": 0.0837932159500499,
    "b3": -0.1248336646984519,
    "t1": 1.281071341932975,
    "t2": 0.9684731913934541
}