{
    "b0": 0.12430674768210363,
    "b1": -0.0439382333275366,
    "b2": -0.07095281519777683,
    "b3": -0.06677014911014512,
    "t1": 0.6651157540378214,
    "t2": 4.382544527442368
}