{
    "b0": 0.11575247070268735,
    "b1": -0.009887346008216374,
    "b2": 0.03003394086173322,
    "b3": -0.07482541553156685,
    "t1": 1.000000030895186,
    "t2": 0.6950916488010506
}