{
    "b0": 0.21253512949955344,
    "b1": -0.11439503674683374,
    "b2": -0.13629553254408516,
    "b3": -0.2682612096911025,
    "t1": 0.8359000930740572,
    "t2": 5.863579213930752
}