{
    "b0": 0.2612262193351533,
    "b1": -0.18981256207112435,
    "b2": -0.12335535441527168,
    "b3": -0.4316298054675563,
    "t1": 1.2303336230358237,
    "t2": 6.950229289626518
}