{
    "b0": 0.2140443434150041,
    "b1": -0.11389150402737389,
    "b2": -0.12872938533110925,
    "b3": -0.2691231563686134,
    "t1": 0.8526630890000062,
    "t2": 5.986248775821334
}