{
    "b0": 0.10814329889017174,
    "b1": -0.028853797136095427,
    "b2": -0.05923246755301315,
    "b3": -0.02112194637058757,
    "t1": 0.5384043383530212,
    "t2": 2.3538435884016087
}