{
    "b0": 0.17159299865111396,
    "b1": -0.10036904441905783,
    "b2": -0.0763085935745873,
    "b3": -0.19033307701141292,
    "t1": 1.1191971052424063,
    "t2": 6.551383635315617
}