{
    "b0": 0.12071067157391961,
    "b1": -0.028551068250235595,
    "b2": 0.011834542557487419,
    "b3": 0.012502269595239684,
    "t1": 2.229539783603474,
    "t2": 0.8994783143149525
}