{
    "b0": 0.10556196832504229,
    "b1": -0.036120649050944795,
    "b2": -0.022623152426487027,
    "b3": -0.01875580250322152,
    "t1": 0.6663275196636981,
    "t2": 3.028664983900634
}