{
    "b0": 0.12032645243379646,
    "b1": -0.03122002764450031,
    "b2": -0.07646304145828788,
    "b3": 0.0696913304472346,
    "t1": 0.841527202537841,
    "t2": 0.9366032367148917
}