{
    "b0": 0.10641616060064958,
    "b1": -0.03458174557691243,
    "b2": 5.298949197572039e-07,
    "b3": 0.012245892137135173,
    "t1": 2.4543859926260687,
    "t2": 0.3320290098050406
}