{
    "b0": 0.4533796059302682,
    "b1": -0.3831632458908296,
    "b2": -0.2075955834007468,
    "b3": -0.9417631503648478,
    "t1": 1.4242026018751042,
    "t2": 7.249277001129414
}