{
    "b0": 0.13243899211763732,
    "b1": -0.03460377442956252,
    "b2": 0.40562427041553245,
    "b3": -0.42749074722891,
    "t1": 0.7317335616287364,
    "t2": 0.71748420485922
}