{
    "b0": 0.19991866039574532,
    "b1": -0.1311633937853257,
    "b2": -0.046029074014889246,
    "b3": -0.25611685075533475,
    "t1": 1.420153951169977,
    "t2": 7.0110833745249685
}