{
    "b0": 0.16179170941431198,
    "b1": -0.06761126732517911,
    "b2": -0.021698919198161245,
    "b3": -0.09653859730157084,
    "t1": 0.8379692643384841,
    "t2": 5.423569868994475
}