{
    "b0": 0.12370884983468848,
    "b1": -0.03564487524172905,
    "b2": -0.12662430154920595,
    "b3": 0.12559588097613889,
    "t1": 0.807919665515897,
    "t2": 0.8777921406616077
}