{
    "b0": 0.10942662613093723,
    "b1": -0.03110838717687785,
    "b2": 0.04138116858904347,
    "b3": 0.006576921933636626,
    "t1": 1.9077583608329511,
    "t2": 0.31388611477341694
}