{
    "b0": 0.45260791694017566,
    "b1": -0.3819798676414454,
    "b2": -0.2060456771277137,
    "b3": -0.9407656220334704,
    "t1": 1.4780672981660707,
    "t2": 7.432621798313863
}