{
    "b0": 0.1062860262241396,
    "b1": -0.03488418601988974,
    "b2": -0.03041463957300057,
    "b3": -0.055237709680169625,
    "t1": 0.16482849708660857,
    "t2": 0.6849193580028341
}