{
    "b0": 0.12008047544151199,
    "b1": -0.028432090983590813,
    "b2": 0.011933108675557077,
    "b3": 0.004828785931566691,
    "t1": 1.2353821610862152,
    "t2": 0.19009991767418816
}