{
    "b0": 0.1272400121241528,
    "b1": -0.03574468523153222,
    "b2": 0.012049176173772885,
    "b3": 0.005844364668812787,
    "t1": 1.1326538407365527,
    "t2": 0.14397303439218712
}