{
    "b0": 0.11122413151584173,
    "b1": -0.034805539200437385,
    "b2": 0.031280792215171896,
    "b3": 0.011675457338653775,
    "t1": 1.8038808413353387,
    "t2": 0.3365943485134833
}