{
    "b0": 0.235234778126479,
    "b1": -0.1398124549686637,
    "b2": 0.2613858446444592,
    "b3": -0.44670965010375085,
    "t1": 3.448796224093686,
    "t2": 5.426353511482628
}