{
    "b0": 0.28301467885337833,
    "b1": -0.21425755394538204,
    "b2": -1.5138650306181778e-06,
    "b3": -0.4639252360422837,
    "t1": 2.6554848463347906,
    "t2": 8.442849237538596
}