{
    "b0": 0.12022016946216643,
    "b1": -0.027523747002945936,
    "b2": -0.017551846662721693,
    "b3": -0.03990298490088154,
    "t1": 0.09805050303977504,
    "t2": 0.3959847415480902
}