{
    "b0": 0.10984542185334448,
    "b1": -0.03098845964203767,
    "b2": 0.03607696962581654,
    "b3": 0.01211286508532019,
    "t1": 2.4178310266474896,
    "t2": 0.1338923736023646
}