{
    "b0": 0.11266191392241441,
    "b1": -0.03065917381600044,
    "b2": 0.7266486786379599,
    "b3": -0.708284276217405,
    "t1": 1.4718799004860206,
    "t2": 1.4343291292005174
}