{
    "b0": 0.10700151592656452,
    "b1": -0.03668665341816199,
    "b2": -0.02557304718361815,
    "b3": -0.04867272459038917,
    "t1": 0.22569928673173648,
    "t2": 0.8185033428634907
}