{
    "b0": 0.10712910066278765,
    "b1": -0.036643652787926244,
    "b2": -0.03958119901714974,
    "b3": -0.011199591747673952,
    "t1": 0.7427746498856636,
    "t2": 2.4911891351573168
}