{
    "b0": 0.11367236631135152,
    "b1": -0.03467808665264682,
    "b2": 0.03350330504275769,
    "b3": 0.013472480563627357,
    "t1": 1.9224185852909526,
    "t2": 0.12132443327637879
}