{
    "b0": 0.13712839306064104,
    "b1": -0.03892431961653121,
    "b2": -0.6522646210326944,
    "b3": 0.6322768084748267,
    "t1": 0.8510469524774869,
    "t2": 0.872581037214035
}