{
    "b0": 0.1093433831134429,
    "b1": -0.02738029588956879,
    "b2": -0.10682856577214851,
    "b3": 0.12445698571900932,
    "t1": 1.5752681204073504,
    "t2": 1.7179683266906194
}