{
    "b0": 0.10741018498892767,
    "b1": -0.03509339746116662,
    "b2": -4.7372893615879597e-07,
    "b3": 0.010227906648933938,
    "t1": 2.2354731052519448,
    "t2": 0.29916459138516066
}