{
    "b0": 0.13156022316525062,
    "b1": -0.032645201312958935,
    "b2": -0.22825632748750785,
    "b3": 0.21243122967246145,
    "t1": 0.9654756287949544,
    "t2": 1.037837461832338
}