{
    "b0": 0.15754582647287704,
    "b1": -0.08899075724016002,
    "b2": -1.5339352717261279e-06,
    "b3": -0.15649708247421934,
    "t1": 1.5248300640047967,
    "t2": 6.19884465786009
}