{
    "b0": 0.2039223314179235,
    "b1": -0.13468166773495208,
    "b2": 0.24778160342433378,
    "b3": -0.4250089847637373,
    "t1": 4.1580221147883885,
    "t2": 6.154597673271929
}