{
    "b0": 0.121636943098389,
    "b1": -0.031729722581746,
    "b2": -0.1052869743895192,
    "b3": 0.09754555093894592,
    "t1": 0.8176867450593094,
    "t2": 0.9005664257800696
}