{
    "b0": 0.09905423635201774,
    "b1": -0.0287105012761526,
    "b2": 0.0001347038011835248,
    "b3": -0.015539866655603673,
    "t1": 1.9612647172600257,
    "t2": 0.7101080501425008
}