{
    "b0": 0.11098379559731887,
    "b1": -0.03062340402642584,
    "b2": 0.18590000957145686,
    "b3": -0.1563173250993206,
    "t1": 1.5804644267934926,
    "t2": 1.4643754548276213
}