{
    "b0": 0.12290490408577227,
    "b1": -0.037013822106648844,
    "b2": -0.20927778524817364,
    "b3": 0.22720066893960336,
    "t1": 1.1444754876316272,
    "t2": 1.1936342006485645
}