{
    "b0": 0.14211409113119947,
    "b1": -0.03353254990108102,
    "b2": -0.03168550024944712,
    "b3": -0.06814512460362022,
    "t1": 0.7066419092925265,
    "t2": 5.259683718995335
}