{
    "b0": 0.14001342895016142,
    "b1": -0.032989241256178255,
    "b2": 0.4127468069967969,
    "b3": -0.4636849266538911,
    "t1": 2.8395062603773034,
    "t2": 3.260688161081336
}