{
    "b0": 0.11778372573170909,
    "b1": -0.003766183601049727,
    "b2": 0.019138582166411636,
    "b3": 0.027784274080166715,
    "t1": 3.3535874052849795,
    "t2": 0.6056153587429386
}