{
    "b0": 0.1352963074283858,
    "b1": -0.03353315594534941,
    "b2": 0.5882766077549962,
    "b3": -0.6007910083548704,
    "t1": 1.0548197031002435,
    "t2": 1.0254088935285306
}