{
    "b0": 0.13001471941590545,
    "b1": -0.020857805328090673,
    "b2": 0.1220472900071816,
    "b3": -0.14215225464055126,
    "t1": 0.593142672402727,
    "t2": 0.5457324170603344
}