{
    "b0": 0.11702613274004747,
    "b1": -0.007939505521327385,
    "b2": -0.019603647354114274,
    "b3": 0.01701381162488069,
    "t1": 0.2383379260987934,
    "t2": 0.907688059762313
}