{
    "b0": 0.13668655846904929,
    "b1": -0.029697010892336208,
    "b2": 0.1746000716011879,
    "b3": -0.2217332494004726,
    "t1": 2.756508663373638,
    "t2": 3.5920167983244977
}