{
    "b0": 0.17728499949588836,
    "b1": -0.0701261256915233,
    "b2": 0.12769408293804135,
    "b3": -0.2571233229248129,
    "t1": 3.32264514733693,
    "t2": 5.347222778858391
}