{
    "b0": 0.1348092873144661,
    "b1": -0.03413745144558662,
    "b2": 0.8023182478153476,
    "b3": -0.8155337750875999,
    "t1": 1.0447805613028436,
    "t2": 1.0123300431845268
}