{
    "b0": 0.11710944689785435,
    "b1": -0.0022479713357185984,
    "b2": 0.019324826723958584,
    "b3": 0.03331945654473369,
    "t1": 1.6455020491266414,
    "t2": 0.5754731921752188
}