{
    "b0": 0.11764513596078086,
    "b1": -0.00323797298691983,
    "b2": 0.020700814585598765,
    "b3": 0.02964956095170849,
    "t1": 1.4782190511859472,
    "t2": 0.5299909086798502
}