{
    "b0": 0.1766717320720465,
    "b1": -0.06914793599025632,
    "b2": -0.054336947707897,
    "b3": -0.12681044403839017,
    "t1": 0.6703159834761743,
    "t2": 5.24362900010178
}