{
    "b0": 0.13225572437322092,
    "b1": -0.0003784047245538602,
    "b2": -0.06009362474036424,
    "b3": -0.059779569650443815,
    "t1": 0.31680661933027443,
    "t2": 0.03972550933894208
}