{
    "b0": 0.10867409534448517,
    "b1": -0.0023415848107612523,
    "b2": 0.17900733743063035,
    "b3": -0.14374748391131176,
    "t1": 1.3185491929466056,
    "t2": 1.4928856479787376
}