{
    "b0": 0.12489227751513363,
    "b1": -0.016365159710855462,
    "b2": -0.017990518290886146,
    "b3": -0.02437317016597041,
    "t1": 0.4311962339486726,
    "t2": 4.142748909040458
}