{
    "b0": 0.13792923853822164,
    "b1": -0.029033097678134986,
    "b2": 0.01094544479916624,
    "b3": -0.057693615028314785,
    "t1": 0.6738741860215784,
    "t2": 5.732198622418428
}