{
    "b0": 0.134166172711041,
    "b1": -0.031153742612810207,
    "b2": -0.043349078881892086,
    "b3": 0.03853143494646949,
    "t1": 1.0464801113442992,
    "t2": 1.425061955079007
}