{
    "b0": 0.12029601935545685,
    "b1": -0.0062435152135203766,
    "b2": -0.6966850646846361,
    "b3": 0.7219943469938546,
    "t1": 0.7628828705324364,
    "t2": 0.7561243596364264
}