{
    "b0": 0.1172646278666353,
    "b1": -0.002859475631909,
    "b2": 0.020212228408346196,
    "b3": 0.0335037668923647,
    "t1": 1.8203006346826436,
    "t2": 0.55213714024289
}