{
    "b0": 0.12625932299654125,
    "b1": -0.01508503700352953,
    "b2": -0.01150491622245597,
    "b3": 0.020356232639847524,
    "t1": 0.26942659330600605,
    "t2": 0.9877450527528769
}