{
    "b0": 0.11105750443417046,
    "b1": -0.0021134300357128167,
    "b2": 0.04144170553492288,
    "b3": -0.008465933532294133,
    "t1": 0.9940327684599877,
    "t2": 0.1348186318695042
}