{
    "b0": 0.1493984775477027,
    "b1": -0.041017282939135466,
    "b2": -0.03583520747131576,
    "b3": -0.08767801770046697,
    "t1": 0.8508242722269929,
    "t2": 5.529661622392041
}