{
    "b0": 0.13575522280176053,
    "b1": -0.032626998867752006,
    "b2": -0.05474302847711812,
    "b3": 0.050599149433603066,
    "t1": 1.0796108292516127,
    "t2": 1.3263168932593097
}