{
    "b0": 0.1479149507718976,
    "b1": -0.039151200320689986,
    "b2": -0.03908418842201629,
    "b3": -0.06544177371584434,
    "t1": 0.6550226975896092,
    "t2": 4.676954392978512
}