{
    "b0": 0.14565217966622543,
    "b1": -0.0353695687508948,
    "b2": 0.005688683234945684,
    "b3": -0.058399104727506056,
    "t1": 0.7186765456839911,
    "t2": 5.709004621511532
}