{
    "b0": 0.14784561084509978,
    "b1": -0.038993137737934724,
    "b2": -0.03766958810263117,
    "b3": -0.07158517907869247,
    "t1": 0.6538620525908497,
    "t2": 4.7245731324669284
}