{
    "b0": 0.12890328923276634,
    "b1": -0.019980524675025365,
    "b2": -0.02717348624994316,
    "b3": -0.0007067414875616077,
    "t1": 0.3711304764928501,
    "t2": 1.3636670290418995
}