{
    "b0": 0.13671139871053692,
    "b1": -0.033753011119673465,
    "b2": -0.10585096336300184,
    "b3": 0.10443854988275715,
    "t1": 1.068394903824469,
    "t2": 1.1896771473955357
}