{
    "b0": 0.135015813264621,
    "b1": -0.03022246494972589,
    "b2": 0.5070089135670658,
    "b3": -0.5138657064597733,
    "t1": 0.8869545630175136,
    "t2": 0.8724444453177732
}