{
    "b0": 0.13616234386963555,
    "b1": -0.03433509882029609,
    "b2": -0.30979503824565974,
    "b3": 0.29510338907347594,
    "t1": 0.9923431130890021,
    "t2": 1.0465098291875004
}