{
    "b0": 0.13500812087709982,
    "b1": -0.030495868985225407,
    "b2": -0.10604604726990711,
    "b3": 0.10129812466125872,
    "t1": 0.8268818509942455,
    "t2": 0.9040944852348773
}