{
    "b0": 0.17751529691972523,
    "b1": -0.06900887684474707,
    "b2": -0.05615193342496598,
    "b3": -0.14263136235080703,
    "t1": 0.6476537688859594,
    "t2": 5.055894560504948
}