{
    "b0": 0.16578446904032176,
    "b1": -0.057163217082168996,
    "b2": -0.049961079830196015,
    "b3": -0.11599291701470925,
    "t1": 0.878275618514877,
    "t2": 5.881593275579232
}