{
    "b0": 0.10898038286543361,
    "b1": 0.0003758196702145066,
    "b2": 0.03879665401466039,
    "b3": -0.00866239317566462,
    "t1": 1.0355288740866142,
    "t2": 0.12356361591085765
}