{
    "b0": -0.0018555061394861072,
    "b1": 0.11509030375786139,
    "b2": 0.11708232490583301,
    "b3": 0.31994832204179974,
    "t1": 1.0227931456959523,
    "t2": 6.312868191362489
}