{
    "b0": -0.025665920904361626,
    "b1": 0.13244893039156716,
    "b2": 0.2137031818757465,
    "b3": 0.030628984737165677,
    "t1": 19.159732319293678,
    "t2": 1.0421622856245563
}