{
    "b0": 0.17443874282258215,
    "b1": -0.03577481451997819,
    "b2": 0.11292001615266967,
    "b3": -0.10815746522863094,
    "t1": 1.4228364141159282,
    "t2": 2.746703129679642
}