{
    "b0": 0.12651794452675136,
    "b1": -0.004936150330623499,
    "b2": 0.5183735587692055,
    "b3": -0.489282085255539,
    "t1": 0.73143337820713,
    "t2": 0.7403112320795687
}