{
    "b0": 0.1265833513462385,
    "b1": -0.0030723137210432543,
    "b2": -0.16513831513726368,
    "b3": 0.18972289274824186,
    "t1": 1.0000001065785986,
    "t2": 0.8987677159011438
}