{
    "b0": 0.239954055470486,
    "b1": -0.10022179824058225,
    "b2": 0.11853026622162122,
    "b3": -0.2771308289479629,
    "t1": 2.4233081060327355,
    "t2": 5.070448061340694
}