{
    "b0": 0.16729167672960354,
    "b1": -0.02814915999947038,
    "b2": 0.0789376347762184,
    "b3": -0.07712325138844983,
    "t1": 1.3946230555110002,
    "t2": 2.7211067204457717
}