{
    "b0": 0.16348381836978632,
    "b1": -0.02395434330671261,
    "b2": 0.1973761136693002,
    "b3": -0.16708124523379375,
    "t1": 1.3555263876743002,
    "t2": 1.52842560905178
}