{
    "b0": 0.12125700988022574,
    "b1": 0.011955547424316443,
    "b2": 0.5354220716328904,
    "b3": -0.5055780482218917,
    "t1": 0.7614750537072246,
    "t2": 0.7928937620006448
}