{
    "b0": 0.12424940531352287,
    "b1": 0.010088438278648339,
    "b2": -0.2923535697657973,
    "b3": 0.32702003124185697,
    "t1": 1.0000001214171255,
    "t2": 0.9166993561951771
}