{
    "b0": 0.12191107333633659,
    "b1": 0.010037333358543642,
    "b2": -0.04062493491381934,
    "b3": 0.06590191287466046,
    "t1": 1.0000000265785356,
    "t2": 0.6732880431744177
}