{
    "b0": 0.12042652827732499,
    "b1": 0.002109712874398718,
    "b2": -0.014340134156613556,
    "b3": 0.04073270634577006,
    "t1": 1.0000000358057888,
    "t2": 0.6371251595370685
}