{
    "b0": 0.1325528114060186,
    "b1": -0.0024711851471182064,
    "b2": 0.025494611169532944,
    "b3": -0.01855578391459842,
    "t1": 0.516697671865864,
    "t2": 3.6698336409812504
}