{
    "b0": 0.11986618697620954,
    "b1": 0.0001458832897679443,
    "b2": -0.00022871714203825879,
    "b3": 0.026464704390790794,
    "t1": 2.1378572311427724,
    "t2": 0.566969998601832
}