{
    "b0": 0.13027874972850145,
    "b1": -0.006922292591726047,
    "b2": 9.91851542087377e-10,
    "b3": 0.038316773819827385,
    "t1": 1.9104899209693067,
    "t2": 0.548679582143538
}