{
    "b0": 0.14071190020986493,
    "b1": -0.0003036968228384484,
    "b2": -0.6029643772896218,
    "b3": 0.5980408803549495,
    "t1": 0.7234584410179595,
    "t2": 0.69917529705993
}