{
    "b0": 0.12477016887137313,
    "b1": -0.002931825338566303,
    "b2": -0.006787316192359799,
    "b3": 0.03774702617119366,
    "t1": 1.0000001240622702,
    "t2": 0.658145571318266
}