{
    "b0": 0.11384998878989162,
    "b1": 0.005157144549259337,
    "b2": -0.011183879710612441,
    "b3": 0.04169816585701292,
    "t1": 1.0000000410555339,
    "t2": 0.6260490555753766
}