{
    "b0": 0.15108078683570814,
    "b1": -0.011400715906073366,
    "b2": -0.019876706268093125,
    "b3": 0.03803951495007599,
    "t1": 1.0000001292913399,
    "t2": 0.7468623118437695
}