{
    "b0": 0.07754306331247575,
    "b1": 0.041912446260104,
    "b2": 0.06186327427332593,
    "b3": 0.11466311889157237,
    "t1": 0.7159943943289795,
    "t2": 5.508464893806286
}