{
    "b0": 0.12923201778703863,
    "b1": -0.0060665741982537606,
    "b2": 0.002989432630787118,
    "b3": 0.03759410475294354,
    "t1": 2.2149326956488817,
    "t2": 0.4953505133086335
}