{
    "b0": 0.12944651754395467,
    "b1": -0.006638758470344067,
    "b2": -0.07350339547898568,
    "b3": 0.11117493081209051,
    "t1": 1.0000001405681471,
    "t2": 0.7906239633961262
}