{
    "b0": 0.12435511137508626,
    "b1": 0.010190845963517763,
    "b2": 0.2331534061537408,
    "b3": -0.20355332217689107,
    "t1": 0.8644997503129315,
    "t2": 0.9899820741322173
}