{
    "b0": 0.13189804552618903,
    "b1": -0.009309439356668902,
    "b2": -0.03683546610069609,
    "b3": 0.07718061880911037,
    "t1": 1.0000001295516463,
    "t2": 0.6936929402164725
}