{
    "b0": 0.12434845624526043,
    "b1": -0.001780148381068446,
    "b2": -0.8261654744182209,
    "b3": 0.8507170029171262,
    "t1": 0.7707198802943457,
    "t2": 0.7629533266232313
}