{
    "b0": 0.15768686132337678,
    "b1": -0.01688615193110512,
    "b2": -0.01962797041251907,
    "b3": 0.021523915902272726,
    "t1": 0.3170781423302147,
    "t2": 0.8617409604653826
}