{
    "b0": 0.1829208461458957,
    "b1": -0.04325532076771021,
    "b2": 0.3624999807550355,
    "b3": -0.3676099776711835,
    "t1": 2.086179738744216,
    "t2": 2.6320358070431147
}