{
    "b0": 0.12214830458656767,
    "b1": 0.011487417733495736,
    "b2": 0.19222942476244617,
    "b3": -0.16346875624898272,
    "t1": 0.7906485875228374,
    "t2": 0.8938311765839018
}