{
    "b0": 0.18446361008862788,
    "b1": -0.04385740375184376,
    "b2": 0.22034383375640088,
    "b3": -0.2225861451975239,
    "t1": 2.063863700324763,
    "t2": 2.914196815305592
}