{
    "b0": 0.16826034020504924,
    "b1": -0.028937685013157462,
    "b2": -0.3290657943813557,
    "b3": 0.35077220865039044,
    "t1": 2.041473645516144,
    "t2": 1.7961742880352294
}