{
    "b0": 0.12510373392555602,
    "b1": 0.008902167642597911,
    "b2": 0.28269268806594694,
    "b3": -0.24826677605145514,
    "t1": 0.8446792794823201,
    "t2": 0.9352077494687073
}