{
    "b0": 0.13113763371289594,
    "b1": -0.008293230118046105,
    "b2": -0.25545909459548544,
    "b3": 0.29466951025058397,
    "t1": 1.0000001215091232,
    "t2": 0.9175595490597311
}