{
    "b0": 0.12418363380006384,
    "b1": 0.009789913000505114,
    "b2": 0.4840054692609034,
    "b3": -0.4560458725319979,
    "t1": 0.8347553089992908,
    "t2": 0.8803345864708341
}