{
    "b0": 0.16782355798087142,
    "b1": -0.02828044464178971,
    "b2": 0.5108046312654273,
    "b3": -0.4938399060993803,
    "t1": 1.8807488995389439,
    "t2": 2.0216938452926847
}