{
    "b0": 0.16484419554523336,
    "b1": -0.022478900701828203,
    "b2": -0.034321243301999,
    "b3": 0.010693270165272967,
    "t1": 0.8670657443305894,
    "t2": 3.180074465308211
}