{
    "b0": 0.14748380587635998,
    "b1": -0.007016287555539742,
    "b2": -0.03399197893633536,
    "b3": 0.015797033151789968,
    "t1": 0.784228508774299,
    "t2": 0.261088979231101
}