{
    "b0": 0.19624655348020933,
    "b1": -0.054198920201187516,
    "b2": 0.13841733230276165,
    "b3": -0.1727619528187742,
    "t1": 2.0761968703729905,
    "t2": 3.7243943225308507
}