{
    "b0": 0.12351000563607303,
    "b1": 0.016609033607493467,
    "b2": 0.03312723742736096,
    "b3": -0.02895169124645486,
    "t1": 0.3151450903003623,
    "t2": 1.6882085946551821
}