{
    "b0": 0.1323429481455729,
    "b1": 0.007453714657738444,
    "b2": 0.02412574828515988,
    "b3": -0.03180469340350763,
    "t1": 0.2177949114449594,
    "t2": 1.1182921675488735
}