{
    "b0": 0.16794973535142485,
    "b1": -0.025554747214772314,
    "b2": 0.2661332205553145,
    "b3": -0.2984901819595032,
    "t1": 1.03330524659766,
    "t2": 1.0190548485709843
}