{
    "b0": 0.15324844209257493,
    "b1": -0.010728308876044349,
    "b2": -0.00018627151762985327,
    "b3": -0.01851904595294796,
    "t1": 4.572778191886281,
    "t2": 0.8617693184990504
}