{
    "b0": 0.11833257854699943,
    "b1": 0.020800133435645927,
    "b2": 0.02898574127875549,
    "b3": -0.03904053470566445,
    "t1": 0.39148955806540353,
    "t2": 1.0803749296274394
}