{
    "b0": 0.1455021978865779,
    "b1": -0.0043090751771184994,
    "b2": -0.03661450639052857,
    "b3": 0.015002959122668644,
    "t1": 0.8835675429971233,
    "t2": 0.34311427260145516
}