{
    "b0": 0.16496406334544791,
    "b1": -0.023141414547672177,
    "b2": -0.7473199102506181,
    "b3": 0.7354358730814669,
    "t1": 0.9401936333465205,
    "t2": 0.9553932921601742
}