{
    "b0": 0.12301630290634522,
    "b1": 0.017158727245261123,
    "b2": 0.03926630792365191,
    "b3": -0.029615942997410837,
    "t1": 0.3903190525708047,
    "t2": 1.1294021388575992
}