{
    "b0": 0.12783988699924187,
    "b1": 0.01285238604511165,
    "b2": 0.040472529858375655,
    "b3": -0.054744972664048534,
    "t1": 0.3654967049865279,
    "t2": 0.9678292095125445
}