{
    "b0": 0.10177136255837667,
    "b1": 0.037546102308854634,
    "b2": -0.3013560235346059,
    "b3": 0.303457126687143,
    "t1": 2.0381514575953577,
    "t2": 2.6063931608078263
}