{
    "b0": 0.1337427087760813,
    "b1": 0.006206358173421341,
    "b2": 0.02531157307858114,
    "b3": -0.033659127804149154,
    "t1": 0.2550300304653664,
    "t2": 0.9463315413767919
}