{
    "b0": 0.13221082183914012,
    "b1": 0.007898612793449472,
    "b2": 0.022658354235822485,
    "b3": -0.02697057935898012,
    "t1": 0.23517304991010987,
    "t2": 1.0897547310598292
}