{
    "b0": 0.10623895168675399,
    "b1": 0.03247913607750955,
    "b2": 0.8489164850184387,
    "b3": -0.8666717724548934,
    "t1": 2.1208227948231637,
    "t2": 1.9564691528393576
}