{
    "b0": 0.15805556086265868,
    "b1": -0.015913627478951555,
    "b2": -2.3595030673208284e-09,
    "b3": -0.008626226266929285,
    "t1": 4.606688514368199,
    "t2": 0.560028255915471
}