{
    "b0": 0.12275867935781838,
    "b1": 0.017318977445870784,
    "b2": 0.033833694350259735,
    "b3": -0.027441717354058162,
    "t1": 0.31703946622735046,
    "t2": 1.7072026874359283
}