{
    "b0": 0.1159158561347688,
    "b1": 0.023370522461843228,
    "b2": 0.028923715017892523,
    "b3": -0.03177789533148209,
    "t1": 0.3999236195933958,
    "t2": 1.2439894902825799
}