{
    "b0": 0.1126820066151549,
    "b1": 0.02473528453591438,
    "b2": -0.28917982139285253,
    "b3": 0.25347697466955327,
    "t1": 1.5637543665851281,
    "t2": 1.908769254006017
}