{
    "b0": 0.12265606468145396,
    "b1": 0.018041870001485803,
    "b2": 0.03038297031964353,
    "b3": -0.020069451522928543,
    "t1": 0.3815619348514979,
    "t2": 1.6241956547180572
}