{
    "b0": 0.167585501510266,
    "b1": -0.025892036756182766,
    "b2": 0.16736044419748336,
    "b3": -0.17045498366907005,
    "t1": 1.0000001713901336,
    "t2": 0.9012915470249
}