{
    "b0": 0.122979354939643,
    "b1": 0.017375378685130324,
    "b2": 0.03529791001521855,
    "b3": -0.029235604427157832,
    "t1": 0.35357966188354345,
    "t2": 1.3635019144810352
}