{
    "b0": 0.1614784838873171,
    "b1": -0.01772780145438058,
    "b2": 0.08550265683634696,
    "b3": -0.05958869664704444,
    "t1": 1.000000018464632,
    "t2": 0.783055992665547
}