{
    "b0": 0.1278881330133258,
    "b1": 0.012061114067724699,
    "b2": 0.03325481180351185,
    "b3": -0.03316395443660536,
    "t1": 0.3526145641668232,
    "t2": 1.2474295314352901
}