{
    "b0": 0.1144337173924638,
    "b1": 0.025120138335453197,
    "b2": 0.027012275724678337,
    "b3": -0.029889567398696075,
    "t1": 0.3820121222623889,
    "t2": 1.395858656012726
}