{
    "b0": 0.3176731990984245,
    "b1": -0.1753854868347027,
    "b2": 4.34480027425993e-06,
    "b3": -0.4263299568141372,
    "t1": 1.790012555661453,
    "t2": 7.0130378344881095
}