{
    "b0": 0.12483191435870644,
    "b1": 0.015415891282730163,
    "b2": 0.032922635753044556,
    "b3": -0.031437767266880814,
    "t1": 0.3240569496916015,
    "t2": 1.4820514397510212
}