{
    "b0": 0.16574790277688783,
    "b1": -0.02343214808112949,
    "b2": 0.41547784147196926,
    "b3": -0.42616784775038735,
    "t1": 1.0000002469275417,
    "t2": 0.9558845970244495
}