{
    "b0": 0.12274565629979811,
    "b1": 0.014322949094834633,
    "b2": -0.6500520819134508,
    "b3": 0.6301108527968396,
    "t1": 0.5319965009688469,
    "t2": 0.5071425388464024
}