{
    "b0": 0.13340038303905,
    "b1": 0.006841740578059363,
    "b2": 0.027317932891647467,
    "b3": -0.04037669153254581,
    "t1": 0.3112229831698409,
    "t2": 1.1668483979238262
}