{
    "b0": 0.1294605817496013,
    "b1": 0.01074601801805055,
    "b2": 0.029642982551888953,
    "b3": -0.030200141535361304,
    "t1": 0.3281366719767501,
    "t2": 1.1181722400548733
}