{
    "b0": 0.12772981565678793,
    "b1": 0.012519810696255285,
    "b2": 0.03502484079856818,
    "b3": -0.03981015190423748,
    "t1": 0.3765375139725371,
    "t2": 1.2670767690346034
}