{
    "b0": 0.0984956408975924,
    "b1": 0.038715876313090106,
    "b2": -0.1325663804870642,
    "b3": 0.13331111657804542,
    "t1": 1.5203636624934653,
    "t2": 2.8457991712376653
}