{
    "b0": 0.12273544061538182,
    "b1": 0.01731939280045286,
    "b2": 0.035974299666263365,
    "b3": -0.029781001734227285,
    "t1": 0.3276548488297699,
    "t2": 1.4522164934085255
}