{
    "b0": 0.13121424214536426,
    "b1": 0.00932662175476705,
    "b2": 0.029221349487474946,
    "b3": -0.040156884205310016,
    "t1": 0.3350152399773848,
    "t2": 1.0892084214790028
}