{
    "b0": 0.12011276268978383,
    "b1": 0.02013011849937478,
    "b2": 0.02702026908619846,
    "b3": -0.03712483320316048,
    "t1": 0.28590518132898146,
    "t2": 1.408062649419974
}