{
    "b0": 0.10795863542747021,
    "b1": 0.005585116568161076,
    "b2": -8.072236775107794e-08,
    "b3": -0.06797380200726581,
    "t1": 1.8977994931053586,
    "t2": 0.6053370279713959
}