{
    "b0": 0.10739945095349862,
    "b1": 0.004736000501922629,
    "b2": -0.0037592750517923203,
    "b3": -0.07189945369099611,
    "t1": 2.2378090976374723,
    "t2": 0.6227154957471043
}