{
    "b0": 0.11388973694906195,
    "b1": -0.009278730339828515,
    "b2": -0.6883713198876158,
    "b3": 0.6331392588816208,
    "t1": 0.9781080747131622,
    "t2": 1.0273509624850752
}