{
    "b0": 0.10879161251325899,
    "b1": -0.024043114630685328,
    "b2": -0.019546393245769397,
    "b3": -0.1031491233660003,
    "t1": 0.15088086749927948,
    "t2": 0.5996000647110958
}