{
    "b0": 0.08930529599685992,
    "b1": 0.0053001623220193025,
    "b2": -0.060795255223584935,
    "b3": 0.051642876952785154,
    "t1": 0.6162239063632957,
    "t2": 4.655407196568649
}