{
    "b0": 0.10799982454804903,
    "b1": 0.016560720485720635,
    "b2": -0.07321274113565124,
    "b3": -0.024272673857067658,
    "t1": 0.5470364385236817,
    "t2": 0.058284920588308184
}