{
    "b0": 0.10800819910712246,
    "b1": -0.014745303094415095,
    "b2": -0.0839452513262829,
    "b3": 0.017724843202948565,
    "t1": 0.6818444514601916,
    "t2": 1.740896844319498
}