{
    "b0": 0.10440487226336813,
    "b1": 0.023934745137237624,
    "b2": -0.07586832868216886,
    "b3": 0.0349531881148008,
    "t1": 1.0515456667798395,
    "t2": 2.0776192707916357
}