{
    "b0": 0.10829486859322383,
    "b1": -0.023107561982329196,
    "b2": 0.011987990500148453,
    "b3": -0.07087891869763269,
    "t1": 1.00000011011113,
    "t2": 0.6814633953395711
}