{
    "b0": 0.13140906265732663,
    "b1": -0.048219839157705155,
    "b2": -0.10137142479527289,
    "b3": -0.06636996304525097,
    "t1": 0.6960870762000166,
    "t2": 5.713393461393535
}