{
    "b0": 0.10542336430355932,
    "b1": 0.01621035499981452,
    "b2": 0.86611112549334,
    "b3": -0.927573038335202,
    "t1": 0.9473170325677095,
    "t2": 0.9231071187673864
}