{
    "b0": 0.10916347055163395,
    "b1": -0.023264326658730884,
    "b2": 0.038333552738074,
    "b3": -0.0980462118627999,
    "t1": 1.000000108393087,
    "t2": 0.733393894280731
}