{
    "b0": 0.11396229106044148,
    "b1": -0.009285329003181748,
    "b2": 0.4897534871269351,
    "b3": -0.5312693563243074,
    "t1": 1.1046487081009524,
    "t2": 1.0342138167876513
}