{
    "b0": 0.10718129691397058,
    "b1": -0.03018850734319351,
    "b2": -0.309671062354827,
    "b3": 0.25197077411588936,
    "t1": 0.8244785632537253,
    "t2": 0.8987592735429708
}