{
    "b0": 0.1113642580636531,
    "b1": -0.040073459113248694,
    "b2": -0.08449153211426771,
    "b3": 0.03418730950630119,
    "t1": 0.7612978148432568,
    "t2": 2.845526041636533
}