{
    "b0": 0.11209971088214989,
    "b1": 0.0194878692892572,
    "b2": -0.08783819221627533,
    "b3": 0.034065793202133716,
    "t1": 1.0601313413290008,
    "t2": 1.6430106530551847
}