{
    "b0": 0.106252722280273,
    "b1": 0.01992102387156808,
    "b2": -0.6976193603689992,
    "b3": 0.6486405217702805,
    "t1": 1.2099784964335318,
    "t2": 1.257442596479794
}