{
    "b0": 0.07448034581198579,
    "b1": 0.020618542849425048,
    "b2": -0.04578908076372908,
    "b3": 0.09427934046649541,
    "t1": 0.5554018616643102,
    "t2": 5.00847359408167
}