{
    "b0": 0.11124645929890818,
    "b1": -0.03599972530070524,
    "b2": 0.091252355143937,
    "b3": -0.1415447298887034,
    "t1": 1.000000035058274,
    "t2": 0.7704695831026428
}