{
    "b0": 0.10729402854283583,
    "b1": -0.028031357482211278,
    "b2": 0.05892113844237247,
    "b3": -0.11664159250903992,
    "t1": 1.0000000404510736,
    "t2": 0.7420923834911639
}