{
    "b0": 0.10710653038971193,
    "b1": -0.023153114012961565,
    "b2": 0.020218682768254316,
    "b3": -0.07852737589120226,
    "t1": 1.0000001041925861,
    "t2": 0.694724517704312
}