{
    "b0": 0.1138720201725123,
    "b1": -0.009323983540387201,
    "b2": 0.3877701693360406,
    "b3": -0.4311088948551185,
    "t1": 1.0937542584032534,
    "t2": 1.015332705830045
}