{
    "b0": 0.10780743182607237,
    "b1": 0.016607316936988428,
    "b2": -0.07307431843314688,
    "b3": -0.025807545164743713,
    "t1": 0.5194855149476679,
    "t2": 0.0545889610617038
}