{
    "b0": 0.1071392662654729,
    "b1": 0.00869364718900713,
    "b2": -0.8057462898226896,
    "b3": 0.745957166513314,
    "t1": 0.739018237121321,
    "t2": 0.751706812468801
}