{
    "b0": 0.10784802791497189,
    "b1": -0.03515171236622232,
    "b2": -0.07637685442277327,
    "b3": 0.028686140939105036,
    "t1": 0.7206004648734432,
    "t2": 2.6725523449533686
}