{
    "b0": 0.09282559260500645,
    "b1": 0.0019245125213183606,
    "b2": -0.06485925316741149,
    "b3": 0.045833833976309024,
    "t1": 0.6442261212558773,
    "t2": 4.49702149587662
}