{
    "b0": 0.10637925453760089,
    "b1": -0.011534684524620361,
    "b2": 0.020383621083122905,
    "b3": -0.07437144042520497,
    "t1": 2.0308705815289834,
    "t2": 0.688758761389558
}