{
    "b0": 0.1075328219938964,
    "b1": -0.03155799622999576,
    "b2": 0.14384351347202037,
    "b3": -0.18863065659571662,
    "t1": 1.0000000380134861,
    "t2": 0.8193288410837344
}