{
    "b0": 0.10720621907820824,
    "b1": -0.023093341093519633,
    "b2": 0.010299321351851099,
    "b3": -0.07301212835978323,
    "t1": 1.0000000484553644,
    "t2": 0.6571701597177574
}