{
    "b0": 0.10901049295054802,
    "b1": -0.018092945853564496,
    "b2": 0.08312020187245438,
    "b3": -0.14323878468574078,
    "t1": 1.000000042457875,
    "t2": 0.7768845545213483
}