{
    "b0": 0.10619532708636222,
    "b1": 0.01767598389436961,
    "b2": 0.3583011721626267,
    "b3": -0.4193297068018445,
    "t1": 1.2164935042367608,
    "t2": 1.1117940161273663
}