{
    "b0": 0.10731584407589084,
    "b1": -0.02353704924821623,
    "b2": 0.04716710959651444,
    "b3": -0.10851213899290019,
    "t1": 1.000000108357943,
    "t2": 0.7485686390681671
}