{
    "b0": 0.10408987048892854,
    "b1": -0.03826690626473432,
    "b2": -0.9255885849437667,
    "b3": 0.8814638977128838,
    "t1": 0.971570299077809,
    "t2": 0.9945338741492549
}