{
    "b0": 0.12218624355916712,
    "b1": -0.05682123481757377,
    "b2": -0.03940662742810566,
    "b3": -0.08537091408996367,
    "t1": 0.23716661371542716,
    "t2": 0.7337672069973025
}