{
    "b0": 0.1098735409233296,
    "b1": -0.045010094359686684,
    "b2": 0.07553588975066375,
    "b3": -0.11767547775373738,
    "t1": 1.000000059848967,
    "t2": 0.8964281362166006
}