{
    "b0": -0.08279303706483082,
    "b1": 0.14704111767241013,
    "b2": 0.3992528679782055,
    "b3": -0.012012940949126815,
    "t1": 9.259872688483913,
    "t2": 0.31982717224836515
}