{
    "b0": 0.11867254559352121,
    "b1": -0.054198059027714254,
    "b2": -0.0535638597177463,
    "b3": -0.02910541747955486,
    "t1": 0.723639652603965,
    "t2": 3.439072985801645
}