{
    "b0": 0.11037853525926063,
    "b1": -0.04091099419266834,
    "b2": 0.023756975214417185,
    "b3": -0.07256186093995744,
    "t1": 1.0000000280202945,
    "t2": 0.6982690724685237
}