{
    "b0": 0.10777685761655939,
    "b1": -0.0423175932470108,
    "b2": -0.4491260574437715,
    "b3": 0.3965176786206808,
    "t1": 1.0427734033273057,
    "t2": 1.1121314869121979
}