{
    "b0": 0.11083535286445373,
    "b1": -0.041395968622134315,
    "b2": 0.03834143181701259,
    "b3": -0.08406540178254612,
    "t1": 1.0000000114797578,
    "t2": 0.7377920866534794
}