{
    "b0": 0.1088428270842955,
    "b1": -0.03928603550440247,
    "b2": -0.06567067102350069,
    "b3": -0.0016683754777185103,
    "t1": 0.6305030603721417,
    "t2": 1.339401641684306
}