{
    "b0": 0.11335338161301105,
    "b1": -0.042772769368898525,
    "b2": 0.03164122986642725,
    "b3": -0.08921984653897196,
    "t1": 1.000000029972904,
    "t2": 0.7416370578012281
}