{
    "b0": 0.1069366721176836,
    "b1": -0.04142046258081015,
    "b2": 0.8428683078665039,
    "b3": -0.8955506678292302,
    "t1": 1.057054695260632,
    "t2": 1.0288332599610337
}