{
    "b0": 0.11033672905904632,
    "b1": -0.045270536682058785,
    "b2": -0.19279165061572548,
    "b3": 0.1500412521869555,
    "t1": 1.0552519174206787,
    "t2": 1.2166490746688556
}