{
    "b0": 0.1353583280128995,
    "b1": -0.07020854776410566,
    "b2": -0.04138808258690526,
    "b3": -0.08759748902209712,
    "t1": 0.27764658008550935,
    "t2": 0.8246918078790733
}