{
    "b0": 0.11551403589715922,
    "b1": -0.05084274979236417,
    "b2": -0.7450372284745143,
    "b3": 0.7166432395155146,
    "t1": 1.1738493535118877,
    "t2": 1.2295440613067796
}