{
    "b0": 0.10812456605774905,
    "b1": -0.043501242214818915,
    "b2": 0.6171485824238123,
    "b3": -0.6549191661603935,
    "t1": 1.0271094671865044,
    "t2": 1.0079985780042247
}