{
    "b0": 0.1315750443471073,
    "b1": -0.06612327870255258,
    "b2": -0.048132012000919946,
    "b3": -0.10202763808344462,
    "t1": 0.21300626666294192,
    "t2": 0.7351990254348619
}