{
    "b0": 0.12755541295686304,
    "b1": -0.06520203262579646,
    "b2": 0.058453409492219256,
    "b3": -0.04127372361359187,
    "t1": 1.8083825147113155,
    "t2": 1.2174264083195212
}