{
    "b0": 0.05061352442291625,
    "b1": 0.014691665740718375,
    "b2": 0.21947290425776905,
    "b3": -0.006181605602391405,
    "t1": 6.256426061650078,
    "t2": 0.15997516424778518
}