{
    "b0": 0.06713991719534763,
    "b1": -0.0018619579442992334,
    "b2": -0.013955382669103653,
    "b3": 0.1929943157863852,
    "t1": 0.14267345489101124,
    "t2": 5.815593438127554
}