{
    "b0": 0.31746124105051127,
    "b1": -0.24854621549973493,
    "b2": -0.19104818130839085,
    "b3": -0.5775299354789533,
    "t1": 0.9878736541040379,
    "t2": 6.306380061712313
}