{
    "b0": 0.1256953260317685,
    "b1": -0.060602398139648544,
    "b2": -0.03810015307719426,
    "b3": -0.09742402458525774,
    "t1": 0.24035973175832137,
    "t2": 0.7844002191502178
}