{
    "b0": -0.06557976515267257,
    "b1": 0.12729359401290363,
    "b2": 0.4227206134512857,
    "b3": 0.014902565983201319,
    "t1": 8.564023512449566,
    "t2": 1.3405527732498763
}