{
    "b0": 0.1132775230091428,
    "b1": -0.04230610204271106,
    "b2": 0.16684254048506117,
    "b3": -0.22443768970487724,
    "t1": 1.00000002503149,
    "t2": 0.8802477824112039
}