{
    "b0": 0.11390604003450891,
    "b1": -0.0501636920449609,
    "b2": 0.09824206882353935,
    "b3": -0.0062135303291405725,
    "t1": 3.656462974220264,
    "t2": 0.137149392506349
}