{
    "b0": 0.13020989242226247,
    "b1": -0.06793935455453601,
    "b2": -0.26154570193278365,
    "b3": 0.27730438015896774,
    "t1": 1.6669327148273,
    "t2": 1.7735667417406624
}