{
    "b0": 0.10428405548754578,
    "b1": -0.042266613801518804,
    "b2": 0.1283718663342965,
    "b3": 0.005024377742752795,
    "t1": 4.476391853490733,
    "t2": 1.2918247043470354
}