{
    "b0": -0.010630299106767632,
    "b1": 0.07663187699865942,
    "b2": 0.3200379340124705,
    "b3": -0.014328326625963358,
    "t1": 7.979459259636662,
    "t2": 0.1333637433440398
}