{
    "b0": 0.10583255944729707,
    "b1": -0.038387015522353074,
    "b2": 0.13619957960222437,
    "b3": -0.18324731936960864,
    "t1": 1.000000168615344,
    "t2": 0.8813871830085336
}