{
    "b0": 0.023987136869216396,
    "b1": 0.04026966013445704,
    "b2": 0.23484135627663236,
    "b3": -0.01155308956001119,
    "t1": 7.155815876929264,
    "t2": 0.2873976621420091
}