{
    "b0": 0.1059048953874166,
    "b1": -0.036841117371229734,
    "b2": 0.02956031752731398,
    "b3": -0.06988696757792028,
    "t1": 1.0000000258730775,
    "t2": 0.6466419012126202
}