{
    "b0": 0.10596701612840756,
    "b1": -0.039054838199377294,
    "b2": -0.3501475335761863,
    "b3": 0.29840177960727887,
    "t1": 0.9302736405384666,
    "t2": 0.9891017591775901
}