{
    "b0": 0.07715996360774169,
    "b1": -0.01293496720749047,
    "b2": 0.14181340746246857,
    "b3": -0.013659922966149594,
    "t1": 5.146992327129518,
    "t2": 0.3510874666245165
}