{
    "b0": 0.11089532163773916,
    "b1": -0.04092293707137921,
    "b2": 0.021587750527125343,
    "b3": -0.07034622714837883,
    "t1": 1.0000000298562894,
    "t2": 0.7103514458927134
}