{
    "b0": 0.10769790814579107,
    "b1": -0.04409607227472362,
    "b2": -0.22975577491668892,
    "b3": 0.19240981397388335,
    "t1": 1.1559618072049596,
    "t2": 1.3620552645451516
}