{
    "b0": 0.2835909216275615,
    "b1": -0.21932274016508113,
    "b2": -0.1465059066887055,
    "b3": -0.4601385490488089,
    "t1": 1.1569610298353108,
    "t2": 6.852806350177396
}