{
    "b0": 0.10090403196174287,
    "b1": -0.035927375382187474,
    "b2": -0.10128190358848105,
    "b3": 0.0660640004712476,
    "t1": 1.1001451809787226,
    "t2": 1.4546227142200088
}