{
    "b0": 0.1297042203542924,
    "b1": -0.06477976911412907,
    "b2": -0.04241565204632664,
    "b3": -0.0937062909650952,
    "t1": 0.26824006774072845,
    "t2": 0.8328368849902952
}