{
    "b0": 0.09904457693178692,
    "b1": -0.03418787724215315,
    "b2": -0.3590780634597089,
    "b3": 0.321908365574236,
    "t1": 1.0817862249076582,
    "t2": 1.123206238377592
}