{
    "b0": 0.0970884621553247,
    "b1": -0.032070579407948406,
    "b2": -0.05338185008899435,
    "b3": 0.011812335822067078,
    "t1": 0.861531185325608,
    "t2": 1.4459798231225578
}