{
    "b0": 0.09918426350506511,
    "b1": -0.034080264406189525,
    "b2": -0.1237635323194288,
    "b3": 0.08642387514029456,
    "t1": 0.9957601323159484,
    "t2": 1.1659200174924986
}