{
    "b0": 0.07561237386191783,
    "b1": -0.02290621936812573,
    "b2": -0.013512965132954476,
    "b3": -0.07415175427594721,
    "t1": 0.2883408394341175,
    "t2": 0.819558516514163
}