{
    "b0": 0.08086605405524185,
    "b1": -0.01502638405688788,
    "b2": -0.39681886774307285,
    "b3": 0.3529094518359912,
    "t1": 1.1605878033139931,
    "t2": 1.207010247864224
}