{
    "b0": 0.07952473948673225,
    "b1": -0.02346928014156107,
    "b2": -0.03688295940660888,
    "b3": -0.022529527773513414,
    "t1": 0.9656828878633511,
    "t2": 0.45250147346261615
}