{
    "b0": 0.173411107928665,
    "b1": -0.12367759316271987,
    "b2": -0.11742436193930866,
    "b3": -0.26981873713124216,
    "t1": 1.026549641685817,
    "t2": 6.445130601887505
}