{
    "b0": 0.09853639677818053,
    "b1": -0.03369555791968863,
    "b2": 0.2559124732083014,
    "b3": -0.2898704672630391,
    "t1": 1.1617011399155885,
    "t2": 1.1035161935155393
}