{
    "b0": 0.13831704678957576,
    "b1": -0.08862491632603048,
    "b2": -0.09624940754780036,
    "b3": -0.17479672072373878,
    "t1": 0.9302183493751011,
    "t2": 6.060570829402737
}