{
    "b0": 0.14582998775138092,
    "b1": -0.09036510885224655,
    "b2": -0.09489391598479568,
    "b3": -0.1819115688766919,
    "t1": 0.9391476491376929,
    "t2": 6.06881003608115
}