{
    "b0": 0.09394101430131425,
    "b1": -0.03829545596741164,
    "b2": -0.06863247439599274,
    "b3": -0.04147585467712733,
    "t1": 0.777509678958924,
    "t2": 5.049704197697486
}