{
    "b0": 0.10092665773592954,
    "b1": -0.035712204950586225,
    "b2": -0.0828031408089147,
    "b3": 0.04226035528360084,
    "t1": 1.0881632804725707,
    "t2": 1.5842540954341833
}