{
    "b0": 0.09644889975711506,
    "b1": -0.03166528446372206,
    "b2": 0.6524809584076342,
    "b3": -0.6768137551920916,
    "t1": 1.3735818079384554,
    "t2": 1.33218582135381
}