{
    "b0": 0.09677296499596909,
    "b1": -0.031868270785114276,
    "b2": 0.893712933339497,
    "b3": -0.9240227186847064,
    "t1": 1.3051614899254014,
    "t2": 1.2763838751992602
}