{
    "b0": 0.10032864548282906,
    "b1": -0.03535079199368497,
    "b2": -0.07117761303630886,
    "b3": 0.03081709598257451,
    "t1": 1.0572354794422938,
    "t2": 1.6413589439698788
}