{
    "b0": 0.0954559456715497,
    "b1": -0.030438456284433715,
    "b2": 0.05150422767382576,
    "b3": -0.07358844939615836,
    "t1": 1.6308013372590733,
    "t2": 1.1040020821460017
}