{
    "b0": 0.0967788767783554,
    "b1": -0.031770295764645996,
    "b2": -0.13079299049377127,
    "b3": 0.09854003065146429,
    "t1": 1.0662821805310922,
    "t2": 1.2510226641574245
}