{
    "b0": 0.07490501396875415,
    "b1": -0.021326280197577978,
    "b2": -0.06013004214563697,
    "b3": -0.00562475953578932,
    "t1": 0.8799160549262945,
    "t2": 0.2831299786904423
}