{
    "b0": 0.07925783381837068,
    "b1": -0.023422682556893275,
    "b2": 0.00010508518165154492,
    "b3": -0.044018127986647684,
    "t1": 2.0627820037736733,
    "t2": 0.5892263286878849
}