{
    "b0": 0.20036285838091758,
    "b1": -0.14005530321744886,
    "b2": -0.12492793698560475,
    "b3": -0.32175658574184,
    "t1": 1.1237853220675262,
    "t2": 6.836085066241535
}