{
    "b0": 0.09712463199437897,
    "b1": -0.03206086942620522,
    "b2": -0.06267500658474914,
    "b3": 0.02481507349144533,
    "t1": 1.001210483848817,
    "t2": 1.7788316674021762
}