{
    "b0": 0.09654275563793534,
    "b1": -0.031700186883756976,
    "b2": -0.06096628122038078,
    "b3": 0.02360486588928621,
    "t1": 1.0469352525509426,
    "t2": 1.6396560624132586
}