{
    "b0": 0.07762671670623664,
    "b1": -0.03260885840167861,
    "b2": -0.045630441834584756,
    "b3": -0.008948632006745253,
    "t1": 0.6992022471299769,
    "t2": 2.734206602722969
}