{
    "b0": 0.09899874720231092,
    "b1": -0.0339926418745784,
    "b2": -0.043127656070036144,
    "b3": -0.006296755980924662,
    "t1": 0.7437359826802572,
    "t2": 1.9625175642759016
}