{
    "b0": 0.0975461936180039,
    "b1": -0.032596739137171135,
    "b2": -0.05300613655128589,
    "b3": 0.01424153582734593,
    "t1": 0.8984652425257671,
    "t2": 1.5573240252179905
}