{
    "b0": 0.08540133052232644,
    "b1": -0.01950576864626955,
    "b2": -0.05116412017154533,
    "b3": -0.0021907865250157567,
    "t1": 0.965669722363209,
    "t2": 2.036150690915992
}