{
    "b0": 0.09894682161818884,
    "b1": -0.03391077029991044,
    "b2": -0.05929259357063524,
    "b3": 0.018353878885124405,
    "t1": 0.9564706963178664,
    "t2": 1.7345649310715765
}