{
    "b0": 0.09742162232489311,
    "b1": -0.03235119848469513,
    "b2": -0.05653554711258268,
    "b3": 0.017190242093454603,
    "t1": 0.9886664909916003,
    "t2": 1.8723439404554063
}