{
    "b0": 0.08503542084427504,
    "b1": -0.0356753546961213,
    "b2": -0.0597361997793976,
    "b3": -0.025670961975980983,
    "t1": 0.7864120210285361,
    "t2": 4.25050211057201
}