{
    "b0": 0.2001513145881756,
    "b1": -0.13981171680194215,
    "b2": -0.1271060269572251,
    "b3": -0.3229618264197485,
    "t1": 1.127956593857978,
    "t2": 6.832904820015717
}