{
    "b0": 0.09443188814993404,
    "b1": -0.029292102923947266,
    "b2": 0.03366917413790227,
    "b3": -0.05086886606269998,
    "t1": 2.1986120095987856,
    "t2": 1.1143189390740944
}