{
    "b0": 0.16030864691027638,
    "b1": -0.10009561173922035,
    "b2": -0.10835364751373056,
    "b3": -0.2207106490467718,
    "t1": 0.9970193762626227,
    "t2": 6.446125774868452
}