{
    "b0": 0.08107729127750306,
    "b1": -0.02034403705682479,
    "b2": 0.10978630714124248,
    "b3": -0.15966330481305824,
    "t1": 1.0965892017228396,
    "t2": 1.0146505596353868
}