{
    "b0": 0.08699982111301133,
    "b1": -0.021064922692931386,
    "b2": -0.05424690277689426,
    "b3": -0.006040540632657869,
    "t1": 0.9752976483633902,
    "t2": 2.1086812869742686
}