{
    "b0": 0.09556503367939503,
    "b1": -0.03055690706474732,
    "b2": -0.05903676151621901,
    "b3": 0.0250872833861695,
    "t1": 0.9954461277452364,
    "t2": 1.8938647525251764
}