{
    "b0": 0.07982540681442196,
    "b1": -0.024552670815448714,
    "b2": 0.0015140695005378228,
    "b3": -0.043194981002033846,
    "t1": 2.0592375522644555,
    "t2": 0.603535258322704
}