{
    "b0": 0.10399218284421823,
    "b1": -0.08521666090031077,
    "b2": -0.07620222151834351,
    "b3": -0.03028208099744383,
    "t1": 0.8357376887940944,
    "t2": 4.126307071289092
}