{
    "b0": 0.10004377295866763,
    "b1": -0.0803943195018011,
    "b2": -0.08394090691912018,
    "b3": -0.03571407349853249,
    "t1": 0.6378328519110426,
    "t2": 3.842224891713464
}