{
    "b0": 0.09206377647715609,
    "b1": -0.05423621331383863,
    "b2": -0.29204485705390176,
    "b3": 0.22346834006224509,
    "t1": 1.0352753994898278,
    "t2": 1.160944146490438
}