{
    "b0": 0.2439215425203046,
    "b1": -0.2068408899287129,
    "b2": -0.15835895778259873,
    "b3": -0.40894332144401396,
    "t1": 1.1756639045995987,
    "t2": 6.59291139944899
}