{
    "b0": 0.08282757435606854,
    "b1": -0.038584403910403894,
    "b2": -0.04982136427427926,
    "b3": -0.016664599410859432,
    "t1": 0.8153693641906381,
    "t2": 3.664645142016473
}