{
    "b0": 0.16134912199738463,
    "b1": -0.13953139681506527,
    "b2": -0.12339429391024383,
    "b3": -0.21720997479991996,
    "t1": 0.961305815836375,
    "t2": 5.811181798080206
}