{
    "b0": 0.14696699922413292,
    "b1": -0.1271276686477642,
    "b2": -0.11622551424784976,
    "b3": -0.16014823485458077,
    "t1": 0.7681345535993236,
    "t2": 5.145253919402783
}