{
    "b0": 0.10316273496502185,
    "b1": -0.07419222840780347,
    "b2": 0.023556758842225304,
    "b3": -0.08500050794121251,
    "t1": 1.9190761783301162,
    "t2": 1.0002049504630077
}