{
    "b0": 0.07925463214204556,
    "b1": -0.03811374838914034,
    "b2": -0.06507528912345104,
    "b3": 0.0037639574184568612,
    "t1": 1.0357229912813195,
    "t2": 0.29056442900820595
}