{
    "b0": 0.22635229070232227,
    "b1": -0.20698021372472897,
    "b2": -0.1576842663004097,
    "b3": -0.3625346370661393,
    "t1": 1.18853220501965,
    "t2": 6.88788217831484
}