{
    "b0": 0.09247745533279964,
    "b1": -0.0728966318874373,
    "b2": -0.0713573552506183,
    "b3": -0.035364247327552153,
    "t1": 0.6154596668652852,
    "t2": 2.351910555947958
}