{
    "b0": 0.14002425234202626,
    "b1": -0.11834330873886753,
    "b2": -0.11077709460480696,
    "b3": -0.1595457704139571,
    "t1": 0.9346189368033551,
    "t2": 5.5479549762382145
}