{
    "b0": 0.2690958478643809,
    "b1": -0.24729274508340898,
    "b2": -0.18209199998539802,
    "b3": -0.503095201168074,
    "t1": 1.1505341108791243,
    "t2": 6.689779623916161
}