{
    "b0": 0.10044627072252403,
    "b1": -0.061416607366439335,
    "b2": 0.0108846537035951,
    "b3": -0.06704322715294578,
    "t1": 1.0000000299550222,
    "t2": 0.6239937762470427
}