{
    "b0": 0.1298521778978314,
    "b1": -0.08660820108293407,
    "b2": -0.08070981477862291,
    "b3": -0.14202207901190358,
    "t1": 1.063270492415529,
    "t2": 6.773462210642835
}