{
    "b0": 0.08631958927991536,
    "b1": -0.06596199426512016,
    "b2": -0.025773049030511877,
    "b3": -0.025962760687396873,
    "t1": 1.6865923578754392,
    "t2": 0.6077003324769181
}