{
    "b0": 0.11374789943398073,
    "b1": -0.07287610057104386,
    "b2": -0.07222538348279078,
    "b3": -0.06831076208579775,
    "t1": 0.7511999727130798,
    "t2": 3.514550639888915
}