{
    "b0": 0.091666308213916,
    "b1": -0.07230779776013678,
    "b2": 0.45655453019868314,
    "b3": -0.5155134825922348,
    "t1": 1.2591218673570463,
    "t2": 1.2138310742073017
}