{
    "b0": 0.09436450511647122,
    "b1": -0.07492782658783663,
    "b2": -0.07063858229380823,
    "b3": -0.03579217529530714,
    "t1": 0.6549316639834488,
    "t2": 2.4112032437595197
}