{
    "b0": 0.18327542681376532,
    "b1": -0.1617114038354244,
    "b2": -0.13592076518365445,
    "b3": -0.27719504233973796,
    "t1": 1.050357850659198,
    "t2": 6.391541355742527
}