{
    "b0": 0.16326742816257567,
    "b1": -0.14012892263452492,
    "b2": -0.13033995593560063,
    "b3": -0.20760167753234032,
    "t1": 1.0042387294053405,
    "t2": 5.809167892254299
}