{
    "b0": 0.09071339620080368,
    "b1": -0.0713705685363664,
    "b2": 0.6701881349712374,
    "b3": -0.7401751359904386,
    "t1": 1.1000972390052148,
    "t2": 1.0894818553764412
}