{
    "b0": 0.14875692632092255,
    "b1": -0.12928791094012124,
    "b2": -0.11520706524315083,
    "b3": -0.1536458645245637,
    "t1": 1.1300749754592663,
    "t2": 7.007740077782964
}