{
    "b0": 0.1268070178891528,
    "b1": -0.10408767762482724,
    "b2": -0.11053013201351584,
    "b3": -0.10400008329807692,
    "t1": 0.9207173320796378,
    "t2": 5.121387350153936
}