{
    "b0": 0.1745897468977537,
    "b1": -0.15507780622453549,
    "b2": -0.13075845357162857,
    "b3": -0.22484111854597355,
    "t1": 0.8016462410768652,
    "t2": 5.747998328906844
}