{
    "b0": 0.22809230160182836,
    "b1": -0.20751478868226358,
    "b2": -0.15899127584667783,
    "b3": -0.3894780342009844,
    "t1": 1.194138346580236,
    "t2": 6.9204851804744125
}