{
    "b0": 0.08773399315993809,
    "b1": -0.0652703005464386,
    "b2": -0.0840022551799934,
    "b3": -0.00568806587076091,
    "t1": 0.9351377083414453,
    "t2": 1.8299479842595732
}