{
    "b0": 0.21066525647418358,
    "b1": -0.17292642516293144,
    "b2": -0.15561007764543908,
    "b3": -0.2943926650768717,
    "t1": 0.8722607460332747,
    "t2": 6.082377414259083
}