{
    "b0": 0.09179268081689214,
    "b1": -0.05357408532771306,
    "b2": -0.9468468765106576,
    "b3": 0.8683951269199952,
    "t1": 1.0977308169807258,
    "t2": 1.1352346208483626
}