{
    "b0": 0.10649319306676823,
    "b1": -0.08769109470158462,
    "b2": -0.07717087857606594,
    "b3": -0.03814205284818599,
    "t1": 0.8332323164602483,
    "t2": 4.118194253696807
}