{
    "b0": 0.10029723967385941,
    "b1": -0.07055178115620042,
    "b2": 0.04126552883988632,
    "b3": -0.09900985627022572,
    "t1": 2.0248386402903615,
    "t2": 1.0456700141312243
}