{
    "b0": 0.10060298678433809,
    "b1": -0.06265259954405696,
    "b2": -0.7338407757313619,
    "b3": 0.6538128401542252,
    "t1": 1.0801191607231002,
    "t2": 1.1302126716704246
}