{
    "b0": 0.09398634974669794,
    "b1": -0.060756126761286,
    "b2": -0.11715307113626652,
    "b3": 0.026683185367662784,
    "t1": 0.9724232437009771,
    "t2": 1.8785188882770747
}