{
    "b0": 0.1051014501107149,
    "b1": -0.07582829931045797,
    "b2": 0.470487038590077,
    "b3": -0.5689318511170678,
    "t1": 1.1608905257347866,
    "t2": 1.1273329799999456
}