{
    "b0": 0.24907176278198714,
    "b1": -0.22964470174822055,
    "b2": -0.07457949627485143,
    "b3": -0.4287314409753045,
    "t1": 1.3553951188590359,
    "t2": 6.910793279967841
}