{
    "b0": 0.11878834176123232,
    "b1": -0.04344282321560431,
    "b2": -0.0795204361224933,
    "b3": 0.17445632428275362,
    "t1": 1.0000001279407071,
    "t2": 0.7148788248734153
}