{
    "b0": 0.1008392465945881,
    "b1": -0.06572930215623202,
    "b2": -0.03542127342603382,
    "b3": -0.03813341469317905,
    "t1": 0.41835823356224056,
    "t2": 1.6551367706525193
}