{
    "b0": 0.12232420627145836,
    "b1": -0.05232283323729838,
    "b2": -0.08424970081802322,
    "b3": 0.1591631838098409,
    "t1": 1.0000000507318794,
    "t2": 0.7396226135261513
}