{
    "b0": 0.1115425441635065,
    "b1": -0.06455629405915632,
    "b2": -0.0429303352404291,
    "b3": 0.07004375169925763,
    "t1": 1.0000001033054369,
    "t2": 0.6440129380611261
}