{
    "b0": 0.10756025065579204,
    "b1": -0.02389909023459241,
    "b2": -0.15411382602555412,
    "b3": 0.21120304079398558,
    "t1": 1.0000001297038927,
    "t2": 0.7119398969513896
}