{
    "b0": 0.11937017183701626,
    "b1": -0.04924109808509193,
    "b2": -0.10556648451993007,
    "b3": 0.2034361269926874,
    "t1": 1.0000001467803705,
    "t2": 0.7553454662719444
}