{
    "b0": 0.10076345885370895,
    "b1": -0.06444260032444443,
    "b2": -0.03673112940121293,
    "b3": -0.03901336555070614,
    "t1": 0.4317747838879719,
    "t2": 2.205005378477251
}