{
    "b0": 0.09909885318470127,
    "b1": -0.06316408337018779,
    "b2": -0.038618743533018814,
    "b3": -0.034744401238048575,
    "t1": 0.3788851248406162,
    "t2": 1.7814615395148585
}