{
    "b0": 0.09980591560687349,
    "b1": -0.08085969858682965,
    "b2": -0.06910942770434364,
    "b3": -0.053272956303950784,
    "t1": 0.522528751197654,
    "t2": 2.943849687353036
}