{
    "b0": 0.12491102946487366,
    "b1": -0.05782780614925498,
    "b2": -0.1796991286643438,
    "b3": 0.2782985993225537,
    "t1": 1.000000079158907,
    "t2": 0.8183179885605454
}