{
    "b0": 0.11097295400997123,
    "b1": -0.06300018110548783,
    "b2": 1.1233786317340483e-06,
    "b3": 0.054645641994490735,
    "t1": 1.4788013251606582,
    "t2": 0.5803566193950991
}