{
    "b0": 0.0987155059527887,
    "b1": -0.073631155940273,
    "b2": 0.1913818585095167,
    "b3": -0.18975757003170124,
    "t1": 1.0000005669266254,
    "t2": 0.9592692309353424
}