{
    "b0": 0.13287983819757213,
    "b1": -0.10702178656714308,
    "b2": 0.2422413051218281,
    "b3": -0.24966003480023208,
    "t1": 2.566708900674971,
    "t2": 3.628646744196782
}