{
    "b0": 0.10929381254737817,
    "b1": -0.06257486057568742,
    "b2": -0.07497626802770968,
    "b3": 0.10382946480415557,
    "t1": 1.0178940976106745,
    "t2": 0.7397309021266703
}