{
    "b0": 0.10163455205154066,
    "b1": -0.05541896584576966,
    "b2": -0.45532331647605956,
    "b3": 0.4792524374285111,
    "t1": 1.0630164261195432,
    "t2": 1.0024109281062434
}