{
    "b0": 0.1212668732778229,
    "b1": -0.09773028844746434,
    "b2": 0.10666284284339152,
    "b3": -0.11840472324586455,
    "t1": 1.9565837843868867,
    "t2": 3.922950682174397
}