{
    "b0": 0.12417592390827714,
    "b1": -0.10294775908202647,
    "b2": -0.05955961064039819,
    "b3": -0.0971645841049685,
    "t1": 0.6525051650494158,
    "t2": 4.72887318670212
}