{
    "b0": 0.08974113969602351,
    "b1": -0.06962550405747292,
    "b2": -0.07352214476029871,
    "b3": -0.04003224533370742,
    "t1": 0.5718174948345596,
    "t2": 2.5251995584142177
}