{
    "b0": 0.11003120612432964,
    "b1": -0.026744761529104683,
    "b2": -0.1743311066208727,
    "b3": 0.2380105993769078,
    "t1": 1.0000001036673374,
    "t2": 0.7294642574342165
}