{
    "b0": -0.03664735544912954,
    "b1": 0.12041828627384288,
    "b2": 0.20821810831629714,
    "b3": 0.4095867608202249,
    "t1": 0.6738154194368147,
    "t2": 6.141795349946136
}