{
    "b0": 0.09797110428769248,
    "b1": -0.06057996646532532,
    "b2": -3.129097387935542e-07,
    "b3": 0.04513636285503142,
    "t1": 1.6538319299298854,
    "t2": 0.6622338012516931
}