{
    "b0": 0.15514376464168145,
    "b1": -0.1344687783979292,
    "b2": -0.06510848692388785,
    "b3": -0.173249837146154,
    "t1": 0.8490469695002523,
    "t2": 5.531869300720595
}