{
    "b0": 0.09088645844770867,
    "b1": -0.07178124360534535,
    "b2": -0.06581311467367021,
    "b3": -0.04143876921028177,
    "t1": 0.4564272130553162,
    "t2": 1.732594032993322
}