{
    "b0": 0.10739345696522763,
    "b1": -0.05749813327464434,
    "b2": -0.03566568854169058,
    "b3": -0.03621599583260402,
    "t1": 0.17747265469712814,
    "t2": 1.1237209295070312
}