{
    "b0": 0.11520802345924415,
    "b1": -0.036540710890476696,
    "b2": -0.14910193610637568,
    "b3": 0.22290316455845646,
    "t1": 1.0000001348731373,
    "t2": 0.7667205169918673
}