{
    "b0": 0.09927856302827516,
    "b1": -0.061968340343835665,
    "b2": -0.03902937046707363,
    "b3": -0.03682545095284047,
    "t1": 0.3746292007183853,
    "t2": 1.8153084906104122
}