{
    "b0": 0.09648710399617996,
    "b1": -0.07439434577632247,
    "b2": 0.03333520803718224,
    "b3": 0.005965840725339568,
    "t1": 1.353888481235713,
    "t2": 0.1492434842922742
}