{
    "b0": 0.10241545843016858,
    "b1": -0.06591032796126288,
    "b2": -0.03415361005182034,
    "b3": -0.03900394645658471,
    "t1": 0.4604245886046291,
    "t2": 2.4008329501865107
}