{
    "b0": 0.14095455692907916,
    "b1": -0.1082704418351142,
    "b2": -0.057908666492255734,
    "b3": -0.12338489657632692,
    "t1": 0.7400204254601714,
    "t2": 5.205669403178672
}