{
    "b0": 0.1749474820688602,
    "b1": -0.14206803920171268,
    "b2": -0.06682239971618097,
    "b3": -0.21738048648942077,
    "t1": 0.8672909159516045,
    "t2": 5.812913284102647
}