{
    "b0": 0.10134053395192827,
    "b1": -0.06614974587140117,
    "b2": -0.03658103909277065,
    "b3": -0.03561614284129579,
    "t1": 0.4105861020341831,
    "t2": 1.9989692322089114
}