{
    "b0": 0.11302601841913935,
    "b1": -0.06562563176186947,
    "b2": -1.2001303940217811e-06,
    "b3": 0.05300655142496814,
    "t1": 1.3826030073390565,
    "t2": 0.5466085082673546
}