{
    "b0": 0.10920639223481314,
    "b1": -0.0258805590129677,
    "b2": -0.09806035701646763,
    "b3": 0.16400269857007319,
    "t1": 1.000000035851293,
    "t2": 0.5923222984979739
}