{
    "b0": 0.10033957858362173,
    "b1": -0.059632181945252945,
    "b2": 0.742535615486029,
    "b3": -0.7271595843394087,
    "t1": 1.1082456337845448,
    "t2": 1.1560415943114646
}