{
    "b0": 0.11067508313512261,
    "b1": -0.035412161715009355,
    "b2": 0.010077288565508111,
    "b3": -0.07895679474065304,
    "t1": 1.9325154144237426,
    "t2": 0.06116382614833951
}