{
    "b0": 0.09997466451739376,
    "b1": -0.061864065550328494,
    "b2": 1.0977382101755306e-06,
    "b3": 0.05108449254401743,
    "t1": 1.8969529075963,
    "t2": 0.7213108459278212
}