{
    "b0": 0.11532417465112545,
    "b1": -0.035798351150605257,
    "b2": -0.11796188392458155,
    "b3": 0.18890503284985113,
    "t1": 1.0000001087227517,
    "t2": 0.7469927395055032
}