{
    "b0": 0.11437522041749909,
    "b1": -0.0613756139481207,
    "b2": -8.168624143090747e-07,
    "b3": 0.05051821406017068,
    "t1": 1.2923698687649587,
    "t2": 0.5121644882601304
}