{
    "b0": 0.10871171413371965,
    "b1": -0.06086521842232783,
    "b2": 7.64776471658124e-07,
    "b3": 0.06408870279518945,
    "t1": 1.6779177228764113,
    "t2": 0.6160252790147235
}