{
    "b0": 0.09912508031451464,
    "b1": -0.07776807898975521,
    "b2": 0.02768911632068895,
    "b3": 0.010010754262418545,
    "t1": 1.3974313125716313,
    "t2": 0.1285275126968151
}