{
    "b0": 0.09693940235745234,
    "b1": -0.07794090433695075,
    "b2": -0.0712174092595659,
    "b3": -0.04103121231923234,
    "t1": 0.5001664506135806,
    "t2": 2.374108903824059
}