{
    "b0": 0.09980359399188128,
    "b1": -0.07987803752727096,
    "b2": -0.08461708970631285,
    "b3": -0.04958489701618372,
    "t1": 0.5095369908207208,
    "t2": 3.1662703217474997
}