{
    "b0": 0.10888604689221706,
    "b1": -0.025257776893030333,
    "b2": -0.1231373157572365,
    "b3": 0.18225684194116049,
    "t1": 1.000000083653965,
    "t2": 0.6515696663179626
}