{
    "b0": 0.11472030252275954,
    "b1": -0.05566969749256631,
    "b2": -1.2951587791538294e-05,
    "b3": -0.02964762144071398,
    "t1": 0.34775524235034244,
    "t2": 1.120139429685901
}