{
    "b0": 0.12206926089663174,
    "b1": -0.01854773299039618,
    "b2": -0.3629689747730236,
    "b3": 0.386593893069559,
    "t1": 1.000000049118272,
    "t2": 0.8409551583344093
}