{
    "b0": 0.12620772488363327,
    "b1": -0.003742171359487615,
    "b2": -0.08948426780101278,
    "b3": 0.09395938752129211,
    "t1": 1.3352131003918357,
    "t2": 0.753017840082441
}