{
    "b0": 0.1311433992347312,
    "b1": -0.018981754546890987,
    "b2": 0.28198209074504554,
    "b3": -0.25973393509201187,
    "t1": 0.9402876392211335,
    "t2": 1.1862351386892582
}