{
    "b0": 0.12582598589262772,
    "b1": 0.00024221017381689737,
    "b2": -0.3429585847831932,
    "b3": 0.3490182117603416,
    "t1": 1.0000000665995632,
    "t2": 0.8626359236412494
}