{
    "b0": 0.1350654831400871,
    "b1": -0.005786784676156441,
    "b2": -0.1748594518599537,
    "b3": 0.18290476710818637,
    "t1": 1.000000028305969,
    "t2": 0.7664970928878551
}