{
    "b0": 0.1288238062240243,
    "b1": -0.002342261226378821,
    "b2": -0.24246215106853594,
    "b3": 0.24928074033127376,
    "t1": 1.0000000299559288,
    "t2": 0.823678362076066
}