{
    "b0": 0.26759991374849984,
    "b1": -0.139798712406936,
    "b2": 0.056000833632008196,
    "b3": -0.4263270566053519,
    "t1": 2.0,
    "t2": 5.0
}