{
    "b0": 0.12568641738799938,
    "b1": -0.005808612445076951,
    "b2": -0.9814158679914428,
    "b3": 0.9954997099266372,
    "t1": 0.960012867039193,
    "t2": 0.914494095749792
}