{
    "b0": 0.13487041421003756,
    "b1": -0.00536071888388755,
    "b2": -0.24188737561107773,
    "b3": 0.2513184185744618,
    "t1": 1.0000000296516627,
    "t2": 0.82486688082829
}