{
    "b0": 0.11933567527980331,
    "b1": 0.014706879978547591,
    "b2": -0.08837937922192243,
    "b3": 0.08530779350126347,
    "t1": 1.0000000005639715,
    "t2": 0.5392243903095337
}