{
    "b0": 0.13100348539783072,
    "b1": 0.003696835985289268,
    "b2": -0.11316685883237546,
    "b3": 0.11771368470894085,
    "t1": 1.0000000305042498,
    "t2": 0.7821962844025607
}