{
    "b0": 0.14992752846911853,
    "b1": -0.02221607322764163,
    "b2": -0.024429728249278696,
    "b3": -0.09024362873306943,
    "t1": 0.12094015091090775,
    "t2": 3.2751188360841623
}