{
    "b0": 0.1849341547956041,
    "b1": -0.044914316480166167,
    "b2": -0.028881593201888937,
    "b3": -0.18241216414263678,
    "t1": 2.0,
    "t2": 5.0
}