{
    "b0": 0.12336261188587613,
    "b1": 0.002288239056339047,
    "b2": -0.4661990980179023,
    "b3": 0.4755810141507348,
    "t1": 1.0000000494236736,
    "t2": 0.9061280491244214
}