{
    "b0": 0.12146520138191456,
    "b1": -0.008518335064208148,
    "b2": -0.29895707558235596,
    "b3": 0.319066932132814,
    "t1": 1.0000000725941793,
    "t2": 0.8067482618003442
}