{
    "b0": 0.11829876098607613,
    "b1": 0.015635256579058142,
    "b2": -0.14498826433338077,
    "b3": 0.1399345029857756,
    "t1": 1.0000000394896325,
    "t2": 0.6549288393917965
}