{
    "b0": 0.1288522314876057,
    "b1": -0.004168343040753722,
    "b2": -0.6038066145609988,
    "b3": 0.6119455105718759,
    "t1": 1.0000000160069187,
    "t2": 0.9311377724425054
}