{
    "b0": 0.11647087761536994,
    "b1": -0.016826728700872363,
    "b2": -0.13242639987422403,
    "b3": 0.17082762696638343,
    "t1": 1.0000000186454967,
    "t2": 0.668362095745182
}