{
    "b0": 0.1418319843647854,
    "b1": -0.0075859965941006465,
    "b2": -0.03601816667312477,
    "b3": 0.01574442352071639,
    "t1": 4.133979728544105,
    "t2": 0.2582945335094484
}