{
    "b0": 0.12949924512675262,
    "b1": 0.004674089152242911,
    "b2": -0.11330768877257899,
    "b3": 0.122244757149963,
    "t1": 1.0000000114181735,
    "t2": 0.7467400539145991
}