{
    "b0": 0.13334034387346752,
    "b1": 0.0013633420342091694,
    "b2": -0.04787884574070917,
    "b3": 0.05825453778121816,
    "t1": 1.0000000422176136,
    "t2": 0.6204336894766196
}