{
    "b0": 0.11530905710756675,
    "b1": -0.001135458202988254,
    "b2": -0.908189746228627,
    "b3": 0.927653857089812,
    "t1": 0.895747837677373,
    "t2": 0.834090465657701
}