{
    "b0": 0.11455504522986051,
    "b1": -0.030034507388937266,
    "b2": -0.07861937525262173,
    "b3": 0.15034761076278427,
    "t1": 1.0000000028292706,
    "t2": 0.5741041430266561
}