{
    "b0": 0.13073756460020494,
    "b1": -0.0024229896699859248,
    "b2": -0.17067542894011395,
    "b3": 0.17946498263232608,
    "t1": 1.0000000279126708,
    "t2": 0.7469741813274786
}