{
    "b0": 0.11669014273547366,
    "b1": -0.01392553694488413,
    "b2": -0.15136096353913994,
    "b3": 0.17266004037097876,
    "t1": 1.0000000084682523,
    "t2": 0.7042862476613956
}