{
    "b0": 0.1318020169091796,
    "b1": -0.003411196619006291,
    "b2": -0.19756743625425827,
    "b3": 0.20534173267390474,
    "t1": 1.000000030631309,
    "t2": 0.770453651802293
}