{
    "b0": 0.14422086997824954,
    "b1": -0.005688716208136678,
    "b2": -0.01846655949947794,
    "b3": -0.041054953910539996,
    "t1": 2.0,
    "t2": 5.0
}