{
    "b0": 0.13208171307708258,
    "b1": 0.0016842747542261678,
    "b2": -0.16081989050887488,
    "b3": 0.15650473043280752,
    "t1": 1.0000000304415069,
    "t2": 0.7401068989588622
}