{
    "b0": 0.12570542171807234,
    "b1": -0.00018934756816479806,
    "b2": -0.5010257511013165,
    "b3": 0.513389842686426,
    "t1": 1.0000001027869112,
    "t2": 0.9203687318212773
}