{
    "b0": 0.11933226900889658,
    "b1": 0.014670764898380017,
    "b2": -0.08648935693229452,
    "b3": 0.08413420457534752,
    "t1": 1.0000000197162178,
    "t2": 0.5343442152005485
}