{
    "b0": 0.12650587251482856,
    "b1": -0.013977474736566926,
    "b2": -0.6755690811727905,
    "b3": 0.6984396036606972,
    "t1": 1.0000000485265768,
    "t2": 0.9149533963838123
}