{
    "b0": 0.12231650285690418,
    "b1": -0.015465762124029676,
    "b2": -0.4992701821785735,
    "b3": 0.5254526441206504,
    "t1": 1.000000100002228,
    "t2": 0.8785346341678225
}