{
    "b0": 0.17839893602295215,
    "b1": -0.038412954069832875,
    "b2": -0.03111900592219361,
    "b3": -0.15899719653961486,
    "t1": 2.0,
    "t2": 5.0
}