{
    "b0": 0.13042913842130416,
    "b1": 0.00357484598522014,
    "b2": -0.1571591959821877,
    "b3": 0.1458758818190546,
    "t1": 1.0000000282402541,
    "t2": 0.6910452911899811
}