{
    "b0": 0.12187176423546252,
    "b1": 0.012805177893952177,
    "b2": -0.20870864984355372,
    "b3": 0.20754087953518782,
    "t1": 1.0000000185661895,
    "t2": 0.7628047348042802
}