{
    "b0": 0.12527710702924577,
    "b1": 0.009282302117480422,
    "b2": -0.2069116662139883,
    "b3": 0.20244195156214803,
    "t1": 1.0000000299512735,
    "t2": 0.780242012347547
}