{
    "b0": 0.13382290032222685,
    "b1": 0.0016550046112349783,
    "b2": -0.18357480097804219,
    "b3": 0.1970990553411486,
    "t1": 0.9489416765192268,
    "t2": 0.9163464235333058
}