{
    "b0": 0.1167601110739183,
    "b1": -0.023593192252559455,
    "b2": -0.09512323772678972,
    "b3": 0.14612842371338097,
    "t1": 1.0000000157840874,
    "t2": 0.6245112640945814
}