{
    "b0": 0.12146196766578334,
    "b1": -0.016203552796648056,
    "b2": -0.640890010274577,
    "b3": 0.6655199899809005,
    "t1": 1.0000001051828469,
    "t2": 0.9092001066684424
}