{
    "b0": 0.1385499356327322,
    "b1": -0.006988697679485057,
    "b2": -0.16477556974923396,
    "b3": 0.1765990413255586,
    "t1": 1.0000000114274323,
    "t2": 0.8101531134427583
}