{
    "b0": 0.11943927312172893,
    "b1": 0.014524144473684029,
    "b2": -0.08207936128416554,
    "b3": 0.07956726867570747,
    "t1": 1.0000000348922802,
    "t2": 0.5203022260227509
}