{
    "b0": 0.12194528764069576,
    "b1": 0.012347047514319847,
    "b2": -0.18009689351201957,
    "b3": 0.1719799474263639,
    "t1": 1.0000000446945343,
    "t2": 0.7167243210587574
}