{
    "b0": 0.1182193455986634,
    "b1": -0.02153491040782493,
    "b2": -0.12756792368580422,
    "b3": 0.16477558344458043,
    "t1": 1.000000048496942,
    "t2": 0.6385151041836894
}