{
    "b0": 0.13323013574211992,
    "b1": -0.0003197762276831371,
    "b2": -0.13204475783408232,
    "b3": 0.1355517040750828,
    "t1": 1.0000000274008025,
    "t2": 0.7301919760918797
}