{
    "b0": 0.15319158408821545,
    "b1": -0.02087170246760013,
    "b2": -0.023976123316679,
    "b3": -0.07857446798773161,
    "t1": 0.12744986938053804,
    "t2": 3.3086896741208007
}