{
    "b0": 0.11986433554715495,
    "b1": -0.006868892902025239,
    "b2": -0.4106266419254028,
    "b3": 0.43161869273004255,
    "t1": 0.936774730502373,
    "t2": 0.8027109710453568
}