{
    "b0": 0.13124461582092387,
    "b1": -0.002606922920029377,
    "b2": -0.3513114158730215,
    "b3": 0.3543773105366739,
    "t1": 1.0000000675049385,
    "t2": 0.8636992602151328
}