{
    "b0": 0.07650141760578155,
    "b1": 0.044460981719328996,
    "b2": 0.03423576046507026,
    "b3": 0.10617266527596782,
    "t1": 0.2922407280270294,
    "t2": 6.02626431924738
}