{
    "b0": 0.13252574969887274,
    "b1": 0.007441037977474124,
    "b2": -0.0722479738484818,
    "b3": 0.01123848527632317,
    "t1": 2.0,
    "t2": 5.0
}