{
    "b0": 0.10177854629306744,
    "b1": 0.02124458368977269,
    "b2": 0.6415926384186856,
    "b3": -0.6674207893850103,
    "t1": 2.03485273057885,
    "t2": 1.8579941783138871
}