{
    "b0": 0.022930776250202692,
    "b1": 0.11210070653203635,
    "b2": 0.10810463827470057,
    "b3": 0.27913522866572743,
    "t1": 0.5270055500861367,
    "t2": 6.097513896987761
}