{
    "b0": 0.11544449226576015,
    "b1": 0.008524939559616068,
    "b2": -0.07198875842284783,
    "b3": 0.04163713769717573,
    "t1": 1.2077142685018967,
    "t2": 2.292383486355248
}