{
    "b0": 0.12690607185478048,
    "b1": 0.01153715506699537,
    "b2": -0.04546216444077345,
    "b3": 0.053643149469499676,
    "t1": 2.0,
    "t2": 5.0
}