{
    "b0": 0.11307966142772873,
    "b1": 0.007314830696934563,
    "b2": 0.02442406684440709,
    "b3": -0.06100809906904983,
    "t1": 0.3536793928074343,
    "t2": 0.825797285770709
}