{
    "b0": 0.13653147078897945,
    "b1": -0.001076746392380045,
    "b2": 0.11571586740417261,
    "b3": -0.1539910084786526,
    "t1": 0.576437330182844,
    "t2": 0.8823684898435398
}