{
    "b0": 0.10898511406956972,
    "b1": 0.029811369635088653,
    "b2": -0.06336503628441761,
    "b3": 0.1136866687242877,
    "t1": 2.0,
    "t2": 5.0
}