{
    "b0": 0.13387959948414044,
    "b1": 0.0009079948466184646,
    "b2": -0.05706501019329222,
    "b3": 0.04908598789075846,
    "t1": 1.0000000507841373,
    "t2": 0.5180819457836507
}