{
    "b0": 0.13774222405193065,
    "b1": 0.0004958471195560914,
    "b2": -0.01449128993723506,
    "b3": -0.020275489968284485,
    "t1": 2.0,
    "t2": 5.0
}