{
    "b0": 0.12491330793237373,
    "b1": 0.015335973960010988,
    "b2": -0.08708518757910651,
    "b3": 0.049587613894530314,
    "t1": 2.0,
    "t2": 5.0
}