{
    "b0": 0.015874263797261607,
    "b1": 0.11897596631150967,
    "b2": 0.11295752334266128,
    "b3": 0.30927782296418116,
    "t1": 0.5338925536350074,
    "t2": 5.987727483043349
}