{
    "b0": 0.06355909061741583,
    "b1": 0.06720262104753633,
    "b2": -0.712797214911125,
    "b3": 0.7624443487248912,
    "t1": 2.337893846150165,
    "t2": 2.871114592400748
}