{
    "b0": 0.0056994312745746655,
    "b1": 0.13007315136758404,
    "b2": -0.16273087273357023,
    "b3": 0.3678440228045464,
    "t1": 2.0,
    "t2": 5.0
}