{
    "b0": 0.02849157384247434,
    "b1": 0.1122406137328065,
    "b2": -0.1451053971600274,
    "b3": 0.2874421501626609,
    "t1": 2.0,
    "t2": 5.0
}