{
    "b0": 0.12645335782280026,
    "b1": 0.014544812041705314,
    "b2": -0.09236501776978037,
    "b3": 0.01554507168757263,
    "t1": 2.0,
    "t2": 5.0
}