{
    "b0": 0.1301105126401,
    "b1": 0.004578347862105358,
    "b2": -0.049639357871042254,
    "b3": 0.0494687024644286,
    "t1": 1.0000000185188185,
    "t2": 0.5330393480851411
}