{
    "b0": 0.11456559117467097,
    "b1": 0.019215845191722297,
    "b2": -0.2805433550092417,
    "b3": 0.23828588850278418,
    "t1": 0.6716715841141572,
    "t2": 0.5384875289037641
}