{
    "b0": 0.06822520369797645,
    "b1": 0.0730844085156367,
    "b2": -0.12307395665370052,
    "b3": 0.16845396639925703,
    "t1": 2.0,
    "t2": 5.0
}