{
    "b0": 0.1231175574810624,
    "b1": 0.0039850427075583585,
    "b2": 0.04762987585413596,
    "b3": -0.09888919040165262,
    "t1": 0.46646648999932083,
    "t2": 0.7473595846263863
}