{
    "b0": 0.1139192924168377,
    "b1": 0.00708549000686559,
    "b2": 0.026765327345657335,
    "b3": -0.06255497102359994,
    "t1": 0.31557795265601213,
    "t2": 0.7974946271615672
}