{
    "b0": 0.1021530554617402,
    "b1": 0.026847715414376232,
    "b2": -0.20977002820794313,
    "b3": 0.19794149322145255,
    "t1": 1.772611072625318,
    "t2": 2.640699237511756
}