{
    "b0": 0.11566749213859603,
    "b1": 0.015391694693981271,
    "b2": -0.5296473776029479,
    "b3": 0.4785382552482386,
    "t1": 0.644487571762377,
    "t2": 0.5832595987614346
}