{
    "b0": 0.06445313081273987,
    "b1": 0.07029068068517479,
    "b2": 0.07423124173220605,
    "b3": 0.13194509623438733,
    "t1": 0.3505869900225532,
    "t2": 7.560704798141513
}