{
    "b0": 0.04658173566988506,
    "b1": 0.08565155804439763,
    "b2": -0.18413710708020514,
    "b3": 0.29756977616149216,
    "t1": 1.8904022760649861,
    "t2": 4.026687443698085
}