{
    "b0": 0.04014719207835892,
    "b1": 0.09259010369273696,
    "b2": -0.25094375059637214,
    "b3": 0.3657971097948643,
    "t1": 2.1401682056628526,
    "t2": 3.868806977754288
}