{
    "b0": 0.08730271949268556,
    "b1": 0.05385379518369721,
    "b2": -0.11502600687526052,
    "b3": 0.12173130246408784,
    "t1": 2.0,
    "t2": 5.0
}