{
    "b0": 0.001619805738224259,
    "b1": 0.13351032887388536,
    "b2": -0.16561438110583704,
    "b3": 0.39050748301445626,
    "t1": 2.0,
    "t2": 5.0
}