{
    "b0": 0.10375444622455027,
    "b1": 0.03523580081434467,
    "b2": -0.06349373856331075,
    "b3": 0.11733674648259663,
    "t1": 2.0,
    "t2": 5.0
}