{
    "b0": -0.008322212788674543,
    "b1": 0.1440532363581781,
    "b2": -0.17404983698095094,
    "b3": 0.41433871481953094,
    "t1": 2.0,
    "t2": 5.0
}