{
    "b0": 0.06791473361309217,
    "b1": 0.0716502696061194,
    "b2": -0.10108651206315107,
    "b3": 0.2354682641621003,
    "t1": 2.0,
    "t2": 5.0
}