{
    "b0": 0.06018087431824338,
    "b1": 0.07150521242988586,
    "b2": -0.545993081786543,
    "b3": 0.6003914311237625,
    "t1": 2.2755315832810328,
    "t2": 3.0045305376958917
}