{
    "b0": 0.11151484896337663,
    "b1": 0.01371304135605886,
    "b2": -0.12656050551738068,
    "b3": 0.1045353853269876,
    "t1": 1.5139534815817448,
    "t2": 2.398149879326673
}