{
    "b0": 0.11703186175534776,
    "b1": 0.023182446773315116,
    "b2": -0.08637249921195808,
    "b3": 0.06839830499610637,
    "t1": 2.0,
    "t2": 5.0
}