{
    "b0": 0.13356945188155117,
    "b1": 0.0011007621021755488,
    "b2": -0.065127316177402,
    "b3": 0.05503772203875225,
    "t1": 1.0000000092199708,
    "t2": 0.5124210144302106
}