{
    "b0": 0.08792112533548108,
    "b1": 0.05333919199768916,
    "b2": -0.12050226491243647,
    "b3": 0.1258892818854081,
    "t1": 2.0,
    "t2": 5.0
}