{
    "b0": 0.05836403693436007,
    "b1": 0.07480688597294395,
    "b2": -0.8688849812662857,
    "b3": 0.9230603608564135,
    "t1": 2.46872362891967,
    "t2": 2.9293624481746656
}