{
    "b0": 0.17189636316974477,
    "b1": -0.03339633062194121,
    "b2": -0.010683715198521598,
    "b3": -0.12398486339152258,
    "t1": 2.0,
    "t2": 5.0
}