{
    "b0": 0.10617788544732758,
    "b1": -0.0018332789513775486,
    "b2": -0.011377747835979031,
    "b3": 0.04195037922596301,
    "t1": 0.4791703707129303,
    "t2": 4.990362919810162
}