{
    "b0": 0.1041963620298763,
    "b1": 0.008194070488335092,
    "b2": -0.04921871417288764,
    "b3": 0.024588553280013494,
    "t1": 0.9259570210493206,
    "t2": 3.797848986021266
}