{
    "b0": 0.09087001611494334,
    "b1": 0.026373965553071182,
    "b2": -0.11569310418063401,
    "b3": 0.110694229921261,
    "t1": 1.54881908055577,
    "t2": 2.9344719912203083
}