{
    "b0": 0.09982339828026196,
    "b1": 0.013987397846740336,
    "b2": -0.08665677403473164,
    "b3": 0.06703074149223466,
    "t1": 1.324278688030156,
    "t2": 2.6809043929252447
}