{
    "b0": 0.00671100943955007,
    "b1": 0.09643386922188829,
    "b2": 0.18160063582160635,
    "b3": 0.035244022068636166,
    "t1": 11.417167564236692,
    "t2": 0.6877570175432267
}