{
    "b0": 0.11400923494708338,
    "b1": -0.010747803834733045,
    "b2": 0.034788559691228536,
    "b3": 0.041589201860495285,
    "t1": 3.7453922273197664,
    "t2": 0.7127526270176885
}