{
    "b0": 0.11353807957378485,
    "b1": -0.009092640094894378,
    "b2": -0.015467390743897505,
    "b3": 0.03864046869600715,
    "t1": 0.2701128865572706,
    "t2": 3.680547613670258
}