{
    "b0": 0.1052054182028182,
    "b1": 0.012626283043554641,
    "b2": -0.3707803207801746,
    "b3": 0.33064219230655756,
    "t1": 1.5646906601174573,
    "t2": 1.7542700467104388
}