{
    "b0": 0.11924418519573847,
    "b1": -0.01505245816244333,
    "b2": 0.03099018676124889,
    "b3": -0.007986611889302365,
    "t1": 2.4402454856822677,
    "t2": 0.31797230660837833
}