{
    "b0": 0.11818921634925131,
    "b1": -0.013913227415370136,
    "b2": 0.06216405207258133,
    "b3": -0.06777411408140845,
    "t1": 1.6887935674262908,
    "t2": 1.2055894777746006
}