{
    "b0": -0.06650570569937919,
    "b1": 0.1717461138715402,
    "b2": 0.16629437718139925,
    "b3": 0.5224594563722067,
    "t1": 1.1777922662664306,
    "t2": 6.871872086257569
}