{
    "b0": 0.10892220025653612,
    "b1": -0.004819478638191683,
    "b2": 0.04120602820731563,
    "b3": -0.013891800584226805,
    "t1": 4.302881438037687,
    "t2": 0.8023312709134554
}