{
    "b0": 0.06905830089351157,
    "b1": 0.03512689326747007,
    "b2": 0.10673136585264081,
    "b3": -0.009666003672670141,
    "t1": 7.55818996083889,
    "t2": 0.517716536746251
}