{
    "b0": -0.025363299993564993,
    "b1": 0.13153898650685122,
    "b2": 0.14259884467282882,
    "b3": 0.41208114118583944,
    "t1": 1.1407137335987272,
    "t2": 6.806007857802867
}