{
    "b0": 0.12780435326249132,
    "b1": -0.010643121791023962,
    "b2": 0.04907432844419741,
    "b3": 0.09913111291335874,
    "t1": 3.7248995211808253,
    "t2": 0.7606203747720774
}