{
    "b0": 0.0953522335871705,
    "b1": 0.01958556860814168,
    "b2": -0.10447023965462901,
    "b3": 0.09469281007795395,
    "t1": 1.4295417170243176,
    "t2": 2.789577596628409
}