{
    "b0": 0.09845821623555615,
    "b1": 0.015364962400883031,
    "b2": -0.08965512198461668,
    "b3": 0.07287845479638477,
    "t1": 1.3571329598541357,
    "t2": 2.736988085426477
}