{
    "b0": 0.10914533980431212,
    "b1": -0.004554512852091869,
    "b2": -0.009967452468747558,
    "b3": 0.03342457597921568,
    "t1": 0.23689271899574083,
    "t2": 4.131686768791612
}