{
    "b0": 0.10966373100742906,
    "b1": -0.005938248877171015,
    "b2": 0.04010135266412816,
    "b3": 0.04509730853764546,
    "t1": 4.076166661344637,
    "t2": 0.6853456158450837
}