{
    "b0": 0.11616594428202087,
    "b1": -0.014173731791357485,
    "b2": -0.8703270130466838,
    "b3": 0.8918969030740169,
    "t1": 1.2096993509899343,
    "t2": 1.1959892649725468
}