{
    "b0": 0.11342603958216281,
    "b1": -0.00839413192208192,
    "b2": -0.016718007882240326,
    "b3": 0.018358202979369513,
    "t1": 0.21370848633422126,
    "t2": 3.56632407762896
}