{
    "b0": 0.09696463723404718,
    "b1": 0.02008310731012679,
    "b2": 0.7438916378041357,
    "b3": -0.7711883255533453,
    "t1": 1.9871138848933507,
    "t2": 1.8405255439753159
}