{
    "b0": -0.0511376534212431,
    "b1": 0.16795442445607767,
    "b2": 0.21787197467574204,
    "b3": 0.5170064898820566,
    "t1": 1.1079649470174657,
    "t2": 6.757727805310188
}