{
    "b0": 0.1336207338155956,
    "b1": -0.01776558198924392,
    "b2": -0.30424927441421334,
    "b3": 0.3906257564463355,
    "t1": 1.000000469875018,
    "t2": 0.9604408530008437
}