{
    "b0": 0.1076128165803915,
    "b1": -0.0034201032942343538,
    "b2": 0.04230939444790974,
    "b3": -0.011986411740944117,
    "t1": 4.363444306241767,
    "t2": 0.6594938419909668
}