{
    "b0": 0.11633115040334718,
    "b1": -0.011893964893407773,
    "b2": 0.0386924590406064,
    "b3": -0.005156965949273805,
    "t1": 3.156704501943655,
    "t2": 0.20806562730246997
}