{
    "b0": 0.11140905890842369,
    "b1": -0.006999713506206388,
    "b2": 0.04718112494869289,
    "b3": -0.004980154564761949,
    "t1": 3.8286167357847045,
    "t2": 0.20650003045329968
}