{
    "b0": 0.11368827806157066,
    "b1": -0.011686869636653253,
    "b2": 0.015666855713599867,
    "b3": 0.029116841379103447,
    "t1": 2.8830611161845514,
    "t2": 0.699538312270795
}