{
    "b0": 0.12076820815868053,
    "b1": -0.012011873241780123,
    "b2": 0.016679704382749613,
    "b3": 0.05402934235012781,
    "t1": 2.4659104729172023,
    "t2": 0.7842507218979857
}