{
    "b0": 0.0840610922268317,
    "b1": 0.021117484396173856,
    "b2": 0.07673696357246439,
    "b3": -0.02232325451589165,
    "t1": 6.815836756239252,
    "t2": 0.7547658692911148
}