{
    "b0": 0.10418837856166564,
    "b1": 0.00040323542299816216,
    "b2": 0.040749841668349066,
    "b3": -0.020104107596852862,
    "t1": 4.926227104999431,
    "t2": 0.7692658095503468
}