{
    "b0": 0.11696437019456826,
    "b1": -0.009226916491032463,
    "b2": -0.0215919980315751,
    "b3": 0.008547278450780394,
    "t1": 0.1069151228801992,
    "t2": 0.9184465702238177
}