{
    "b0": 0.10218964552635643,
    "b1": 0.013327921687152947,
    "b2": -0.17811381716210356,
    "b3": 0.15070826056515324,
    "t1": 1.5255761758245208,
    "t2": 2.0526242826427956
}