{
    "b0": 0.10949713175597461,
    "b1": -0.005091350893383495,
    "b2": -0.011185058849462217,
    "b3": 0.041158838514370376,
    "t1": 0.26261007621217225,
    "t2": 4.124178083045822
}