{
    "b0": 0.09658386705002461,
    "b1": 0.008275063620079029,
    "b2": 0.05422958305499392,
    "b3": -0.02395677479652852,
    "t1": 5.659214376647755,
    "t2": 0.8137856114973793
}