{
    "b0": 0.11899852304073696,
    "b1": -0.014292216459305588,
    "b2": -0.02074627045875343,
    "b3": 0.022487707992434804,
    "t1": 0.24952769185306997,
    "t2": 2.99370507558615
}