{
    "b0": 16.12725749045788,
    "b1": -17.495488306580842,
    "b2": 36.093333442843075,
    "tau": 16.224434959480355
}