{
    "b0": 17.10401757169629,
    "b1": -23.9902213130116,
    "b2": 55.31612360409821,
    "tau": 5.149072558968095
}