{
    "b0": 14.27372205565713,
    "b1": 5.116376326631561,
    "b2": 0.024200193404622983,
    "tau": 360.7507568275408
}