{
    "b0": 17.03445295069211,
    "b1": -18.684646174002648,
    "b2": 25.694746093758432,
    "tau": 12.584702607792181
}