{
    "b0": 16.930934009565732,
    "b1": -24.343507424649893,
    "b2": 44.01389593093987,
    "tau": 11.002870339589371
}