{
    "b0": 17.457341807830314,
    "b1": -22.38203232705405,
    "b2": 41.74189620966341,
    "tau": 5.90225137112771
}