{
    "b0": 14.952278667980327,
    "b1": 3.4887907323551564,
    "b2": 0.0012556191719266252,
    "tau": 161.5834589731254
}