{
    "b0": 16.24540994771011,
    "b1": -17.103857068720426,
    "b2": 35.59158077687846,
    "tau": 22.425141631162003
}