{
    "b0": 16.705465850019337,
    "b1": -17.89996892141426,
    "b2": 34.671631920335024,
    "tau": 18.762833192196513
}