{
    "b0": 13.886230112073322,
    "b1": 5.30515081953724,
    "b2": 1.3238569142516585,
    "tau": 349.7828029717697
}