{
    "b0": 17.161630758011466,
    "b1": -30.084427804793236,
    "b2": 33.302401216639126,
    "tau": 5.6868182163745145
}