{
    "b0": 16.051151727341292,
    "b1": -17.915786301042356,
    "b2": 42.711013892480224,
    "tau": 14.47812889209657
}