{
    "b0": 15.79403070876513,
    "b1": -16.765690434324387,
    "b2": 38.86818055302166,
    "tau": 23.243702732888924
}