{
    "b0": 16.038553512633317,
    "b1": -8.511487820283033,
    "b2": 56.88413578732963,
    "tau": 2.41162215899389
}