{
    "b0": 15.580936965841422,
    "b1": 3.0250291552177706,
    "b2": 2.1250369973955654,
    "tau": 264.12322897166933
}