{
    "b0": 14.686982778706716,
    "b1": 2.9714913878471862,
    "b2": 0.005019589101500355,
    "tau": 476.84740281354493
}