{
    "b0": 17.65576937700135,
    "b1": -23.13958970955679,
    "b2": 37.040107653111455,
    "tau": 4.913858130839314
}