{
    "b0": 16.278699313593894,
    "b1": -21.133292149916876,
    "b2": 37.71373285966499,
    "tau": 15.247100826790847
}