{
    "b0": 16.90020158303091,
    "b1": -21.16479088873275,
    "b2": 40.63118935786848,
    "tau": 17.46136445778599
}