{
    "b0": 13.113540216538036,
    "b1": 4.883231734787177,
    "b2": 5.4010332307308975,
    "tau": 314.6145002322567
}