{
    "b0": 17.17711203317976,
    "b1": -18.046077931429217,
    "b2": 32.91735789246413,
    "tau": 17.837204056842925
}