{
    "b0": 13.880707452569002,
    "b1": 4.001788147562399,
    "b2": 0.015507331661272161,
    "tau": 835.7261627981985
}