{
    "b0": 16.49776039879913,
    "b1": -16.953965790911088,
    "b2": 30.596904985435998,
    "tau": 28.96417747230085
}