{
    "b0": 15.758400268055956,
    "b1": 2.776749384775083,
    "b2": 0.0008117629802866233,
    "tau": 214.56736241402453
}