{
    "b0": 14.465395879717606,
    "b1": 3.2564686449760845,
    "b2": -7.185453148639276e-05,
    "tau": 223.13288126400965
}