{
    "b0": 14.651769561492625,
    "b1": 3.2699290020493543,
    "b2": 0.0008038308371991487,
    "tau": 217.33487213001126
}