{
    "b0": 14.703417426549349,
    "b1": 4.371714365385744,
    "b2": -0.006246913735251658,
    "tau": 402.6200283452215
}