{
    "b0": 16.098665984778226,
    "b1": -18.197115046794288,
    "b2": 39.59572838567995,
    "tau": 12.63603774260665
}