{
    "b0": 14.3080081577336,
    "b1": 4.303327623719022,
    "b2": -4.849881738654728,
    "tau": 1351.6030305912698
}