{
    "b0": 14.93320208723176,
    "b1": 3.4461856255749326,
    "b2": -0.004145002444891244,
    "tau": 360.67029414099585
}