{
    "b0": 13.351493101052156,
    "b1": 5.539361514324789,
    "b2": 0.7125246691561393,
    "tau": 551.8824187123338
}