{
    "b0": 16.805852253124158,
    "b1": -22.402155660490504,
    "b2": 56.72773198864944,
    "tau": 6.407007970636941
}