{
    "b0": 16.863260171452467,
    "b1": -19.37842556369969,
    "b2": 35.88516112090094,
    "tau": 10.014791247771047
}