{
    "b0": 16.6204953341244,
    "b1": -18.484041843932637,
    "b2": 31.58113601873432,
    "tau": 12.78901768984081
}