{
    "b0": 16.593794244108174,
    "b1": -21.52546424876865,
    "b2": 34.52056169050836,
    "tau": 23.888376632696733
}