{
    "b0": 14.215592851373193,
    "b1": 3.0825737208097466,
    "b2": 0.0010297432787784722,
    "tau": 374.7952371517526
}