{
    "b0": 16.9914030990582,
    "b1": -19.081834805365677,
    "b2": 29.60322355151584,
    "tau": 10.843042345424491
}