{
    "b0": 14.872957711198481,
    "b1": 3.5783198472394213,
    "b2": 0.0026779435742640967,
    "tau": 395.01653264217066
}