{
    "b0": 13.002274526832993,
    "b1": 5.678211392040568,
    "b2": 4.44213622016264,
    "tau": 317.1528771800525
}