{
    "b0": 16.698078807578998,
    "b1": -23.020369563157008,
    "b2": 56.43576423745641,
    "tau": 5.655743112759265
}