{
    "b0": 16.04821050452787,
    "b1": -17.640240559011588,
    "b2": 41.1653445408803,
    "tau": 16.825759567872986
}