{
    "b0": 16.97363508648699,
    "b1": -28.458887144815307,
    "b2": 55.169140639092184,
    "tau": 6.023895985021852
}