{
    "b0": 16.116719160556656,
    "b1": -17.746729902828946,
    "b2": 39.756608313919,
    "tau": 14.608516708010118
}