{
    "b0": 16.778982649707373,
    "b1": -17.837814500817615,
    "b2": 38.06207364720622,
    "tau": 20.668395928234286
}