{
    "b0": 16.1129700425088,
    "b1": -19.59697520980175,
    "b2": 37.06458014882352,
    "tau": 20.31928439302684
}