{
    "b0": 16.70041049771387,
    "b1": -17.927520040774926,
    "b2": 39.56065598199537,
    "tau": 18.185706277456003
}