{
    "b0": 15.396776818527409,
    "b1": 3.7971367591229424,
    "b2": 0.0024684901879201693,
    "tau": 380.3119946884627
}