{
    "b0": 15.857969721298655,
    "b1": -17.33737260108165,
    "b2": 42.56488593791703,
    "tau": 18.01441038680002
}