{
    "b0": 16.79136131759554,
    "b1": -19.933357522077962,
    "b2": 39.27836852503051,
    "tau": 23.885801418285865
}