{
    "b0": 14.89963003574018,
    "b1": 3.2677943045831213,
    "b2": 0.0013944218324366542,
    "tau": 195.2226731926473
}