{
    "b0": 13.544055706333351,
    "b1": 3.390474303412748,
    "b2": -0.013937896716371245,
    "tau": 518.892541357108
}