{
    "b0": 13.695191648368482,
    "b1": 4.600630314238339,
    "b2": 2.8993267392484734,
    "tau": 445.63628472169785
}