{
    "b0": 16.709964650505864,
    "b1": -23.492189214640902,
    "b2": 55.542741436640895,
    "tau": 5.213077934352361
}