{
    "b0": 13.208225747961112,
    "b1": 5.995483372724699,
    "b2": 0.00911873652037265,
    "tau": 547.4253182781842
}