{
    "b0": 16.263865233209305,
    "b1": -19.031735040500145,
    "b2": 45.88888160591574,
    "tau": 10.424523756710308
}