{
    "b0": 16.752272190459628,
    "b1": -18.623183037891593,
    "b2": 43.35771218755244,
    "tau": 15.130147121358231
}