{
    "b0": 16.88108949394693,
    "b1": -24.121532734761132,
    "b2": 52.683545458941154,
    "tau": 4.697430952959451
}