{
    "b0": 15.428242402968282,
    "b1": 2.8651159532292154,
    "b2": -0.00014556929032405463,
    "tau": 271.4760974534849
}