{
    "b0": 16.098314732197522,
    "b1": -17.987704850563446,
    "b2": 42.035104802937134,
    "tau": 14.149195028596717
}