{
    "b0": 16.671593066738232,
    "b1": -19.48772177556249,
    "b2": 44.09737988913935,
    "tau": 10.06787906725988
}