{
    "b0": 16.437899269734878,
    "b1": -21.558315401886027,
    "b2": 39.93464396980511,
    "tau": 16.08589671514805
}