{
    "b0": 16.092891398723268,
    "b1": -17.828937215652875,
    "b2": 41.07077637325402,
    "tau": 15.87240425534703
}