{
    "b0": 17.44937636271484,
    "b1": -23.006521656075186,
    "b2": 26.2804039902065,
    "tau": 3.899806362790283
}