{
    "b0": 16.705520131511495,
    "b1": -22.517989317644222,
    "b2": 57.15499520025034,
    "tau": 6.198683257791168
}