{
    "b0": 16.332551323419256,
    "b1": -17.114995709897386,
    "b2": 35.56591904667577,
    "tau": 24.862797767209837
}