{
    "b0": 17.33457241845588,
    "b1": -22.103771170423922,
    "b2": 29.5609547741512,
    "tau": 4.868006203884749
}