{
    "b0": 14.965940263847132,
    "b1": 4.085650271147843,
    "b2": 0.024183092114821614,
    "tau": 458.8356628406232
}