{
    "b0": 15.058128623825112,
    "b1": 3.9383818320486097,
    "b2": -0.009392986594112696,
    "tau": 422.27615912759745
}