{
    "b0": 14.789578898842427,
    "b1": 3.5200041999576324,
    "b2": 0.01552710991543127,
    "tau": 533.9958073875938
}