{
    "b0": 15.669819147780256,
    "b1": -19.406243708275714,
    "b2": 42.389028549470126,
    "tau": 21.75477900178734
}