{
    "b0": 14.060942625515402,
    "b1": 3.995798862153129,
    "b2": 0.0016695820927328242,
    "tau": 234.36528465093545
}