{
    "b0": 16.378383697205333,
    "b1": -17.817504557088885,
    "b2": 43.53170271941388,
    "tau": 19.076406698187768
}