{
    "b0": 17.636554154962397,
    "b1": -33.5346662641875,
    "b2": 50.72956367002467,
    "tau": 6.161132160650243
}