{
    "b0": 15.061468191655477,
    "b1": 3.090228925733557,
    "b2": -0.018376107103571515,
    "tau": 540.926588837116
}