{
    "b0": 17.192022902546405,
    "b1": -272.1752022175797,
    "b2": 296.88799377027544,
    "tau": 1.2417665440467058
}