{
    "b0": 15.277977502860754,
    "b1": 3.2094129371512103,
    "b2": -7.311623628456976,
    "tau": 1559.6454620091872
}