{
    "b0": 130.57246107295202,
    "b1": -112.48428685279802,
    "b2": -152.29185365495738,
    "tau": 8956.32814218817
}