{
    "b0": 17.209465248804445,
    "b1": -19.864244270994067,
    "b2": 34.39635248214577,
    "tau": 25.071462783712118
}