{
    "b0": 16.002125779439805,
    "b1": -20.990085716576637,
    "b2": 43.63256868861538,
    "tau": 16.984222881949684
}