{
    "b0": 16.67895181524493,
    "b1": -20.18157971197608,
    "b2": 35.72721560951759,
    "tau": 21.01763777345799
}