{
    "b0": 15.635516340914387,
    "b1": 3.7761625307605176,
    "b2": 0.0004136932539653415,
    "tau": 103.54974530880696
}