{
    "b0": 17.06702706737184,
    "b1": -23.594126104390607,
    "b2": 50.045640122464874,
    "tau": 5.042447386567554
}