{
    "b0": 16.173395614906298,
    "b1": -17.612717938215603,
    "b2": 36.76542789190512,
    "tau": 16.30330318500365
}