{
    "b0": 16.58172632702475,
    "b1": -18.74876766968021,
    "b2": 36.08311771874127,
    "tau": 11.54296928630907
}