{
    "b0": 12.352791385040124,
    "b1": 6.775665201479986,
    "b2": 1.3850925923887447,
    "tau": 543.2757905614812
}