{
    "b0": 14.705040839957316,
    "b1": 4.892768069634523,
    "b2": 0.0007018355981136537,
    "tau": 322.97642708993993
}