{
    "b0": 13.253506954443594,
    "b1": 2.8763535031788248,
    "b2": -0.021238779393348617,
    "tau": 461.3991105082012
}