{
    "b0": 14.421293668399707,
    "b1": 0.0580657827447173,
    "b2": -1.3136177852757236,
    "tau": 2.0
}