{
    "b0": 13.942243053006145,
    "b1": -480615.54357354104,
    "b2": 480832.8051449248,
    "tau": 0.0997571045752337
}