{
    "b0": 14.247722763585632,
    "b1": 110.78182972840419,
    "b2": -126.47480328304854,
    "tau": 0.35600353661932194
}