{
    "b0": 15.961731640574087,
    "b1": -0.614425747959445,
    "b2": -2.407526429516487,
    "tau": 107.6153415585204
}