{
    "b0": 13.114823343581545,
    "b1": -71.54736938657085,
    "b2": 93.14046799479904,
    "tau": 0.40238905404119985
}