{
    "b0": 16.16631692932471,
    "b1": -1.5208740235651677,
    "b2": -2.4914619495049672,
    "tau": 156.25233189922878
}