{
    "b0": 14.22776343053776,
    "b1": 38.87094686602133,
    "b2": -60.6781214104414,
    "tau": 0.6402167492125789
}