{
    "b0": 12.561992004907333,
    "b1": 5.913318728989076,
    "b2": -21.502955605618446,
    "tau": 1.7276469796570628
}