{
    "b0": 12.81263715898373,
    "b1": -16.801327886000493,
    "b2": 35.34499666450043,
    "tau": 0.8000845941085958
}