{
    "b0": 14.106727925642943,
    "b1": 1.0975618215179033,
    "b2": 6.1100893305634205,
    "tau": 14.577496907154982
}