{
    "b0": 13.18693134856572,
    "b1": 2.4415022921015033,
    "b2": 2.3992345478615507,
    "tau": 249.89483859903405
}