{
    "b0": 12.824453223884353,
    "b1": -110.55710460530298,
    "b2": 162.78643696360604,
    "tau": 0.5005976459458747
}