{
    "b0": 14.055926562815408,
    "b1": -2.013882089903835,
    "b2": 6.60863208823886,
    "tau": 1.2789074696718554
}