{
    "b0": 12.817831565210762,
    "b1": -21.136956373582716,
    "b2": 31.29414021769393,
    "tau": 0.9505163242205177
}