{
    "b0": 12.829446716653145,
    "b1": 0.41732314333074527,
    "b2": 76400.99471410029,
    "b3": -76361.62470302642,
    "t1": 5.291215411734461,
    "t2": 5.294300828310231
}