{
    "b0": 12.386071911188829,
    "b1": 1.3247128280769758,
    "b2": -2.3074842079168247,
    "tau": 1.4654750532455867
}