{
    "b0": 14.57019126869212,
    "b1": -53.95960278470498,
    "b2": 74.28713764028701,
    "tau": 0.4636502616112317
}