{
    "b0": 13.665441586661641,
    "b1": 0.22180429285410852,
    "b2": 6.79617506196134e-05,
    "tau": 2.0
}