{
    "b0": 12.814429501355708,
    "b1": -13850.48749669811,
    "b2": 14021.64356210983,
    "tau": 0.15971556755639169
}