{
    "b0": 13.710276452391192,
    "b1": 2.562984667262169,
    "b2": 0.00765985880946074,
    "tau": 390.7576276517837
}