{
    "b0": 14.37652982905742,
    "b1": -0.1565298296678984,
    "b2": -74.96548404273551,
    "b3": 46.71968355158798,
    "t1": 0.8673080890840301,
    "t2": 1.6048602907044724
}