{
    "b0": 14.386783147515748,
    "b1": 5385.478572403264,
    "b2": -5450.489684090626,
    "tau": 0.16401656045951857
}