{
    "b0": 16.142652590299555,
    "b1": -1.3043943423649442,
    "b2": -2.3974474546043796,
    "tau": 126.95298673499114
}