{
    "b0": 14.03633048013746,
    "b1": -21.252887490506165,
    "b2": 46.884789224736195,
    "tau": 0.876750569520098
}