{
    "b0": 12.254168187568876,
    "b1": 121580.47779275598,
    "b2": -121668.74138268264,
    "tau": 0.4246754070529669
}