{
    "b0": 14.81372254087166,
    "b1": -23.207178933272225,
    "b2": 48.03597179945264,
    "tau": 0.7979007183172924
}