{
    "b0": 13.51789058642163,
    "b1": 2.783540951598489,
    "b2": 0.0005654373087471409,
    "tau": 140.9266696381593
}