{
    "b0": 14.414148836489296,
    "b1": 3.4993463160847105,
    "b2": -2.0027791414401017,
    "tau": 0.9345566864397461
}