{
    "b0": 13.53341127257711,
    "b1": 3.4313343347124627,
    "b2": -10.16004326174949,
    "tau": 1.4429111636905856
}