{
    "b0": 14.091293138729132,
    "b1": -0.32314644431086736,
    "b2": -2.50321803327186,
    "tau": 147.96928049099628
}