{
    "b0": 14.493176319010365,
    "b1": 4572.113957653252,
    "b2": -4708.085873982242,
    "tau": 0.19355021275312376
}