{
    "b0": 13.55487001806923,
    "b1": 5.132725416110293,
    "b2": -19.574122005281648,
    "tau": 1.8287584273175215
}