{
    "b0": 14.073399330010403,
    "b1": -6.554612377496833,
    "b2": 19.904531457856827,
    "tau": 1.27836454338296
}