{
    "b0": 13.700208124489818,
    "b1": 4.060013464491091,
    "b2": 5.6572069526916735e-05,
    "tau": 189.13357761746053
}