{
    "b0": 13.48176155210059,
    "b1": -0.3893283890958399,
    "b2": -1.813305265354448,
    "tau": 135.25805079995786
}