{
    "b0": 13.59722910735487,
    "b1": 2.1300631043022182,
    "b2": 0.0008175274608785976,
    "tau": 198.23974218335908
}