{
    "b0": 14.454945975698957,
    "b1": -2.527407438620689,
    "b2": 8.987383785968564,
    "tau": 1.7397697132480316
}