{
    "b0": 14.825421965007891,
    "b1": -2.8914038492497616,
    "b2": 11.345928823950164,
    "tau": 1.7398188700766193
}