{
    "b0": 12.248754302556872,
    "b1": 259.21993416866405,
    "b2": -289.5682060842921,
    "tau": 0.8639882494538492
}