{
    "b0": 13.96364817957092,
    "b1": -0.338185787371744,
    "b2": -1.999868480809195,
    "tau": 154.65292470779647
}