{
    "b0": 12.205528827422885,
    "b1": 7.928519501121361,
    "b2": -13.91905368397471,
    "tau": 0.8186259833100673
}