{
    "b0": 16.154163088944532,
    "b1": -2.8744182583342677,
    "b2": 0.5647757983858384,
    "tau": 0.42084238963560705
}