{
    "b0": 12.856714139569128,
    "b1": -4.051030507679124,
    "b2": 15.813719513769305,
    "tau": 1.4602808944163084
}