{
    "b0": 14.497093027674392,
    "b1": 3.6728847683986947,
    "b2": -5.040457439523697,
    "tau": 1.301197469281466
}