{
    "b0": 12.481180498415805,
    "b1": 50.77924110772957,
    "b2": -70.9631444641985,
    "tau": 1.4347652177640058
}