{
    "b0": 12.810216005406527,
    "b1": -114.764744574977,
    "b2": 158.84571569203516,
    "tau": 0.4504121839223017
}