{
    "b0": 13.662800173171359,
    "b1": 3.2167636092972436,
    "b2": 0.00456577679659409,
    "tau": 307.36898953303285
}