{
    "b0": 13.113117684048666,
    "b1": -11.781897831133538,
    "b2": 26.088546928943536,
    "tau": 0.8007286040869879
}