{
    "b0": 12.319599551147881,
    "b1": 15.515969959623495,
    "b2": -36.50667213275028,
    "tau": 1.0358577070073887
}