{
    "b0": 13.117704489466911,
    "b1": 2.217312565217875,
    "b2": 0.006445379359674708,
    "tau": 331.85964570701015
}