{
    "b0": 15.360823393224562,
    "b1": -1.1179004118951354,
    "b2": -2.4771809308657557,
    "tau": 181.33476767562942
}