{
    "b0": 14.718811318789802,
    "b1": -9.215144465783101,
    "b2": 20.373784238654334,
    "tau": 0.8854396737757132
}