{
    "b0": 13.471761725675522,
    "b1": 0.04906732285191051,
    "b2": -2.5488683662733713,
    "tau": 67.3644520607472
}