{
    "b0": 14.207392592206885,
    "b1": 530.9462123418608,
    "b2": -590.4881012127435,
    "tau": 0.2921499800741219
}