{
    "b0": 12.649375299687973,
    "b1": 2.1951583067585188,
    "b2": -8.296917154323891,
    "tau": 2.0
}