{
    "b0": 13.535239656200488,
    "b1": 2.764016323224351,
    "b2": 0.0011245700346216303,
    "tau": 404.0631468202371
}