{
    "b0": 12.574537662489789,
    "b1": 3.1942139755137062,
    "b2": 2.5199840693686415,
    "tau": 276.11077504845935
}