{
    "b0": 14.080087023831467,
    "b1": 4178.09587389357,
    "b2": -4183.876757576996,
    "tau": 0.41891180548035
}