{
    "b0": 13.940586779967516,
    "b1": -11.161417393610067,
    "b2": 23.437934227969585,
    "tau": 0.7972113317269363
}