{
    "b0": 12.89713117331962,
    "b1": -144.91424679185812,
    "b2": 155.05047884021525,
    "tau": 0.682793931872373
}