{
    "b0": 14.552805411696115,
    "b1": 0.19095373302514906,
    "b2": 0.031830116529511676,
    "tau": 4.6425871726902335
}