{
    "b0": 14.12965251935862,
    "b1": 3.0624191594508865,
    "b2": 0.007826315602403655,
    "tau": 205.24150399687073
}