{
    "b0": 14.903499798113284,
    "b1": -0.6130860172566872,
    "b2": 1.878862651009053,
    "tau": 2.0
}