{
    "b0": 15.454472564501032,
    "b1": -0.4804025997742003,
    "b2": -3.003740967585067,
    "tau": 123.3362269190179
}