{
    "b0": 13.372640642928884,
    "b1": 1.7602021090547624,
    "b2": -0.0057944737758325315,
    "tau": 503.4905371173326
}