{
    "b0": 14.590133317616012,
    "b1": -32.44872287723743,
    "b2": 71.80913468624534,
    "tau": 0.8611211223156156
}