{
    "b0": 11.744466805127072,
    "b1": 314891.43401012267,
    "b2": -314937.6114256643,
    "tau": 0.45169356411057754
}