{
    "b0": 11.67574007284655,
    "b1": 1.175175286813297,
    "b2": -0.015469151851808971,
    "tau": 2.245526957367427
}