{
    "b0": 11.76001460537038,
    "b1": -0.4608865714629009,
    "b2": -2.5389620545329166,
    "tau": 92.66994706415268
}