{
    "b0": 10.409966862063794,
    "b1": 1.044307815687787,
    "b2": 3.545618175661765,
    "tau": 15.550195488435843
}