{
    "b0": 11.369103116982545,
    "b1": 1.1627408257645406,
    "b2": 1.9696072064695673,
    "tau": 32.80700155769178
}