{
    "b0": 10.492822632039916,
    "b1": 0.3673184441452795,
    "b2": 1.3208574226856702,
    "tau": 21.26752551256525
}