{
    "b0": 12.052964669381591,
    "b1": -107.3730343179285,
    "b2": 159.3524803226064,
    "tau": 0.5019722420180485
}