{
    "b0": 11.103016732681395,
    "b1": 0.5676306829873927,
    "b2": -6.761911106342567,
    "tau": 3.5594348652470904
}