{
    "b0": 12.07910230517134,
    "b1": -73.74364612862156,
    "b2": 81.42301714247564,
    "tau": 0.6898382926305698
}