{
    "b0": 11.22777873936704,
    "b1": -0.33621254425691816,
    "b2": -2.578095042354254,
    "tau": 47.39245481706663
}