{
    "b0": 12.870575226987398,
    "b1": -2.6134887954109116,
    "b2": -2.217741154176545,
    "tau": 93.2204420933997
}