{
    "b0": 10.341141834516321,
    "b1": 1.1402913959792849,
    "b2": 4.659942335778029,
    "tau": 13.605557412758088
}