{
    "b0": 11.554268445242359,
    "b1": -0.10117919181716406,
    "b2": -6.822288855591685,
    "tau": 6.18240313660296
}