{
    "b0": 12.90134378590132,
    "b1": -1.9552728481314383,
    "b2": -3.4950378652150045,
    "tau": 95.02085562675818
}