{
    "b0": 11.735085451684492,
    "b1": -5.09626859599609,
    "b2": 26.85781622834202,
    "tau": 2.0
}