{
    "b0": 11.007530358967118,
    "b1": -1.9460507367819981,
    "b2": 6.200495831677938,
    "tau": 1.3025689695750116
}