{
    "b0": 11.95934170815636,
    "b1": 4.718567881729388,
    "b2": -12.569872697851853,
    "tau": 1.3883612349217938
}