{
    "b0": 13.229110629240763,
    "b1": -3.566088327512237,
    "b2": -0.010365514803474252,
    "tau": 168.63281130278247
}