{
    "b0": 12.045821437399267,
    "b1": -1.1929719365534361,
    "b2": -2.3251043137724956,
    "tau": 82.5753373130944
}