{
    "b0": 11.850525049551548,
    "b1": 1.5651738090698588,
    "b2": -1.5555857610044295,
    "tau": 1.0931915411605533
}