{
    "b0": 10.45854810299663,
    "b1": 0.5246749187225439,
    "b2": 1.8900393506128377,
    "tau": 18.37671717798303
}