{
    "b0": 11.90332423161831,
    "b1": -5.081105071475755,
    "b2": 11.188726988832443,
    "tau": 2.0
}