{
    "b0": 10.37148809578334,
    "b1": 1.0574860006597049,
    "b2": 1.9337338160409674,
    "tau": 26.75830961820449
}