{
    "b0": 10.276807501909015,
    "b1": 1.77564015717636,
    "b2": 3.3599275416946064,
    "tau": 54.1844837681998
}