{
    "b0": 11.304189440975225,
    "b1": -23.037687088836673,
    "b2": 30.798559507049603,
    "tau": 0.4630467762377277
}