{
    "b0": 11.322560386606895,
    "b1": 0.477876478563811,
    "b2": 1.461300102975128,
    "tau": 57.75648859200632
}