{
    "b0": 9.676197831546144,
    "b1": 2.354774249582223,
    "b2": 0.5009970732060433,
    "tau": 157.35923856919828
}