{
    "b0": 10.763237511693946,
    "b1": -4.521617079930689,
    "b2": 19.14458439862858,
    "tau": 1.7718748939309943
}