{
    "b0": 10.057077031690307,
    "b1": 1.9529229728186337,
    "b2": 30.692848337628156,
    "b3": 4.5278599428736985,
    "t1": 1.1492909426082056,
    "t2": 59.04128045536664
}