{
    "b0": 11.365455946448126,
    "b1": -0.2284939395253862,
    "b2": -1.962057211564225,
    "tau": 112.00947897050457
}