{
    "b0": 10.617718094011424,
    "b1": 0.19296431915266643,
    "b2": 3.9700675389839732,
    "tau": 8.093212817633956
}