{
    "b0": 12.158381701387526,
    "b1": -1.3917061833466873,
    "b2": -2.575593217037336,
    "tau": 95.7995285281927
}