{
    "b0": 11.228229717622884,
    "b1": -0.15743222488673592,
    "b2": -2.0745985026865,
    "tau": 52.93048863294398
}