{
    "b0": 10.88118549084835,
    "b1": 0.3358462113457325,
    "b2": -0.41836172458896714,
    "tau": 2.0
}