{
    "b0": 11.109084307781393,
    "b1": 2.393300714243062,
    "b2": -15.3109121889851,
    "tau": 2.6151754111800716
}