{
    "b0": 11.120485229323386,
    "b1": 0.9939744643849222,
    "b2": -7.072069154977594,
    "tau": 6.967498030976258
}