{
    "b0": 10.402247172795496,
    "b1": 1.0390790954350662,
    "b2": 3.193488481422209,
    "tau": 64.48821249505286
}