{
    "b0": 9.852716594092463,
    "b1": 2.704510581159277,
    "b2": 1.976716357067965,
    "tau": 74.16934216356096
}