{
    "b0": 12.200374008521209,
    "b1": 1.1125688277617054,
    "b2": -3.2342648628278994,
    "tau": 6.903782753108761
}