{
    "b0": 11.382440129104662,
    "b1": -0.11562144482828773,
    "b2": -2.2377018484847473,
    "tau": 72.39837825273592
}