{
    "b0": 9.959714034644888,
    "b1": 1.499922582830858,
    "b2": 4.508175555207488,
    "tau": 31.768780578261342
}