{
    "b0": 10.496313255949374,
    "b1": 0.9888715331320954,
    "b2": 2.1727211403636932,
    "tau": 22.40652155673787
}