{
    "b0": 11.235006272100243,
    "b1": 0.06013713830337508,
    "b2": -2.4477605920750767,
    "tau": 51.22801143439445
}