{
    "b0": 9.834208175738732,
    "b1": 2.436219546775742,
    "b2": 0.0031948518781321766,
    "tau": 162.34249714863537
}