{
    "b0": 10.094416494402006,
    "b1": 0.9864198280833736,
    "b2": 3.322371995620225,
    "tau": 38.508053762344254
}