{
    "b0": 11.41521966892065,
    "b1": -0.013890362628068198,
    "b2": -2.098889300291152,
    "tau": 90.74969739289676
}