{
    "b0": 10.34492373099895,
    "b1": 1.5902047144235278,
    "b2": 3.6737039372174634,
    "tau": 50.1936395882577
}