{
    "b0": 11.814691068130527,
    "b1": 0.43906059542183584,
    "b2": 0.45528369652000045,
    "tau": 40.742397602343374
}