{
    "b0": 11.171887550543547,
    "b1": -0.25018083204208796,
    "b2": -3.195479279236374,
    "tau": 31.64509043868107
}