{
    "b0": 9.495995863805552,
    "b1": 2.7209752028342034,
    "b2": 1.45749466419554,
    "tau": 110.99542224554577
}