{
    "b0": 9.93620828503302,
    "b1": 2.1268387105264805,
    "b2": -1.2975727315478467,
    "tau": 288.648624780256
}