{
    "b0": 12.076972714425649,
    "b1": 0.16961238504813758,
    "b2": 1.6049874393721797,
    "tau": 2.0
}