{
    "b0": 11.084222577914497,
    "b1": 1.2910353471631049,
    "b2": 1.8497366694120272,
    "tau": 52.92807093441899
}