{
    "b0": 9.923442357256274,
    "b1": 1.1995460942477303,
    "b2": 3.4932456872329434,
    "tau": 44.1413359479909
}