{
    "b0": 11.694452962127484,
    "b1": -1.6429900538258981,
    "b2": 11.853571573241428,
    "tau": 2.0
}