{
    "b0": 10.361664387463549,
    "b1": 1.0624668348965596,
    "b2": 2.369716362680018,
    "tau": 24.665296698569485
}