{
    "b0": 11.37338605774333,
    "b1": -0.4395893604977099,
    "b2": -1.9163377705777342,
    "tau": 67.51697634857278
}