{
    "b0": 12.118586830063743,
    "b1": -7.799479553628057,
    "b2": 25.10950703742652,
    "tau": 1.2426872954843002
}