{
    "b0": 12.176600216216576,
    "b1": -35.01319522264853,
    "b2": 46.15309765796692,
    "tau": 1.1387254864985363
}