{
    "b0": 10.282681320737332,
    "b1": 1.2270849086924085,
    "b2": 4.922187939109092,
    "tau": 19.00359398705744
}