{
    "b0": 16.127062368921017,
    "b1": -1.271226575061183,
    "b2": -6.825162010400916,
    "tau": 92.42419002424045
}