{
    "b0": 14.557041860276055,
    "b1": -1.7866857275843993,
    "b2": 0.0196799914238186,
    "tau": 0.7887416148824126
}