{
    "b0": 12.508160473624724,
    "b1": -1.0664593950587382,
    "b2": -3.9921478490975826,
    "tau": 50.97612997539667
}