{
    "b0": 13.496824469823464,
    "b1": -2.91923246947906,
    "b2": -2.977288352361824,
    "tau": 60.40252181768976
}