{
    "b0": 12.780950111315867,
    "b1": -1.879997305474134,
    "b2": -3.799531418986005,
    "tau": 43.52941259294525
}