{
    "b0": 14.704699939695853,
    "b1": -2.1809681040101863,
    "b2": -2.1643550853905595,
    "tau": 48.856831589855496
}