{
    "b0": 13.865600589589146,
    "b1": -2.4636688664405266,
    "b2": -4.606590603017536,
    "tau": 17.0888378519878
}