{
    "b0": 12.912448831456382,
    "b1": -1.1746266486871804,
    "b2": -5.239454157772246,
    "tau": 57.64455500606248
}