{
    "b0": 14.534730183011288,
    "b1": -2.2519614960010177,
    "b2": -2.5752972666345335,
    "tau": 27.729691625750135
}