{
    "b0": 12.983653612702136,
    "b1": -1.3546458838884696,
    "b2": -5.349338944257908,
    "tau": 57.969128619362806
}