{
    "b0": 13.914202926906599,
    "b1": -0.5819074098795647,
    "b2": -2.676831349770447,
    "tau": 196.51387586079233
}