{
    "b0": 15.101885698875853,
    "b1": -1.8565495571574135,
    "b2": -0.7227325313299564,
    "tau": 51.50748363856103
}