{
    "b0": 16.09652279734333,
    "b1": -2.834403918739597,
    "b2": -2.0148273835415607,
    "tau": 140.23558032057468
}