{
    "b0": 14.178708576869393,
    "b1": -1.484330387304293,
    "b2": -150684.23306222705,
    "b3": 150706.76728079127,
    "t1": 3.265618320420604,
    "t2": 3.2649425114372668
}