{
    "b0": 13.655860534636226,
    "b1": -1.508502133154272,
    "b2": -4.217282162702805,
    "tau": 23.7188213494177
}