{
    "b0": 12.782668935299188,
    "b1": -1.8445374929264062,
    "b2": 15.488217083952119,
    "b3": -9.170476763693912,
    "t1": 0.6058819497531036,
    "t2": 30.81795907757461
}