{
    "b0": 16.40524460776686,
    "b1": -2.213679557666417,
    "b2": -5.2658715767706195,
    "tau": 90.57901180922725
}