{
    "b0": 16.114143421540653,
    "b1": -1.5435093457706586,
    "b2": -6.324481033148163,
    "tau": 99.45399972425089
}