{
    "b0": 14.654582549678235,
    "b1": -2.717749001137824,
    "b2": -1.8860618055900686,
    "tau": 51.029546277048816
}