{
    "b0": 13.352844112847409,
    "b1": -1.6940955387801155,
    "b2": -4.678089647842308,
    "tau": 47.92542366404099
}