{
    "b0": 13.777309645139438,
    "b1": -2.2643148183921484,
    "b2": -3.9121274499672705,
    "tau": 16.639764137561603
}