{
    "b0": 13.107787142650887,
    "b1": -2.543668109609534,
    "b2": -5.331497332912795,
    "tau": 33.700159717806855
}