{
    "b0": 13.724311709801123,
    "b1": 1.988099547015897,
    "b2": -2.97961408693421,
    "tau": 3.0158705303009086
}