{
    "b0": 15.392755761611356,
    "b1": -1.7419938675514413,
    "b2": -1.7839678479527399,
    "tau": 135.101662284826
}