{
    "b0": 16.1382579519245,
    "b1": -3.6763395637282987,
    "b2": 0.0009518021934942222,
    "tau": 255.80298984438534
}