{
    "b0": 13.212042260027468,
    "b1": -3.4282800020450948,
    "b2": -3.1837145860887905,
    "tau": 44.38921407978846
}