{
    "b0": 13.800237272908031,
    "b1": -2.230561595159318,
    "b2": -0.6387093619216742,
    "tau": 29.083006291332918
}