{
    "b0": 12.391542613483322,
    "b1": 0.5038293346065168,
    "b2": -6.448233899084554,
    "tau": 32.64857004327858
}