{
    "b0": 14.735256830345483,
    "b1": -1.9700903800888496,
    "b2": -3.2104240964014368,
    "tau": 339.3964955593039
}