{
    "b0": 13.176939727408408,
    "b1": -2.8215545535374265,
    "b2": -3.7832652619993716,
    "tau": 41.63626354738162
}