{
    "b0": 16.843567599771244,
    "b1": -3.0183821382619342,
    "b2": -4.111661153095037,
    "tau": 134.05631910164618
}