{
    "b0": 13.425266493561919,
    "b1": -2.23894856830187,
    "b2": -4.103270938240757,
    "tau": 51.52227867601547
}