{
    "b0": 14.641004583932814,
    "b1": -3.20974073638485,
    "b2": -1.1307251861289953,
    "tau": 48.74153621457822
}