{
    "b0": 16.863817233205584,
    "b1": -3.972192093852078,
    "b2": -1.863244248395215,
    "tau": 173.84200170981993
}