{
    "b0": 12.491320335197154,
    "b1": 0.9426877898742343,
    "b2": -7.317452637346629,
    "tau": 38.2003462948813
}