{
    "b0": 13.981502193750378,
    "b1": -0.8504399918762677,
    "b2": -1.6754562794792232,
    "tau": 12.181885925166682
}