{
    "b0": 13.849345221137051,
    "b1": -2.3364902804926793,
    "b2": 0.15509111787934082,
    "tau": 0.6339481673919599
}