{
    "b0": 13.301651905451012,
    "b1": -1.8747810061937695,
    "b2": -7.12773214780641,
    "tau": 19.342383648837085
}