{
    "b0": 13.490520589740543,
    "b1": -0.864145077480976,
    "b2": -3.248147441195011,
    "tau": 263.15769975839027
}