{
    "b0": 12.955534306351444,
    "b1": -1.0598833743460503,
    "b2": -5.214254006645177,
    "tau": 58.619900659418626
}