{
    "b0": 14.035729955112593,
    "b1": -2.4251034201556276,
    "b2": -6.744332019398565,
    "tau": 19.347864908761096
}