{
    "b0": 14.513759068290621,
    "b1": -1.084502270806749,
    "b2": -2.3171071254274977,
    "tau": 34.43017512768402
}