{
    "b0": 14.384299040926026,
    "b1": -3.2114557064263978,
    "b2": -2.142096825944567,
    "tau": 36.75895935441239
}