{
    "b0": 14.000856146183734,
    "b1": -0.7058481105766972,
    "b2": -3.3918887443564176,
    "tau": 9.5125528984668
}