{
    "b0": 12.621144854893167,
    "b1": -1.4066158420457522,
    "b2": -3.4834552522615407,
    "tau": 64.95550563401649
}