{
    "b0": 14.760433308719048,
    "b1": -3.676815057199526,
    "b2": -1.0095513151661433,
    "tau": 51.65466278282206
}