{
    "b0": 16.54059475023774,
    "b1": -3.327364294526928,
    "b2": -2.2200507790260264,
    "tau": 144.4619951279595
}