{
    "b0": 13.667067846466495,
    "b1": -2.0760137963752685,
    "b2": -4.516750121095238,
    "tau": 34.65608517302702
}