{
    "b0": 15.1942338606999,
    "b1": -2.5301796653016804,
    "b2": -2.692309132502256,
    "tau": 55.61833818887054
}