{
    "b0": 14.680314334390939,
    "b1": -2.3433103542154217,
    "b2": -2.396474618074913,
    "tau": 50.076740933372676
}