{
    "b0": 14.025143617461216,
    "b1": 44.65097548591389,
    "b2": -73.78241595313865,
    "tau": 0.5546175827041709
}