{
    "b0": 12.80945028815589,
    "b1": -2.426852219269177,
    "b2": -3.146914150018524,
    "tau": 44.071821853152535
}