{
    "b0": 13.35389696238051,
    "b1": -1.7017557171448194,
    "b2": -6.380601277384816,
    "tau": 61.35371510185026
}