{
    "b0": 12.811725864470066,
    "b1": 23.610145665415686,
    "b2": -56.56706156044951,
    "tau": 2.552961677149626
}