{
    "b0": 14.414182829233987,
    "b1": -1.2470207143251537,
    "b2": -1.974249245392721,
    "tau": 30.002404161881135
}