{
    "b0": 15.210268580768878,
    "b1": -1.6788951575590363,
    "b2": -2.4575496797037566,
    "tau": 151.52466894502498
}