{
    "b0": 14.15321662280481,
    "b1": -1.271000396570964,
    "b2": -2.946592275168909,
    "tau": 12.97297145098014
}