{
    "b0": 13.913560132523388,
    "b1": -2.130234191693746,
    "b2": -5.816973513359105,
    "tau": 21.083549955738192
}