{
    "b0": 12.932243595757033,
    "b1": -1.69290539554398,
    "b2": -4.215237302299366,
    "tau": 62.16029116775577
}