{
    "b0": 17.179607065071192,
    "b1": -4.004707812867463,
    "b2": -2.7504255478673176,
    "tau": 155.3468431925626
}