{
    "b0": 14.612748561485086,
    "b1": -0.9580086172162438,
    "b2": -0.0008496880362195425,
    "tau": 74.6207079290902
}