{
    "b0": 16.034383388729378,
    "b1": -1.933664304202651,
    "b2": -5.549937397653231,
    "tau": 106.45880751881012
}