{
    "b0": 14.28620144181185,
    "b1": -0.5128903734375161,
    "b2": -19.099614064713855,
    "tau": 3.993112011645527
}