{
    "b0": 13.55180718851702,
    "b1": 2.030790875517315,
    "b2": -18.381202853275756,
    "tau": 3.3691624082520866
}