{
    "b0": 12.906448978345626,
    "b1": 0.4537279701173351,
    "b2": 4.115419036573499,
    "tau": 209.10413635256333
}