{
    "b0": 15.03510350810652,
    "b1": -1.9464255897445768,
    "b2": -2.5271749687100424,
    "tau": 53.9404069853022
}