{
    "b0": 16.0976952521879,
    "b1": -1.6209733596261442,
    "b2": -4.656896461299695,
    "tau": 133.14465635439643
}