{
    "b0": 12.976629626606242,
    "b1": -4.172104543787196,
    "b2": -7.495435014938446,
    "tau": 160.94875591214478
}