{
    "b0": 12.098262497291335,
    "b1": -1.2454801933406046,
    "b2": -6.663292369833655,
    "tau": 213.38864524769386
}