{
    "b0": 12.289260628687412,
    "b1": -3.24788333867562,
    "b2": -5.3329610542796875,
    "tau": 190.7959361197764
}