{
    "b0": 12.98278415571687,
    "b1": -4.913537519361635,
    "b2": -6.209032491912157,
    "tau": 173.50854492562405
}