{
    "b0": 11.743636217932584,
    "b1": -18.278050958390587,
    "b2": 42.25337651547687,
    "tau": 0.805090891012634
}