{
    "b0": 12.4480697837083,
    "b1": -1.9152828498179897,
    "b2": -6.284781535077415,
    "tau": 201.93314253796993
}