{
    "b0": 12.996516830241449,
    "b1": -4.105252024470858,
    "b2": -7.840127348330951,
    "tau": 127.54027300277387
}