{
    "b0": 12.723499332127762,
    "b1": -5.190520365059445,
    "b2": -4.2758213702171854,
    "tau": 127.53498797179421
}