{
    "b0": 13.181842023167848,
    "b1": -4.592748475041474,
    "b2": -7.349423278839439,
    "tau": 122.74740851450365
}