{
    "b0": 13.353346562547383,
    "b1": -5.449647520186544,
    "b2": -6.073823130919212,
    "tau": 115.91479497355009
}