{
    "b0": 12.71750786907433,
    "b1": -0.8535454757942711,
    "b2": -4.8607816298114574,
    "tau": 210.53024702728632
}