{
    "b0": 12.884045174212064,
    "b1": -3.50633005632156,
    "b2": -8.349262452911823,
    "tau": 166.77894027669544
}