{
    "b0": 12.837237744904638,
    "b1": -1.9045157478514012,
    "b2": -7.509519866647284,
    "tau": 180.81673424762224
}