{
    "b0": 11.561113665390868,
    "b1": -60.052930926052206,
    "b2": 77.72812864933306,
    "tau": 0.3768935242472226
}