{
    "b0": 12.411152534728114,
    "b1": -2.8601283579133714,
    "b2": -6.171013616919096,
    "tau": 176.3487315137736
}