{
    "b0": 11.849121419192533,
    "b1": 77.8074398371746,
    "b2": -106.94195246077338,
    "tau": 2.30167768999267
}