{
    "b0": 12.924202874667673,
    "b1": -4.64455708127554,
    "b2": -6.62597373383831,
    "tau": 111.988039871684
}