{
    "b0": 12.40263740598423,
    "b1": -0.21268731903488813,
    "b2": -6.167715450494567,
    "tau": 186.1158190927675
}