{
    "b0": 13.074481782552448,
    "b1": -4.583312889101432,
    "b2": -6.9126812834651075,
    "tau": 173.70550057355663
}