{
    "b0": 11.636186389586534,
    "b1": -3.3143380949249304,
    "b2": 9.130732350931705,
    "tau": 0.7852626136466236
}