{
    "b0": 12.803300620459966,
    "b1": -2.716839572446344,
    "b2": -6.235149338922291,
    "tau": 215.83454945817968
}