{
    "b0": 12.373591717787125,
    "b1": -0.5688994789360802,
    "b2": -2.631857910259224,
    "b3": -8.332523208618127,
    "t1": 39.27195062460114,
    "t2": 222.9714952006615
}