{
    "b0": 11.595747824100927,
    "b1": -109.84088624868949,
    "b2": 151.2533052546931,
    "tau": 0.42265779959610295
}