{
    "b0": 11.566061559566062,
    "b1": -17.474677869254982,
    "b2": 55.990899286066735,
    "tau": 1.2049804898744985
}