{
    "b0": 12.857334692509433,
    "b1": -4.312071336732033,
    "b2": -6.608406472056252,
    "tau": 173.0990982619688
}