{
    "b0": 12.572393502682868,
    "b1": -0.41009862002198805,
    "b2": -8.333747562282593,
    "tau": 211.6561718295057
}