{
    "b0": 11.777911440653044,
    "b1": 1.6318162565945231,
    "b2": -13.353905377366694,
    "tau": 5.532258766448554
}