{
    "b0": 13.26509368289889,
    "b1": -5.493504761399055,
    "b2": -5.55176992597236,
    "tau": 122.95351103956276
}