{
    "b0": 12.547281642540302,
    "b1": -4.048674510465979,
    "b2": -5.269701187088492,
    "tau": 189.81206225065557
}