{
    "b0": 13.111497088396357,
    "b1": -3.746787111842302,
    "b2": -8.77434340351764,
    "tau": 172.5919858538764
}