{
    "b0": 12.251488626076148,
    "b1": -2.0100474277392006,
    "b2": -5.431598678963775,
    "tau": 210.3879920465569
}