{
    "b0": 12.071964772826385,
    "b1": -1.5603117024405746,
    "b2": -7.350726895762293,
    "tau": 170.56609835093178
}