{
    "b0": 12.819384648266814,
    "b1": -2.809919452322478,
    "b2": -5.9989404516599105,
    "tau": 215.6429826151309
}