{
    "b0": 12.189377432140027,
    "b1": -2.704049714015107,
    "b2": -6.264430647316907,
    "tau": 189.73908765915635
}