{
    "b0": 13.026845067688484,
    "b1": -3.5061078706123867,
    "b2": -8.58815312840195,
    "tau": 173.87560279907345
}