{
    "b0": 12.173620475652024,
    "b1": -1.0019782750736814,
    "b2": -6.8766038897667965,
    "tau": 188.88504274404394
}