{
    "b0": 13.353676649292467,
    "b1": -5.202806970632171,
    "b2": -6.768483256089825,
    "tau": 128.11660756627307
}