{
    "b0": 13.327717578246745,
    "b1": -4.931374642354148,
    "b2": -6.8548298549504345,
    "tau": 110.50674855454847
}