{
    "b0": 12.60924354591756,
    "b1": -0.4275301122429567,
    "b2": -5.356331911209622,
    "tau": 194.7994420078509
}