{
    "b0": 12.779404776335012,
    "b1": -3.883708737225506,
    "b2": -7.904603572412231,
    "tau": 156.045792547431
}