{
    "b0": 12.125496752931383,
    "b1": -0.2922106261536297,
    "b2": -7.216850119270616,
    "tau": 207.17009501780606
}