{
    "b0": 12.942340789409302,
    "b1": -2.5295969457615906,
    "b2": -10.712857048711605,
    "tau": 136.3593083447425
}