{
    "b0": 12.678823296085843,
    "b1": -1.340142919306265,
    "b2": -9.595018965779303,
    "tau": 158.49282343036214
}