{
    "b0": 13.127720228608831,
    "b1": -3.964724086064959,
    "b2": -8.461680314033979,
    "tau": 178.60876963921524
}