{
    "b0": 12.88382728222283,
    "b1": -4.6337229943931515,
    "b2": -5.773922376351008,
    "tau": 183.23862521224365
}