{
    "b0": 12.135631620310676,
    "b1": 0.4895877462029601,
    "b2": 7.211116236571511,
    "tau": 4.661572032048889
}