{
    "b0": 13.200013982497286,
    "b1": -4.056674014884341,
    "b2": -8.490190727516955,
    "tau": 107.16267773574474
}