{
    "b0": 13.26015502641869,
    "b1": -4.3295684491447055,
    "b2": -8.377195644108694,
    "tau": 181.0807874786031
}