{
    "b0": 13.170167383235908,
    "b1": -4.197524716537533,
    "b2": -7.9419028589584695,
    "tau": 112.24874304977114
}