{
    "b0": 12.02898007172229,
    "b1": -1.634776234475991,
    "b2": -5.513350883230693,
    "tau": 217.96138677008292
}