{
    "b0": 11.910132999396573,
    "b1": -1.606271275937896,
    "b2": -6.851784064559787,
    "tau": 172.45383640594235
}