{
    "b0": 12.659894932757659,
    "b1": -1.9837357844098342,
    "b2": -7.1323997745884995,
    "tau": 166.8864193420152
}