{
    "b0": 13.070706533068138,
    "b1": -3.9964856131313606,
    "b2": -8.28638506938124,
    "tau": 153.45294969069488
}