{
    "b0": 13.329722960974573,
    "b1": -4.429233056609649,
    "b2": -7.973772616096072,
    "tau": 196.750389842991
}