{
    "b0": 13.279018663008939,
    "b1": -4.32137154081614,
    "b2": -7.939376219924078,
    "tau": 120.64667257970311
}