{
    "b0": 12.682170915160345,
    "b1": -4.765882941769492,
    "b2": -5.320200558629407,
    "tau": 116.70980007838075
}