{
    "b0": 12.824976095581775,
    "b1": -2.572891300956461,
    "b2": -6.156179165689951,
    "tau": 206.4022795286909
}