{
    "b0": 12.05165593016302,
    "b1": -1.4063131134333178,
    "b2": -6.164876333632797,
    "tau": 187.55811456800674
}