{
    "b0": 12.580157662217278,
    "b1": -2.929590501244893,
    "b2": -7.438008345178091,
    "tau": 160.61015411579837
}