{
    "b0": 13.28844086493052,
    "b1": -4.564657132587172,
    "b2": -7.6687253815953484,
    "tau": 109.14413908942298
}