{
    "b0": 12.916942563318813,
    "b1": -4.557335530406263,
    "b2": -6.753394422465261,
    "tau": 120.71751470327403
}