{
    "b0": 12.541854782211127,
    "b1": -2.037911416801613,
    "b2": -6.689493561601519,
    "tau": 198.0611398224058
}