{
    "b0": 13.031419397914682,
    "b1": -3.440498025295015,
    "b2": -4.603135331023582,
    "tau": 263.3915312139206
}