{
    "b0": 13.328720174957873,
    "b1": -5.35610228688771,
    "b2": -6.038336820837211,
    "tau": 142.87939545392211
}