{
    "b0": 13.053368380566607,
    "b1": -4.641010577280827,
    "b2": -7.318145621916833,
    "tau": 163.46079784422486
}