{
    "b0": 13.507642050388922,
    "b1": -5.282705248235718,
    "b2": -5.595662383587489,
    "tau": 126.74220451166417
}