{
    "b0": 13.152720040884798,
    "b1": -4.6319046009664335,
    "b2": -7.223355628815232,
    "tau": 113.97701664575702
}