{
    "b0": 12.936200715205064,
    "b1": -4.761006869266431,
    "b2": -6.090867713843727,
    "tau": 180.4963980474776
}