{
    "b0": 13.109821345896647,
    "b1": -3.7876962279178823,
    "b2": -8.706945983965026,
    "tau": 126.22011114619214
}