{
    "b0": 12.918848694387464,
    "b1": -1.4435540756078362,
    "b2": -10.065292588197481,
    "tau": 164.17983186834797
}