{
    "b0": 12.67432397887388,
    "b1": -4.0115280783165215,
    "b2": -6.795626833698232,
    "tau": 164.7261933249584
}