{
    "b0": 12.73803150361343,
    "b1": -3.715108719965384,
    "b2": -8.073760971591067,
    "tau": 154.9077347042806
}