{
    "b0": 12.96494489517485,
    "b1": -4.441803960944314,
    "b2": -7.429560505697617,
    "tau": 156.75940587808026
}