{
    "b0": 12.00364918101398,
    "b1": -1.4733608178839468,
    "b2": -7.70849436199168,
    "tau": 146.91642818382843
}