{
    "b0": 11.97789937815965,
    "b1": -1.4883018470351193,
    "b2": 4186.9987559328565,
    "b3": -4189.149526446972,
    "t1": 8.096398009470976,
    "t2": 8.102530487984202
}