{
    "b0": 12.288269761331957,
    "b1": -2.947454528535415,
    "b2": -1.9769593878749108,
    "b3": -4.805339490047292,
    "t1": 12.865903028750125,
    "t2": 55.97410430113191
}