{
    "b0": 12.567412182201172,
    "b1": -3.274502652032279,
    "b2": -0.44681974014120973,
    "b3": -5.945142425321389,
    "t1": 14.525838526698719,
    "t2": 46.651173683975685
}