{
    "b0": 13.030131167580691,
    "b1": -5.610717828884811,
    "b2": -0.0013309714253102456,
    "tau": 229.1391360001167
}