{
    "b0": 13.910558004164331,
    "b1": -5.040534223943649,
    "b2": -5.3540618310044295,
    "b3": -4.519618339056619,
    "t1": 96.97185953406209,
    "t2": 944.6455649705172
}