{
    "b0": 12.298080486167255,
    "b1": -3.0260688942407086,
    "b2": -4.679042553561878,
    "b3": -5.160718625614351,
    "t1": 7.038096469744235,
    "t2": 53.04456472756855
}