{
    "b0": 11.653242236016942,
    "b1": -1.2032421957454629,
    "b2": 3.7562030949407887,
    "b3": -5.517553033005923,
    "t1": 0.9268301364454231,
    "t2": 36.755023988876545
}