{
    "b0": 11.933962271736203,
    "b1": 0.8903184870548326,
    "b2": -11.753900817648729,
    "b3": -3.0984648722102603,
    "t1": 2.902458330955104,
    "t2": 68.54355743982245
}