{
    "b0": 11.571912768408254,
    "b1": -1.0919127486474363,
    "b2": 7.595536522121996,
    "b3": -5.796262099332243,
    "t1": 0.5158978812404322,
    "t2": 26.328689741474605
}