{
    "b0": 12.081400493569387,
    "b1": -1.6123228813601367,
    "b2": -1676.2389977175103,
    "b3": 1675.6203678904526,
    "t1": 18.332188351524163,
    "t2": 18.306504204068794
}