{
    "b0": 11.39358583458444,
    "b1": 332.5715760500097,
    "b2": -373.9694612236679,
    "b3": -3.394463491701856,
    "t1": 0.5568168151558976,
    "t2": 42.466027563188
}