{
    "b0": 12.178204334868688,
    "b1": -2.9082317857146442,
    "b2": -6.669316215974285,
    "b3": -4.728696643725319,
    "t1": 4.154258288761429,
    "t2": 49.50758914319261
}