{
    "b0": 12.49914410488462,
    "b1": -3.2422278208458373,
    "b2": -4.547326130940439,
    "b3": -4.924827573264479,
    "t1": 11.048740028095281,
    "t2": 58.14523535730717
}