{
    "b0": 12.930252993545126,
    "b1": -5.343647451823015,
    "b2": 0.0018940546678227754,
    "tau": 237.29540275416383
}