{
    "b0": 11.897816069668083,
    "b1": -1.9072432486613478,
    "b2": 0.0022679768865291883,
    "b3": -3.945252051645995,
    "t1": 1.4808583330016212,
    "t2": 28.413962507599575
}