{
    "b0": 11.57372089502248,
    "b1": -1.0189593419094098,
    "b2": -1.8496640257926686,
    "b3": -2.518248928976628,
    "t1": 13.575521276612916,
    "t2": 56.50050057138233
}