{
    "b0": 12.15846150912176,
    "b1": -1.6684615291987672,
    "b2": -13.768940790536861,
    "b3": -3.6512834083844767,
    "t1": 1.1106044237875845,
    "t2": 41.47569586339846
}