{
    "b0": 11.341330563671775,
    "b1": -0.8346316479183491,
    "b2": 7.029875553679597,
    "b3": -7.976624716551098,
    "t1": 17.049469193779476,
    "t2": 29.105151275733995
}