{
    "b0": 11.974774272642575,
    "b1": -1.7885338469491607,
    "b2": -1.0958085290390527,
    "b3": -2.000080274318812,
    "t1": 15.975646445294862,
    "t2": 48.58290896959379
}