{
    "b0": 13.00126519934936,
    "b1": -5.719151531492248,
    "b2": 0.0003204290207650118,
    "tau": 221.4383762157213
}