{
    "b0": 12.021792733415108,
    "b1": -1.5317927560995286,
    "b2": -7.245688019934881,
    "b3": -3.4225667517780876,
    "t1": 1.1836822995320533,
    "t2": 37.53557523951761
}