{
    "b0": 12.440250646840097,
    "b1": -2.4296564723018825,
    "b2": -0.004629939433020924,
    "b3": -5.694077231832755,
    "t1": 4.506276200512852,
    "t2": 38.37883754688449
}