{
    "b0": 12.47921151116868,
    "b1": -3.2299104136892733,
    "b2": -13.112802884933494,
    "b3": -7.284684865220454,
    "t1": 2.4393464117494315,
    "t2": 34.86649070428025
}