{
    "b0": 14.043043990730167,
    "b1": -5.723632958548858,
    "b2": -4.557439543402131,
    "b3": -5.013758577497228,
    "t1": 100.32909968588977,
    "t2": 1097.431380907118
}