{
    "b0": 12.398074649532687,
    "b1": -3.7003597890890454,
    "b2": -6.40205732715571,
    "b3": -6.314562036988805,
    "t1": 16.084896578318798,
    "t2": 72.97480137460573
}