{
    "b0": 12.018860698797555,
    "b1": -2.7175284668399975,
    "b2": -0.00017495332971229072,
    "b3": -4.501425180105777,
    "t1": 3.337756141376022,
    "t2": 45.097081867954905
}