{
    "b0": 15.72688461092953,
    "b1": -7.546365292699999,
    "b2": 3.4922893182360504,
    "b3": -8.6428121002788,
    "t1": 409.6136984751971,
    "t2": 1196.0991067800553
}