{
    "b0": 12.49695787820942,
    "b1": -3.247851752695718,
    "b2": -8.029160666180008,
    "b3": -7.210928832203456,
    "t1": 3.186744345952658,
    "t2": 36.45051266663567
}