{
    "b0": 12.493201339864775,
    "b1": -3.5431525676297824,
    "b2": -7.49563766961157,
    "b3": -6.56036849148096,
    "t1": 11.521210172642494,
    "t2": 69.80382679172668
}