{
    "b0": 12.059451637354767,
    "b1": -2.248808287883902,
    "b2": -1.2474070648959947,
    "b3": -3.2729229576681025,
    "t1": 10.851785056921607,
    "t2": 34.563623108350725
}