{
    "b0": 13.23712233469955,
    "b1": -4.854108135754173,
    "b2": -5.795205848006034,
    "tau": 112.03635452020238
}