{
    "b0": 13.892623372468329,
    "b1": -5.572944927441538,
    "b2": -4.2984021035110995,
    "b3": -3.499017930953406,
    "t1": 108.32892650516484,
    "t2": 838.5546559137838
}