{
    "b0": 12.078843909973223,
    "b1": -1.5567431751441623,
    "b2": -2487.8822789547253,
    "b3": 2486.399255259444,
    "t1": 25.24659189484313,
    "t2": 25.215752241384887
}