{
    "b0": 12.184020536633716,
    "b1": -1.6770237296422845,
    "b2": -11.160967072481235,
    "b3": -4.75873227358334,
    "t1": 3.17316564491945,
    "t2": 50.86865475392985
}