{
    "b0": 12.390128570116879,
    "b1": -3.892966172755342,
    "b2": -13.147478339154206,
    "b3": -9.993508069115316,
    "t1": 2.8857012109703866,
    "t2": 52.64976337265327
}