{
    "b0": 11.649330650561268,
    "b1": -1.4122501396675133,
    "b2": 1155.3706436405857,
    "b3": -1156.4230509381493,
    "t1": 30.17787102357856,
    "t2": 30.27029877954619
}