{
    "b0": 11.572150584807181,
    "b1": -1.082150614648853,
    "b2": -17.18147834697304,
    "b3": -2.503501888057704,
    "t1": 1.5508351887958083,
    "t2": 53.78728749312922
}