{
    "b0": 12.54325052180362,
    "b1": -4.035976196450303,
    "b2": -7.890325343745327,
    "b3": -7.666002335130032,
    "t1": 6.732833088484901,
    "t2": 57.79586453470169
}