{
    "b0": 12.914608763520427,
    "b1": -3.663405677987866,
    "b2": -5.776360183564483,
    "b3": -6.959827939508575,
    "t1": 8.601078075262858,
    "t2": 51.87824020670419
}