{
    "b0": 13.200080026672504,
    "b1": -3.892391563382602,
    "b2": -8.039038200746008,
    "tau": 94.87547944906058
}