{
    "b0": 11.659366069873494,
    "b1": -1.1766929840787288,
    "b2": -1.612216402149385,
    "b3": -3.279094297221003,
    "t1": 17.23062688736824,
    "t2": 42.49443688968318
}