{
    "b0": 11.825507042732008,
    "b1": -1.1283532497743303,
    "b2": -2.4110894976417105,
    "b3": -3.187938801042225,
    "t1": 11.166741260555002,
    "t2": 65.01111303986532
}