{
    "b0": 11.698311154221036,
    "b1": 20.050061854836613,
    "b2": -42.25515086753458,
    "b3": -2.983719801716484,
    "t1": 1.4847223542000891,
    "t2": 51.313667371763266
}