{
    "b0": 12.423268980659742,
    "b1": -3.6723972823140683,
    "b2": -5.097841279020367,
    "b3": -5.450538877565373,
    "t1": 18.40817757643388,
    "t2": 79.03684187477859
}