{
    "b0": 12.113875287848865,
    "b1": -2.1038726287243845,
    "b2": 0.12803463524225145,
    "b3": -4.998762635347238,
    "t1": 0.9986384503388005,
    "t2": 29.60031379602564
}