{
    "b0": 12.136654031444175,
    "b1": -1.7033999550912844,
    "b2": -2434.3003481996607,
    "b3": 2433.338953478784,
    "t1": 25.96736331986131,
    "t2": 25.936205086139584
}