{
    "b0": 12.830317867206496,
    "b1": -3.5519386627852665,
    "b2": -4.485412374186865,
    "b3": -7.816173369160333,
    "t1": 6.344980708754739,
    "t2": 42.190813801144515
}