{
    "b0": 13.133605955691209,
    "b1": -5.948355809575816,
    "b2": 0.0006023278251685582,
    "tau": 222.71004580656913
}