{
    "b0": 11.965964447304106,
    "b1": -1.476017769878653,
    "b2": -3.3190463368642593,
    "b3": -3.5919301304883993,
    "t1": 2.3555730381934903,
    "t2": 30.502582829979048
}