{
    "b0": 12.347603002484629,
    "b1": -1.857588984137542,
    "b2": 0.02095093435596737,
    "b3": -4.992965338396241,
    "t1": 0.9142027133842019,
    "t2": 53.81962869077227
}