{
    "b0": 11.199071208891981,
    "b1": -0.7190712182605616,
    "b2": -10.805713181073788,
    "b3": -3.1380956798169954,
    "t1": 0.3781783818284294,
    "t2": 31.811524613721648
}