{
    "b0": 12.698047287672745,
    "b1": -3.1499803926448067,
    "b2": -10.15460383112119,
    "b3": -7.959005686064591,
    "t1": 5.3646695137444,
    "t2": 54.78694202273319
}