{
    "b0": 12.399706826304273,
    "b1": -3.4749112790499463,
    "b2": -7.000371447796213,
    "b3": -6.561750308603344,
    "t1": 14.131178561920454,
    "t2": 73.00834903768856
}