{
    "b0": 13.86188116551381,
    "b1": -5.001857601486446,
    "b2": -5.216670158271091,
    "b3": -3.806318536981889,
    "t1": 103.09029792572225,
    "t2": 705.9231932901096
}