{
    "b0": 13.309772909305034,
    "b1": -3.3439244705124143,
    "b2": -10.1234522178117,
    "tau": 87.11964226618984
}