{
    "b0": 11.9889277592689,
    "b1": -1.5003302051716125,
    "b2": 6897.758470405666,
    "b3": -6899.295418750885,
    "t1": 33.0495616607213,
    "t2": 33.06507674340666
}