{
    "b0": 12.131813593755096,
    "b1": -1.6396400017850548,
    "b2": -2.7794024833002453,
    "b3": -3.717674576941305,
    "t1": 4.804278063710938,
    "t2": 31.594556685540045
}