{
    "b0": 11.347545000518588,
    "b1": -0.9651837329602886,
    "b2": -8682.055810308464,
    "b3": 8681.830090340945,
    "t1": 18.81697491349381,
    "t2": 18.80553202032043
}