{
    "b0": 12.997463190796926,
    "b1": -5.56168457042455,
    "b2": 2.359063911194781e-05,
    "tau": 230.01628226823146
}