{
    "b0": 12.46030754023094,
    "b1": -1.9936639221556955,
    "b2": -6.238651202975246,
    "b3": -5.178694142911749,
    "t1": 19.126492201290002,
    "t2": 79.99900072093378
}