{
    "b0": 12.381379974797161,
    "b1": -2.6644436566878316,
    "b2": -7.08478088989561,
    "b3": -4.951472105352829,
    "t1": 8.053517304348473,
    "t2": 56.900992351456736
}