{
    "b0": 12.567219946729232,
    "b1": -3.317286185003587,
    "b2": -2.8409954176261825,
    "b3": -5.760840269100726,
    "t1": 11.088442505554482,
    "t2": 53.952898240373
}