{
    "b0": 11.23740585113534,
    "b1": -0.759048106148859,
    "b2": 2385.4604448744262,
    "b3": -2386.2950747484933,
    "t1": 19.11998163481274,
    "t2": 19.15308907954838
}