{
    "b0": 12.48403525707415,
    "b1": -1.0552396004282878,
    "b2": 8771.537288760384,
    "b3": -8759.645785444822,
    "t1": 3.5745092039360387,
    "t2": 3.585024875105996
}