{
    "b0": 12.229969061759222,
    "b1": -0.5096347257293784,
    "b2": -4932.314221279018,
    "b3": 4935.7213808935485,
    "t1": 7.213506160791531,
    "t2": 7.210227137382032
}