{
    "b0": 10.526821585085264,
    "b1": 1.1831784150045146,
    "b2": -1685125.4889923753,
    "b3": 1211402.3257663231,
    "t1": 0.5827628115736316,
    "t2": 0.81066029204292
}