{
    "b0": 12.55001659374035,
    "b1": -1.1103972884162916,
    "b2": 38.78481929128003,
    "b3": -27.999359463958893,
    "t1": 2.637735190143335,
    "t2": 5.436359436033461
}