{
    "b0": 12.54032767560253,
    "b1": -1237.7015599360711,
    "b2": 1262.9040427218802,
    "b3": -9.784864948140694,
    "t1": 0.35870652064642583,
    "t2": 9.603370976756597
}