{
    "b0": 12.336266301480169,
    "b1": -1.9047626492319298,
    "b2": 22203.18478213087,
    "b3": -22203.924921754136,
    "t1": 15.094615677322905,
    "t2": 15.096920086219532
}