{
    "b0": 12.367989848336734,
    "b1": -1.9139618911202105,
    "b2": -5815.419616129513,
    "b3": 5815.082558268997,
    "t1": 14.778245766328304,
    "t2": 14.767668610479607
}