{
    "b0": 12.284176297746267,
    "b1": -0.3141763036529538,
    "b2": 71.47031802058962,
    "b3": -41.04305075079172,
    "t1": 1.4729031489903417,
    "t2": 2.4191041256651014
}