{
    "b0": 12.301394767230061,
    "b1": 13.332384265490056,
    "b2": -26.289711955371512,
    "b3": -3.9438244499175594,
    "t1": 1.1010183907985178,
    "t2": 21.477577645130573
}