{
    "b0": 10.972494180237632,
    "b1": 0.4877696139582206,
    "b2": 330.62983649756984,
    "b3": -335.8330596574109,
    "t1": 148.13645106705218,
    "t2": 149.1544374646725
}