{
    "b0": 11.918414435581287,
    "b1": -1.428414436648222,
    "b2": -27.767995920325642,
    "b3": -2.4920233980082926,
    "t1": 0.5621082833564057,
    "t2": 22.021883104356515
}