{
    "b0": 12.27658913282482,
    "b1": -0.30704604407701197,
    "b2": 20333.758882223843,
    "b3": -20315.797751232283,
    "t1": 2.433808697909176,
    "t2": 2.435311602275218
}