{
    "b0": 12.38112005254741,
    "b1": -0.921029955807297,
    "b2": 10615.674624465211,
    "b3": -10612.722358920473,
    "t1": 10.423076763198083,
    "t2": 10.429423487888329
}