{
    "b0": 12.249246656570898,
    "b1": -0.5292466433146824,
    "b2": -16.936023356158607,
    "b3": 4.054249721188254,
    "t1": 0.6198511987549501,
    "t2": 2.781356999062455
}