{
    "b0": 11.022201297695096,
    "b1": 0.07365043455716469,
    "b2": -1390.7634889578549,
    "b3": 1386.5302800630454,
    "t1": 134.57918746118148,
    "t2": 134.29098442673885
}