{
    "b0": 12.536362127705036,
    "b1": -1.5463621296499976,
    "b2": -39.617416063276444,
    "b3": -5.740356051579406,
    "t1": 0.2499671897669628,
    "t2": 21.269138836666517
}