{
    "b0": 12.273325285776927,
    "b1": -0.30341159448581184,
    "b2": 746.2849149326792,
    "b3": -742.2124620324483,
    "t1": 3.008930663451879,
    "t2": 3.0196776617475747
}