{
    "b0": 12.541664808196693,
    "b1": -1.0616648059813167,
    "b2": 51.4210424282099,
    "b3": -9.311885210361005,
    "t1": 0.5809577644493081,
    "t2": 10.866609529967535
}