{
    "b0": 12.482286231881242,
    "b1": -0.9922862301482125,
    "b2": 61.90882412399063,
    "b3": -10.2510689638382,
    "t1": 0.6650619127442546,
    "t2": 10.087409743359867
}