{
    "b0": 12.354595537116342,
    "b1": 283.3375956594485,
    "b2": -313.7199146008193,
    "b3": -4.053641931504444,
    "t1": 0.5129595576868353,
    "t2": 24.44502688762942
}