{
    "b0": 11.887671792761916,
    "b1": -1.3976717980203417,
    "b2": -17.748186035241048,
    "b3": -2.032590327212878,
    "t1": 0.6446930697247683,
    "t2": 24.482645213206688
}