{
    "b0": 12.64475339927642,
    "b1": -1.6547533932774572,
    "b2": 8.088263806486056,
    "b3": -6.403755702735709,
    "t1": 0.8384942416727706,
    "t2": 19.70911187227276
}