{
    "b0": 12.534254515071481,
    "b1": -0.9919745417222305,
    "b2": 22.728896301396677,
    "b3": -9.780376693032146,
    "t1": 2.4252848246377035,
    "t2": 12.767862966318928
}