{
    "b0": 12.311942186358406,
    "b1": -49.40389495020311,
    "b2": 52.181366533460206,
    "b3": -8.926594570817542,
    "t1": 0.5495054165570988,
    "t2": 9.54025046133784
}