{
    "b0": 10.729702071193076,
    "b1": 7024.160295348333,
    "b2": -31832.1455547788,
    "b3": 19966.586175147342,
    "t1": 0.7132202939557188,
    "t2": 0.8872744481047057
}