{
    "b0": 12.482028316063243,
    "b1": -1.0193638032497923,
    "b2": 9229.815890226837,
    "b3": -9229.327683038146,
    "t1": 11.60258298258646,
    "t2": 11.609713852632254
}