{
    "b0": 12.201538979515519,
    "b1": -0.4917406799508772,
    "b2": 13705.633409378981,
    "b3": -13682.872866573081,
    "t1": 2.6512779461303917,
    "t2": 2.655224683835233
}