{
    "b0": 12.640377252485557,
    "b1": -1.6880780321947078,
    "b2": -21038.47542667268,
    "b3": 21036.57864561687,
    "t1": 17.89721788365621,
    "t2": 17.893648995010327
}