{
    "b0": 10.336663075444497,
    "b1": 0.883336766921663,
    "b2": 102.76633910580146,
    "b3": -516.1227339322108,
    "t1": 1.7171093565029918,
    "t2": 0.28966996534530004
}