{
    "b0": 12.431554577821823,
    "b1": -1.4412836966324756,
    "b2": 8.34051927280921e-05,
    "b3": -5.542107751033744,
    "t1": 2.1563056353542707,
    "t2": 17.354988516207754
}