{
    "b0": 11.81076773604581,
    "b1": 0.40923226392983736,
    "b2": -545.0954273022342,
    "b3": 339.41958470758294,
    "t1": 0.7636645051281284,
    "t2": 1.3100257408859257
}