{
    "b0": 12.57085097124086,
    "b1": -1.5808508938966188,
    "b2": 1.9521212493937203,
    "b3": -5.947410718543978,
    "t1": 0.9288965416218025,
    "t2": 18.91949959550231
}