{
    "b0": 10.636741554005926,
    "b1": 1.073258445997264,
    "b2": 38321.45366484605,
    "b3": -100834.56356988974,
    "t1": 1.2509009929514663,
    "t2": 0.4752131437114677
}