{
    "b0": 9.634708085271678,
    "b1": -2.862399085618213,
    "b2": -7.766290954291932e-05,
    "b3": -8.039252818439413,
    "t1": 16.688388017814034,
    "t2": 154.88831505485803
}