{
    "b0": 9.609757274430883,
    "b1": -3.134511405654967,
    "b2": 6.019236189074693,
    "b3": -10.960665575481748,
    "t1": 161.9581073278433,
    "t2": 229.24688745558024
}