{
    "b0": 9.800076950845867,
    "b1": -2.592281029960806,
    "b2": -2.701796571712267,
    "b3": -7.321850667391631,
    "t1": 48.557333494353,
    "t2": 261.58202438332717
}