{
    "b0": 10.77285672348794,
    "b1": -3.7490710058997188,
    "b2": -3.965963970689221,
    "b3": -3.237837739779282,
    "t1": 207.66933704965382,
    "t2": 806.2818245215276
}