{
    "b0": 9.9845837439147,
    "b1": -2.124512295812802,
    "b2": -8.588803141806878e-05,
    "b3": -8.29045080799596,
    "t1": 45.426266051417905,
    "t2": 186.16517480346872
}