{
    "b0": 10.859595667875242,
    "b1": -3.6894848882864473,
    "b2": -4.887427095741255,
    "b3": -2.298996386665806,
    "t1": 200.02493080657177,
    "t2": 899.5282791969681
}