{
    "b0": 10.546495698746673,
    "b1": 1.2410417377473788,
    "b2": -6.823178336587727,
    "b3": -7.694245477462372,
    "t1": 17.831678636534278,
    "t2": 200.3693540888436
}