{
    "b0": 9.793524292039871,
    "b1": -2.702829901880958,
    "b2": -2.776459916535604,
    "b3": -7.259554460980285,
    "t1": 48.12531539566839,
    "t2": 265.60092860232146
}