{
    "b0": 12.446490683153524,
    "b1": -5.642132322633614,
    "b2": -4.904951624016714,
    "b3": -7.268310174061037,
    "t1": 298.00908948430464,
    "t2": 1748.778243626923
}