{
    "b0": 10.072004838483805,
    "b1": -3.3010687506386986,
    "b2": 0.00011808904411747534,
    "b3": -9.175682182964518,
    "t1": 28.068094274188333,
    "t2": 153.3827217761012
}