{
    "b0": 10.196022680074824,
    "b1": -0.8102630038341712,
    "b2": -5.020772738892045,
    "b3": -7.746757926933408,
    "t1": 40.36212441311736,
    "t2": 202.47654241567213
}