{
    "b0": 10.95547748219766,
    "b1": -3.7076658088042374,
    "b2": -5.132606939949019,
    "b3": -3.793176395346274,
    "t1": 177.24465762835192,
    "t2": 1038.6854114131104
}