{
    "b0": 10.53325997152336,
    "b1": -0.8568913809009207,
    "b2": -2.6804155297289034,
    "b3": -8.359531007029767,
    "t1": 36.34202070666378,
    "t2": 211.43130739278408
}