{
    "b0": 12.317610506583033,
    "b1": -5.487999055855237,
    "b2": -4.802517143330906,
    "b3": -6.852382027261845,
    "t1": 244.2965532082362,
    "t2": 1546.4572070478284
}