{
    "b0": 9.87637807966828,
    "b1": -2.3183581562635522,
    "b2": -4.005723770083314,
    "b3": -5.2955718381081045,
    "t1": 74.1236610091287,
    "t2": 330.4669366181682
}