{
    "b0": 10.957800694642835,
    "b1": -1.7316657694321367,
    "b2": -57.7978342451896,
    "b3": 52.26176620187957,
    "t1": 174.6790899626748,
    "t2": 170.73474337494483
}