{
    "b0": 10.708447802568411,
    "b1": -3.222940545458999,
    "b2": -5.140409933269335,
    "b3": -3.1962511999334753,
    "t1": 143.41051658435094,
    "t2": 608.5911423505886
}