{
    "b0": 11.62301231299768,
    "b1": -0.7725651313118371,
    "b2": -3.336294257763182,
    "b3": -7.075476926197714,
    "t1": 19.94053671450308,
    "t2": 200.71591504785005
}