{
    "b0": 11.283805923496715,
    "b1": -1.890293800023116,
    "b2": -4.9658052761111025,
    "b3": -7.66552777531737,
    "t1": 13.637979688977158,
    "t2": 169.0984149116783
}