{
    "b0": 10.029912308981531,
    "b1": -2.885536733313187,
    "b2": -3.3513862860513552,
    "b3": -4.735385110589976,
    "t1": 104.66049490614598,
    "t2": 373.402060349186
}