{
    "b0": 11.53973816909929,
    "b1": -1.3781334179980194,
    "b2": -0.9808495478845531,
    "b3": -7.774241020950507,
    "t1": 32.30894121495957,
    "t2": 189.89082209371196
}