{
    "b0": 9.524501075634102,
    "b1": -3.195862256516712,
    "b2": 2.763804516549586,
    "b3": -6.458709977018788,
    "t1": 184.0846143590708,
    "t2": 276.4738303173077
}