{
    "b0": 10.143340845053674,
    "b1": -2.7069855999892276,
    "b2": -4.14471504818683,
    "b3": -4.479003999284089,
    "t1": 110.17700989312652,
    "t2": 421.41690708652453
}