{
    "b0": 10.70173155713588,
    "b1": -2.5449554989564387,
    "b2": -0.02710100724633069,
    "b3": -7.6287611429352555,
    "t1": 70.17393044160723,
    "t2": 211.1457545943648
}