{
    "b0": 9.631170451371515,
    "b1": -2.9497563179309836,
    "b2": 3.688377858707443,
    "b3": -9.444462758242887,
    "t1": 167.20702904479643,
    "t2": 250.09761006601323
}