{
    "b0": 10.567941907915975,
    "b1": -1.4433955169473212,
    "b2": -1.3010657965110104,
    "b3": -8.421499652304178,
    "t1": 42.57601669904488,
    "t2": 193.5806391696284
}