{
    "b0": 10.331241265326275,
    "b1": -2.0812639327672935,
    "b2": -6.112160866183377,
    "b3": -2.9360196151983513,
    "t1": 138.6314250285749,
    "t2": 580.2768060677331
}