{
    "b0": 10.003177337053922,
    "b1": -2.6915280401104065,
    "b2": -3.586575779753088,
    "b3": -4.971182391752083,
    "t1": 99.13663709621957,
    "t2": 378.72571333802443
}