{
    "b0": 10.723524666251594,
    "b1": -3.8882745015782465,
    "b2": -3.621946025556902,
    "b3": -2.7281510739292276,
    "t1": 217.38076109071596,
    "t2": 874.3740663794304
}