{
    "b0": 12.191278804771276,
    "b1": -5.660360456777882,
    "b2": -3.137913751602582,
    "b3": -6.897363844422021,
    "t1": 401.6804258934633,
    "t2": 1906.0017267288388
}