{
    "b0": 11.446774492268798,
    "b1": -2.613028880982041,
    "b2": 551.4662508341402,
    "b3": -556.6196042790716,
    "t1": 144.01602081603957,
    "t2": 144.75929677439532
}