{
    "b0": 11.19672075447321,
    "b1": -0.7501417121722,
    "b2": -401.0630585049601,
    "b3": 395.07946250405,
    "t1": 149.77617891267582,
    "t2": 149.04547407879596
}