{
    "b0": 12.635892332852695,
    "b1": -4.248117121736064,
    "b2": -8.583442736650323,
    "b3": -7.250632002622304,
    "t1": 232.78398974633672,
    "t2": 1596.000888681761
}