{
    "b0": 11.35705116440416,
    "b1": -1.5665458058416766,
    "b2": -1.7131959331617708e-05,
    "b3": -7.368725792935599,
    "t1": 26.100268562227235,
    "t2": 184.90326689705742
}