{
    "b0": 11.077613012998857,
    "b1": -3.774807965217712,
    "b2": -5.44969441602819,
    "b3": -3.3347745243048634,
    "t1": 170.9864518704434,
    "t2": 981.1148236764809
}