{
    "b0": 10.702015084601127,
    "b1": -3.0461050549719424,
    "b2": -5.958170823202838,
    "b3": -2.8905776995278085,
    "t1": 148.46783143762121,
    "t2": 667.3534445387324
}