{
    "b0": 11.278598719917182,
    "b1": -3.0659039475244763,
    "b2": -6.97637416297629,
    "b3": -4.444654336685726,
    "t1": 192.73304957610736,
    "t2": 1167.3023057368448
}