{
    "b0": 11.52545077226316,
    "b1": 1.8720471331411783,
    "b2": -5.139664408076158,
    "b3": -6.994882695384163,
    "t1": 21.939140330493633,
    "t2": 189.74858136954037
}