{
    "b0": 10.464508627978315,
    "b1": -2.3194677915182753,
    "b2": 0.00021670846545340794,
    "b3": -8.362298951787434,
    "t1": 87.78838934968178,
    "t2": 224.7809475378159
}