{
    "b0": 10.702696781586162,
    "b1": -2.401982476497821,
    "b2": -6.8742588201415415,
    "b3": -3.176967547009356,
    "t1": 122.65054423887246,
    "t2": 521.3043815800617
}