{
    "b0": 11.446382220378556,
    "b1": -0.8509812537257364,
    "b2": -1.7609833275583915,
    "b3": -7.475362487143482,
    "t1": 39.959813179560754,
    "t2": 193.52845678435216
}