{
    "b0": 9.716103700551743,
    "b1": -3.8893790257073393,
    "b2": 0.053951624772939244,
    "b3": -6.9832971235931245,
    "t1": 59.16168186193324,
    "t2": 231.07610489667894
}