{
    "b0": 11.517608703128305,
    "b1": -1.0134696417820925,
    "b2": 146.6075785411792,
    "b3": -151.4468072339091,
    "t1": 141.37847421234096,
    "t2": 142.35166652358578
}