{
    "b0": 10.42302333493315,
    "b1": -3.7509022398907073,
    "b2": -2.941870354693359,
    "b3": -2.9969922940150178,
    "t1": 237.44466420901693,
    "t2": 800.4857338393866
}