{
    "b0": 11.690743757597174,
    "b1": -1.4965915570275161,
    "b2": -2.921421623802711,
    "b3": -8.126628833084737,
    "t1": 30.35778927440817,
    "t2": 180.87212046055075
}