{
    "b0": 10.756044446060475,
    "b1": -2.8942069404696813,
    "b2": -6.389850496494361,
    "b3": -2.737098557400424,
    "t1": 139.33776026552982,
    "t2": 624.3391411088534
}