{
    "b0": 13.831486428522316,
    "b1": -6.75537100834503,
    "b2": -6.524188895011282,
    "b3": -10.13609647414691,
    "t1": 266.31836043277656,
    "t2": 1778.9813666162725
}