{
    "b0": 11.108689267252482,
    "b1": -4.198591081239379,
    "b2": -4.3777711493945155,
    "b3": -3.6460467585749874,
    "t1": 252.99728302563264,
    "t2": 1099.004235465776
}