{
    "b0": 11.428307847773096,
    "b1": -1.88143846769588,
    "b2": -1519.5142030520979,
    "b3": 1515.2145897605642,
    "t1": 146.11017231296609,
    "t2": 145.84687302747102
}