{
    "b0": 10.426730929929168,
    "b1": 0.012765015717496553,
    "b2": -6.118865664293653,
    "b3": -7.984229554239562,
    "t1": 14.842321972384124,
    "t2": 197.92023117698946
}