{
    "b0": 9.926972807634804,
    "b1": -1.3506579935907137,
    "b2": -3.982649699173071,
    "b3": -5.906371225013852,
    "t1": 50.99023897011833,
    "t2": 196.69378390516582
}