{
    "b0": 9.833554226261697,
    "b1": -2.8705054297940062,
    "b2": -2.76244970661729,
    "b3": -7.1785132826383,
    "t1": 43.161967961000194,
    "t2": 233.45136007126857
}