{
    "b0": 10.97775076437553,
    "b1": -2.941586931451589,
    "b2": 8.30445164361247,
    "b3": -13.669359443812308,
    "t1": 105.78581667366194,
    "t2": 159.11905269599978
}