{
    "b0": 11.609370320364036,
    "b1": -1.6711960037064344,
    "b2": -2.995838203644639,
    "b3": -8.071192938037619,
    "t1": 27.688165401147387,
    "t2": 180.60088175271576
}