{
    "b0": 9.573165092158659,
    "b1": -3.2508017798288584,
    "b2": 30.02224363188006,
    "b3": -34.033248088329984,
    "t1": 182.38879547956347,
    "t2": 200.96026592495045
}