{
    "b0": 11.198777810455312,
    "b1": -3.7797288040043657,
    "b2": -5.776776949392481,
    "b3": -4.690624568404294,
    "t1": 171.41330441194177,
    "t2": 1103.0771640145542
}