{
    "b0": 11.22003435930954,
    "b1": -3.5558407688222795,
    "b2": -6.412701916707739,
    "b3": -3.7480481099839205,
    "t1": 191.51484830387784,
    "t2": 1124.2930907386594
}