{
    "b0": 10.274639467492564,
    "b1": -3.08964213261547,
    "b2": -4.5794457192226865,
    "b3": -2.2782643032325254,
    "t1": 184.56995140088546,
    "t2": 748.0491329774187
}