{
    "b0": 9.967409362736143,
    "b1": -0.9154318691583336,
    "b2": -7.844462689922115,
    "b3": -4.618753727135899,
    "t1": 24.333631658791976,
    "t2": 193.22817152148767
}