{
    "b0": 9.90629151239992,
    "b1": -3.211497113853512,
    "b2": -2.0307254801047367,
    "b3": -4.018606053123574,
    "t1": 48.005548976719155,
    "t2": 258.2218601920359
}