{
    "b0": 12.01227446574558,
    "b1": -2.2380246202811165,
    "b2": -3.492015851840183,
    "b3": -1.812571659071094,
    "t1": 98.18191612663674,
    "t2": 330.3290954447482
}