{
    "b0": 10.085453523447459,
    "b1": -2.6234583022805777,
    "b2": -4.250981317211649,
    "b3": -4.693467073119563,
    "t1": 38.152522055695094,
    "t2": 209.23572652340903
}