{
    "b0": 10.043600862866874,
    "b1": -1.6312086350834285,
    "b2": -7.015423093337475,
    "b3": -4.672874490202367,
    "t1": 25.42319498886726,
    "t2": 186.84820890922438
}