{
    "b0": 13.21445160308899,
    "b1": 1.9787160371460466,
    "b2": -25.361344502849757,
    "b3": -10.417494456136103,
    "t1": 3.1268695503785606,
    "t2": 108.76024143274307
}