{
    "b0": 11.508871860600737,
    "b1": -3.8183239556895856,
    "b2": -2.955508755729403,
    "b3": -6.3488282341585895,
    "t1": 21.534191120894278,
    "t2": 136.32198474596063
}