{
    "b0": 11.976260618164025,
    "b1": -3.3803068542925416,
    "b2": 0.00262106029419229,
    "b3": -6.466215395992291,
    "t1": 40.49526134137086,
    "t2": 138.0841380943996
}