{
    "b0": 11.052036146186602,
    "b1": -3.58839770816044,
    "b2": 556.2353419270299,
    "b3": -558.2362765841505,
    "t1": 124.65124505090282,
    "t2": 125.20486275302318
}