{
    "b0": 13.43673482802256,
    "b1": -3.5030243353960824,
    "b2": -2.5842333840508074,
    "b3": -8.346341373686816,
    "t1": 33.87915220197565,
    "t2": 136.17237015930453
}