{
    "b0": 18.019825633028034,
    "b1": -10.979908152568274,
    "b2": -8.458051558092002,
    "b3": -22.272571164425027,
    "t1": 374.89602365785174,
    "t2": 2179.9544212406604
}