{
    "b0": 13.450876349924895,
    "b1": -3.6270801581008207,
    "b2": -3.5096018888052605,
    "b3": -8.639877919571475,
    "t1": 28.397104739254203,
    "t2": 140.67053392553348
}