{
    "b0": 12.062568687038382,
    "b1": -2.70294355177575,
    "b2": -4.923706827937838,
    "b3": -5.884952399259966,
    "t1": 13.645184307958688,
    "t2": 101.37797162124772
}