{
    "b0": 11.979925574367698,
    "b1": -2.6163741833576073,
    "b2": -2.80627900365777,
    "b3": -1.4242020925809094,
    "t1": 112.77053409801368,
    "t2": 463.62944408649224
}