{
    "b0": 13.349892585417479,
    "b1": -3.8114512170444677,
    "b2": 0.0003414411514377491,
    "b3": -8.484917893297082,
    "t1": 45.214587885275336,
    "t2": 149.95202294475988
}