{
    "b0": 12.160643533802602,
    "b1": -3.591968323712658,
    "b2": -13.090681011587467,
    "b3": -9.230080779476571,
    "t1": 2.9565338997557693,
    "t2": 87.36656099691008
}