{
    "b0": 12.048084915474748,
    "b1": -1.7064116351747458,
    "b2": -3.7802439294159433,
    "b3": -3.4418140699999715,
    "t1": 48.51787269024527,
    "t2": 165.02995048934892
}