{
    "b0": 10.11860575719841,
    "b1": -2.9973495125902234,
    "b2": -2.300535415653022,
    "b3": -6.122686508695552,
    "t1": 59.48044093822585,
    "t2": 229.9032590059281
}