{
    "b0": 10.117204218546508,
    "b1": -3.298021956951314,
    "b2": -3.2665335758359793,
    "b3": -4.678546930755263,
    "t1": 40.68329313427934,
    "t2": 236.65706391546175
}