{
    "b0": 13.125064726797623,
    "b1": -4.606466370540354,
    "b2": 571.3840013655484,
    "b3": -574.9923682162358,
    "t1": 114.02106741960516,
    "t2": 114.75887549273476
}