{
    "b0": 12.86510550300175,
    "b1": -2.9177698897711215,
    "b2": -4.095550417174797,
    "b3": -2.2311081409470486,
    "t1": 124.67856577322165,
    "t2": 1141.5854013414016
}