{
    "b0": 11.922615017190134,
    "b1": -3.116610035648674,
    "b2": 5.9395722202371104e-05,
    "b3": -7.471272823644657,
    "t1": 18.97026510629362,
    "t2": 105.30235272179438
}