{
    "b0": 9.940726006102189,
    "b1": -3.497602477687595,
    "b2": 0.001084300099336133,
    "b3": -4.123311465348955,
    "t1": 85.32563766014798,
    "t2": 324.26545188747554
}