{
    "b0": 9.921315728949935,
    "b1": -3.0525821899889527,
    "b2": 0.3294296206108831,
    "b3": -3.3554038879378663,
    "t1": 88.89915196472435,
    "t2": 313.80223819118214
}