{
    "b0": 9.663914497284821,
    "b1": -1.9750708804043375,
    "b2": -3.965248987084201,
    "b3": -4.243700261764159,
    "t1": 38.972404510013455,
    "t2": 216.80884260008915
}