{
    "b0": 10.072529581465743,
    "b1": -3.0376679462065903,
    "b2": -4.0798021684078,
    "b3": -4.954749771090668,
    "t1": 35.22137170720692,
    "t2": 199.68083339713021
}