{
    "b0": 10.774577271539723,
    "b1": -2.255743330753124,
    "b2": 512.4686250132261,
    "b3": -515.7462571732927,
    "t1": 115.98184023096638,
    "t2": 116.52097323743092
}