{
    "b0": 11.699244587341463,
    "b1": -4.255348325908509,
    "b2": -292.4427307349854,
    "b3": 289.3535362537434,
    "t1": 104.86974998960328,
    "t2": 103.27879292381392
}