{
    "b0": 10.353007693899976,
    "b1": -4.286519299709612,
    "b2": 0.0015186758632914632,
    "b3": -5.556351814601573,
    "t1": 42.0653126422492,
    "t2": 248.09853186075404
}