{
    "b0": 9.950999645942845,
    "b1": -3.32810250461264,
    "b2": -0.0005952113146077131,
    "b3": -4.491915708010127,
    "t1": 83.82662347157857,
    "t2": 318.06541235746306
}