{
    "b0": 12.174861471000916,
    "b1": -3.0678758781054714,
    "b2": -2.3659528112336785,
    "b3": -0.7842527283597278,
    "t1": 155.3195181574131,
    "t2": 953.5898443336807
}