{
    "b0": 12.364601639479805,
    "b1": -3.8712563792727472,
    "b2": 379.93735119298964,
    "b3": -384.4038873043082,
    "t1": 88.71218013256188,
    "t2": 89.47464681964506
}