{
    "b0": 13.413236294566468,
    "b1": -3.6071394962037413,
    "b2": -4.459924130291814,
    "b3": -3.2088775642582825,
    "t1": 136.04792578017978,
    "t2": 1301.9894925419396
}