{
    "b0": 11.457750086242086,
    "b1": -3.2328916280096474,
    "b2": 400.4005464440199,
    "b3": -403.71741863389406,
    "t1": 98.62425968275643,
    "t2": 99.32415273390815
}