{
    "b0": 11.98428371671546,
    "b1": -2.4061879763510836,
    "b2": -3.1649118711829343,
    "b3": -1.514461701982071,
    "t1": 108.40761942684757,
    "t2": 376.0330121741664
}