{
    "b0": 9.853950518692853,
    "b1": -3.749810369636241,
    "b2": -1.796098951369082,
    "b3": -4.647759114844447,
    "t1": 32.92477387191331,
    "t2": 259.9065098580542
}