{
    "b0": 9.845237648260778,
    "b1": -3.213513079186308,
    "b2": 0.008755205656393983,
    "b3": -4.746021213253778,
    "t1": 59.7030173442488,
    "t2": 286.53022433846184
}