{
    "b0": 9.673660319410011,
    "b1": -2.403983214272224,
    "b2": -2.961293368076261,
    "b3": -6.3920933461895615,
    "t1": 48.97980565781383,
    "t2": 256.9160795688308
}