{
    "b0": 11.769296608246016,
    "b1": -2.7247164638573116,
    "b2": 0.0002279877287447718,
    "b3": -4.232316312573478,
    "t1": 75.99464180137502,
    "t2": 166.44413672956557
}