{
    "b0": 10.34485146389396,
    "b1": -3.6506991500649963,
    "b2": 0.00018372995130766512,
    "b3": -5.300134082186051,
    "t1": 57.39915300476406,
    "t2": 278.6817837824502
}