{
    "b0": 12.308889233426314,
    "b1": -3.453386306701338,
    "b2": -3730.463468368947,
    "b3": 3725.968561235821,
    "t1": 90.33663470859106,
    "t2": 90.27730546748454
}