{
    "b0": 10.937093814934512,
    "b1": -2.7186316741913465,
    "b2": -1232.1549687832219,
    "b3": 1229.099330110312,
    "t1": 110.91906558172857,
    "t2": 110.64320585343334
}