{
    "b0": 12.994442440094293,
    "b1": -4.027932090024414,
    "b2": -461.3395945327052,
    "b3": 457.53158252892666,
    "t1": 143.60117955357308,
    "t2": 143.04401480194036
}