{
    "b0": 12.38726729278381,
    "b1": -3.0233358773990373,
    "b2": -2.3134950082871164,
    "b3": -5.4110767105670154,
    "t1": 33.59803371125132,
    "t2": 128.5422292586363
}