{
    "b0": 9.907315560077405,
    "b1": -1.333450279710065,
    "b2": -6.303121365024991,
    "b3": -4.966346959035424,
    "t1": 29.50290088601934,
    "t2": 216.69716793731615
}