{
    "b0": 11.87339070032873,
    "b1": -2.5010268815539742,
    "b2": 0.0003604602558153758,
    "b3": -6.207805449992094,
    "t1": 51.34019413957295,
    "t2": 143.62380054746308
}