{
    "b0": 12.312695499986948,
    "b1": -3.290141351661968,
    "b2": 408.6074385292476,
    "b3": -413.31232998348173,
    "t1": 87.7755894419434,
    "t2": 88.30743884638422
}