{
    "b0": 10.086784128362211,
    "b1": -3.5998360842604837,
    "b2": 0.0012480578816864707,
    "b3": -4.661023081966597,
    "t1": 55.90503144684842,
    "t2": 283.6057533564734
}