{
    "b0": 12.32397770758939,
    "b1": -3.9436176437096684,
    "b2": 485.9473557539993,
    "b3": -489.92865871479506,
    "t1": 89.98141959953183,
    "t2": 90.51394518925946
}