{
    "b0": 11.687655694449706,
    "b1": -2.889707768896719,
    "b2": 0.07474143776192244,
    "b3": -2.953292584361237,
    "t1": 86.83587657326193,
    "t2": 153.19252887903082
}