{
    "b0": 11.318051613708624,
    "b1": -3.084754275031286,
    "b2": -1.513270517827928,
    "b3": -6.57052029318426,
    "t1": 23.030316658244075,
    "t2": 139.47598455808222
}