{
    "b0": 12.41399430827189,
    "b1": -3.2586761201086523,
    "b2": -2.8408742532406217,
    "b3": -5.739212799692956,
    "t1": 25.889705755142153,
    "t2": 120.3597449193485
}