{
    "b0": 13.303888254403626,
    "b1": -3.0291958020783296,
    "b2": -3.7245439763231296,
    "b3": -4.986317796528087,
    "t1": 28.38938124383003,
    "t2": 137.02021154587914
}