{
    "b0": 12.832466856237588,
    "b1": -1.6424767558738997,
    "b2": -7.08305151928633,
    "b3": -4.468200715231743,
    "t1": 16.312364322299185,
    "t2": 135.67079271828305
}