{
    "b0": 11.849817599710807,
    "b1": -1.1998171209447897,
    "b2": 0.314233518235274,
    "b3": -2.979587326534303,
    "t1": 0.5316512129227944,
    "t2": 35.748110260909954
}