{
    "b0": 12.035561279445776,
    "b1": -0.6829516728788798,
    "b2": 1171.3735077402173,
    "b3": -1173.7987158842952,
    "t1": 74.67295800231972,
    "t2": 74.7742911408223
}