{
    "b0": 12.373680075399523,
    "b1": -0.9975308233525584,
    "b2": 21.20019870980055,
    "b3": -9.061421291865402,
    "t1": 1.0247786351628794,
    "t2": 9.016978859206777
}