{
    "b0": 13.255870208833059,
    "b1": -2.9292988835172924,
    "b2": -1.9500182120563705,
    "b3": -5.859556982992164,
    "t1": 52.5061765003335,
    "t2": 167.7348634881872
}