{
    "b0": 11.955700153777258,
    "b1": -1.2693496524846068,
    "b2": 4.30371898539339e-05,
    "b3": -3.9348131601774323,
    "t1": 2.2680433214217848,
    "t2": 164.6957345143067
}