{
    "b0": 13.081040495859448,
    "b1": -2.977434038478705,
    "b2": -1.1646758391150702,
    "b3": -0.8643236784763209,
    "t1": 166.28530406792885,
    "t2": 153.84209195780394
}