{
    "b0": 11.860917345010746,
    "b1": -0.2461302413171471,
    "b2": 79.51015341903005,
    "b3": -82.2175869446342,
    "t1": 91.49344273505277,
    "t2": 92.89395935140342
}