{
    "b0": 12.32074013712937,
    "b1": -0.8580275018137304,
    "b2": -0.5825702789051873,
    "b3": -3.3292709750491127,
    "t1": 37.73610558021145,
    "t2": 100.79444747318568
}