{
    "b0": 12.023696240778142,
    "b1": -1.1342687063214036,
    "b2": -3.6861130294414908,
    "b3": -2.9472300885290794,
    "t1": 12.668382029178618,
    "t2": 162.60826554607522
}