{
    "b0": 12.219948135122568,
    "b1": -1.529159347986481,
    "b2": -12835.32715311898,
    "b3": 12834.96912829247,
    "t1": 21.459641486814927,
    "t2": 21.45431837042949
}