{
    "b0": 12.233153982147178,
    "b1": -1.2322216797925512,
    "b2": -2.7812287579887527,
    "b3": -3.250583268138991,
    "t1": 17.622796639416453,
    "t2": 156.32736365589568
}