{
    "b0": 11.606912398048973,
    "b1": -0.9572046697902481,
    "b2": -13072.735508805836,
    "b3": 13087.11939119223,
    "t1": 2.926558773561807,
    "t2": 2.9222676216963963
}