{
    "b0": 13.050900871815035,
    "b1": -2.6163724784431794,
    "b2": -2.3584611234762196,
    "b3": -4.265500079193891,
    "t1": 42.28688561119201,
    "t2": 137.67657027282604
}