{
    "b0": 13.334514524792441,
    "b1": -2.6943400716381305,
    "b2": -2.9117734398843416,
    "b3": -5.1731740437608655,
    "t1": 52.12128860752547,
    "t2": 176.26280040178685
}