{
    "b0": 12.264281738143135,
    "b1": -0.6739132664876419,
    "b2": -4.084319126731349,
    "b3": -1.9155101661607201,
    "t1": 10.366797964296001,
    "t2": 18.532728618889124
}