{
    "b0": 11.797082843122766,
    "b1": -1.180269496483024,
    "b2": -176951.63439609055,
    "b3": 176961.76845251743,
    "t1": 2.0483925916634633,
    "t2": 2.0481137523714943
}