{
    "b0": 13.314609303797775,
    "b1": -3.350773067331848,
    "b2": -2.380901286340075,
    "b3": -5.738746858100409,
    "t1": 39.7049214096486,
    "t2": 146.47627956040094
}