{
    "b0": 11.97829755951373,
    "b1": -1.7617921252128852,
    "b2": -3457.568469102587,
    "b3": 3456.608003847795,
    "t1": 37.07063922761554,
    "t2": 37.04943965262359
}