{
    "b0": 11.51260040993078,
    "b1": -0.8423290071155025,
    "b2": 16.897684453619807,
    "b3": -2.688928847724643,
    "t1": 0.8012568879861112,
    "t2": 132.65223456535037
}