{
    "b0": 11.902278905475729,
    "b1": -0.9327439530238841,
    "b2": 36208.22285840562,
    "b3": -36210.29343999455,
    "t1": 7.296260697413695,
    "t2": 7.296970704005562
}