{
    "b0": 11.089323715707923,
    "b1": -0.45327892921164026,
    "b2": -0.2661209423574364,
    "b3": 4.019253829070822,
    "t1": 47.42430580441286,
    "t2": 5.280924431119983
}