{
    "b0": 12.225457198971062,
    "b1": -2.1501398762764308,
    "b2": 5.177210062043727,
    "b3": -6.8545330947187635,
    "t1": 93.55940339048604,
    "t2": 147.87025164444296
}