{
    "b0": 13.237608595906355,
    "b1": -2.6796585316393937,
    "b2": -5.996252803028905,
    "b3": -5.209743184826545,
    "t1": 22.557171787352257,
    "t2": 130.29891909499776
}