{
    "b0": 11.915958562222695,
    "b1": -0.6700891584120074,
    "b2": -8122.5570536140485,
    "b3": 8121.516187939084,
    "t1": 7.3695984920291435,
    "t2": 7.365610460269846
}