{
    "b0": 12.373545292812748,
    "b1": -2.3088430456266633,
    "b2": -171.9752531512784,
    "b3": 170.6935679102213,
    "t1": 74.27675192685571,
    "t2": 73.25240400215299
}