{
    "b0": 12.66375502998141,
    "b1": 1.457734342680709,
    "b2": -14.683229345241282,
    "b3": -6.316222650858372,
    "t1": 5.766579251962633,
    "t2": 88.5244216538813
}