{
    "b0": 12.255738253182315,
    "b1": -1.7750331993026265,
    "b2": 4184.979200419958,
    "b3": -4186.597881613067,
    "t1": 40.51911169381277,
    "t2": 40.54251890425134
}