{
    "b0": 13.467200625445388,
    "b1": -2.8287608958286876,
    "b2": -3.4290304714988498,
    "b3": -1.9146337252897059,
    "t1": 71.6491429462939,
    "t2": 133.79270203561387
}