{
    "b0": 13.398787221232379,
    "b1": -2.631392563741829,
    "b2": -4.0747162951315214,
    "b3": -5.066533760479695,
    "t1": 29.737214377376127,
    "t2": 133.18071286088846
}