{
    "b0": 13.386148283562315,
    "b1": -2.9208605407364017,
    "b2": -3.2460847037627376,
    "b3": -3.32573926161459,
    "t1": 52.20256875743334,
    "t2": 143.06894328053735
}