{
    "b0": 11.827019208651706,
    "b1": -1.7686803913498146,
    "b2": 1082.489000632264,
    "b3": -1082.8209078079394,
    "t1": 63.758214170675394,
    "t2": 63.9278243870394
}