{
    "b0": 13.30296014107726,
    "b1": -3.051181923746678,
    "b2": -0.4611054832305357,
    "b3": -6.148036535180756,
    "t1": 89.65971041982019,
    "t2": 168.6528569151351
}