{
    "b0": 11.867368801458339,
    "b1": -1.7724404442540012,
    "b2": -2248.849004900554,
    "b3": 2248.321840158298,
    "t1": 94.47714524931934,
    "t2": 94.3676136020591
}