{
    "b0": 13.24880577760644,
    "b1": -4.9026109853855235,
    "b2": -0.00010318607356563092,
    "b3": -9.115819731730886,
    "t1": 22.266404672138332,
    "t2": 130.9232501177761
}