{
    "b0": 12.088665742870631,
    "b1": -1.4057901819313936,
    "b2": 1985.5702444028168,
    "b3": -1987.3399556895183,
    "t1": 32.64265542269554,
    "t2": 32.6736206917151
}