{
    "b0": 12.881135541775398,
    "b1": -2.243016730484767,
    "b2": -7.743208873373124,
    "b3": -5.980297182428017,
    "t1": 12.114037666441243,
    "t2": 129.90053876143955
}