{
    "b0": 13.051678792043317,
    "b1": -2.860981224649467,
    "b2": -4.311777396771223,
    "b3": 2.1589727438207285,
    "t1": 162.84334962536784,
    "t2": 151.75875998925238
}