{
    "b0": 12.626902532862426,
    "b1": -1.9224295988336753,
    "b2": -3.6117704538880675,
    "b3": -4.52280748777904,
    "t1": 11.712185507354455,
    "t2": 109.39084009761874
}