{
    "b0": 11.585438180128762,
    "b1": -0.15007539899625977,
    "b2": -4.151316389811728,
    "b3": -1.9462014969998793,
    "t1": 4.395717930318267,
    "t2": 64.07623280435068
}