{
    "b0": 12.007720877478194,
    "b1": -0.8769842105375787,
    "b2": 17250.77511619142,
    "b3": -17249.762638881257,
    "t1": 6.9127539376162055,
    "t2": 6.915359432661496
}