{
    "b0": 13.093086307570305,
    "b1": -0.5290508821728519,
    "b2": -5.439737950896833,
    "b3": -4.0969581430319835,
    "t1": 33.88101836832916,
    "t2": 140.39097615956715
}