{
    "b0": 12.624003778977274,
    "b1": -2.2357942428252406,
    "b2": 2807.844504377539,
    "b3": -2810.018983829842,
    "t1": 86.43953437457758,
    "t2": 86.49860151823252
}