{
    "b0": 12.066768252871674,
    "b1": -1.4427911063437024,
    "b2": 0.04269922139070337,
    "b3": -4.033412000376776,
    "t1": 16.521424959343587,
    "t2": 169.82456743724237
}