{
    "b0": 12.590217051981448,
    "b1": -2.5358235838886616,
    "b2": -9736.954556167659,
    "b3": 9736.677760376604,
    "t1": 24.096875381435304,
    "t2": 24.085614614980713
}