{
    "b0": 12.07307438024411,
    "b1": -1.1889734996756638,
    "b2": 5786.0945188699325,
    "b3": -5786.743319058791,
    "t1": 7.4789578616677375,
    "t2": 7.485844146887354
}