{
    "b0": 11.72395550975072,
    "b1": -1.405402974115902,
    "b2": 0.3113360996611708,
    "b3": 3.0069663769082426,
    "t1": 43.281102147986616,
    "t2": 183.80833781814025
}