{
    "b0": 12.290137901923238,
    "b1": -0.9557124647952683,
    "b2": -16377.491957402526,
    "b3": 16382.773002562351,
    "t1": 6.6258167276598,
    "t2": 6.623528058656181
}