{
    "b0": 11.624822968381348,
    "b1": -0.8216591057294148,
    "b2": 25.75076494104577,
    "b3": -21.752989001747448,
    "t1": 137.2609803817435,
    "t2": 133.1023083207005
}