{
    "b0": 12.140432067035022,
    "b1": -0.8048720644484012,
    "b2": 58665.72574730735,
    "b3": -58661.4419715202,
    "t1": 6.034989800506685,
    "t2": 6.0354125771363645
}