{
    "b0": 12.331148171857944,
    "b1": -1.5534469665771184,
    "b2": 3228.3004417527018,
    "b3": -3227.9577832256336,
    "t1": 7.297361261152654,
    "t2": 7.303364224349436
}