{
    "b0": 12.41492557882392,
    "b1": -0.5624196912598234,
    "b2": 8177.807971185136,
    "b3": -8175.944446563352,
    "t1": 3.449013903931937,
    "t2": 3.4472796193138793
}