{
    "b0": 12.504573261976189,
    "b1": -0.724269086243547,
    "b2": 33809.49620747243,
    "b3": -33818.976948072916,
    "t1": 3.05324194346986,
    "t2": 3.0523374510421153
}