{
    "b0": 12.54182404240615,
    "b1": -0.7587727563331836,
    "b2": -49168.07625104193,
    "b3": 49163.364632268356,
    "t1": 2.5406691989551007,
    "t2": 2.541044092700799
}