{
    "b0": 9.264076506589584,
    "b1": -7.14484767671887,
    "b2": 14.045748323564547,
    "b3": 9.676769297350987,
    "t1": 2.1307169333181952,
    "t2": 101.8176475691109
}