{
    "b0": 8.203422707648942,
    "b1": 7.539373717231314,
    "b2": 13.430460621733598,
    "b3": 19.747312906445,
    "t1": 12.2203461383951,
    "t2": 140.72885942387387
}