{
    "b0": 7.987929730381118,
    "b1": 2.9652364475445623,
    "b2": 8.758156803428552,
    "b3": 10.799132871392526,
    "t1": 47.067876555974706,
    "t2": 319.6957466916073
}