{
    "b0": 8.139656456088266,
    "b1": -0.9763722393279348,
    "b2": 13.083023248219382,
    "b3": 10.427417232458689,
    "t1": 18.629858499220514,
    "t2": 165.05958100046075
}