{
    "b0": 8.771016543423412,
    "b1": 5.804678591776426,
    "b2": 3.1527046539381995,
    "b3": 13.878926323602709,
    "t1": 29.5956734819017,
    "t2": 148.985075314236
}