{
    "b0": 8.28092861118473,
    "b1": 6.153284761187646,
    "b2": 6.878739379806456,
    "b3": 19.069505153402822,
    "t1": 13.032214256747803,
    "t2": 136.35521488542278
}