{
    "b0": 8.386084574104492,
    "b1": 2.324208160843746,
    "b2": 6.975137881472888,
    "b3": 9.703418420727212,
    "t1": 75.5722772731931,
    "t2": 313.7887761250792
}