{
    "b0": 7.781135982912789,
    "b1": 2.803378542186387,
    "b2": 17.78396037949661,
    "b3": 14.144223293311907,
    "t1": 12.879181352129205,
    "t2": 113.1470983763825
}