{
    "b0": 8.92977708344426,
    "b1": 4.4611375732077025,
    "b2": 24.151802102848528,
    "b3": 8.819942804434492,
    "t1": 15.43561416299278,
    "t2": 216.14424329435045
}