{
    "b0": 42.56120832216133,
    "b1": -31.319479571398354,
    "b2": -51.56546250322423,
    "b3": 3.9744389746686792,
    "t1": 3334.1779020333,
    "t2": 204.27826124158776
}