{
    "b0": 9.580151432471482,
    "b1": -23.41507164707512,
    "b2": 35.53745669630731,
    "b3": 11.755322364949219,
    "t1": 8.690323113136325,
    "t2": 142.5407709491183
}