{
    "b0": 7.887963314556899,
    "b1": 7.1522567716611505,
    "b2": 4.172391078316451,
    "b3": 26.330238711722632,
    "t1": 18.296335963859526,
    "t2": 130.7290770017944
}