{
    "b0": 8.160999178168739,
    "b1": 7.520776605168194,
    "b2": 13.379829689864595,
    "b3": 19.621838897506443,
    "t1": 12.839605236342111,
    "t2": 140.67124864519388
}