{
    "b0": 7.719250762122165,
    "b1": 4.458462906724291,
    "b2": 11.176824955063493,
    "b3": 11.577490236796933,
    "t1": 28.94415202105164,
    "t2": 200.30657390975335
}