{
    "b0": 8.953401455855841,
    "b1": 0.4724594742478292,
    "b2": -0.5441235132027797,
    "b3": 11.551233294486998,
    "t1": 11.813819901863974,
    "t2": 92.9959046953546
}