{
    "b0": 8.48786089955965,
    "b1": 1.6554853018650242,
    "b2": 3.462273352183618,
    "b3": 7.987256305967865,
    "t1": 34.996776069277125,
    "t2": 132.21957885385143
}