{
    "b0": 8.14959674717064,
    "b1": 1.7672133139428858,
    "b2": 6.698274802800892,
    "b3": 11.993416266914497,
    "t1": 16.072810890019092,
    "t2": 171.34472155093096
}