{
    "b0": 8.12298836760403,
    "b1": -1.9310867591552512,
    "b2": 14.769596228126046,
    "b3": 10.708656647137945,
    "t1": 16.70763592483822,
    "t2": 165.6638919583104
}