{
    "b0": 8.110762488160946,
    "b1": 7.900349585644076,
    "b2": 34.59683987992937,
    "b3": 17.989895543571848,
    "t1": 9.57613148212122,
    "t2": 75.63492876498489
}