{
    "b0": 8.22261645338645,
    "b1": 2.814823951244234,
    "b2": 8.565375100105278,
    "b3": 10.613336349139747,
    "t1": 38.410439934270855,
    "t2": 284.55978803904867
}