{
    "b0": 8.729245419706988,
    "b1": 1.908642201268652,
    "b2": 3.1492044956594367,
    "b3": 12.654418174063778,
    "t1": 77.24875434698805,
    "t2": 228.0869324746181
}