{
    "b0": 8.416249454417931,
    "b1": 3.2963353497945533,
    "b2": 7.8777844359712175,
    "b3": 8.618765810947533,
    "t1": 75.50012222334055,
    "t2": 327.08275520692575
}