{
    "b0": 8.334461739432706,
    "b1": -381.5299051565616,
    "b2": 596.3285294034138,
    "b3": 21.615666509170637,
    "t1": 0.7953549841251939,
    "t2": 61.270036009875696
}