{
    "b0": 8.249708167907963,
    "b1": 10.680166609222063,
    "b2": 12.741616071824655,
    "b3": 20.24498990703519,
    "t1": 7.4437777878877025,
    "t2": 65.76947336751412
}