{
    "b0": 8.532733151012986,
    "b1": 4.713672575509364,
    "b2": 0.6961546177820641,
    "b3": 11.442244545885373,
    "t1": 102.91784321107862,
    "t2": 274.6853020547814
}