{
    "b0": 8.097433218033089,
    "b1": 6.2320895597649795,
    "b2": 22.779878141166577,
    "b3": 20.441661627916112,
    "t1": 10.699590038722627,
    "t2": 75.5202162667474
}