{
    "b0": 7.889473290988602,
    "b1": 3.8232189459546397,
    "b2": 25.546076943514404,
    "b3": 16.436457865697133,
    "t1": 9.941297936912981,
    "t2": 95.87395447228955
}