{
    "b0": 8.420632302901701,
    "b1": 1.490514187542491,
    "b2": 5.433764259258013,
    "b3": 9.277375368704966,
    "t1": 20.64822436534687,
    "t2": 157.56684030146667
}