{
    "b0": 9.072755782888509,
    "b1": 4.821082928726412,
    "b2": 25.263712694030346,
    "b3": 9.419251715767745,
    "t1": 12.758708213383986,
    "t2": 183.4651829579397
}