{
    "b0": 8.844510106984295,
    "b1": 3.1605048400040943,
    "b2": 5.498905327205596,
    "b3": 8.762524843737356,
    "t1": 80.83910166152968,
    "t2": 277.60198941721757
}