{
    "b0": 8.146924611235443,
    "b1": 1.7557442271128139,
    "b2": 6.640056207664479,
    "b3": 11.919963037272037,
    "t1": 12.870804211945568,
    "t2": 174.01864963402642
}