{
    "b0": 9.334390736640989,
    "b1": -20.864219277086594,
    "b2": 26.607485924507092,
    "b3": 8.727121078872122,
    "t1": 9.770840501224733,
    "t2": 121.26909613851691
}