{
    "b0": 8.157278354779937,
    "b1": -175.31085280230172,
    "b2": 348.4716870905933,
    "b3": 18.568198649766543,
    "t1": 1.4209822763770898,
    "t2": 70.60984737166332
}