{
    "b0": 9.341112837788197,
    "b1": 4.833305673787983,
    "b2": 1.395298983286608e-05,
    "b3": 13.007197125728265,
    "t1": 19.397963025027895,
    "t2": 155.28728231617097
}