{
    "b0": 7.958793599029189,
    "b1": 9.406170312823729,
    "b2": 11.419181203091714,
    "b3": 20.86044494855206,
    "t1": 13.094189450985152,
    "t2": 142.45129963226063
}