{
    "b0": 8.164789260293274,
    "b1": -47.002031782648544,
    "b2": 167.55350043135024,
    "b3": 23.87998997545659,
    "t1": 1.2139437185267448,
    "t2": 127.31155347672987
}