{
    "b0": 8.388347371903057,
    "b1": 0.3394395722839292,
    "b2": 13.125424304977376,
    "b3": 11.050996697843885,
    "t1": 24.062057943578665,
    "t2": 254.2782239327299
}