{
    "b0": 7.764686887337836,
    "b1": 2.12327408158302,
    "b2": 34.40559642840463,
    "b3": 16.573286567963326,
    "t1": 8.67650857224874,
    "t2": 95.81161142566846
}