{
    "b0": 8.44454726701136,
    "b1": 6.812696838917823,
    "b2": 27.98479696041109,
    "b3": 20.02236224927517,
    "t1": 10.236018777278304,
    "t2": 67.15661478885613
}