{
    "b0": 9.435924411963757,
    "b1": 4.56715127241239,
    "b2": 2.5639547136968588e-05,
    "b3": 12.924010719594431,
    "t1": 19.988368194614164,
    "t2": 155.1223450724167
}