{
    "b0": 9.447266664839653,
    "b1": -0.3544930502102339,
    "b2": 4.6395154095920965,
    "b3": 8.24173078942543,
    "t1": 19.282380779402473,
    "t2": 109.84815141555765
}