{
    "b0": 7.988855541318983,
    "b1": 4.088401588386159,
    "b2": 13.24315616276763,
    "b3": 15.3825943208138,
    "t1": 12.050745695845157,
    "t2": 105.69623288241911
}