{
    "b0": 8.933098417751507,
    "b1": 4.350952059409629,
    "b2": 0.0020413353459121097,
    "b3": 9.38668371537296,
    "t1": 125.70104665151938,
    "t2": 246.58893782272193
}