{
    "b0": 8.792243555958382,
    "b1": 3.4058752666525844,
    "b2": 24.15026150145703,
    "b3": 9.006918494004797,
    "t1": 16.550750385681486,
    "t2": 262.0049425227241
}