{
    "b0": -22.223668293537624,
    "b1": 34.08664800883364,
    "b2": 26.3630103401524,
    "b3": -2.8480434140212534,
    "t1": 1705.9284658895654,
    "t2": -1773.2882106368975
}