{
    "b0": 7.929416218383879,
    "b1": 3.782716578180114,
    "b2": 24.900305832813878,
    "b3": 15.124123459668546,
    "t1": 10.388259591228644,
    "t2": 96.69075210491698
}