{
    "b0": 7.971777096837554,
    "b1": 1.616410652219523,
    "b2": 5.259286793090432,
    "b3": 8.966720036710722,
    "t1": 49.64013088154316,
    "t2": 197.91970595021903
}