{
    "b0": 7.986723724198555,
    "b1": 3.4765254117529025,
    "b2": 5.264709940635738,
    "b3": 8.876645955306294,
    "t1": 47.021094486515175,
    "t2": 200.93478747536784
}