{
    "b0": 8.726183839294428,
    "b1": 3.47367406134774,
    "b2": 45.16887366457039,
    "b3": 19.146386349382983,
    "t1": 9.27461107378789,
    "t2": 94.33662156771442
}