{
    "b0": 7.5858483000045895,
    "b1": 4.536770261168773,
    "b2": 10.06449585176054,
    "b3": 14.127890758727753,
    "t1": 26.900026101844094,
    "t2": 210.56843975968397
}