{
    "b0": 8.285337289985058,
    "b1": 2.1675903094554814,
    "b2": 4.09516389630494,
    "b3": 6.826264467976386,
    "t1": 56.484270293821275,
    "t2": 200.58357456874185
}