{
    "b0": 8.428776799888384,
    "b1": 4.618640019212243,
    "b2": 0.11928761919150555,
    "b3": 11.976933182918835,
    "t1": 110.04197796410136,
    "t2": 275.58350117943814
}