{
    "b0": 7.354567796516652,
    "b1": 5.2418947782491045,
    "b2": 9.866998064030376,
    "b3": 12.95679447012287,
    "t1": 30.68706201938796,
    "t2": 216.80827411083004
}