{
    "b0": 8.731982747193088,
    "b1": 0.6789364793201997,
    "b2": 5.694802837160408,
    "b3": 6.936079906825153,
    "t1": 40.17077975451534,
    "t2": 152.24374066513604
}