{
    "b0": 7.849552543290625,
    "b1": 4.8921929964789275,
    "b2": 3.3849280462242364,
    "b3": 11.910301005688957,
    "t1": 89.17605291924016,
    "t2": 316.34059335277203
}