{
    "b0": 8.034063432313088,
    "b1": 9.31844413353064,
    "b2": 10.778354276238968,
    "b3": 20.301905116201453,
    "t1": 13.851454944677382,
    "t2": 143.3991030655778
}