{
    "b0": 7.960195624853932,
    "b1": 3.536235188933686,
    "b2": 5.514781559105851,
    "b3": 9.318636591010677,
    "t1": 43.240026675200454,
    "t2": 198.47811798440432
}