{
    "b0": 8.85668545543833,
    "b1": 5.106587828718892,
    "b2": 24.298636359849553,
    "b3": 9.246797208577847,
    "t1": 13.131655289176718,
    "t2": 188.71827434032335
}