{
    "b0": 8.832083560203106,
    "b1": 29.81403162216948,
    "b2": -1.800780980332206e-05,
    "b3": 32.66340429403766,
    "t1": 3.66554050279291,
    "t2": 39.13353827166785
}