{
    "b0": 7.969047002654879,
    "b1": 1.7840965076827686,
    "b2": 3.8505045272935834,
    "b3": 9.018588029228539,
    "t1": 62.76719967244976,
    "t2": 196.83444890671126
}