{
    "b0": 8.213609359596708,
    "b1": 4.662481086988247,
    "b2": 26.677698970262526,
    "b3": 16.495743460023302,
    "t1": 10.457159327594983,
    "t2": 82.72163804122455
}