{
    "b0": 8.255268829722814,
    "b1": 10.74235904444274,
    "b2": 37.52846728315908,
    "b3": 21.47763486330938,
    "t1": 7.943949369291215,
    "t2": 63.17248034952139
}