{
    "b0": 8.684863960729587,
    "b1": 0.5751359983465036,
    "b2": 2.712444416273646,
    "b3": 11.626901972797084,
    "t1": 2.405024283514885,
    "t2": 132.43214087576138
}