{
    "b0": 9.827262342586483,
    "b1": 2.812737646067653,
    "b2": -40.59616762793187,
    "b3": 22.18605554154738,
    "t1": 1.2383855211774872,
    "t2": 6.651221970883343
}