{
    "b0": 9.721803459449326,
    "b1": 2.988196470951987,
    "b2": -6.060351814039462,
    "b3": 11.77033792758706,
    "t1": 1.2663174081098827,
    "t2": 10.618347501276384
}