{
    "b0": 10.408671832516795,
    "b1": 38.592719108696336,
    "b2": -88.67984380857027,
    "b3": 24.533663442874065,
    "t1": 1.061884262942107,
    "t2": 8.420773433885673
}