{
    "b0": 8.93627817027253,
    "b1": 1.1737217333702272,
    "b2": 297.3098710146719,
    "b3": -288.2714266840493,
    "t1": 1.666502701508961,
    "t2": 1.6020278701596404
}