{
    "b0": 10.188638614893241,
    "b1": 6.331361384095395,
    "b2": 6164.08487262102,
    "b3": -6210.782679023299,
    "t1": 1.3871487375222962,
    "t2": 1.355602564053942
}