{
    "b0": 9.141179168884653,
    "b1": 1.0588208028082606,
    "b2": -11.021094005585045,
    "b3": 4.283947422850586,
    "t1": 2.209682893184494,
    "t2": 92.80945599725769
}