{
    "b0": 9.237051186371676,
    "b1": 113.14275578810532,
    "b2": -70.00693189472966,
    "b3": 3.097732896335785,
    "t1": 1.405824375221031,
    "t2": 14.502026483913813
}