{
    "b0": 10.217680217579503,
    "b1": -111.96964926162184,
    "b2": -133.03373760653417,
    "b3": 356.97082379320995,
    "t1": 2.041335707670766,
    "t2": 1.0749265244639534
}