{
    "b0": 9.464379360931787,
    "b1": 2.1951340732348736,
    "b2": -62831.057519827446,
    "b3": 62840.761779102235,
    "t1": 13.464066872354584,
    "t2": 13.462158397210063
}