{
    "b0": 8.192581244120719,
    "b1": -1.4427293931519785,
    "b2": 480.2735629252044,
    "b3": -482.8951485535615,
    "t1": 8.36348660630507,
    "t2": 8.407200198545475
}