{
    "b0": 7.98709365986283,
    "b1": 2.3358889622165826,
    "b2": 16.853173225558006,
    "b3": 6.018390136601254,
    "t1": 11.841814581914514,
    "t2": 248.88641352960917
}