{
    "b0": 7.939528228077249,
    "b1": 6.723393933107108,
    "b2": 7.198587606085839,
    "b3": 6.446935823253298,
    "t1": 17.748308174125253,
    "t2": 238.02281299734508
}