{
    "b0": 9.372122631173267,
    "b1": 0.2988473865228847,
    "b2": 21.52465863387243,
    "b3": -1.2757931326715077,
    "t1": 4.939581621550463,
    "t2": 72.13284592148344
}