{
    "b0": 7.924465788453946,
    "b1": 3.490436547486368,
    "b2": 14.382140530413007,
    "b3": 6.047191115686609,
    "t1": 13.766442448279388,
    "t2": 263.268725022858
}