{
    "b0": 8.107441631662487,
    "b1": -1.3774416295364267,
    "b2": 22.706814937937068,
    "b3": -11.070473663595049,
    "t1": 1.2634218632871945,
    "t2": 6.098782625468286
}