{
    "b0": 8.62214832263803,
    "b1": 5.024411249904116,
    "b2": 4.013825082442775,
    "b3": 6.784042729851376,
    "t1": 62.845921523478985,
    "t2": 369.87930857050674
}