{
    "b0": 8.81365167256392,
    "b1": 1.0432258068510265,
    "b2": 14.231719909613291,
    "b3": 6.064961230775485,
    "t1": 19.928733350270882,
    "t2": 222.54872992848289
}