{
    "b0": 9.069647793444885,
    "b1": 1.0403522048667737,
    "b2": -719.523202973829,
    "b3": 667.9242195494968,
    "t1": 1.4543909091095781,
    "t2": 1.6177504219934595
}