{
    "b0": 9.186759905697624,
    "b1": 4.483228935303416,
    "b2": -0.012116076131476583,
    "b3": 8.589719623214782,
    "t1": 2.2816258835394185,
    "t2": 115.98228347183836
}