{
    "b0": 8.880671193856115,
    "b1": 1.5935881263468499,
    "b2": 12.872539183809934,
    "b3": 6.5528840906236345,
    "t1": 18.693428093694923,
    "t2": 177.61016319328957
}