{
    "b0": 7.950970206685951,
    "b1": 1.767871301784158,
    "b2": 16.8553077322026,
    "b3": 6.546888338570611,
    "t1": 12.637658288861124,
    "t2": 231.5831663573718
}