{
    "b0": 9.650149571303517,
    "b1": 1.601342136899825,
    "b2": 2.736697187399856,
    "b3": 1.6548511502735532,
    "t1": 14.018267036012777,
    "t2": 22.94166276561871
}