{
    "b0": 7.966969953369907,
    "b1": 2.019831402207103,
    "b2": 16.107937970819762,
    "b3": 6.457499910070629,
    "t1": 12.978473323862646,
    "t2": 231.44128531004174
}