{
    "b0": 8.446349923218078,
    "b1": 0.18360733917999728,
    "b2": 6.6825773614698925,
    "b3": -4.191567714523014,
    "t1": 5.235464578440114,
    "t2": 25.822057897096098
}