{
    "b0": 9.241440370242861,
    "b1": 2.0030178629546747,
    "b2": 5.743779106558555,
    "b3": 1.4851914160377433,
    "t1": 12.39109488827764,
    "t2": 48.801499316654585
}