{
    "b0": 8.24391313498804,
    "b1": 5.319015116553233,
    "b2": 1.9985799598260165,
    "b3": 8.212479681729027,
    "t1": 71.73640256923441,
    "t2": 332.04079294619976
}