{
    "b0": 8.837039557304788,
    "b1": 0.7017790115112508,
    "b2": 13.723151585146951,
    "b3": 9.069727554691674,
    "t1": 11.711917821597401,
    "t2": 104.6270367388603
}