{
    "b0": 9.473214592399534,
    "b1": -57.753421137293216,
    "b2": 106.02296656274667,
    "b3": 2.396410654466436,
    "t1": 1.861747681552852,
    "t2": 53.97996772130712
}