{
    "b0": 10.435557323855273,
    "b1": 4.725570329224125,
    "b2": 19.45920023253725,
    "b3": -5.411737531402271,
    "t1": 7.942366964006026,
    "t2": 44.451039461322985
}