{
    "b0": 9.448230215459493,
    "b1": 1.3483611886592883,
    "b2": 6.610452861491529,
    "b3": 1.4050321050925834,
    "t1": 10.985896898440517,
    "t2": 109.4566595147984
}