{
    "b0": 9.760882236296649,
    "b1": 5.161952735870884,
    "b2": -2.772398665625895,
    "b3": 9.780876123199548,
    "t1": 1.292518036774604,
    "t2": 11.934489481196684
}