{
    "b0": 8.095185365308998,
    "b1": 1.446219478206249,
    "b2": 15.951994861500268,
    "b3": 8.145959197843437,
    "t1": 12.605088889770087,
    "t2": 152.00746465198708
}