{
    "b0": 9.186889290638042,
    "b1": -21.299518139287017,
    "b2": 16.068569449671347,
    "b3": 8.63773704785407,
    "t1": 1.2771072755766237,
    "t2": 104.08890242791804
}