{
    "b0": 10.239841605818341,
    "b1": 6.309842231226614,
    "b2": 17.753331516500815,
    "b3": -3.3261508677619016,
    "t1": 8.632903631111372,
    "t2": 43.69464797860964
}