{
    "b0": 8.940086922469398,
    "b1": 1.5195421281347024,
    "b2": 12.888204757622916,
    "b3": 6.524867582841723,
    "t1": 17.365487869614427,
    "t2": 167.2140522047294
}