{
    "b0": 9.126111117921857,
    "b1": 14.010737410799651,
    "b2": -26.71750193111147,
    "b3": 4.388807542090728,
    "t1": 1.8018061162593524,
    "t2": 98.90724211609061
}