{
    "b0": 9.150492619899525,
    "b1": 2.2095324429979164,
    "b2": 0.030145870496957272,
    "b3": 2.4480341260785914,
    "t1": 18.487156060248292,
    "t2": 35.7944367143064
}