{
    "b0": 9.260497313067011,
    "b1": 2.0394789556866124,
    "b2": 7.660244604824706,
    "b3": 3.578190725016692,
    "t1": 5.737065052573803,
    "t2": 21.510704912580305
}