{
    "b0": 8.1244599945072,
    "b1": 0.8554708836168747,
    "b2": 698.2343071275234,
    "b3": -701.6480472825515,
    "t1": 7.01623574973546,
    "t2": 7.053604725252469
}