{
    "b0": 9.834536684418305,
    "b1": 2.9013719232770474,
    "b2": -117.10715762495799,
    "b3": 115.22023867858938,
    "t1": 195.17516514336714,
    "t2": 199.11650880968708
}