{
    "b0": 8.893501270363208,
    "b1": 1.2764987289392202,
    "b2": 241.83405367470596,
    "b3": -85.83831015618114,
    "t1": 2.0097923287932913,
    "t2": 5.362274253624587
}