{
    "b0": 9.202066910820738,
    "b1": 1.517933089182904,
    "b2": 5766.251689303798,
    "b3": -32111.23802515695,
    "t1": 1.3255252562142026,
    "t2": 0.23639341683937387
}