{
    "b0": 9.532111722926116,
    "b1": 9.520650857465748,
    "b2": 0.0012022589593660982,
    "b3": 7.90842495558176,
    "t1": 3.4003806230716274,
    "t2": 16.33772673882764
}