{
    "b0": 8.191371306387873,
    "b1": 0.9974717218535698,
    "b2": 17.6504357532571,
    "b3": 7.38179633021114,
    "t1": 10.46798733566167,
    "t2": 142.4894150330268
}