{
    "b0": 9.49467786527592,
    "b1": 2.535322134698454,
    "b2": -81.24028432400173,
    "b3": 30.440052224617794,
    "t1": 0.5129194222198047,
    "t2": 4.548477242259386
}