{
    "b0": 7.972271918957562,
    "b1": 3.3845484685938647,
    "b2": 13.96918113324626,
    "b3": 6.530140485084813,
    "t1": 13.1765736687998,
    "t2": 227.5879540843076
}