{
    "b0": 9.109928023525114,
    "b1": -21.409558288026467,
    "b2": 39.44295944775245,
    "b3": 9.134041985558518,
    "t1": 7.4745506048369315,
    "t2": 88.8788231804257
}