{
    "b0": 9.968699754329407,
    "b1": 3.439551176913795,
    "b2": 3.7979859575093142,
    "b3": 1.7220783119634082,
    "t1": 18.348538074363624,
    "t2": 302.53522877477087
}