{
    "b0": 9.394891974114353,
    "b1": 2.058430453566527,
    "b2": 5.5577150013237375,
    "b3": -3.3821481980210284,
    "t1": 18.184845889585574,
    "t2": 42.06162003719927
}