{
    "b0": 9.697240155870885,
    "b1": 2.638033268054386,
    "b2": 5.734624607452142,
    "b3": 0.8115072616464478,
    "t1": 12.981463175428736,
    "t2": 76.05945685279596
}