{
    "b0": 10.237254389999014,
    "b1": 151.31756448578594,
    "b2": -176.0183360865728,
    "b3": 24.659974782052103,
    "t1": 0.6855170511933464,
    "t2": 7.645846591506878
}