{
    "b0": 9.116187003731579,
    "b1": 2.637566441756986,
    "b2": -18835.845760144523,
    "b3": 18834.748020582534,
    "t1": 9.184986083752566,
    "t2": 9.186685973958946
}