{
    "b0": 8.65809179778631,
    "b1": 0.32434944477620486,
    "b2": 4251.309938756351,
    "b3": -4252.678011820096,
    "t1": 21.189050575533933,
    "t2": 21.19929703586108
}