{
    "b0": 7.955255733272529,
    "b1": 2.4861398819128944,
    "b2": 16.569571200493154,
    "b3": 6.4583347466007535,
    "t1": 12.538187785925292,
    "t2": 233.9907960691663
}