{
    "b0": 9.06445819953993,
    "b1": 2.0172345757532053,
    "b2": -1.951698912695617,
    "b3": 8.765893348120082,
    "t1": 5.482301984302301,
    "t2": 113.54783558257523
}