{
    "b0": 8.787920242820137,
    "b1": 1.401962220444303,
    "b2": 6.18752899524871,
    "b3": -1.0537058943891535,
    "t1": 4.6768003596410175,
    "t2": 55.88689720895428
}