{
    "b0": 7.975627782943416,
    "b1": 2.4304467163074026,
    "b2": 15.58513304580798,
    "b3": 6.501223966953367,
    "t1": 12.545285453678142,
    "t2": 228.76696875026136
}