{
    "b0": 9.112241311529472,
    "b1": 1.1177586424202914,
    "b2": -12.208211854572527,
    "b3": 4.40143657942765,
    "t1": 1.9173663973188004,
    "t2": 101.66967751911469
}