{
    "b0": 8.353369266953434,
    "b1": 0.24498704608797905,
    "b2": 21885.34519603842,
    "b3": -21884.578468491298,
    "t1": 12.447706234490001,
    "t2": 12.450822730943827
}