{
    "b0": 10.272151533848923,
    "b1": 4.187848369926353,
    "b2": -4.742055989076103,
    "b3": 16.37213757086754,
    "t1": 1.1531235806148001,
    "t2": 10.653965730997795
}