{
    "b0": 8.597611764652154,
    "b1": 0.41464572989592174,
    "b2": 0.18290328387100405,
    "b3": -2.097371767806958,
    "t1": 14.111224634433414,
    "t2": 47.02369684902089
}