{
    "b0": 9.944333011430237,
    "b1": 4581.842597286765,
    "b2": 81475.54638520059,
    "b3": -89341.60534520377,
    "t1": 1.4296247161486286,
    "t2": 1.3760643572436106
}