{
    "b0": 10.252150593278905,
    "b1": 4.1878494055707485,
    "b2": -1.5990426073769015,
    "b3": 16.3378600652011,
    "t1": 0.7818448832389298,
    "t2": 10.805655800322093
}