{
    "b0": 9.114485436858388,
    "b1": 1.485727906673847,
    "b2": -54.7449998395142,
    "b3": 55.652750097759956,
    "t1": 11.824452342294382,
    "t2": 12.224698359568844
}