{
    "b0": 8.566569627010029,
    "b1": 0.04343038769091789,
    "b2": 7.9297189517939906,
    "b3": -2.7551321233921575,
    "t1": 2.0429826884843525,
    "t2": 46.29296202726163
}