{
    "b0": 8.202555134364967,
    "b1": -0.9377828587362877,
    "b2": 20.24591728029072,
    "b3": 7.258495892495738,
    "t1": 10.064833060408771,
    "t2": 143.23090846071904
}