{
    "b0": 7.892176322950713,
    "b1": -1.1322252907491603,
    "b2": -75855.18304384586,
    "b3": 75862.41711014477,
    "t1": 6.3612803384887355,
    "t2": 6.360332369936255
}