{
    "b0": 7.438621595857787,
    "b1": -1.5192926666233573,
    "b2": 5.941936778610628,
    "b3": 3.0488256807481076,
    "t1": 5.957315832241486,
    "t2": 61.97607678295346
}