{
    "b0": 6.091176635400676,
    "b1": 4.438731756647197,
    "b2": 0.0004655998137841344,
    "b3": 7.69191559432585,
    "t1": 7.892112127078177,
    "t2": 40.805738890421104
}