{
    "b0": 6.590452046679377,
    "b1": 1.9612645521083802,
    "b2": 2.8479023467028135,
    "b3": 2.497822042299525,
    "t1": 46.188054624099436,
    "t2": 164.6770273700709
}