{
    "b0": 7.499458924829811,
    "b1": -1.5896833001622297,
    "b2": 5.471642272281405,
    "b3": 3.0721980153352924,
    "t1": 5.217770331401813,
    "t2": 55.31310744973429
}