{
    "b0": 6.8574988616282475,
    "b1": -0.7762849801006556,
    "b2": 6.1251873207892995,
    "b3": -2.7409724839593004,
    "t1": 14.734201459133418,
    "t2": 45.25204748682092
}