{
    "b0": 5.9035921125272015,
    "b1": 3.9273887127561604,
    "b2": 5.015868936888654,
    "b3": 1.2701941778832397,
    "t1": 44.980446723893415,
    "t2": 206.52048858138113
}