{
    "b0": 7.092434352389441,
    "b1": -1.8655750796732669,
    "b2": -16788.682856870702,
    "b3": 16787.98530321477,
    "t1": 37.154875825955074,
    "t2": 37.14801000901001
}