{
    "b0": 7.031217100815034,
    "b1": 1.6056766889853948,
    "b2": 2668.50841400714,
    "b3": -2668.143543930817,
    "t1": 3.107107251375489,
    "t2": 3.1031533160137585
}