{
    "b0": 7.13389406441077,
    "b1": 1.21066405488732,
    "b2": 3508.811264633103,
    "b3": -3507.40604894709,
    "t1": 14.386576821705846,
    "t2": 14.378021665188767
}