{
    "b0": 5.9561238622590755,
    "b1": 4.226273587777208,
    "b2": 0.00019432943470976127,
    "b3": -1.5136282757509933,
    "t1": 113.78308653928408,
    "t2": 6.411149309036744
}