{
    "b0": 6.257922679120922,
    "b1": 2.5999100152922923,
    "b2": -0.002198802224078422,
    "b3": 7.007231790052799,
    "t1": 10.646514367595524,
    "t2": 61.97562918968517
}