{
    "b0": 7.483935372435669,
    "b1": -0.3025895901213156,
    "b2": 6005.557408465416,
    "b3": -6007.495137156228,
    "t1": 38.71658472558752,
    "t2": 38.734559005644705
}