{
    "b0": 6.831619581128129,
    "b1": -0.653136137884962,
    "b2": 586.2376689839222,
    "b3": -585.4547102477452,
    "t1": 44.198369876594676,
    "t2": 44.389454540055446
}