{
    "b0": 6.317347317774554,
    "b1": 1.8626527166626357,
    "b2": 5.184458744953381,
    "b3": 6.136041716517478,
    "t1": 1.5070963367128514,
    "t2": 32.34082341150823
}