{
    "b0": 7.1386322271570855,
    "b1": 0.8420570789565582,
    "b2": -6.780945226915646,
    "b3": -1.3675319204138754,
    "t1": 6.405870745929842,
    "t2": 101.86725469368335
}