{
    "b0": 6.950083420541011,
    "b1": 1.416972857426693,
    "b2": 6777.256101026468,
    "b3": -6775.552112069913,
    "t1": 17.0796379422528,
    "t2": 17.073492957510204
}