{
    "b0": 6.273409693999769,
    "b1": 2.0462133990166294,
    "b2": 2.640630695460505,
    "b3": 2.6494764111333384,
    "t1": 41.856725063024584,
    "t2": 164.59859306467274
}