{
    "b0": 7.435871163509026,
    "b1": -0.21759853976621524,
    "b2": 11628.603543223167,
    "b3": -11630.783353247843,
    "t1": 40.42676069522674,
    "t2": 40.435882312106386
}