{
    "b0": 7.57732827564587,
    "b1": 0.4026717243799869,
    "b2": 1588.2693224829286,
    "b3": -2959.2183994797015,
    "t1": 1.6032100752654679,
    "t2": 0.8561724976139888
}