{
    "b0": 6.429236642526982,
    "b1": 2.4283652089102725,
    "b2": 1.0821203640142711,
    "b3": 5.829990680502528,
    "t1": 7.609867822328167,
    "t2": 26.35289364477613
}