{
    "b0": 7.967705553789478,
    "b1": -0.387705553789651,
    "b2": -8.105743137749085,
    "b3": -4.969446565937367,
    "t1": 0.2878928161671658,
    "t2": 12.790739575339868
}