{
    "b0": 7.011904600874129,
    "b1": 11666.468740445227,
    "b2": 5147.54267214653,
    "b3": -24496.724781063196,
    "t1": 1.5758731817840708,
    "t2": 1.0803577276605043
}