{
    "b0": 6.997266699791125,
    "b1": 1.6675929840237664,
    "b2": -2.4965001072884405,
    "b3": 4.436315880213764,
    "t1": 17.244010508920727,
    "t2": 94.08736115999048
}