{
    "b0": 7.982273432551501,
    "b1": -1.2431291988376394,
    "b2": -4290.1987384181175,
    "b3": 4290.194733728961,
    "t1": 10.883296580420723,
    "t2": 10.877236413344281
}