{
    "b0": 6.177140238649751,
    "b1": 2.1381297891180813,
    "b2": 0.0008596362754225151,
    "b3": 7.02997239581126,
    "t1": 14.226318578013556,
    "t2": 61.780279512885556
}