{
    "b0": 5.766569244527464,
    "b1": 3.898383735425952,
    "b2": 5.396334494515903,
    "b3": 1.6798243767583978,
    "t1": 48.91846130785303,
    "t2": 245.05235121787973
}