{
    "b0": 7.63298493680939,
    "b1": -15.290165690411948,
    "b2": 17.120287274143784,
    "b3": -8.26636878344526,
    "t1": 5.665383467397779,
    "t2": 41.33430167964344
}