{
    "b0": 6.891720228810256,
    "b1": 1.4582797796959657,
    "b2": 3.0931657598456166,
    "b3": 3.681887369253471,
    "t1": 1.5925164791323598,
    "t2": 26.943196745150853
}