{
    "b0": 6.6347936473866485,
    "b1": -0.6301568444482446,
    "b2": 9.097692294097898,
    "b3": -9.120403946711573,
    "t1": 2.5168066375850797,
    "t2": 2.2189980614785956
}