{
    "b0": 7.314732882897005,
    "b1": 1.3586358911106435,
    "b2": -1.5811641087713257,
    "b3": 4.594486818870772,
    "t1": 22.646442182913805,
    "t2": 74.26396458544434
}