{
    "b0": 6.85878446685388,
    "b1": 756.5466333366096,
    "b2": 357.6983250753528,
    "b3": -1865.102986756381,
    "t1": 1.798460126168085,
    "t2": 1.0396704630609683
}