{
    "b0": 6.715264708562315,
    "b1": 0.9242888097636559,
    "b2": 5.107954905679133,
    "b3": 1.5158456859938716,
    "t1": 51.31870909791503,
    "t2": 211.55612284427121
}