{
    "b0": 7.681928476436554,
    "b1": -427262.72254608467,
    "b2": 80130.0606279794,
    "b3": 804409.2467590681,
    "t1": 2.8976143633660767,
    "t2": 1.2504321884623013
}