{
    "b0": 7.316431543252559,
    "b1": 0.6699184478913456,
    "b2": -4.73530333964445,
    "b3": -1.4788811856674053,
    "t1": 6.069409640084453,
    "t2": 113.55602833315325
}