{
    "b0": 6.700723320406828,
    "b1": 48.75925454519373,
    "b2": 0.012715134567525155,
    "b3": -25.02298039557647,
    "t1": 3.093148781689284,
    "t2": 5.046013094777183
}