{
    "b0": 6.7299926500753,
    "b1": -0.6374951313032428,
    "b2": 4.621785389210847,
    "b3": -1.6013857265126805,
    "t1": 14.159178664450787,
    "t2": 63.926308883038
}