{
    "b0": 8.000661893805747,
    "b1": -1.2214902128413234,
    "b2": 7167.414217691366,
    "b3": -7166.848284406987,
    "t1": 9.667245517213253,
    "t2": 9.672214185776033
}