{
    "b0": 7.739046933835622,
    "b1": -2.006140890072146,
    "b2": 0.0019151796746018357,
    "b3": 1.856441529290267,
    "t1": 9.03659401117243,
    "t2": 47.848032143055775
}