{
    "b0": 6.307320662393259,
    "b1": 3.8875669050029593,
    "b2": 0.00022279761540211496,
    "b3": 7.5275132109331295,
    "t1": 7.085424020955238,
    "t2": 34.77685355221937
}