{
    "b0": 6.132863685065022,
    "b1": 3.720300170425322,
    "b2": -0.00018786982431118204,
    "b3": 9.645358484411975,
    "t1": 11.86927921969096,
    "t2": 45.525842743907724
}