{
    "b0": 7.19086220486518,
    "b1": -1.8879878395671774,
    "b2": 1.2826360959652132,
    "b3": -2.550953363361903,
    "t1": 7.81931585592763,
    "t2": 83.58275418605008
}