{
    "b0": 6.330016815219821,
    "b1": 2.0439999784923977,
    "b2": 3.1349889294097073,
    "b3": 2.7585311417868814,
    "t1": 46.028016169806286,
    "t2": 149.88561407808666
}