{
    "b0": 5.937023549239415,
    "b1": 3.9700078623218698,
    "b2": -0.00027385985933392476,
    "b3": 9.557668005790322,
    "t1": 16.649338073087733,
    "t2": 54.517435248897485
}