{
    "b0": 6.691610918703211,
    "b1": 1.1285839272445237,
    "b2": 4.495121436911227,
    "b3": 2.8728473857895804,
    "t1": 30.141652671935653,
    "t2": 149.53367898199875
}