{
    "b0": 7.441302560219184,
    "b1": -0.3064110294596021,
    "b2": -946.8311758091638,
    "b3": 944.5581483946836,
    "t1": 43.02983344356409,
    "t2": 42.91875461141986
}