{
    "b0": 6.06276392952554,
    "b1": 3.276149128196563,
    "b2": 1.6099262679910122,
    "b3": 7.505114931433067,
    "t1": 6.831295570975727,
    "t2": 32.82043912292823
}