{
    "b0": 7.050371832125486,
    "b1": 0.8096281682105104,
    "b2": 2427.851559052382,
    "b3": -2641.573809630597,
    "t1": 1.4672410362664674,
    "t2": 1.3353041080695984
}