{
    "b0": 7.944133469129657,
    "b1": -0.2544644039020443,
    "b2": 1157.5682183708063,
    "b3": -1161.3829738136078,
    "t1": 7.21629882402031,
    "t2": 7.226930861978338
}