{
    "b0": 6.670444201756084,
    "b1": -0.6104442308551399,
    "b2": 16.625574824989588,
    "b3": -16.749543762494525,
    "t1": 1.908243060067453,
    "t2": 1.3803746603989802
}