{
    "b0": 7.05287170366378,
    "b1": 0.8071880067580548,
    "b2": -891.2567198785349,
    "b3": 890.8576608619788,
    "t1": 2.61031512016882,
    "t2": 2.618184135802632
}