{
    "b0": 6.138489111169371,
    "b1": 2.0704480306324338,
    "b2": 4.0944535763263215,
    "b3": 1.4994176831419543,
    "t1": 61.54715134651761,
    "t2": 235.84474729760626
}