{
    "b0": 7.814736727059568,
    "b1": -1.6739505191933421,
    "b2": -7.583143569637301,
    "b3": -12.607083678563708,
    "t1": 5.309947459051,
    "t2": 31.952171973679295
}