{
    "b0": 6.7347102630173445,
    "b1": 2.12631166786049,
    "b2": 14420.521868024993,
    "b3": -14418.371498285256,
    "t1": 15.589313789166829,
    "t2": 15.582445066803126
}