{
    "b0": 7.242036410272627,
    "b1": 1.7309161221577298,
    "b2": -8.127624706760733,
    "b3": 8.467851432371848,
    "t1": 21.226376278889305,
    "t2": 52.17761073363453
}