{
    "b0": 7.328800570166399,
    "b1": 1.2790502024839556,
    "b2": -2.5634885313673026,
    "b3": 4.3544233204006835,
    "t1": 9.86100277602043,
    "t2": 71.38099232788639
}