{
    "b0": 6.161456498070237,
    "b1": 2.1542379471597934,
    "b2": 3.358317239009751,
    "b3": 1.767763143721616,
    "t1": 62.2915439341347,
    "t2": 198.96018062424756
}