{
    "b0": 6.797488767021566,
    "b1": -0.7059799077737758,
    "b2": 6.219109850795677,
    "b3": -2.5065372021779817,
    "t1": 14.533027497740346,
    "t2": 51.13195099138426
}