{
    "b0": 6.307145891941672,
    "b1": 2.5620705633652143,
    "b2": 2.446912021840455,
    "b3": 7.469792518362986,
    "t1": 5.735055439561478,
    "t2": 28.701220850406976
}