{
    "b0": 7.991082185398551,
    "b1": -0.053760945136027694,
    "b2": 2065.8257482232125,
    "b3": -2070.5476932570155,
    "t1": 7.618682127618819,
    "t2": 7.629004412577277
}