{
    "b0": 7.911670618026796,
    "b1": -0.44182553492178656,
    "b2": 37094.977951221794,
    "b3": -37096.64793199616,
    "t1": 6.29420000335794,
    "t2": 6.295835334719404
}