{
    "b0": 7.198937934115026,
    "b1": -1.898371747927948,
    "b2": -0.31109904347438166,
    "b3": -3.938475402068545,
    "t1": 7.749971598273671,
    "t2": 57.58248848797999
}