{
    "b0": 6.145354373015789,
    "b1": 2.0841437157587563,
    "b2": 5.0702433832369564,
    "b3": 1.0589374749455955,
    "t1": 62.091953072945756,
    "t2": 269.85217259149334
}