{
    "b0": 7.8702568215943325,
    "b1": -2.271614127803092,
    "b2": -12.016531222995269,
    "b3": -12.509670461853458,
    "t1": 6.390083386359317,
    "t2": 33.30711094768936
}