{
    "b0": 7.6318343689919255,
    "b1": -0.38845952233593506,
    "b2": 304.2532811367264,
    "b3": -307.5287308776853,
    "t1": 49.057034532814725,
    "t2": 49.45277849983302
}