{
    "b0": 6.810967765674787,
    "b1": -1.1710447682016651,
    "b2": 5.31225273812527,
    "b3": -1.6950538915948905,
    "t1": 12.755773585196645,
    "t2": 53.36805361889111
}