{
    "b0": 6.296862314304438,
    "b1": 3.9731376877477764,
    "b2": 12.221219696556954,
    "b3": 6.292227917126958,
    "t1": 1.765765922181705,
    "t2": 39.64108716179608
}