{
    "b0": 8.10982770684394,
    "b1": 3.4201722645354655,
    "b2": -6.077501132195143,
    "b3": -11.494862973354863,
    "t1": 0.6997838042158074,
    "t2": 10.765635339517836
}