{
    "b0": 7.357780363593546,
    "b1": 13626.757495501339,
    "b2": -13633.011058888245,
    "b3": -12.611271949363072,
    "t1": 0.2574795859214839,
    "t2": 8.558690926873401
}