{
    "b0": 8.837411603382202,
    "b1": 7.459729514363172,
    "b2": -102296.33898881581,
    "b3": 102290.20017716267,
    "t1": 10.211858339752972,
    "t2": 10.212972106844411
}