{
    "b0": 7.7711263541322975,
    "b1": 3.3073003727566066,
    "b2": -15.966653747426943,
    "b3": -7.818548807956303,
    "t1": 7.892164736058759,
    "t2": 41.9500361566077
}