{
    "b0": 7.646150434630963,
    "b1": 5.831617364422589,
    "b2": -30276.892828706823,
    "b3": 30300.47115927418,
    "t1": 5.01103433348639,
    "t2": 5.006654838061901
}