{
    "b0": 7.308289741249712,
    "b1": 3.7717470711034427,
    "b2": 842500.5189057288,
    "b3": -842574.1310960739,
    "t1": 3.42895691390962,
    "t2": 3.4287817018331017
}