{
    "b0": 7.81110027222121,
    "b1": 7.821159858042922,
    "b2": -26.763682264320394,
    "b3": -7.353013802609131,
    "t1": 6.588671425679195,
    "t2": 44.68855406072182
}