{
    "b0": 6.104375803901435,
    "b1": 3.872555849237361,
    "b2": -0.01731841271729817,
    "b3": -9.943332461982518,
    "t1": 1272.9870044049053,
    "t2": 5.759921032348292
}