{
    "b0": 9.764583864517189,
    "b1": 3.2990565258566646,
    "b2": -16.254956683509274,
    "b3": 18.57590866990402,
    "t1": 28.542301711463118,
    "t2": 1.472193290109525
}