{
    "b0": 8.580015276778928,
    "b1": 4.269984723198718,
    "b2": -270919.7605999976,
    "b3": 195716.8327388388,
    "t1": 0.8803428672149537,
    "t2": 1.2180914043365154
}