{
    "b0": 8.723661561439814,
    "b1": 4.86633843697444,
    "b2": -79.68214571594568,
    "b3": 17.495616783481566,
    "t1": 0.8612053445817288,
    "t2": 10.63482410800413
}