{
    "b0": 7.7385536778559265,
    "b1": 6.008902231683114,
    "b2": -9.209145537258934e-05,
    "b3": 4.885226044320308,
    "t1": 24.844515062315377,
    "t2": 379.6752414857469
}