{
    "b0": 10.495105476369696,
    "b1": 4.133706465602456,
    "b2": -13.689984759693717,
    "b3": -7.434175451315077,
    "t1": 7.798490500560899,
    "t2": 63.60348017309426
}