{
    "b0": 9.74356148060865,
    "b1": -50.61543780947891,
    "b2": -0.00043858130135987494,
    "b3": 129.19190074893277,
    "t1": 20.568821725894843,
    "t2": 6.21162540843283
}