{
    "b0": 10.961153735515405,
    "b1": 3.792587767132441,
    "b2": -8.776425222610959,
    "b3": -6.122261688920416,
    "t1": 19.85838223114586,
    "t2": 60.34547548611089
}