{
    "b0": 7.417301168441677,
    "b1": -85.71468206732285,
    "b2": 98.05643102099417,
    "b3": 5.997179144497778,
    "t1": 4.292250049266981,
    "t2": 228.99493313215308
}