{
    "b0": 7.083878121442019,
    "b1": 6.201462150867087,
    "b2": -0.00014898098677518234,
    "b3": 5.4658432601139495,
    "t1": 47.1064514305107,
    "t2": 323.0627310023412
}