{
    "b0": 8.743398213182955,
    "b1": 4.115201750149888,
    "b2": -25.15526198933051,
    "b3": -1.7402907325112118,
    "t1": 5.490256894157249,
    "t2": 27.859170548229333
}