{
    "b0": 7.197050574703489,
    "b1": 3.902949425228588,
    "b2": -331446.6499886503,
    "b3": 230168.70216761116,
    "t1": 0.7925311895774942,
    "t2": 1.1409085131890555
}