{
    "b0": 8.595612428636107,
    "b1": 742122.1501463277,
    "b2": -742068.8233781825,
    "b3": -24.342401413363405,
    "t1": 0.16181199217879363,
    "t2": 6.018482741066794
}