{
    "b0": 10.96592254796806,
    "b1": 3.6399934770312212,
    "b2": -11.456268296196477,
    "b3": -4.659608611818148,
    "t1": 39.162547801699596,
    "t2": 21.560435613685975
}