{
    "b0": 7.671666799890385,
    "b1": 3.4119153909294226,
    "b2": -21.585237869984283,
    "b3": -9.553129451675185,
    "t1": 5.021625230193435,
    "t2": 27.821139443300375
}