{
    "b0": 8.990734776328342,
    "b1": 4.629265223671649,
    "b2": 159.98674274337546,
    "b3": 2.975041800872871,
    "t1": 0.17009300656076493,
    "t2": 36.52051026106334
}