{
    "b0": 7.892338523805171,
    "b1": 3.1898639343052846,
    "b2": -21.59971564370568,
    "b3": -8.84102216254901,
    "t1": 5.7771432513639285,
    "t2": 38.67906622439116
}