{
    "b0": 8.726576989891987,
    "b1": 3.3446830060588013,
    "b2": -16.770995635801878,
    "b3": -8.97237817332515,
    "t1": 6.764416159396172,
    "t2": 27.732208014719205
}