{
    "b0": 7.559176037986932,
    "b1": 3.5308239624256412,
    "b2": 72.26848333189434,
    "b3": -14.007479781565568,
    "t1": 0.11298236951938068,
    "t2": 16.780995693604996
}