{
    "b0": 7.656877326156618,
    "b1": 3.4063614698226123,
    "b2": -15.212620602132372,
    "b3": -3.478724688745558,
    "t1": 6.745469594847534,
    "t2": 36.13826913249145
}