{
    "b0": 8.703360885105942,
    "b1": 3.377833617198082,
    "b2": -22.495112071968418,
    "b3": -2.6949423458487307,
    "t1": 5.70911614189217,
    "t2": 27.26902031381165
}