{
    "b0": 7.747710111486735,
    "b1": 3.3422527778182847,
    "b2": 23.932856383434817,
    "b3": -36.10974569636556,
    "t1": 2.7398193630446133,
    "t2": 13.65600328451041
}