{
    "b0": 7.240042471984003,
    "b1": 189663.62534823705,
    "b2": -3899843.251573018,
    "b3": 3598712.45631288,
    "t1": 1.1874846932595906,
    "t2": 1.2242441166267315
}