{
    "b0": 9.367150967111943,
    "b1": 4.382849032885527,
    "b2": -9200.307001308784,
    "b3": 5639.835629601832,
    "t1": 0.7235226587566658,
    "t2": 1.1851816912429451
}