{
    "b0": 9.927175922572914,
    "b1": 4.507439329361146,
    "b2": -4.821181174255659,
    "b3": -4.942276734724463,
    "t1": 31.43483234787311,
    "t2": 61.609222360878846
}