{
    "b0": 8.564523107100344,
    "b1": 3.4984144977247844,
    "b2": -19.251744094480355,
    "b3": -8.490868871144894,
    "t1": 5.972404406148604,
    "t2": 25.610412982407745
}