{
    "b0": 9.632014068795815,
    "b1": 3.8763515279487955,
    "b2": -11.92050951014429,
    "b3": 79.6084122576773,
    "t1": 27.80413170603863,
    "t2": 0.33583394441127756
}