{
    "b0": 8.262445331039665,
    "b1": -179.5463758590898,
    "b2": 139.79515442156944,
    "b3": -9.675474867618902,
    "t1": 2.084481425595173,
    "t2": 19.26524411814889
}