{
    "b0": 7.187207524138885,
    "b1": 3.892831485721822,
    "b2": -300343.6905074944,
    "b3": 300278.46939613257,
    "t1": 3.7143713762523864,
    "t2": 3.7148688432726202
}