{
    "b0": 8.886845648318552,
    "b1": -91.36181544758583,
    "b2": 6.2753982703611655e-06,
    "b3": -14.38705581494898,
    "t1": 2.690945296192295,
    "t2": 21.453468194869767
}