{
    "b0": 8.134308147912144,
    "b1": 2.9665133102640358,
    "b2": -8.714194597896594,
    "b3": -4.107872656506196,
    "t1": 4.90542902090524,
    "t2": 36.81867093256387
}