{
    "b0": 9.673373791850983,
    "b1": -18.660975090158722,
    "b2": 56.13403184619888,
    "b3": -6.795199084658087,
    "t1": 1.8027476494058077,
    "t2": 40.49410029583279
}