{
    "b0": 8.578578001595437,
    "b1": 3.488953887799056,
    "b2": -22.007299019728265,
    "b3": -7.3593967830789495,
    "t1": 6.211172234647083,
    "t2": 27.012470164927656
}