{
    "b0": 7.6526258429691785,
    "b1": 3.409197844277686,
    "b2": -17.59017980390138,
    "b3": -1.4673075608921176,
    "t1": 6.555310968836543,
    "t2": 68.33884420634779
}