{
    "b0": 6.200874078953647,
    "b1": 3.7626515112937136,
    "b2": 0.7985001669366663,
    "b3": -5.5862929069222895,
    "t1": 1062.7549507001665,
    "t2": 13.345368340323816
}