{
    "b0": 7.632859313741193,
    "b1": 3.477784130109427,
    "b2": -29.584368387918204,
    "b3": -7.389763135613776,
    "t1": 5.125511153134322,
    "t2": 30.78531271741318
}