{
    "b0": 7.9275759577704905,
    "b1": 3.16258544566716,
    "b2": -7.6928117208133955,
    "b3": -3.390345316458191,
    "t1": 5.0625245262733065,
    "t2": 34.15410595751431
}