{
    "b0": 8.101929237303347,
    "b1": 3.428070762696322,
    "b2": -22453.45796493366,
    "b3": 23598.27849521297,
    "t1": 0.6214525867891015,
    "t2": 0.5841401192131149
}