{
    "b0": 9.5420024736194,
    "b1": 4.09799752768206,
    "b2": 98.460672476924,
    "b3": -7.85270624551843,
    "t1": 0.8569597528696326,
    "t2": 30.709183634156528
}