{
    "b0": 8.943561716393992,
    "b1": 5.230230167670952,
    "b2": 7859.770891697782,
    "b3": -7865.155921831201,
    "t1": 8.081341704389322,
    "t2": 8.067774694445477
}