{
    "b0": 7.523662499316156,
    "b1": 6.148786768121926,
    "b2": 0.00035422369090509775,
    "b3": 5.089361392721915,
    "t1": 36.13590616197511,
    "t2": 469.5611118562551
}