{
    "b0": 9.89586371874062,
    "b1": 3.1435535100806167,
    "b2": 6.888001821261044,
    "b3": -12.794960878176926,
    "t1": 1.1008968441538507,
    "t2": 40.86842674340721
}