{
    "b0": 8.111940103083233,
    "b1": 2.9980153324363146,
    "b2": 3.4673106304072263,
    "b3": -14.84110144938318,
    "t1": 3.478180594765002,
    "t2": 9.15544505308285
}