{
    "b0": 6.8210049262327415,
    "b1": 2.640572902334524,
    "b2": -12.5188542509243,
    "b3": -7.072882270383243,
    "t1": 7.807030214836418,
    "t2": 115.47667870263751
}