{
    "b0": 6.978201551699444,
    "b1": -62.88871611169179,
    "b2": 40.861779894938095,
    "b3": -7.416014643256801,
    "t1": 3.1330527973370166,
    "t2": 94.31844698845298
}