{
    "b0": 7.011626371714045,
    "b1": 2300.598134962695,
    "b2": -2468.8932873517406,
    "b3": -6.872672780792982,
    "t1": 0.49373820011154995,
    "t2": 111.92451933279752
}