{
    "b0": 6.644348793348665,
    "b1": 1.9556512053577748,
    "b2": -93.85682238578592,
    "b3": -7.527651488446914,
    "t1": 0.6830327181529418,
    "t2": 76.6460113803348
}