{
    "b0": 6.94048890897958,
    "b1": 2.139511090453367,
    "b2": -118.4610165912132,
    "b3": -6.188993838004091,
    "t1": 0.6202309641668995,
    "t2": 115.84623106103842
}