{
    "b0": 7.008488300312413,
    "b1": 1.9582046926955856,
    "b2": -1.487752454281301,
    "b3": -11.08987930193709,
    "t1": 15.523035235827127,
    "t2": 59.26427888529871
}