{
    "b0": 7.050986305604135,
    "b1": 1.5790136941077364,
    "b2": -228.31898697985076,
    "b3": -9.00738341251225,
    "t1": 0.5263851321168685,
    "t2": 75.20591604301872
}