{
    "b0": 6.884364985607329,
    "b1": 2.075635012976629,
    "b2": -71.13155808054074,
    "b3": -6.013025784560337,
    "t1": 0.6901718746649239,
    "t2": 115.34596424372918
}