{
    "b0": 6.638303480875831,
    "b1": -47.283660624958955,
    "b2": 48.05454668111976,
    "b3": -11.60947747265535,
    "t1": 4.576330309614882,
    "t2": 48.62945511798324
}