{
    "b0": 7.236155823733408,
    "b1": 5.33169634130934,
    "b2": 51935.14156789696,
    "b3": -51925.47595459667,
    "t1": 5.088333916188447,
    "t2": 5.092328477431382
}