{
    "b0": 6.678514476584697,
    "b1": -102.10657318848897,
    "b2": -97977.94538284847,
    "b3": 98242.14072296867,
    "t1": 2.7998923821735286,
    "t2": 2.7957907527869015
}