{
    "b0": 6.80323735070613,
    "b1": 5.8267626494939755,
    "b2": -1582878.7432047368,
    "b3": 839013.6921896318,
    "t1": 0.529434574333434,
    "t2": 0.9987717138253852
}