{
    "b0": 6.977345063765459,
    "b1": 2.558381374029235,
    "b2": -13.231087365368277,
    "b3": -9.701389078676247,
    "t1": 8.52059575359648,
    "t2": 65.00759150686265
}