{
    "b0": 6.868535281136087,
    "b1": 626507.8619038666,
    "b2": 515311.37082321494,
    "b3": -1612426.7045176812,
    "t1": 1.3255581051648109,
    "t2": 0.9387343121223106
}