{
    "b0": 7.15184946779583,
    "b1": 4.931851191022771,
    "b2": -81103.92451214603,
    "b3": 81109.04809778807,
    "t1": 9.056095943699185,
    "t2": 9.054004113889427
}