{
    "b0": 6.709660495361718,
    "b1": 2.6660660768685105,
    "b2": -10.52376078438193,
    "b3": -6.821426922219986,
    "t1": 9.279287861081423,
    "t2": 117.9159651874815
}