{
    "b0": 6.789291143483482,
    "b1": 5.797041445985504,
    "b2": -32156.82907390076,
    "b3": 32167.261167798068,
    "t1": 4.591702801643912,
    "t2": 4.590319677261712
}