{
    "b0": 6.8787766745735395,
    "b1": 5.751223325475063,
    "b2": -906219.6923564435,
    "b3": 261031.61879613705,
    "t1": 0.25362087755930823,
    "t2": 0.8802008257081668
}