{
    "b0": 6.416401240556338,
    "b1": 4.696961317884233,
    "b2": -38931.91190331804,
    "b3": 38941.171581554336,
    "t1": 2.8343923451655577,
    "t2": 2.8336883096207384
}