{
    "b0": 6.599141736566415,
    "b1": 2.729313962861535,
    "b2": -13.857032647172714,
    "b3": -7.491875008011269,
    "t1": 4.4986860504263815,
    "t2": 77.42948173493997
}