{
    "b0": 7.335126079838349,
    "b1": -122.01805353938035,
    "b2": 134.04881973852466,
    "b3": -1.280579080070396,
    "t1": 2.457280249810982,
    "t2": 50.10175908401431
}