{
    "b0": 6.7462303942637405,
    "b1": 2.1386174234436726,
    "b2": -0.7333509046398998,
    "b3": -6.474957608247539,
    "t1": 18.254942268743893,
    "t2": 88.82119926117046
}