{
    "b0": 7.386420736894714,
    "b1": 6.213579263052889,
    "b2": -619327.782075226,
    "b3": 511338.9242726265,
    "t1": 0.6003283901041329,
    "t2": 0.7271259191744912
}