{
    "b0": 7.016046472101471,
    "b1": 1.6039535286805808,
    "b2": 61.778769845699756,
    "b3": -16.40224123720536,
    "t1": 0.9326720356917849,
    "t2": 40.19291705312916
}