{
    "b0": 6.632968638776099,
    "b1": 2.6757546953481546,
    "b2": -3.4194575812724017,
    "b3": -7.5658906147770075,
    "t1": 13.951116219949943,
    "t2": 79.83231627657516
}