{
    "b0": 6.891955544777015,
    "b1": 6.701493766160763,
    "b2": 20006.50223935305,
    "b3": -19995.894395168907,
    "t1": 4.6521455011631065,
    "t2": 4.654197406418511
}