{
    "b0": 6.956501737148919,
    "b1": 2.6599225555820363,
    "b2": -7.89202666072663,
    "b3": -7.281310583614257,
    "t1": 18.07784859832191,
    "t2": 129.84378360588528
}