{
    "b0": 6.96477686357257,
    "b1": 2.32015064603549,
    "b2": -6.580347070845423,
    "b3": -10.65851512744289,
    "t1": 8.703043276101985,
    "t2": 64.43201119505021
}