{
    "b0": 6.473238891978662,
    "b1": 4.656761108020071,
    "b2": -185650.06419998797,
    "b3": 112567.83044915886,
    "t1": 0.42243165512490954,
    "t2": 0.6967857316186176
}