{
    "b0": 6.947803527492801,
    "b1": 5.448940295073383,
    "b2": -20900.11222672947,
    "b3": 20904.478868289592,
    "t1": 3.656666670998455,
    "t2": 3.6547469656929006
}