{
    "b0": 7.080585327533682,
    "b1": 1.549414676942888,
    "b2": 49.94762538557139,
    "b3": -14.461961824810672,
    "t1": 0.9398163148142172,
    "t2": 50.16091502091085
}