{
    "b0": 7.01966144199787,
    "b1": 6.416701427130321,
    "b2": 34862.169535766145,
    "b3": -34851.906648841614,
    "t1": 5.471721661613843,
    "t2": 5.473282268857845
}