{
    "b0": 6.33451092699958,
    "b1": -8.22462912166267,
    "b2": 27.662464355221566,
    "b3": 1.1751583975078304,
    "t1": 1.0284199221971824,
    "t2": 8.306228419358629
}