{
    "b0": 6.680103187554729,
    "b1": 2.240071320246069,
    "b2": -2.1985359663968462,
    "b3": -6.330614828467364,
    "t1": 14.669138293911095,
    "t2": 99.99198016070667
}