{
    "b0": 7.037197475792104,
    "b1": 1.5928025258701979,
    "b2": 38.874795603943646,
    "b3": -13.973823433949796,
    "t1": 0.9148199099148109,
    "t2": 49.46936519506546
}