{
    "b0": 7.05403260276603,
    "b1": 2.0454826016937915,
    "b2": -5.544744498695065,
    "b3": -9.178011800191076,
    "t1": 15.984813444636455,
    "t2": 77.1500151739798
}