{
    "b0": 7.057546653965824,
    "b1": -1.993064484344864,
    "b2": -0.6277594649894982,
    "b3": 23.72318533316002,
    "t1": 228.47878796055943,
    "t2": 3.988484492991346
}