{
    "b0": 6.574859778781243,
    "b1": 2.4041016225936582,
    "b2": -0.0019017397133543334,
    "b3": -11.796076467840376,
    "t1": 308.6395524133989,
    "t2": 89.55415094024616
}