{
    "b0": 6.934669661854557,
    "b1": 1.6753303398704276,
    "b2": 51.31896067934447,
    "b3": -16.994335152326965,
    "t1": 0.545744423276423,
    "t2": 40.184860028332714
}