{
    "b0": 6.956026386093709,
    "b1": 3.0900701302277707,
    "b2": -6.264344406531483,
    "b3": -7.726235166793552,
    "t1": 19.687588019531503,
    "t2": 121.34420433713113
}