{
    "b0": 6.76776596681343,
    "b1": 3.95356275916654,
    "b2": -17735.800726234233,
    "b3": 17733.398138481698,
    "t1": 4.505969682675918,
    "t2": 4.500699616476228
}