{
    "b0": 6.95769761009027,
    "b1": 2.2796574219655623,
    "b2": -8.906134263712834,
    "b3": -7.1237934509169545,
    "t1": 16.48305311008537,
    "t2": 126.34885293923475
}