{
    "b0": 6.925952356599766,
    "b1": 2.418160509562145,
    "b2": -8.91823073974411,
    "b3": -8.569640449678488,
    "t1": 7.74192066866903,
    "t2": 81.61675190309717
}