{
    "b0": 6.664962509500132,
    "b1": 3.7734325165992875,
    "b2": -16416.142057528657,
    "b3": 16425.959766550735,
    "t1": 8.528666305081062,
    "t2": 8.51749392605748
}