{
    "b0": 6.667178797661597,
    "b1": 3.7709213919576565,
    "b2": 93464.57295817955,
    "b3": -93466.42719111302,
    "t1": 3.767916566951367,
    "t2": 3.7689243088009787
}