{
    "b0": 7.181308983580694,
    "b1": 4.375070087070426,
    "b2": -8.247911851843496,
    "b3": -9.98675029644841,
    "t1": 114.66553444358877,
    "t2": 25.414351243236677
}