{
    "b0": 6.573027578494324,
    "b1": 3.078006766042291,
    "b2": -4.123331292048075,
    "b3": -4.430125892406673,
    "t1": 23.87121017535455,
    "t2": 109.35285423336464
}