{
    "b0": 6.642471010534101,
    "b1": 2.6202391729511287,
    "b2": -2.954179990716138,
    "b3": -7.825411840825771,
    "t1": 20.650063991052615,
    "t2": 82.74425924996922
}