{
    "b0": 7.0829807146372135,
    "b1": 1.5470192849879378,
    "b2": -183.19553056804915,
    "b3": -11.267489969869677,
    "t1": 0.5792065878520045,
    "t2": 65.65414540106929
}