{
    "b0": 6.97700773075991,
    "b1": 2.3814049196901426,
    "b2": -8.56007571762613,
    "b3": -13.289569546010426,
    "t1": 9.238674400628808,
    "t2": 48.65592377625186
}