{
    "b0": 6.622313575584503,
    "b1": 2.576015817096256,
    "b2": -8.616636041257035,
    "b3": -2.6316096144744385,
    "t1": 71.17956297675151,
    "t2": 26.562057705388703
}