{
    "b0": 7.333425905947857,
    "b1": -203.3487215674823,
    "b2": 126.17440129732879,
    "b3": -7.026580511778775,
    "t1": 1.4652875862998076,
    "t2": 102.34173725112356
}