{
    "b0": 7.021375883320365,
    "b1": 1.9556673602810069,
    "b2": -2.9768945467625376,
    "b3": -9.515261697725236,
    "t1": 17.2890323527143,
    "t2": 65.71352988312566
}