{
    "b0": 6.687851595272113,
    "b1": 4.331907569914494,
    "b2": 142587.8127843193,
    "b3": -142556.9548399458,
    "t1": 3.5475806955727447,
    "t2": 3.5482419918141352
}