{
    "b0": 6.052806268517939,
    "b1": 4.587419240463147,
    "b2": 88594.01550522028,
    "b3": -88585.47022072335,
    "t1": 3.4517501539242677,
    "t2": 3.451006574836669
}