{
    "b0": 6.622027319137916,
    "b1": -9087.970135705975,
    "b2": 29365.735521566945,
    "b3": -17979.671338271502,
    "t1": 0.531396626501648,
    "t2": 0.604671715199929
}