{
    "b0": 6.724235453838385,
    "b1": 1.5030350061367868,
    "b2": 21.95907388711367,
    "b3": -24.811559190090335,
    "t1": 8.124813572832995,
    "t2": 19.61698913875071
}