{
    "b0": 6.105325313568334,
    "b1": 4.524674686431618,
    "b2": 87.15902735336162,
    "b3": 11.573351225930308,
    "t1": 0.12347337885696469,
    "t2": 9.07906532825803
}