{
    "b0": 6.855637471950133,
    "b1": 1.5139306294829122,
    "b2": 15.941595222903398,
    "b3": -25.440843675353946,
    "t1": 6.284968130694439,
    "t2": 25.125801266272862
}