{
    "b0": 6.512672368593809,
    "b1": 2.1073276318324154,
    "b2": 120.59005793296083,
    "b3": -21.389177402073916,
    "t1": 0.3057624283790257,
    "t2": 11.344751829998033
}