{
    "b0": 5.8064629556313605,
    "b1": 4.8335370447653485,
    "b2": 291.2459527179741,
    "b3": -38.86787814777299,
    "t1": 0.5114709341628596,
    "t2": 9.596279886118639
}