{
    "b0": 6.393459326400777,
    "b1": 3.7265406657160494,
    "b2": -26.8031780641788,
    "b3": 10.268950173414128,
    "t1": 0.9521707900437312,
    "t2": 17.48875524165334
}