{
    "b0": 5.981221180893714,
    "b1": 4.659940898256888,
    "b2": -35093.7543378042,
    "b3": 35104.229176135916,
    "t1": 4.016152708060868,
    "t2": 4.017669065313123
}