{
    "b0": 5.814878278704278,
    "b1": 4.815121722637354,
    "b2": 25.942699193523488,
    "b3": 9.603722004962286,
    "t1": 0.9193803738944043,
    "t2": 4.741917703730228
}