{
    "b0": 6.701749903064722,
    "b1": 1.9282500972733736,
    "b2": 125.53608201399615,
    "b3": -24.18084976272027,
    "t1": 0.25490948008814257,
    "t2": 10.03605592962903
}