{
    "b0": 6.47251650920109,
    "b1": 3.6574834913820062,
    "b2": 48.71767594685391,
    "b3": 5.849579289299182,
    "t1": 0.41192111974389023,
    "t2": 23.275230608089743
}