{
    "b0": 6.328420793860827,
    "b1": 4.311579206589222,
    "b2": 165.53376912246782,
    "b3": -20.76921696404176,
    "t1": 0.6212103827061661,
    "t2": 20.644977513742
}