{
    "b0": 5.827933058326753,
    "b1": 4.801943975023871,
    "b2": -113243.92797879795,
    "b3": 113303.79547304826,
    "t1": 6.359698564803674,
    "t2": 6.356069525788848
}