{
    "b0": 6.557683252365717,
    "b1": 2.8423167468275254,
    "b2": -202.76965510765808,
    "b3": 7.4737713688464344,
    "t1": 0.718631581788842,
    "t2": 14.568053110530515
}