{
    "b0": 6.6215580328424535,
    "b1": 2.7484419670467553,
    "b2": -603561.9128617679,
    "b3": 1230660.1989283098,
    "t1": 1.0116009646545148,
    "t2": 0.49603792104576583
}