{
    "b0": 6.586185235484755,
    "b1": 2.7838147630265806,
    "b2": -195.83914178725678,
    "b3": 16.511172796374435,
    "t1": 0.9272587749468985,
    "t2": 8.03704492210437
}