{
    "b0": 6.618258153549408,
    "b1": 2.761741846453294,
    "b2": 73376.63173238497,
    "b3": -60651.498936034055,
    "t1": 0.7215430707263787,
    "t2": 0.8747051400073442
}