{
    "b0": 6.036365666597574,
    "b1": 4.60363433450458,
    "b2": 132.2957519924669,
    "b3": -16.671691927298703,
    "t1": 0.6347641496278302,
    "t2": 26.810194782126903
}