{
    "b0": 6.649847450505288,
    "b1": 1.970152549857609,
    "b2": 182.42830840944526,
    "b3": -33.02634890791005,
    "t1": 0.5231655264329583,
    "t2": 16.059606843636782
}