{
    "b0": 6.306114054033217,
    "b1": 4.333885945976354,
    "b2": 291.80705080947916,
    "b3": -29.864214251136993,
    "t1": 0.7539388422750413,
    "t2": 16.709529655226312
}