{
    "b0": 5.790872850296041,
    "b1": 4.849127150704183,
    "b2": 13.84545351464898,
    "b3": 13.201336464971256,
    "t1": 0.9410854362887688,
    "t2": 4.909171281996102
}