{
    "b0": 6.0364308899701165,
    "b1": -348675294.4172552,
    "b2": 348676056.31731284,
    "b3": -23.03535294532776,
    "t1": 0.12554383240275324,
    "t2": 18.345597840906766
}