{
    "b0": 5.7664546994547266,
    "b1": -14542.691513209968,
    "b2": 14956.984236057944,
    "b3": -44.83630362052827,
    "t1": 0.36951339562407004,
    "t2": 8.285218753849017
}