{
    "b0": 6.0218078196088,
    "b1": 4.1081921807539,
    "b2": 43.89378175680896,
    "b3": 6.946983676435437,
    "t1": 0.69060458897622,
    "t2": 10.818366089053113
}