{
    "b0": 6.439587044751203,
    "b1": -416.54071812534846,
    "b2": 478.6606958156407,
    "b3": 4.040549218621493,
    "t1": 0.5578303375424319,
    "t2": 33.22562383553762
}