{
    "b0": 6.487657045065974,
    "b1": 2.1323429549747495,
    "b2": 440.86740777292835,
    "b3": -60.85027647962214,
    "t1": 0.8242487758749617,
    "t2": 9.928970752123726
}