{
    "b0": 6.4583902892015805,
    "b1": 2.1616097107987784,
    "b2": 411.6954405965964,
    "b3": -68.9054186609758,
    "t1": 0.15393515615188477,
    "t2": 2.9426172429652886
}