{
    "b0": 6.551272645721818,
    "b1": 380.38203329414864,
    "b2": -656.4126489871364,
    "b3": 16.18578760617362,
    "t1": 0.6591165733799844,
    "t2": 8.194485537629085
}