{
    "b0": 5.684497288734904,
    "b1": 4.945960400063836,
    "b2": -48151.77381356877,
    "b3": 48161.329891465255,
    "t1": 4.955198926107605,
    "t2": 4.956182589960404
}