{
    "b0": 5.781940656617841,
    "b1": 4.8580593439696,
    "b2": 40.68380445461297,
    "b3": 7.420829454616683,
    "t1": 0.8973866126490021,
    "t2": 6.075454516504641
}