{
    "b0": 5.743967249384687,
    "b1": 4.896032750626961,
    "b2": 558.7405201128054,
    "b3": -71.24161118232928,
    "t1": 0.6022759900971992,
    "t2": 7.059850701405915
}