{
    "b0": 6.1776478968504165,
    "b1": 6.272371954119542,
    "b2": -42199.72442417938,
    "b3": 42210.18478972086,
    "t1": 16.767503048543684,
    "t2": 16.770903776532702
}