{
    "b0": 6.07243987990599,
    "b1": 5.777500370901619,
    "b2": -40.8724313572724,
    "b3": 15.864207809510141,
    "t1": 3.500202450861087,
    "t2": 29.537139369507166
}