{
    "b0": 4.475109907754401,
    "b1": 6.884891341562271,
    "b2": -398198.7910324879,
    "b3": 397774.8445859287,
    "t1": 2.0139300182183955,
    "t2": 2.0159357209551554
}