{
    "b0": 6.466799326843274,
    "b1": 4.69320067303272,
    "b2": -1889453.4871532952,
    "b3": 1231112.2379535558,
    "t1": 0.6166112035630118,
    "t2": 0.9461471630907939
}