{
    "b0": 6.3490553119058575,
    "b1": 5.300575774713537,
    "b2": -1375776.0392893688,
    "b3": 1375833.721153544,
    "t1": 4.274547662342634,
    "t2": 4.274330337397405
}