{
    "b0": 5.467610336769684,
    "b1": 6.917393466340043,
    "b2": -5.954270898380096,
    "b3": -21.088792110947235,
    "t1": 201.72167823524288,
    "t2": 47.54409026609386
}