{
    "b0": 5.103426232554797,
    "b1": 5.106377106444241,
    "b2": -12.627528213173504,
    "b3": 9.598950846568943,
    "t1": 47.34510691522694,
    "t2": 3.3251300666281516
}