{
    "b0": 6.323420551301247,
    "b1": -2047.717741490052,
    "b2": 2551.545193971233,
    "b3": -57.73526523519445,
    "t1": 0.7260388709789249,
    "t2": 11.172401921121798
}