{
    "b0": 4.671669073172487,
    "b1": 79271.28851642783,
    "b2": 332470.09408137004,
    "b3": -508876.9873349435,
    "t1": 1.2438100550353501,
    "t2": 1.0064353696781596
}