{
    "b0": 6.464943142229296,
    "b1": 4.685056857750467,
    "b2": 825382.2259528994,
    "b3": -717643.8326786276,
    "t1": 1.0160053932000357,
    "t2": 1.1688112073079462
}