{
    "b0": 6.290520357593914,
    "b1": 5.83654880018309,
    "b2": 19187.04136739642,
    "b3": -19180.07593308354,
    "t1": 13.059352451016917,
    "t2": 13.050853151807697
}