{
    "b0": 6.373748732706497,
    "b1": -72.06205687082392,
    "b2": -5.055970992984271e-05,
    "b3": 14.415522786980645,
    "t1": 1.549502678341813,
    "t2": 33.30134800043
}