{
    "b0": 4.506009686800969,
    "b1": 6.649479782195041,
    "b2": 152270.39035729814,
    "b3": -152274.30958162044,
    "t1": 2.47697102534273,
    "t2": 2.4773415847594227
}