{
    "b0": 6.143976977603555,
    "b1": 6.170290405766048,
    "b2": -27464.83312685879,
    "b3": 27474.873932316656,
    "t1": 17.539340863916816,
    "t2": 17.544077047500064
}