{
    "b0": 6.522277268323059,
    "b1": -92.84050331819256,
    "b2": -847067.5170184806,
    "b3": 847160.1291642105,
    "t1": 7.34463497479374,
    "t2": 7.344019976068418
}