{
    "b0": 5.531663439658873,
    "b1": 6.348336561309015,
    "b2": 114.86131890788114,
    "b3": -5.322752093044031,
    "t1": 0.7357247098578733,
    "t2": 143.11808725419368
}