{
    "b0": 6.466468676418417,
    "b1": 4.683531323709239,
    "b2": -623010.26754702,
    "b3": 1241073.4825000875,
    "t1": 1.0725269417124295,
    "t2": 0.5382255021020518
}