{
    "b0": 4.45537390879921,
    "b1": 7.424626088394017,
    "b2": -1241308.0733896582,
    "b3": 1235344.8671008945,
    "t1": 1.2619704631130528,
    "t2": 1.2680230694262593
}