{
    "b0": 6.337675300154191,
    "b1": 5.5723199557964005,
    "b2": -62.17008382926068,
    "b3": 14.874802507732559,
    "t1": 2.139007971799197,
    "t2": 30.093237659530196
}