{
    "b0": 6.326866303560399,
    "b1": 3.4806145986167687,
    "b2": 66719.57213134618,
    "b3": -66720.2866026299,
    "t1": 10.9437740160634,
    "t2": 10.949025918824095
}