{
    "b0": 6.203399598678752,
    "b1": 6.200976960633826,
    "b2": -52470.3753563986,
    "b3": 52478.33887717151,
    "t1": 14.162842694995959,
    "t2": 14.166009096507793
}