{
    "b0": 5.474654987110509,
    "b1": 6.672577449978968,
    "b2": -11.34091584514416,
    "b3": -5.4417694113674395,
    "t1": 9.892948905639614,
    "t2": 77.20524821370047
}