{
    "b0": 5.639033624469775,
    "b1": 6.750966376443879,
    "b2": 101.5570363128559,
    "b3": 3.4734701510566435,
    "t1": 0.6644189932346425,
    "t2": 16.891328570467763
}