{
    "b0": 6.141055250327691,
    "b1": 6.258944749095333,
    "b2": -141.90245983639082,
    "b3": 23.913640376873026,
    "t1": 0.5966077494897063,
    "t2": 8.886546729433345
}