{
    "b0": 6.26408373824973,
    "b1": 5.895505242749582,
    "b2": -3.9289928650221246,
    "b3": 16.453865063216043,
    "t1": 3.604249021131987,
    "t2": 20.005266244539694
}