{
    "b0": 4.801885235761087,
    "b1": 6.2476865887333695,
    "b2": -422265.7170650726,
    "b3": 422271.3179429764,
    "t1": 4.38619877863521,
    "t2": 4.386065711398034
}