{
    "b0": 4.716272090020206,
    "b1": 6.803591553942296,
    "b2": -199922.97119039562,
    "b3": 199926.3879240372,
    "t1": 3.6671098861814584,
    "t2": 3.6667554967684888
}