{
    "b0": 6.130803320851333,
    "b1": 6.159138261213965,
    "b2": 15065.73260785671,
    "b3": -15055.36581837001,
    "t1": 17.932652909618124,
    "t2": 17.92338497658764
}