{
    "b0": 6.351359863230257,
    "b1": 5.285165892064699,
    "b2": -17115.262906577507,
    "b3": 17130.494221137447,
    "t1": 4.503264357674115,
    "t2": 4.493485309959434
}