{
    "b0": 6.455656815293503,
    "b1": 4.684343184761687,
    "b2": 192.57330601135064,
    "b3": -32.76188489404979,
    "t1": 0.18010319829409432,
    "t2": 11.80934524703835
}