{
    "b0": 6.681778578192098,
    "b1": 4.598665449483468,
    "b2": -56509.08840178191,
    "b3": 56499.78859410271,
    "t1": 4.120029319018298,
    "t2": 4.116991996424124
}