{
    "b0": 6.263924835132993,
    "b1": -124.25703784839729,
    "b2": 155.3580580022798,
    "b3": -33.58760164105256,
    "t1": 5.452129388557291,
    "t2": 16.13657191708517
}