{
    "b0": 6.492798712950004,
    "b1": 5.1472012870474515,
    "b2": -105996.86984044145,
    "b3": 80425.55254336853,
    "t1": 0.8934805623045606,
    "t2": 1.1745658876181686
}