{
    "b0": 6.494435578647638,
    "b1": -4.0988184703426125,
    "b2": -31491.86822094419,
    "b3": 31525.638923043276,
    "t1": 7.082602449759412,
    "t2": 7.074017291458553
}