{
    "b0": 4.440213958507748,
    "b1": 6.429788311356362,
    "b2": 177565.9133396263,
    "b3": -177886.12478311587,
    "t1": 1.9936358949821582,
    "t2": 1.9904157494087016
}