{
    "b0": 6.196107632177457,
    "b1": 6.203892366574292,
    "b2": -139.20769415582203,
    "b3": 26.426834833756885,
    "t1": 0.6923584893134395,
    "t2": 8.32052135922466
}