{
    "b0": 5.547836268957219,
    "b1": 6.208309137689964,
    "b2": -6.68104230236148,
    "b3": -19.738215172147626,
    "t1": 167.1084571427239,
    "t2": 38.31612968068362
}