{
    "b0": 6.450453005407283,
    "b1": 4.689546994930861,
    "b2": 270.14181535922245,
    "b3": -37.46593898243193,
    "t1": 0.5427667792164689,
    "t2": 13.384844019997274
}