{
    "b0": 6.278981070958497,
    "b1": 6.117825819467338,
    "b2": 11.69037922415548,
    "b3": 8.307825435820577,
    "t1": 2.3442713091111935,
    "t2": 17.779158776105017
}