{
    "b0": 6.7601482471531895,
    "b1": 4.879549896074408,
    "b2": -6625.2987541347,
    "b3": 6687.389331260589,
    "t1": 4.733608902841193,
    "t2": 4.674261097104495
}