{
    "b0": 4.7233626729323674,
    "b1": 7.156637327383148,
    "b2": 182.83989942362186,
    "b3": -1185.4125578180804,
    "t1": 0.7519892900570878,
    "t2": 0.0418147627141341
}