{
    "b0": 6.3821819653152625,
    "b1": 5.009945315531757,
    "b2": -374653.6360226255,
    "b3": 374634.77138509136,
    "t1": 2.8921793378823852,
    "t2": 2.8918579782063296
}