{
    "b0": 4.648379587631171,
    "b1": 226287.37385026042,
    "b2": 355466.540477028,
    "b3": -711604.5736188187,
    "t1": 1.0275198604761522,
    "t2": 0.8400548144619806
}