{
    "b0": 4.493011948735906,
    "b1": 6.410565565405779,
    "b2": 52225.23962386462,
    "b3": -52210.89476651568,
    "t1": 1.8924533354360484,
    "t2": 1.8919885007833892
}