{
    "b0": 6.1665457629551055,
    "b1": 7.207387335555686,
    "b2": -11.643293086413019,
    "b3": -6.5005990449875934,
    "t1": 18.291534976084613,
    "t2": 207.56685244002105
}