{
    "b0": 6.225854075059662,
    "b1": 5.943924956147505,
    "b2": -651192.2174151163,
    "b3": 651200.2286400956,
    "t1": 13.643945468256735,
    "t2": 13.644205432896925
}