{
    "b0": 6.642938740130746,
    "b1": 4.478302833055794,
    "b2": -33861.267337265694,
    "b3": 33865.1747126443,
    "t1": 11.264480519839609,
    "t2": 11.258813755797098
}