{
    "b0": 4.725954109883419,
    "b1": 6.5258037513648235,
    "b2": 47384.26296039437,
    "b3": -47382.36324863918,
    "t1": 3.2643630240807107,
    "t2": 3.266076437681558
}