{
    "b0": 6.335650886179629,
    "b1": -21.535784229295924,
    "b2": 52300.81143886556,
    "b3": -52223.533731475014,
    "t1": 4.064216724555009,
    "t2": 4.069645468291945
}