{
    "b0": 4.324370068553688,
    "b1": 6.068787645385385,
    "b2": -120077.1586135725,
    "b3": 120093.064781768,
    "t1": 1.9238715970684785,
    "t2": 1.924144558408446
}