{
    "b0": 4.093323094289241,
    "b1": 0.8679242039702466,
    "b2": 36683.8845538345,
    "b3": -36666.83614674665,
    "t1": 7.186312173783238,
    "t2": 7.191665399473931
}