{
    "b0": 3.542952466684283,
    "b1": 1.0374386086694791,
    "b2": 12.967716935813622,
    "b3": 8.157173473699412,
    "t1": 1.6529739582328506,
    "t2": 13.459079820998442
}