{
    "b0": 3.5735513255017444,
    "b1": 4.5580823067879095,
    "b2": 7.301540270131008,
    "b3": 6.473080495503622,
    "t1": 2.8600223614157705,
    "t2": 16.06109119367611
}