{
    "b0": 3.1990857341587358,
    "b1": 5.529230045249277,
    "b2": -45304.217116249405,
    "b3": 45335.90829720488,
    "t1": 4.095613894084293,
    "t2": 4.092906297018323
}