{
    "b0": 4.216570435984394,
    "b1": 4.062192569700082,
    "b2": -16.61946837297539,
    "b3": -5.382399124195144,
    "t1": 32.85644346337979,
    "t2": 325.3198560410385
}