{
    "b0": 3.7891654977810107,
    "b1": 4.18458821798977,
    "b2": -780547.2734963959,
    "b3": 780546.9512647304,
    "t1": 4.10169629206154,
    "t2": 4.101552596200082
}