{
    "b0": 4.230670301974616,
    "b1": 6.039329698137995,
    "b2": 305720.26038258645,
    "b3": -672882.1633917232,
    "t1": 1.210324171390118,
    "t2": 0.5499328901598466
}