{
    "b0": 3.1935283128111434,
    "b1": -64.38356750145266,
    "b2": -1.7663628355535366e-06,
    "b3": 140.5052331088607,
    "t1": 21.163781161937617,
    "t2": 7.677948878686926
}