{
    "b0": 3.4584022817238904,
    "b1": 4.793505174716456,
    "b2": 6.050157418610844,
    "b3": 8.672132382231904,
    "t1": 1.5821822925613118,
    "t2": 14.71889152118481
}