{
    "b0": 4.0999363638820014,
    "b1": 4.8277556772017745,
    "b2": -12.330219265741942,
    "b3": -7.468823297832686,
    "t1": 112.28165123441872,
    "t2": 30.73557353878552
}