{
    "b0": 4.115459792721765,
    "b1": 4.898232436347856,
    "b2": -8.778995875425718,
    "b3": -19.81777197033217,
    "t1": 263.3732205901846,
    "t2": 53.2178226768962
}