{
    "b0": 4.322451057838126,
    "b1": 3.74271966129664,
    "b2": -8.504743476981123,
    "b3": -18.560021517209236,
    "t1": 339.31225349513596,
    "t2": 49.48715331539185
}