{
    "b0": 2.90133674378064,
    "b1": 4.918737218835442,
    "b2": -361432.71516929293,
    "b3": 361314.4426749874,
    "t1": 2.553905777079692,
    "t2": 2.554602204129905
}