{
    "b0": 2.609021553746895,
    "b1": 3.571111024997192,
    "b2": 22.107758613611526,
    "b3": -23.108009998610218,
    "t1": 3.5371761030312547,
    "t2": 21.5083975188036
}