{
    "b0": 4.517906480226079,
    "b1": -211.19033235693774,
    "b2": 146.87133609792943,
    "b3": -7.864995941625409,
    "t1": 1.5521284467869023,
    "t2": 7.717057515770741
}