{
    "b0": 4.874881529236246,
    "b1": 4.040274651940056,
    "b2": -4.338197342093432,
    "b3": -7.644047679483922,
    "t1": 30.966446927039396,
    "t2": 269.61649370051254
}