{
    "b0": 4.386405015329327,
    "b1": 5.775511396417757,
    "b2": 54494.31202990533,
    "b3": -54494.36535462693,
    "t1": 2.2589389506150948,
    "t2": 2.2595532368730757
}