{
    "b0": 4.266815180692747,
    "b1": 4.25829757604867,
    "b2": -8.45419229858726,
    "b3": -20.072753984350314,
    "t1": 295.7670277016786,
    "t2": 45.00114292315019
}