{
    "b0": 2.4597034357018366,
    "b1": -9.875621882323141,
    "b2": 343553.50565356,
    "b3": -343532.1807481043,
    "t1": 3.407023617620838,
    "t2": 3.4076048834968042
}