{
    "b0": 4.415282977704666,
    "b1": 6.89065921361424,
    "b2": -13.266438743871527,
    "b3": -8.131847733429078,
    "t1": 9.568557063979558,
    "t2": 155.89919019989458
}