{
    "b0": 5.530536270272803,
    "b1": 5.989109394910437,
    "b2": -8.459391148399908,
    "b3": -5.13071110692106,
    "t1": 30.258797482285516,
    "t2": 300.638049233665
}