{
    "b0": 4.067332358353884,
    "b1": 4.336726015546865,
    "b2": -8.522807955805982,
    "b3": -20.747123281866763,
    "t1": 253.85029695870819,
    "t2": 38.804715058517836
}