{
    "b0": 5.009539236934513,
    "b1": 4.35456183208857,
    "b2": 7.858154904815594,
    "b3": -5.870342333344733,
    "t1": 1.2256274515673893,
    "t2": 194.7559527945417
}