{
    "b0": 3.726392039912174,
    "b1": -91.16100649564638,
    "b2": -0.01719911040138733,
    "b3": 10.089265180905812,
    "t1": 1.1215267868527037,
    "t2": 11.892804599035733
}