{
    "b0": 3.2972773918184393,
    "b1": 5.084502835278462,
    "b2": -77232.91149135836,
    "b3": 77225.38191891648,
    "t1": 4.96652135403785,
    "t2": 4.967836352103175
}