{
    "b0": 3.700998211016001,
    "b1": 3.6214802577180407,
    "b2": 6.926843177083105,
    "b3": 6.518674087232277,
    "t1": 3.7311763061413337,
    "t2": 14.242795864991793
}