{
    "b0": 3.2478606769499194,
    "b1": 5.3815811123432855,
    "b2": 102872.5733189642,
    "b3": -102804.3920356139,
    "t1": 3.595122451111964,
    "t2": 3.5973963084885967
}