{
    "b0": 4.232429032857262,
    "b1": 4.982065727751854,
    "b2": -10.224769785335912,
    "b3": -8.24460991138174,
    "t1": 27.405499139202202,
    "t2": 139.1634716714327
}