{
    "b0": 3.631088404292265,
    "b1": 169711.9434037379,
    "b2": 458055.50630026433,
    "b3": -824802.4196868656,
    "t1": 1.171061521263368,
    "t2": 0.8914158792915621
}