{
    "b0": 3.4287191673086213,
    "b1": 4.94041017967972,
    "b2": -153820.09176623554,
    "b3": 153814.4143679813,
    "t1": 5.628889144627744,
    "t2": 5.629565845199424
}