{
    "b0": 2.6285224732996997,
    "b1": 5.199897214887079,
    "b2": -107228.92347928876,
    "b3": 107237.88462881582,
    "t1": 2.4076532653612017,
    "t2": 2.4080663808773135
}