{
    "b0": 3.63488680361254,
    "b1": 4.556595666873617,
    "b2": 6.312273991782087,
    "b3": 6.128831694557654,
    "t1": 3.3531971928453856,
    "t2": 16.432935491609808
}