{
    "b0": 2.407443282841402,
    "b1": 901.6374848139991,
    "b2": -1027.085925820301,
    "b3": -6.028990842945063,
    "t1": 0.9519604763836835,
    "t2": 5.554972330172785
}