{
    "b0": 2.829272767948264,
    "b1": 4.987751896098829,
    "b2": 46253.481833010424,
    "b3": -46246.405891464434,
    "t1": 4.288681715845143,
    "t2": 4.2902093404322175
}