{
    "b0": 4.4512304668813485,
    "b1": 4.9093532336682975,
    "b2": -13.172600717698906,
    "b3": -8.397098687277825,
    "t1": 8.687211201645846,
    "t2": 160.01686289979708
}