{
    "b0": 5.202259220191473,
    "b1": -108.56403896100619,
    "b2": -0.00015853995799375298,
    "b3": 234.85159774337086,
    "t1": 16.98684784089408,
    "t2": 6.663803465158672
}