{
    "b0": 2.8590480567526333,
    "b1": 4.923082816554173,
    "b2": -50128.452165347764,
    "b3": 50134.933091578765,
    "t1": 3.808582160669182,
    "t2": 3.807302955411089
}