{
    "b0": 4.061494486587944,
    "b1": 116148.2442874881,
    "b2": -412077.2774959586,
    "b3": 247265.335251151,
    "t1": 0.9199936519876424,
    "t2": 1.1009492157885878
}