{
    "b0": 3.843597594146399,
    "b1": 4.51643552656822,
    "b2": -68.74124495386361,
    "b3": 10.756996673319184,
    "t1": 1.9528266717733458,
    "t2": 12.52447567564663
}