{
    "b0": 3.7788233447879653,
    "b1": 4.298908686610769,
    "b2": -17562.80513107319,
    "b3": 17565.12970017894,
    "t1": 4.750446542118108,
    "t2": 4.7458913153668
}