{
    "b0": 3.4317822175140735,
    "b1": 4.9362155025431385,
    "b2": -154617.46872436185,
    "b3": 154613.38039806063,
    "t1": 6.3471141201427805,
    "t2": 6.347813567683835
}