{
    "b0": 3.6898119723781617,
    "b1": -7203.775400436644,
    "b2": -1587.362013941066,
    "b3": 13635.815439948628,
    "t1": 0.9327134114689664,
    "t2": 0.5936076578850286
}