{
    "b0": 3.280383718671349,
    "b1": -2.099937316867376,
    "b2": -28402.64945603966,
    "b3": 28433.29768393353,
    "t1": 6.410106775802334,
    "t2": 6.404658774704252
}