{
    "b0": 4.145476248934032,
    "b1": 4.645526707352382,
    "b2": 89458.78608141323,
    "b3": -89454.17371173135,
    "t1": 10.03685703061239,
    "t2": 10.038888935244886
}