{
    "b0": 4.113605960563447,
    "b1": 4.870611202065635,
    "b2": -17.783634201413292,
    "b3": -4.9370597369950975,
    "t1": 35.55588007282262,
    "t2": 367.14381874479193
}