{
    "b0": 5.742514033353652,
    "b1": 5.937854903222448,
    "b2": -16.752138704284842,
    "b3": -3.5221690683492604,
    "t1": 22.3064657105653,
    "t2": 219.02578214354924
}