{
    "b0": 3.8471018378976827,
    "b1": 4.4150784472179385,
    "b2": 409680.6932453905,
    "b3": -409678.9205761025,
    "t1": 5.480102641748386,
    "t2": 5.480299388205972
}