{
    "b0": 5.424406413685728,
    "b1": 5.810539833891502,
    "b2": -12.102052239765063,
    "b3": -17.472878965808025,
    "t1": 225.26264968232002,
    "t2": 35.37296534147765
}