{
    "b0": 3.8187557432645196,
    "b1": 4.722259463259672,
    "b2": -40167.99912588373,
    "b3": 40170.6545514658,
    "t1": 2.4730392140681388,
    "t2": 2.472431766624905
}