{
    "b0": 4.178741033941965,
    "b1": 4.753991639460219,
    "b2": -8.58416259771046,
    "b3": -21.924599731799997,
    "t1": 286.0180824987185,
    "t2": 44.555255606982634
}