{
    "b0": 4.501626171390533,
    "b1": 4.692587197480501,
    "b2": -7.782686243795362,
    "b3": -8.928187449357063,
    "t1": 13.050311063344473,
    "t2": 163.43901770764535
}