{
    "b0": 3.867154337884564,
    "b1": -4.469654993388646,
    "b2": 1956657.764239662,
    "b3": -1956634.3680272766,
    "t1": 2.755998671015015,
    "t2": 2.7560287079282393
}