{
    "b0": 2.890428283986227,
    "b1": 4.939583270605328,
    "b2": 161299.24774216642,
    "b3": -161471.39958335788,
    "t1": 2.190389858318014,
    "t2": 2.1884113265062353
}