{
    "b0": 4.202476365206794,
    "b1": 10.662654087997744,
    "b2": 274380.4302300844,
    "b3": -274387.82086836157,
    "t1": 3.9739331273792518,
    "t2": 3.9735780109811305
}