{
    "b0": 6.3503744587409745,
    "b1": 3.0778655766351957,
    "b2": -19.406450013349772,
    "b3": 10.29883807437225,
    "t1": 48.055655197002395,
    "t2": 7.283874556962405
}