{
    "b0": 6.927886658057792,
    "b1": 4.480629291534805,
    "b2": -9.249141961943876,
    "b3": -23.23740193653557,
    "t1": 221.57123139869137,
    "t2": 36.3724023570215
}