{
    "b0": 6.026626852042378,
    "b1": 7.464710158696549,
    "b2": -12.82761806452735,
    "b3": -11.012024248409334,
    "t1": 3.735058747123999,
    "t2": 120.90325948499199
}