{
    "b0": 6.348384164342858,
    "b1": 5.18793420141459,
    "b2": -6.027802457449663,
    "b3": -23.94384813506403,
    "t1": 184.60922360334732,
    "t2": 41.466445817913
}