{
    "b0": 3.4169814076636067,
    "b1": 3.801982450679044,
    "b2": 59594.180362274674,
    "b3": -59560.42105514607,
    "t1": 4.600632278870413,
    "t2": 4.603427916678957
}