{
    "b0": 6.735212271679216,
    "b1": 3.425279942390495,
    "b2": -5.958210204060978,
    "b3": -16.956112254999947,
    "t1": 147.87029899568395,
    "t2": 41.75395202012634
}