{
    "b0": 4.525756413331689,
    "b1": 60.45525686924325,
    "b2": 346051.507447839,
    "b3": -346187.78324044007,
    "t1": 3.312389225763401,
    "t2": 3.311335583110155
}