{
    "b0": 6.141817237020016,
    "b1": 2.7562008334555603,
    "b2": -6.244779064054288,
    "b3": -11.474977199435093,
    "t1": 166.49681544811918,
    "t2": 64.74967031438997
}