{
    "b0": 6.242138339966092,
    "b1": 2.999712488155126,
    "b2": 8.465236254724994,
    "b3": -16.7743184262533,
    "t1": 1.2033931513128202,
    "t2": 42.79144929931639
}