{
    "b0": 6.714888364207055,
    "b1": 4.049155747678566,
    "b2": -6.3875383218854305,
    "b3": -18.14997187545007,
    "t1": 147.49980995684672,
    "t2": 40.3168501105992
}