{
    "b0": 6.333602591229809,
    "b1": 4.396440782921287,
    "b2": -8.405378156013086,
    "b3": -19.660168942875387,
    "t1": 228.5124407469907,
    "t2": 45.09155267279828
}