{
    "b0": 4.400921633999514,
    "b1": -4.029292006203367,
    "b2": 81762.9579794115,
    "b3": -81756.45326854623,
    "t1": 2.4099363465466763,
    "t2": 2.409339527929165
}