{
    "b0": 6.135335095793211,
    "b1": 3.02388688359866,
    "b2": -6.897199660081347,
    "b3": -10.787053077375244,
    "t1": 166.05580083926827,
    "t2": 60.10305981713376
}