{
    "b0": 6.367974679890743,
    "b1": 4.698805427818191,
    "b2": -17.02499004969539,
    "b3": -5.327880133367284,
    "t1": 35.83186454676113,
    "t2": 246.28430296641378
}