{
    "b0": 3.342427100613033,
    "b1": 3.037199856966593,
    "b2": 299536.3641732428,
    "b3": -299539.91815862525,
    "t1": 4.970403803923969,
    "t2": 4.970769634959621
}