{
    "b0": 6.359923038314056,
    "b1": 4.307702190333658,
    "b2": -7.291237260615527,
    "b3": -21.633507921325844,
    "t1": 135.70899700297255,
    "t2": 30.649414371384687
}