{
    "b0": 3.4421723631171717,
    "b1": -11.800028319841005,
    "b2": -121339.28428358625,
    "b3": 121381.03259590229,
    "t1": 3.8181699458575205,
    "t2": 3.816856868906083
}