{
    "b0": 5.212057304827186,
    "b1": 2.0623671504540173,
    "b2": 7822.047724951732,
    "b3": -7821.854742571594,
    "t1": 7.048818156335202,
    "t2": 7.062992767119396
}