{
    "b0": 3.430148607025567,
    "b1": 3.7998513929773097,
    "b2": -7349.665779198606,
    "b3": 7825.594077791998,
    "t1": 0.5036678119320149,
    "t2": 0.46182866973761
}