{
    "b0": 4.910236873973316,
    "b1": 2.411631529387055,
    "b2": -18855.746606203895,
    "b3": 18857.068712118744,
    "t1": 7.232527791223625,
    "t2": 7.22724972622907
}