{
    "b0": 5.930608868862424,
    "b1": 2.7556450315927545,
    "b2": -9.901506734516172,
    "b3": -4.733340982861215,
    "t1": 169.05649693376947,
    "t2": 34.39743476972454
}