{
    "b0": 4.586924146340533,
    "b1": 3.141029582858572,
    "b2": -178931.3245185505,
    "b3": 178892.13844940966,
    "t1": 4.608423109774451,
    "t2": 4.609240142521906
}