{
    "b0": 5.696781875168442,
    "b1": 3.6532181248290776,
    "b2": 110.54011288728174,
    "b3": -15.969681214169542,
    "t1": 0.30041554720149105,
    "t2": 42.94372099624945
}