{
    "b0": 6.663316788253103,
    "b1": 3.549512260639066,
    "b2": -6.392030180392915,
    "b3": -18.30601937310338,
    "t1": 156.98491948387613,
    "t2": 37.49434275494762
}