{
    "b0": 4.649052569410021,
    "b1": 2.5668524910716872,
    "b2": 42546.57931629859,
    "b3": -42547.33838867274,
    "t1": 2.8450044269687296,
    "t2": 2.8462720836861437
}