{
    "b0": 4.401331103221184,
    "b1": 3.845015609640546,
    "b2": -34980.14885280775,
    "b3": 34989.25100759571,
    "t1": 3.4906876210476723,
    "t2": 3.491342366459837
}