{
    "b0": 4.307409376993993,
    "b1": 3.9623672009801805,
    "b2": 103905.06205136054,
    "b3": -103895.66694959154,
    "t1": 3.782616169988794,
    "t2": 3.782345225604475
}