{
    "b0": 3.201743849102521,
    "b1": 4.028256150492515,
    "b2": -305.5506323292146,
    "b3": 17.91430743514493,
    "t1": 0.586170125031018,
    "t2": 7.2362982836378205
}