{
    "b0": 3.443942674033586,
    "b1": -19.096354329716306,
    "b2": 282277.90402431675,
    "b3": -282236.6487645737,
    "t1": 2.5764488409900093,
    "t2": 2.5769623307094927
}