{
    "b0": 4.405153564464938,
    "b1": 3.817467722578467,
    "b2": -82627.72975286584,
    "b3": 82632.33420348515,
    "t1": 2.2863135352662822,
    "t2": 2.2867669472282905
}