{
    "b0": 4.365977229233484,
    "b1": 3.8544540219870242,
    "b2": 99526.76192392313,
    "b3": -99533.10606237748,
    "t1": 2.360901989420188,
    "t2": 2.3601597408345927
}