{
    "b0": 6.311248769173886,
    "b1": 4.741134852201832,
    "b2": -19.470825997314975,
    "b3": -5.342289785119366,
    "t1": 27.826402403912635,
    "t2": 192.0499300700644
}