{
    "b0": 4.482951903690426,
    "b1": 3.747048595540738,
    "b2": 15277.27783438009,
    "b3": -15414.607467425985,
    "t1": 1.7054131377392174,
    "t2": 1.6869415562371721
}