{
    "b0": 6.14354969857166,
    "b1": 3.152011835917001,
    "b2": -6.901000066287088,
    "b3": -11.752424514444265,
    "t1": 165.92375921285287,
    "t2": 57.244577811014025
}