{
    "b0": 4.141401968130785,
    "b1": 5.807910607844175,
    "b2": -150064.99598710457,
    "b3": 150070.93120856932,
    "t1": 3.876181587775198,
    "t2": 3.876491220233422
}