{
    "b0": 3.3936941287571365,
    "b1": 3.7974845168019042,
    "b2": -40101.501998239815,
    "b3": 40109.333155804285,
    "t1": 3.7669524859906764,
    "t2": 3.7646936607705515
}