{
    "b0": 4.016542359991416,
    "b1": 3.703488979116666,
    "b2": 36693.66933726364,
    "b3": -36784.69567785395,
    "t1": 2.7573690908805433,
    "t2": 2.752128743984933
}