{
    "b0": 6.206241644766644,
    "b1": 4.493074090433279,
    "b2": -6.877979823038222,
    "b3": -22.497061078643767,
    "t1": 150.9660732006368,
    "t2": 31.686890178470158
}