{
    "b0": 2.5816910945116773,
    "b1": -19.278838043595634,
    "b2": 95.9458944473954,
    "b3": -44.09835688547035,
    "t1": 2.7785435651914674,
    "t2": 10.797115295191157
}