{
    "b0": 6.14642881384671,
    "b1": 2.697386054508898,
    "b2": -1.3820740374227285,
    "b3": -8.461528999585829,
    "t1": 21.296543147741605,
    "t2": 166.92520570824271
}