{
    "b0": 4.390017446213705,
    "b1": 12.690035022230207,
    "b2": -295260.65514210134,
    "b3": 295253.1158908754,
    "t1": 2.1988088868387186,
    "t2": 2.1989789138062164
}