{
    "b0": 3.3261238576467806,
    "b1": 3.5473337488678216,
    "b2": 35760.18409958832,
    "b3": -35760.75775749262,
    "t1": 6.723348837748287,
    "t2": 6.726968863633066
}