{
    "b0": 4.609157529144066,
    "b1": 3.3105692737129253,
    "b2": -29676.26127738164,
    "b3": 29684.245750399714,
    "t1": 6.824093151382426,
    "t2": 6.825581609784779
}