{
    "b0": 3.757965301502987,
    "b1": 3.2336284676579186,
    "b2": -328508.64594456187,
    "b3": 328531.1019677466,
    "t1": 4.3301902280402125,
    "t2": 4.329711070870466
}