{
    "b0": 2.617108429958807,
    "b1": 3.691566991849202,
    "b2": 111330.98167658996,
    "b3": -111352.82833394803,
    "t1": 3.5247364771955896,
    "t2": 3.5263305780694707
}