{
    "b0": 4.539762106102282,
    "b1": 3.184527477213786,
    "b2": -106484.67585614388,
    "b3": 106454.69478244198,
    "t1": 4.293406301172516,
    "t2": 4.294294310835572
}