{
    "b0": 5.868116839497271,
    "b1": 2.9446428757928187,
    "b2": -8.51277046025607,
    "b3": -9.235837521236045,
    "t1": 174.89555247905446,
    "t2": 25.159418334217523
}