{
    "b0": 4.769415280932114,
    "b1": 3.951222350579979,
    "b2": -93673.72192888701,
    "b3": 93638.63350130714,
    "t1": 2.33822317665357,
    "t2": 2.338678485849503
}