{
    "b0": 2.600908805073153,
    "b1": -3.999660351573935,
    "b2": 56.21117785464303,
    "b3": -33.826611944216644,
    "t1": 5.226893255100954,
    "t2": 18.459950656654122
}