{
    "b0": 3.4890082664132334,
    "b1": 3.7214987294801194,
    "b2": 190549.58817499454,
    "b3": -190535.64509282992,
    "t1": 4.423730705674816,
    "t2": 4.42420601882646
}