{
    "b0": 3.0924451609770838,
    "b1": 3.919288168916479,
    "b2": -23027.500717084706,
    "b3": 23035.905602240447,
    "t1": 1.9015434616433473,
    "t2": 1.9023804717276849
}