{
    "b0": 4.684492422768953,
    "b1": 2.530671818339131,
    "b2": 92426.29301702691,
    "b3": -92426.85410752364,
    "t1": 3.31263690535942,
    "t2": 3.3131786230105282
}