{
    "b0": 6.20767550125795,
    "b1": -492391.3141767788,
    "b2": 492535.38402945775,
    "b3": -16.15169907436939,
    "t1": 0.18489063161160907,
    "t2": 42.31204877391917
}