{
    "b0": 3.6688382549031813,
    "b1": -28.24231635901293,
    "b2": 154372.4990685224,
    "b3": -154275.10314831787,
    "t1": 4.334370140519881,
    "t2": 4.336553674383138
}