{
    "b0": 4.414091806274637,
    "b1": 3.826628289132574,
    "b2": -11.508693277445886,
    "b3": -5.155211596755386,
    "t1": 23.022731127781388,
    "t2": 298.56598766990976
}