{
    "b0": 3.459852373983288,
    "b1": 3.4255999938905246,
    "b2": 19.451372043943774,
    "b3": -20.098204672833425,
    "t1": 4.447044411630957,
    "t2": 11.481829802948916
}