{
    "b0": 3.392574657093551,
    "b1": 2.762487120504377,
    "b2": -21410.742880412203,
    "b3": 21417.13370835555,
    "t1": 8.34587616759481,
    "t2": 8.339098638263911
}