{
    "b0": 4.328677528844597,
    "b1": 4.699578092418895,
    "b2": -12.2553230736794,
    "b3": -5.1232042738124886,
    "t1": 22.95386554245392,
    "t2": 266.150768192106
}