{
    "b0": 6.4266766406246125,
    "b1": 4.5719301803439105,
    "b2": -16.079263255700802,
    "b3": -5.731341454509315,
    "t1": 37.39747991072791,
    "t2": 251.1795485200647
}