{
    "b0": 3.2397613436212813,
    "b1": 177587.0365586925,
    "b2": -229886.7287910108,
    "b3": 28040.978202660248,
    "t1": 0.5267684126313728,
    "t2": 0.9779860456747193
}