{
    "b0": 6.033459300610899,
    "b1": 2.6765406973684467,
    "b2": -68.3686885580503,
    "b3": -10.418683164221024,
    "t1": 0.6802244770634273,
    "t2": 123.3879133982193
}