{
    "b0": 6.960865787388225,
    "b1": 4.02768986464581,
    "b2": -12.29250111588509,
    "b3": -5.582934033915883,
    "t1": 35.328383114836576,
    "t2": 180.89156147154452
}