{
    "b0": 5.34720037875637,
    "b1": 5.712800978733638,
    "b2": -79736.0449565951,
    "b3": 79135.92298710621,
    "t1": 1.7483033439925066,
    "t2": 1.7605503645039577
}