{
    "b0": 5.431674944346132,
    "b1": -125.6809660318433,
    "b2": 88.45432727018459,
    "b3": 6.503085224314788,
    "t1": 2.876297664506786,
    "t2": 15.475522528974018
}