{
    "b0": 6.080798566950802,
    "b1": 6.209530044768257,
    "b2": -9.618863784476499,
    "b3": -6.897246943974068,
    "t1": 11.064585303043872,
    "t2": 137.19928814454533
}