{
    "b0": 5.187446254698831,
    "b1": 5.612930035264911,
    "b2": -164883.80286059814,
    "b3": 164847.48240950765,
    "t1": 3.103136301320223,
    "t2": 3.104326634077551
}