{
    "b0": 6.064381125760606,
    "b1": -95.21579967336586,
    "b2": 891929.8160828574,
    "b3": -891837.1747754406,
    "t1": 7.643405952164536,
    "t2": 7.643933750160026
}