{
    "b0": 6.272297897185708,
    "b1": 5.855939946122119,
    "b2": -8.737896121708689,
    "b3": -7.151572036188412,
    "t1": 14.623527115471424,
    "t2": 136.08203316871683
}