{
    "b0": 6.286670019930742,
    "b1": 5.2831444344468075,
    "b2": 23.344882109384432,
    "b3": -20.691235457662707,
    "t1": 2.1377117878877283,
    "t2": 28.439147308370874
}