{
    "b0": 4.9937549587365675,
    "b1": 5.806077542463147,
    "b2": 13.981797396622595,
    "b3": 10.319821001620394,
    "t1": 1.3716853741457014,
    "t2": 10.885975199821631
}