{
    "b0": 4.79456398379367,
    "b1": 6.133871343243412,
    "b2": 119414.12209345218,
    "b3": -119429.41220921627,
    "t1": 4.322749873336499,
    "t2": 4.322289618947646
}