{
    "b0": 6.1887754098398045,
    "b1": 3.4096157572016423,
    "b2": 58.51121700650742,
    "b3": -60.20930205952014,
    "t1": 6.742945432777615,
    "t2": 11.681227198221666
}