{
    "b0": 4.897416632927419,
    "b1": 5.92896749526107,
    "b2": -26204.874254576174,
    "b3": 26193.56399713569,
    "t1": 3.707569040953125,
    "t2": 3.7087896491790153
}