{
    "b0": 6.129747455590427,
    "b1": 3.1227874047912616,
    "b2": 68272.84023708603,
    "b3": -68274.47043905217,
    "t1": 9.017098992962756,
    "t2": 9.02143825209625
}