{
    "b0": 5.714549570065192,
    "b1": 4.503212317821216,
    "b2": 38472.883396543366,
    "b3": -38470.82475023943,
    "t1": 3.4476187798080566,
    "t2": 3.449063447163284
}