{
    "b0": 5.971796127254571,
    "b1": 5.553764865167377,
    "b2": -10.50403078830468,
    "b3": -7.506122653617881,
    "t1": 116.97135484992751,
    "t2": 25.846817934830135
}