{
    "b0": 4.769714882655875,
    "b1": -82.33295155959311,
    "b2": 875105.8764885429,
    "b3": -875032.6116018498,
    "t1": 3.174254270493026,
    "t2": 3.1741987837499472
}