{
    "b0": 6.223713684300176,
    "b1": 6.272877435071905,
    "b2": -11.401360428213813,
    "b3": -10.426213887655502,
    "t1": 67.6729993486872,
    "t2": 24.09150975822553
}