{
    "b0": 5.677655005642098,
    "b1": 3.240986062774203,
    "b2": -155237.59315907856,
    "b3": 155233.58929670777,
    "t1": 4.17935488795377,
    "t2": 4.178323221691511
}