{
    "b0": 6.055215556252581,
    "b1": 5.516211725451063,
    "b2": -11.174396931670572,
    "b3": -9.53394382629454,
    "t1": 116.31026822802407,
    "t2": 25.61985666360609
}