{
    "b0": 5.243042469102405,
    "b1": 5.566957530935682,
    "b2": -1577314.5731246215,
    "b3": 863644.3104992759,
    "t1": 0.5009788579712855,
    "t2": 0.9148620235690458
}