{
    "b0": 5.385121503129217,
    "b1": 5.674888019947684,
    "b2": -146319.32746091214,
    "b3": 146009.8088465065,
    "t1": 1.967733971214176,
    "t2": 1.9713545797820766
}