{
    "b0": 6.27797890151113,
    "b1": 6.066364127243462,
    "b2": -11.682041541834751,
    "b3": -9.840400721816055,
    "t1": 61.74077566362698,
    "t2": 25.862988816919508
}