{
    "b0": 5.892734303009436,
    "b1": 4.625784108971594,
    "b2": 30.108600670288983,
    "b3": -40.58680593763307,
    "t1": 1.5397133253999522,
    "t2": 9.023554279918773
}