{
    "b0": 5.486779263413545,
    "b1": 5.311896154784654,
    "b2": -57.98069869512201,
    "b3": 20.64561258158249,
    "t1": 3.0678630255606394,
    "t2": 10.59541421321752
}