{
    "b0": 5.739562944706008,
    "b1": 6.781459432693046,
    "b2": -15.813379116614458,
    "b3": -7.637189869104568,
    "t1": 6.36329121414911,
    "t2": 63.06510919148695
}