{
    "b0": 4.94888145578887,
    "b1": 5.861470614449031,
    "b2": 251377.4077487996,
    "b3": -251458.13991168275,
    "t1": 2.2499091444493478,
    "t2": 2.2495365515923402
}