{
    "b0": 5.299751476222146,
    "b1": 5.002773398698661,
    "b2": 35207.93041999742,
    "b3": -35210.1268109071,
    "t1": 3.641726473305439,
    "t2": 3.644392122666581
}