{
    "b0": 5.805429346072568,
    "b1": 4.595767398410503,
    "b2": 100536.36030742513,
    "b3": -100530.03254279507,
    "t1": 8.254414440990784,
    "t2": 8.25516923515492
}