{
    "b0": 5.822486849745668,
    "b1": 4.381121599594092,
    "b2": 67319.29575961776,
    "b3": -67311.48759649417,
    "t1": 6.004653168991222,
    "t2": 6.005748030755873
}