{
    "b0": 5.197478234623867,
    "b1": 5.794660607395212,
    "b2": 91541.89578629771,
    "b3": -91530.46402033676,
    "t1": 3.236152406235636,
    "t2": 3.235770591055991
}