{
    "b0": 5.159790616077026,
    "b1": 5.638945995746653,
    "b2": 9.454777681882486,
    "b3": 10.326297010299488,
    "t1": 1.4432621569107886,
    "t2": 9.701109641543782
}