{
    "b0": 5.8916884503778215,
    "b1": 6.6373445585954585,
    "b2": -11.847818283278885,
    "b3": -9.80583279508485,
    "t1": 58.44657138826131,
    "t2": 16.312885003283
}