{
    "b0": 5.790926850866355,
    "b1": 6.061508616241195,
    "b2": -14.306628031054982,
    "b3": -1.0107298066249333,
    "t1": 51.95861336629362,
    "t2": 20.15866592854751
}