{
    "b0": 6.8926335029826,
    "b1": 4.87954953090741,
    "b2": -9.669027001689933,
    "b3": -18.520242986338793,
    "t1": 148.62792473421587,
    "t2": 28.30592312050547
}