{
    "b0": 5.902303203558412,
    "b1": 4.897696796441252,
    "b2": 5397.820526583653,
    "b3": -2542.428496646244,
    "t1": 0.237327136029326,
    "t2": 0.5830598308064281
}