{
    "b0": 5.83692827012732,
    "b1": 6.2299564536180085,
    "b2": -11.436245890697593,
    "b3": -8.804061452623925,
    "t1": 105.9719783304238,
    "t2": 17.01649767676019
}