{
    "b0": 5.045153454214956,
    "b1": -1.1253388995578426,
    "b2": 17.734883344474284,
    "b3": 11.227680907842979,
    "t1": 1.1964776257226282,
    "t2": 9.741471471206617
}