{
    "b0": 5.296047628598479,
    "b1": 5.50400190878552,
    "b2": -56.99273801066091,
    "b3": 24.290657969392903,
    "t1": 3.1321718868888664,
    "t2": 9.369015117889358
}