{
    "b0": 5.065396911981972,
    "b1": 5.6676808870344395,
    "b2": 6.403287591161717,
    "b3": 11.10262487045183,
    "t1": 1.2560280835772346,
    "t2": 9.660425209592418
}