{
    "b0": 5.1901605925872945,
    "b1": 4.989819659767586,
    "b2": -170128.43159102814,
    "b3": 170127.04258379427,
    "t1": 4.110087919686868,
    "t2": 4.109531405745158
}