{
    "b0": 6.423606415909414,
    "b1": 3.5227699049703975,
    "b2": 28.109362987485913,
    "b3": -31.651336120592763,
    "t1": 4.661158379558837,
    "t2": 16.96824341156533
}