{
    "b0": 5.500711673225446,
    "b1": 5.29364997516574,
    "b2": -138898.29944629828,
    "b3": 138870.73247466516,
    "t1": 6.5792985755816495,
    "t2": 6.580776327978229
}