{
    "b0": 5.766642987458413,
    "b1": 14479.876337014563,
    "b2": -15434.806478767021,
    "b3": 87.40924102483041,
    "t1": 0.4617960215945609,
    "t2": 2.826855551702305
}