{
    "b0": 5.632760764548112,
    "b1": 4.860724531268666,
    "b2": -13.556907116283092,
    "b3": 6.971971133587002,
    "t1": 50.633582860544145,
    "t2": 4.203148567340483
}