{
    "b0": 5.034354082275222,
    "b1": 5.775648056739765,
    "b2": -83.3256727520844,
    "b3": 62.98879262946784,
    "t1": 1.2577900282808558,
    "t2": 2.8868960197487326
}