{
    "b0": 5.950865622479976,
    "b1": 4.565748166764347,
    "b2": 317472.0206679724,
    "b3": -317476.36592229456,
    "t1": 4.0251099603779155,
    "t2": 4.025747942695643
}