{
    "b0": 7.027506349809559,
    "b1": 4.935216951605006,
    "b2": -11.71939557339461,
    "b3": -4.111016036851405,
    "t1": 35.02648764851713,
    "t2": 227.75821849483623
}