{
    "b0": 4.917972627821702,
    "b1": 17.44632130081679,
    "b2": -231015.77802860344,
    "b3": 230988.62937997057,
    "t1": 3.5134683531037956,
    "t2": 3.51371861582572
}