{
    "b0": 6.726227187834217,
    "b1": 1.3174319290112901,
    "b2": -7.184801303809674,
    "b3": 13.47364323990954,
    "t1": 161.41103394657313,
    "t2": 1.6999039529648414
}