{
    "b0": 5.99336873446304,
    "b1": 7.998796691275807,
    "b2": -8.025111672265544,
    "b3": -7.469292577971699,
    "t1": 9.125286576060077,
    "t2": 75.05045443562688
}