{
    "b0": 6.298490971753844,
    "b1": 5.132102539159853,
    "b2": -39110.19715647595,
    "b3": 39108.99218073264,
    "t1": 10.3307712832593,
    "t2": 10.321851150090492
}