{
    "b0": 6.6031737648200695,
    "b1": 6.040070130897192,
    "b2": 63635.64882213782,
    "b3": -63623.33390482811,
    "t1": 6.358207255918201,
    "t2": 6.359641494524269
}