{
    "b0": 6.577118087103306,
    "b1": 6.032967463122027,
    "b2": -19036.224049250563,
    "b3": 18869.283199574158,
    "t1": 3.0685983258999636,
    "t2": 3.074408581414866
}