{
    "b0": 6.825185123286465,
    "b1": 3.9210757752977745,
    "b2": -58174.39321114228,
    "b3": 58175.66874587156,
    "t1": 9.445020691344281,
    "t2": 9.43770657956701
}