{
    "b0": 5.936806413569751,
    "b1": 4.732224819485028,
    "b2": -106448.76713683622,
    "b3": 106451.88858193757,
    "t1": 9.49174105481006,
    "t2": 9.48888356433567
}