{
    "b0": 6.657710063295278,
    "b1": 3.373154499458078,
    "b2": -168449.2296459052,
    "b3": 168449.13844410874,
    "t1": 7.653796811274828,
    "t2": 7.6512613574542785
}