{
    "b0": 6.777388819083099,
    "b1": 7.362611180919451,
    "b2": -21487.820582537668,
    "b3": 24475.178436127855,
    "t1": 0.46637103726397033,
    "t2": 0.4074795935544388
}