{
    "b0": 6.512858216619523,
    "b1": -90.86301515116023,
    "b2": -0.00017057509227669243,
    "b3": 21.884571656044713,
    "t1": 2.65896128727498,
    "t2": 5.766170423859085
}