{
    "b0": 6.290077463795866,
    "b1": 5.91403523996355,
    "b2": -70.72937804389387,
    "b3": -15.522037177324384,
    "t1": 2.8204336536340415,
    "t2": 22.619738237693106
}