{
    "b0": 6.59371117161937,
    "b1": -1.789202213883327,
    "b2": 142037.73052987704,
    "b3": -142012.31706130886,
    "t1": 5.093090385380078,
    "t2": 5.094350673025488
}