{
    "b0": 6.600734287169601,
    "b1": 6.814427401365854,
    "b2": 464005.32736190344,
    "b3": -464004.92648588365,
    "t1": 3.2959813031457963,
    "t2": 3.29624376243409
}