{
    "b0": 6.562298830037699,
    "b1": 7.078169661210536,
    "b2": -21423.770190294395,
    "b3": 21319.90545333127,
    "t1": 3.5248784167103815,
    "t2": 3.5354643906828773
}