{
    "b0": 5.844862174840491,
    "b1": 5.684654725017648,
    "b2": -72.97937989238137,
    "b3": 70.65080987943985,
    "t1": 11.100672687144447,
    "t2": 5.04071639041623
}