{
    "b0": 6.622978183606269,
    "b1": -30.253480447637287,
    "b2": -281982.6157455513,
    "b3": 282050.70314815524,
    "t1": 2.201800427474821,
    "t2": 2.2011550536804143
}