{
    "b0": 6.079784645696785,
    "b1": 5.230036734080073,
    "b2": 37.438987239544446,
    "b3": -61.006569084640134,
    "t1": 2.307817926034578,
    "t2": 10.363807744350147
}