{
    "b0": 5.941885644173443,
    "b1": 5.839660320371067,
    "b2": 39.209833176513285,
    "b3": -54.09101604719122,
    "t1": 3.092516755309408,
    "t2": 10.945208449864877
}