{
    "b0": 6.748044181196375,
    "b1": 3.9032311684862826,
    "b2": -358391.0046321252,
    "b3": 358387.0539272329,
    "t1": 7.225478196477637,
    "t2": 7.224294482224883
}