{
    "b0": 6.161234008421238,
    "b1": 781918.3447253918,
    "b2": -783231.7275567667,
    "b3": -13.329934020759538,
    "t1": 0.23560173767836448,
    "t2": 23.464786330398653
}