{
    "b0": 6.683963493677788,
    "b1": 6.1273856371382704,
    "b2": 126635.77360914853,
    "b3": -126628.83212312574,
    "t1": 3.1711803302822426,
    "t2": 3.1714286344005735
}