{
    "b0": 6.545683585442851,
    "b1": 6.054563616004849,
    "b2": 29789.707717935078,
    "b3": -29955.657127823684,
    "t1": 3.3879795817816873,
    "t2": 3.382929565761367
}