{
    "b0": 6.752821777238723,
    "b1": 5.867178221967194,
    "b2": 3814442.7112942417,
    "b3": -3589088.2299430226,
    "t1": 0.3428523012216847,
    "t2": 0.3644083742491371
}