{
    "b0": 6.335146492161642,
    "b1": -134.28701170203396,
    "b2": 329482.1027639695,
    "b3": -329363.8977874489,
    "t1": 8.499027776406418,
    "t2": 8.500854110266342
}