{
    "b0": 6.985808400519481,
    "b1": 5.9834985124813365,
    "b2": 109903.5449532204,
    "b3": -109897.12862846558,
    "t1": 2.482581918407557,
    "t2": 2.4830565502856525
}