{
    "b0": 6.817563677626404,
    "b1": -7.327972887610269,
    "b2": 1182077.4941032964,
    "b3": -1182048.776871341,
    "t1": 3.6233806759388183,
    "t2": 3.6235077924186565
}