{
    "b0": 5.850921417411508,
    "b1": 5.6510989934656575,
    "b2": -132.11807284920135,
    "b3": 128.44746484605895,
    "t1": 8.754351766071732,
    "t2": 5.580827029799124
}