{
    "b0": 6.860486598913967,
    "b1": 7.269507703184036,
    "b2": -0.027966714503735002,
    "b3": 27.79532468189316,
    "t1": 0.5357970294552914,
    "t2": 4.544065437248292
}