{
    "b0": 6.457422860835253,
    "b1": 6.1629265381648395,
    "b2": -525917.6971418713,
    "b3": 525924.5946504872,
    "t1": 4.170403978250528,
    "t2": 4.1701715227083955
}