{
    "b0": 6.6430404378820205,
    "b1": 3.754017771140118,
    "b2": 105946.12882739291,
    "b3": -105947.72595324946,
    "t1": 7.3026349418683685,
    "t2": 7.306682812492499
}