{
    "b0": 6.449865301678919,
    "b1": 6.151609530183311,
    "b2": 139644.1950096529,
    "b3": -139636.23557657856,
    "t1": 2.139239191001189,
    "t2": 2.138894658284103
}