{
    "b0": 6.499933305335262,
    "b1": 7.013139939197757,
    "b2": 128313.94784127605,
    "b3": -128308.51494293234,
    "t1": 3.453425000106239,
    "t2": 3.4543833362823637
}