{
    "b0": 6.230367189598591,
    "b1": 6.900914386372598,
    "b2": -111.31474416346438,
    "b3": 13.72767777264799,
    "t1": 1.9061310865255043,
    "t2": 27.026368585076366
}