{
    "b0": 6.845518901733131,
    "b1": 7.280683850118475,
    "b2": 18.562453774301016,
    "b3": 4.90675086149159,
    "t1": 2.8900808181312305,
    "t2": 13.115582177893405
}