{
    "b0": 6.014775179538947,
    "b1": -189.7418680218795,
    "b2": 124.82039296395081,
    "b3": -22.31291100242484,
    "t1": 2.068456736709189,
    "t2": 17.280263153305135
}