{
    "b0": 6.407014608188268,
    "b1": 5.585671362284884,
    "b2": -88.31117235520381,
    "b3": 83.91447495172724,
    "t1": 8.557921009241623,
    "t2": 4.708876611640322
}