{
    "b0": 6.557231259993641,
    "b1": 6.350205464950938,
    "b2": -80640.93009341866,
    "b3": 80653.66361296042,
    "t1": 5.812870902966304,
    "t2": 5.811727909467044
}