{
    "b0": 6.744640367233764,
    "b1": 7.380974030015182,
    "b2": 17.58433369255797,
    "b3": 6.280276946552867,
    "t1": 2.6737445516052394,
    "t2": 14.13610864491228
}