{
    "b0": 6.436187812656673,
    "b1": -16.19850307749979,
    "b2": -164847.4684377261,
    "b3": 164914.32230095877,
    "t1": 3.888667170388464,
    "t2": 3.8874259143716086
}