{
    "b0": 0.20063770540898454,
    "b1": -0.002136503564203123,
    "b2": -0.12358058857220933,
    "b3": -0.018745872562013845,
    "t1": 5.027425109862064,
    "t2": 0.4794536470432632
}