{
    "b0": 0.16193468276754633,
    "b1": 0.01854264874092465,
    "b2": -0.06793841984856722,
    "b3": -0.025517350147450407,
    "t1": 4.23737571444743,
    "t2": 0.5182520428073595
}