{
    "b0": 0.14488653652073416,
    "b1": 0.04118631277896949,
    "b2": 0.05881360202187314,
    "b3": 0.029594215728571033,
    "t1": 0.42185186975478595,
    "t2": 1.0388540304373761
}