{
    "b0": 0.14380343372771479,
    "b1": 0.04760275685449311,
    "b2": 0.028139764732750455,
    "b3": 0.028139764732750455,
    "t1": 0.5,
    "t2": 0.5
}