{
    "b0": 0.17876369841259007,
    "b1": -0.0003857544388684871,
    "b2": 0.03728871047487896,
    "b3": -0.028983270038039674,
    "t1": 0.3128029233728407,
    "t2": 2.5104549571487063
}