{
    "b0": 0.1597024471013967,
    "b1": 0.02322508205484334,
    "b2": 0.03188279511021985,
    "b3": 0.03188279511021986,
    "t1": 0.5,
    "t2": 0.5
}