{
    "b0": 0.14028579159924778,
    "b1": 0.05081646044474762,
    "b2": 0.05928577670769341,
    "b3": 0.06810456265000416,
    "t1": 0.45322400201252455,
    "t2": 1.9206030873876436
}