{
    "b0": 0.13686081367733421,
    "b1": 0.04771996250881893,
    "b2": 0.020676547348636262,
    "b3": -0.03673883969412939,
    "t1": 2.1145537731614943,
    "t2": 0.48317906903310076
}