{
    "b0": 0.12197750784255083,
    "b1": 0.06954792323085054,
    "b2": 0.05507472882414968,
    "b3": 0.14178493463606617,
    "t1": 0.35721192681595754,
    "t2": 1.3289434872311825
}