{
    "b0": 0.18311830893156567,
    "b1": 0.015349037869187046,
    "b2": -0.09013096725750148,
    "b3": -0.01393304713927249,
    "t1": 4.106473370031562,
    "t2": 0.4131854852783258
}