{
    "b0": 0.14438241635173366,
    "b1": 0.03862612425024689,
    "b2": 0.06877155429357863,
    "b3": -0.06823331922826309,
    "t1": 0.8555473453734707,
    "t2": 0.5671284555884001
}