{
    "b0": 0.1708787781166195,
    "b1": 0.006060034479658865,
    "b2": 0.21875469105075526,
    "b3": -0.1926537800729976,
    "t1": 0.5262806014650493,
    "t2": 0.6118557808116767
}