{
    "b0": 0.14653163752623136,
    "b1": 0.04979145711571485,
    "b2": 0.06269806996279255,
    "b3": 0.038148266737317735,
    "t1": 0.2960614513088765,
    "t2": 1.3329958034822902
}