{
    "b0": 0.1613949957269869,
    "b1": 0.021735865804874514,
    "b2": -0.03619684790271968,
    "b3": 0.07503759650715802,
    "t1": 0.8282884101527886,
    "t2": 0.4990693650016972
}