{
    "b0": 0.14267161559731104,
    "b1": 0.053681231560785,
    "b2": 0.06179517938038363,
    "b3": 0.05772411206458898,
    "t1": 0.23963593323135018,
    "t2": 1.2087468504452876
}