{
    "b0": 0.15016722083956738,
    "b1": 0.04618012315006419,
    "b2": 0.044248681230738565,
    "b3": 0.04540122895677322,
    "t1": 0.20243694726922037,
    "t2": 0.6944861108086007
}