{
    "b0": 0.14993119862431045,
    "b1": 0.04090741283692412,
    "b2": -0.5715331127809381,
    "b3": 0.5944109934925269,
    "t1": 0.5547809162082405,
    "t2": 0.5867855278850441
}