{
    "b0": 0.16669405752481195,
    "b1": 0.013962417412240198,
    "b2": 0.01356989269635267,
    "b3": 0.013569892696352674,
    "t1": 0.5,
    "t2": 0.5
}