{
    "b0": 0.14682055064452154,
    "b1": 0.03694457941082515,
    "b2": 0.33007400706976897,
    "b3": -0.3227087289118211,
    "t1": 0.6126622528898752,
    "t2": 0.5671430979265429
}