{
    "b0": 0.15807817332240978,
    "b1": 0.030489952433634882,
    "b2": -0.9688799106798238,
    "b3": 0.9702749031021433,
    "t1": 0.5685071997075177,
    "t2": 0.5863275361073026
}