{
    "b0": 0.1522379004935203,
    "b1": 0.04137471753374765,
    "b2": 0.04634300978538377,
    "b3": 0.04113483423391098,
    "t1": 0.4092535712166641,
    "t2": 1.0486785381963415
}