{
    "b0": 0.14273254389283418,
    "b1": 0.05062226388302368,
    "b2": 0.05477944554825448,
    "b3": 0.05824277074059355,
    "t1": 0.41661718052496993,
    "t2": 1.3720168687580867
}