{
    "b0": 0.5172586930969849,
    "b1": -0.32157567534117676,
    "b2": -0.6371690769677253,
    "b3": -0.009037049754075432,
    "t1": 10.6009372828911,
    "t2": 0.430637869429485
}