{
    "b0": 0.15550608150050868,
    "b1": 0.04035610291196844,
    "b2": 4.653684429785712e-05,
    "b3": 0.008636076144842252,
    "t1": 1.1904341753330665,
    "t2": 0.06881269728635157
}