{
    "b0": 0.14695695814941043,
    "b1": 0.04920224159931727,
    "b2": 0.06394544544560551,
    "b3": 0.03649976897904237,
    "t1": 0.2964692984538993,
    "t2": 1.3251982649473444
}