{
    "b0": 0.36340204720089214,
    "b1": -0.16815050725936728,
    "b2": -0.4021772375586507,
    "b3": -0.014681220423453399,
    "t1": 8.986648911943158,
    "t2": 0.41722744701925557
}