{
    "b0": 0.15345690273809998,
    "b1": 0.040664484584878535,
    "b2": 0.04084377101518237,
    "b3": 0.04307025144015083,
    "t1": 0.3955132174292017,
    "t2": 0.9147002043928798
}