{
    "b0": 0.16325615262709972,
    "b1": 0.02326272490308193,
    "b2": -0.05425186199971426,
    "b3": 0.054968773125034544,
    "t1": 1.806081180325777,
    "t2": 0.5439610524530658
}