{
    "b0": 0.14189971917174513,
    "b1": 0.05001582575348647,
    "b2": 0.03037603232186615,
    "b3": 0.03037603232186614,
    "t1": 0.5,
    "t2": 0.5
}