{
    "b0": 0.13678113005535336,
    "b1": 0.057838738693402336,
    "b2": 0.5350665056673003,
    "b3": -0.49196917519263017,
    "t1": 0.7138384770428753,
    "t2": 0.6657823357927756
}