{
    "b0": 0.10237744017416257,
    "b1": 0.08366227013150068,
    "b2": 0.09022221016403285,
    "b3": 0.13732990013958318,
    "t1": 0.45472954885722994,
    "t2": 2.2991304036271774
}