{
    "b0": 0.8680878813110956,
    "b1": -0.6693054446640362,
    "b2": -1.000355598054742,
    "b3": -0.0177962475763139,
    "t1": 13.678038550825399,
    "t2": 0.511685350979501
}