{
    "b0": 0.13827140140554026,
    "b1": 0.04157614218076255,
    "b2": 0.0005330762937055134,
    "b3": -0.019582860283886817,
    "t1": 1.6265716279944438,
    "t2": 0.5284779025388489
}