{
    "b0": 0.15685667354593394,
    "b1": 0.02932171001717579,
    "b2": 0.013875954204819178,
    "b3": 0.013875954204819175,
    "t1": 0.5,
    "t2": 0.5
}