{
    "b0": 0.13771957493469927,
    "b1": 0.05690760957215646,
    "b2": 0.8659525354135331,
    "b3": -0.8220664093055846,
    "t1": 0.6912153569439853,
    "t2": 0.6639801021961027
}