{
    "b0": 0.1568799984020183,
    "b1": 0.029285698257569298,
    "b2": 0.013124895665667848,
    "b3": 0.013124895665667841,
    "t1": 0.5,
    "t2": 0.5
}