{
    "b0": 0.14715734568914665,
    "b1": 0.04299010473118321,
    "b2": -0.48676981103476064,
    "b3": 0.5049996279601154,
    "t1": 0.5482253633935568,
    "t2": 0.5872587268571992
}