{
    "b0": 0.1476121435137348,
    "b1": 0.04942260296820662,
    "b2": 0.04379119589082334,
    "b3": 0.049404748199375396,
    "t1": 0.22570537597701268,
    "t2": 0.6959624179387071
}