{
    "b0": 0.16063673390067798,
    "b1": 0.03457937458220005,
    "b2": 0.018086454232623592,
    "b3": 0.018086454232623585,
    "t1": 0.5,
    "t2": 0.5
}