{
    "b0": 0.13402335149939296,
    "b1": 0.057450323941319076,
    "b2": 0.06569665262870669,
    "b3": 0.0136517319659584,
    "t1": 1.2223406174804978,
    "t2": 0.2172940099673701
}