{
    "b0": 0.20467186769081555,
    "b1": -0.02600391375272476,
    "b2": -4.0730980804502825e-06,
    "b3": -0.10278862872976849,
    "t1": 0.17096848817168778,
    "t2": 2.303475366903382
}