{
    "b0": 0.1462762710565972,
    "b1": 0.05017297183263501,
    "b2": 0.06036692530170738,
    "b3": 0.05552611234467651,
    "t1": 0.28774216719155266,
    "t2": 1.5813780197332366
}