{
    "b0": 0.14486041408447287,
    "b1": 0.04564339792957277,
    "b2": 7.041908069611857e-07,
    "b3": 0.04373428016230294,
    "t1": 1.5416369537059087,
    "t2": 0.49133311083826914
}