{
    "b0": 0.13216725891719414,
    "b1": 0.05510667846860584,
    "b2": 0.06250039931140994,
    "b3": 0.08056584758840395,
    "t1": 0.37406130705642177,
    "t2": 1.5349602039454957
}