{
    "b0": 0.13901594108546025,
    "b1": 0.05705016117528135,
    "b2": 0.06537442105301555,
    "b3": 0.057484184170259134,
    "t1": 0.3897402616531847,
    "t2": 1.6391238543749205
}