{
    "b0": 0.22900462915956307,
    "b1": -0.030602915998877975,
    "b2": -0.028187922434016962,
    "b3": -0.19835241845513213,
    "t1": 0.760071679501108,
    "t2": 4.182870092369388
}