{
    "b0": 0.15675967895484855,
    "b1": 0.03927252979592885,
    "b2": 0.04701490609976928,
    "b3": 0.040644957655359124,
    "t1": 0.21484358015225766,
    "t2": 0.8417912966146577
}