{
    "b0": 0.14046110574452245,
    "b1": 0.045887477309114716,
    "b2": 0.053733339627523205,
    "b3": 0.05470781832400125,
    "t1": 0.3424643137248269,
    "t2": 0.9279241227371674
}