{
    "b0": 0.10835458295154098,
    "b1": 0.07801320783671922,
    "b2": 0.08756532479375959,
    "b3": 0.11401950746966696,
    "t1": 0.5427074313526754,
    "t2": 2.9170461949712942
}