{
    "b0": 0.1444566625259065,
    "b1": 0.05215687812692214,
    "b2": 0.04847042236584749,
    "b3": 0.05625410176199487,
    "t1": 0.2034411041245988,
    "t2": 0.6750936317577072
}