{
    "b0": 0.13933140521227058,
    "b1": 0.05172801233189192,
    "b2": 0.03374196597182019,
    "b3": 0.03374196597182018,
    "t1": 0.5,
    "t2": 0.5
}