{
    "b0": 0.15426493043722855,
    "b1": 0.030753946288078038,
    "b2": 0.014420554907832079,
    "b3": 0.014420554907832075,
    "t1": 0.5,
    "t2": 0.5
}