{
    "b0": 0.14860765521730396,
    "b1": 0.029524783824999262,
    "b2": 0.007063341565606699,
    "b3": 0.007063341565606699,
    "t1": 0.5,
    "t2": 0.5
}