{
    "b0": 0.14741459384711228,
    "b1": 0.04904949762703156,
    "b2": 0.05933515669418789,
    "b3": 0.052639835108311744,
    "t1": 0.2894486520462145,
    "t2": 1.4835324967409287
}