{
    "b0": 0.22603281576363635,
    "b1": -0.02802864619443623,
    "b2": -0.16793458636442957,
    "b3": -0.014080023144578688,
    "t1": 5.808640843633661,
    "t2": 0.4723915480879156
}