{
    "b0": 0.13990188564261524,
    "b1": 0.057032917825056845,
    "b2": 0.05310873281993571,
    "b3": 0.0553540306887405,
    "t1": 0.2661967020017874,
    "t2": 1.037213964850681
}