{
    "b0": 0.21032842389081044,
    "b1": -0.012900344561547795,
    "b2": -0.16761751064090313,
    "b3": -0.012542732370582068,
    "t1": 4.503706491455181,
    "t2": 0.4377032339907175
}