{
    "b0": 0.5671860998204156,
    "b1": -0.36911551895358286,
    "b2": -0.6028442256833012,
    "b3": -0.011814394134587541,
    "t1": 10.772529126922995,
    "t2": 0.39194141626904466
}