{
    "b0": 0.13048551414213924,
    "b1": 0.06124200760209386,
    "b2": 0.05804313192903504,
    "b3": 0.10852128127989671,
    "t1": 0.5072000243108146,
    "t2": 1.939975879755396
}