{
    "b0": 0.14431830886744312,
    "b1": 0.04979627708118309,
    "b2": 0.05578917902453358,
    "b3": 0.058729253662428246,
    "t1": 0.33668389010679917,
    "t2": 1.1493312144838814
}