{
    "b0": 0.20068676171456623,
    "b1": -0.0027108440015681558,
    "b2": -0.12292986995546741,
    "b3": -0.01558608137904976,
    "t1": 4.928596790991654,
    "t2": 0.4715117107421334
}