{
    "b0": 0.15633506870239833,
    "b1": 0.02937005781407364,
    "b2": 0.01449184805859952,
    "b3": 0.014491848058599517,
    "t1": 0.5,
    "t2": 0.5
}