{
    "b0": 0.1659956617179897,
    "b1": 0.016908134191599925,
    "b2": -0.045366526323511396,
    "b3": 0.06601436817192505,
    "t1": 1.3113606435781302,
    "t2": 0.484518414215671
}