{
    "b0": 0.1602285752166114,
    "b1": 0.01992137238967772,
    "b2": -0.08284263866512391,
    "b3": -0.025799736112633406,
    "t1": 5.122393565421793,
    "t2": 0.5749328713648695
}