{
    "b0": 0.1563468440588268,
    "b1": 0.02500749534273928,
    "b2": 0.0070044131533300615,
    "b3": 0.00700441315333006,
    "t1": 0.5,
    "t2": 0.5
}