{
    "b0": 0.17142088265985944,
    "b1": 0.0049264700687125,
    "b2": 0.9446705962022488,
    "b3": -0.9207121711256058,
    "t1": 0.5525710567039208,
    "t2": 0.5733313383851085
}