{
    "b0": 0.13815264644954992,
    "b1": 0.05807009642722734,
    "b2": 0.06336618011375024,
    "b3": 0.06447882332709788,
    "t1": 0.3587088245631348,
    "t2": 1.387300301049323
}