{
    "b0": 0.1298296229883358,
    "b1": 0.06138645289625291,
    "b2": 0.06591326353475513,
    "b3": 0.09688651794479092,
    "t1": 0.4903902571485397,
    "t2": 2.0329960394029962
}