{
    "b0": 0.16526288982805987,
    "b1": 0.016601950565782994,
    "b2": -0.08634596054277024,
    "b3": 0.12250824994028957,
    "t1": 0.9392460676543486,
    "t2": 0.5989346831263558
}