{
    "b0": 0.2575340909290126,
    "b1": -0.059879974602151845,
    "b2": -0.23492498284505073,
    "b3": -0.01795137604095834,
    "t1": 6.071568292835766,
    "t2": 0.49221728947281196
}