{
    "b0": 0.1457747907197236,
    "b1": 0.05103904710284485,
    "b2": 0.04641449676526883,
    "b3": 0.057061630034058924,
    "t1": 0.20468199166689677,
    "t2": 0.69298093950728
}