{
    "b0": 0.14921901296594817,
    "b1": 0.04701950373277354,
    "b2": 0.04742775983744186,
    "b3": 0.05839433625677402,
    "t1": 0.18908798771048999,
    "t2": 1.0105125523993035
}