{
    "b0": 0.14020710726919366,
    "b1": 0.05416383307526272,
    "b2": 0.47475628992453733,
    "b3": -0.4315257821170125,
    "t1": 0.721291538050903,
    "t2": 0.6636436582261459
}