{
    "b0": 0.15559354412220858,
    "b1": 0.03080558847414385,
    "b2": 0.015841213600422933,
    "b3": 0.015841213600422933,
    "t1": 0.5,
    "t2": 0.5
}