{
    "b0": 0.15586090273310724,
    "b1": 0.029255318199718036,
    "b2": 0.010880335167972328,
    "b3": 0.01088033516797233,
    "t1": 0.5,
    "t2": 0.5
}