{
    "b0": 0.16249386435368585,
    "b1": 0.032286316845987435,
    "b2": 0.018892375421555776,
    "b3": 0.018892375421555776,
    "t1": 0.5,
    "t2": 0.5
}