{
    "b0": 0.24389650650378625,
    "b1": -0.045208346164293645,
    "b2": -0.18930697856314332,
    "b3": -0.017080216996820066,
    "t1": 5.785640146668474,
    "t2": 0.4232417949162885
}