{
    "b0": 0.13678722462089907,
    "b1": 0.004681557803216767,
    "b2": -0.019203894339515602,
    "b3": 0.01811593221783564,
    "t1": 0.4855233326670374,
    "t2": 2.388858120947574
}