{
    "b0": 0.13916398802184438,
    "b1": -0.002170514883510827,
    "b2": -0.018374671516669577,
    "b3": 0.00016788920259248885,
    "t1": 0.5894412421132108,
    "t2": -3.6092002528049036
}