{
    "b0": 0.15574857814690585,
    "b1": -0.00561978092696358,
    "b2": -0.03264764670306299,
    "b3": 0.009346939481992247,
    "t1": 0.45857295723134095,
    "t2": 1.5414245307324308
}