{
    "b0": 0.14646697340695217,
    "b1": 0.0003735153036381008,
    "b2": -0.0018428396611893207,
    "b3": -0.011406981366058512,
    "t1": 1.283531954090865,
    "t2": 0.3060209729844099
}