{
    "b0": 0.1501534301332429,
    "b1": 0.02862210224260629,
    "b2": -0.04736545968647692,
    "b3": -0.019029088310851115,
    "t1": 2.5554612944691373,
    "t2": 0.4069545320492355
}