{
    "b0": 0.16727640915939002,
    "b1": -0.01764579877014575,
    "b2": -0.008805380496461828,
    "b3": -0.00880538049646183,
    "t1": 0.5,
    "t2": 0.5
}