{
    "b0": 0.16294229405663901,
    "b1": -0.009975685294105982,
    "b2": 0.9186527060727816,
    "b3": -0.9355831411425528,
    "t1": 0.5202132309716463,
    "t2": 0.5104162339036524
}