{
    "b0": 0.129956314851782,
    "b1": 0.011317766638404513,
    "b2": -0.00955275993282493,
    "b3": 0.023071426005526672,
    "t1": 0.3422340392976749,
    "t2": 3.0682363043154033
}