{
    "b0": 0.13738633468236802,
    "b1": 0.004657562606895288,
    "b2": 0.018908940755408835,
    "b3": -0.01862877569352779,
    "t1": 4.2146833923984754,
    "t2": 0.5839181789528406
}