{
    "b0": 0.1396970713729255,
    "b1": -0.002693570929765972,
    "b2": -0.025369912462134537,
    "b3": 0.0008880661926119532,
    "t1": 0.6422055779099661,
    "t2": -5.351377701158899
}