{
    "b0": 0.1474825929358215,
    "b1": -0.0007967879578067187,
    "b2": 0.00752888081856542,
    "b3": -0.0198999493809919,
    "t1": 0.5000001155556771,
    "t2": 0.3884207657260327
}