{
    "b0": 0.1356984839653569,
    "b1": 0.0010125781984875598,
    "b2": 0.01488983115693171,
    "b3": -0.030876273313006672,
    "t1": 2.3513667895382726,
    "t2": 0.7828339765768851
}