{
    "b0": 0.14359181301043963,
    "b1": 0.003116180634481959,
    "b2": -0.008026182670943047,
    "b3": -0.002308638077078224,
    "t1": 0.30328125482963214,
    "t2": 0.06785770308203155
}