{
    "b0": 0.13360714887968253,
    "b1": 0.0011486429767229673,
    "b2": -0.020323069582653418,
    "b3": 0.004101986835899458,
    "t1": 0.580547108975222,
    "t2": 2.013211500207463
}