{
    "b0": 0.1446090689551624,
    "b1": -0.0022942735443423987,
    "b2": -0.021736997101683628,
    "b3": 2.227225461782752e-05,
    "t1": 0.5517176837058557,
    "t2": -2.2859900640560413
}