{
    "b0": 0.14669478197695685,
    "b1": 0.011631537391549174,
    "b2": -5.4908163250096814e-08,
    "b3": -0.030025167266169377,
    "t1": 2.0439100614241257,
    "t2": 0.4991553811054789
}