{
    "b0": 0.14529818123156957,
    "b1": 0.0013545936892979127,
    "b2": -0.00405096371769714,
    "b3": -0.010461124571229654,
    "t1": 1.330805258806204,
    "t2": 0.2692224486729739
}