{
    "b0": 0.13278981978238452,
    "b1": 0.040064440738278,
    "b2": -0.0397051846268814,
    "b3": -0.016492554513707073,
    "t1": 2.4527393988910484,
    "t2": 0.2853018541476374
}