{
    "b0": 0.1340750236522958,
    "b1": 0.029962999850987923,
    "b2": -2.4094978020968577e-05,
    "b3": 0.032386449544555634,
    "t1": 0.29659818497212204,
    "t2": 2.342616722733325
}