{
    "b0": 0.15912275191161163,
    "b1": -0.003257045114765846,
    "b2": -0.013699735089532792,
    "b3": -0.01369973508953279,
    "t1": 0.5,
    "t2": 0.5
}