{
    "b0": 0.14120144622056766,
    "b1": -0.004192721678800013,
    "b2": -0.02836038687819384,
    "b3": 0.0013027407407591,
    "t1": 0.6235600083926248,
    "t2": -6.3753819096183415
}