{
    "b0": 0.1667525608983387,
    "b1": -0.016889152578649775,
    "b2": -0.01078697569202469,
    "b3": -0.01078697569202469,
    "t1": 0.5,
    "t2": 0.5
}