{
    "b0": 0.15510021016659167,
    "b1": -0.005320314841951088,
    "b2": -0.026985548175493194,
    "b3": -0.001399002053082003,
    "t1": 0.3967430135940658,
    "t2": 0.8900226591906515
}