{
    "b0": 0.14954906266874946,
    "b1": -0.002765462954644332,
    "b2": -0.0150819306934072,
    "b3": -0.0006499715295340395,
    "t1": 0.3973895293213009,
    "t2": 1.4212333414992784
}