{
    "b0": 0.1473640321526729,
    "b1": -0.001090786970926477,
    "b2": -0.011679176548526078,
    "b3": 1.0747262454979811e-14,
    "t1": 0.4725768520078951,
    "t2": -0.410790266098355
}