{
    "b0": 0.13478522762484144,
    "b1": 0.0068791767257461185,
    "b2": 0.01200449780404257,
    "b3": -0.02033146740387728,
    "t1": 3.550240210846404,
    "t2": 0.5149659650039675
}