{
    "b0": 0.14126114301019876,
    "b1": 0.03134570773230217,
    "b2": -0.04039543144867894,
    "b3": -0.01649000861616448,
    "t1": 3.330066430051765,
    "t2": 0.48969736555509913
}