{
    "b0": 0.16130277709078875,
    "b1": -0.008876384014456125,
    "b2": -0.5288354771743023,
    "b3": 0.5100092625608151,
    "t1": 0.6000147525611806,
    "t2": 0.6312206289521823
}