{
    "b0": 0.12593638828784876,
    "b1": 0.01563928473962687,
    "b2": -0.0077472698564681145,
    "b3": 0.042237275265517904,
    "t1": 0.37209849400521433,
    "t2": 3.197620409871594
}