{
    "b0": 0.1339607245388567,
    "b1": 0.00315485226747432,
    "b2": -0.028299170518899627,
    "b3": 0.011456711689621448,
    "t1": 0.7447717131319057,
    "t2": 2.394077102936414
}