{
    "b0": 0.15339187851592,
    "b1": -0.0025633590052448196,
    "b2": 0.03256823279619957,
    "b3": -0.05112630587077225,
    "t1": 0.6922525393104358,
    "t2": 0.5018180191889365
}