{
    "b0": 0.16605113906016472,
    "b1": 0.0010150535662949642,
    "b2": -0.07629951533937944,
    "b3": -0.03429588040035065,
    "t1": 4.213801958292427,
    "t2": 0.5785699233871437
}