{
    "b0": 0.13854812023004465,
    "b1": -0.0059059736065197165,
    "b2": -0.02574319781965504,
    "b3": 0.0018220366406966858,
    "t1": 0.7356348346603415,
    "t2": -6.412057258533542
}