{
    "b0": 0.12427219696813543,
    "b1": 0.007708660905486405,
    "b2": -0.06798105370556692,
    "b3": 0.062033309392357,
    "t1": 1.170839975546582,
    "t2": 1.6300521885990644
}