{
    "b0": 0.16489344326247893,
    "b1": -0.014948261033764707,
    "b2": -0.007472216820348182,
    "b3": -0.007472216820348182,
    "t1": 0.5,
    "t2": 0.5
}