{
    "b0": 0.15194160126445982,
    "b1": -0.005186097607514037,
    "b2": -0.016908066251643847,
    "b3": 3.932642433923661e-09,
    "t1": 0.4833918868684967,
    "t2": -0.8017276274472699
}