{
    "b0": 0.16505183357031591,
    "b1": -0.014892332389030292,
    "b2": -0.011534023566991018,
    "b3": -0.011534023566991018,
    "t1": 0.5,
    "t2": 0.5
}