{
    "b0": 0.13684585944018005,
    "b1": -0.00035886912549323597,
    "b2": -0.02384301595316155,
    "b3": 0.00011482303010773359,
    "t1": 0.6301799082890146,
    "t2": -3.0664419581898246
}