{
    "b0": 0.14524202000123584,
    "b1": 0.0013126204091907555,
    "b2": 0.00940860145718386,
    "b3": -0.017987101879625947,
    "t1": 0.5000001271722354,
    "t2": 0.3677438949718151
}