{
    "b0": 0.13635815150970984,
    "b1": 0.03533911891308124,
    "b2": 0.03198196106396074,
    "b3": 0.040345105464798386,
    "t1": 0.16517365452481853,
    "t2": 0.9866643753296659
}