{
    "b0": 0.1348534169192276,
    "b1": 0.03159144725781456,
    "b2": -0.019661922821596366,
    "b3": -0.02663771674961342,
    "t1": 2.0665752676379303,
    "t2": 0.539660086832162
}