{
    "b0": 0.15898427587372407,
    "b1": -0.0029655034407212377,
    "b2": 0.012071201152010772,
    "b3": -0.023084134420635557,
    "t1": 1.001170654061751,
    "t2": 0.3831019282050255
}