{
    "b0": 0.12540018013689874,
    "b1": 0.006696973208590996,
    "b2": -0.03743371409708038,
    "b3": 0.03179660549446258,
    "t1": 0.9874879102211559,
    "t2": 1.8545480132402985
}