{
    "b0": 0.152878654074354,
    "b1": -0.006095945788849777,
    "b2": 0.1323874406148895,
    "b3": -0.14900125284633114,
    "t1": 0.5386138591248305,
    "t2": 0.5236455165688706
}