{
    "b0": 0.16699982439832992,
    "b1": -0.0010403335510740103,
    "b2": -0.09150395427251833,
    "b3": -0.03320238934560019,
    "t1": 6.126484842467375,
    "t2": 0.5654974551752557
}