{
    "b0": 0.13490817539943312,
    "b1": 0.026815704627265784,
    "b2": -1.5448897689920166e-06,
    "b3": 0.026403060991104142,
    "t1": 0.25991094314831464,
    "t2": 2.6123363850726693
}