{
    "b0": 0.1465284607206453,
    "b1": -0.0013431549390240877,
    "b2": -0.0070026897720774604,
    "b3": -0.008278456662410793,
    "t1": 0.5000001730351885,
    "t2": 0.3030018893187666
}