{
    "b0": 0.16258750502808433,
    "b1": -0.009615425843523711,
    "b2": 0.8849652648655303,
    "b3": -0.9019202477509595,
    "t1": 0.5000002791351728,
    "t2": 0.49230846667474815
}