{
    "b0": 0.12020064243459345,
    "b1": 0.011850203043196639,
    "b2": -0.008690499698349851,
    "b3": 0.014973915908861121,
    "t1": 0.5591403740368894,
    "t2": 3.2388648513600966
}