{
    "b0": 0.143339095951069,
    "b1": 0.014426497478062301,
    "b2": -0.0007514967046527801,
    "b3": -0.03241190043376154,
    "t1": 4.437768720056994,
    "t2": 0.5412825599924079
}