{
    "b0": 0.15195540685916445,
    "b1": -0.005364350943858561,
    "b2": -0.01665759882583303,
    "b3": 4.000272335602517e-13,
    "t1": 0.4872610922735828,
    "t2": -0.4748180207357629
}