{
    "b0": 0.17041690040686755,
    "b1": -0.020682943385721183,
    "b2": -0.011107624340266017,
    "b3": -0.011107624340266013,
    "t1": 0.5,
    "t2": 0.5
}