{
    "b0": 0.15311455623597103,
    "b1": -0.00640115171374992,
    "b2": -0.01867902539164041,
    "b3": 7.540053218943465e-08,
    "t1": 0.4575356909433453,
    "t2": -1.0437545554370005
}