{
    "b0": 0.14977544048011585,
    "b1": 0.029818535045840103,
    "b2": -0.045029910385437195,
    "b3": -0.01147100101024251,
    "t1": 2.207832256211802,
    "t2": 0.2933515261491416
}