{
    "b0": 0.1440104039042494,
    "b1": 0.021813414494914196,
    "b2": -3.088718735690804e-07,
    "b3": -0.03255043896912454,
    "t1": 1.5428946080445531,
    "t2": 0.44053883356549134
}