{
    "b0": 0.13863922155265274,
    "b1": 0.02612032665790274,
    "b2": 1.0176187993486858e-05,
    "b3": -0.04655826929651413,
    "t1": 3.1099645936765064,
    "t2": 0.643109880891103
}