{
    "b0": 0.13323731025156688,
    "b1": 0.0038787327818815254,
    "b2": -0.0256818254237,
    "b3": 0.012000127212800337,
    "t1": 0.6838354085795475,
    "t2": 2.854167719759367
}