{
    "b0": 0.1384762075807497,
    "b1": 0.017922977915050743,
    "b2": 0.020247913652880714,
    "b3": 0.025745531209464878,
    "t1": 0.11452592118591724,
    "t2": 2.101124850996072
}