{
    "b0": 0.134831682010622,
    "b1": 0.02168956064384827,
    "b2": 0.023479229797704285,
    "b3": 0.037943776098306486,
    "t1": 0.1239441084365536,
    "t2": 2.515434439042694
}