{
    "b0": 0.16305494089037534,
    "b1": -0.006561359637413373,
    "b2": 0.5745782629526519,
    "b3": -0.5987936826512249,
    "t1": 0.6328283811720121,
    "t2": 0.6183761049914458
}