{
    "b0": 0.13120846479954057,
    "b1": 0.027126100188274604,
    "b2": -0.010633665495019418,
    "b3": 0.04506772346156897,
    "t1": 0.5111380979774446,
    "t2": 2.6667999330197847
}