{
    "b0": 0.1334709295518808,
    "b1": 0.024988764366583135,
    "b2": -0.0044075617604550366,
    "b3": 0.03591261568829209,
    "t1": 0.3669515789212868,
    "t2": 2.2118405892859414
}