{
    "b0": 0.15270890893640995,
    "b1": -0.0015755338883960898,
    "b2": 0.009235501021076321,
    "b3": -0.026193265137171698,
    "t1": 1.3169947548659302,
    "t2": 0.4162297200892825
}