{
    "b0": 0.13443111408191127,
    "b1": 0.029745394540290106,
    "b2": -8.891082420140611e-06,
    "b3": 0.026337023756993115,
    "t1": 0.2994905693911397,
    "t2": 2.7738371831910538
}