{
    "b0": 0.138047817268757,
    "b1": 0.0398209707235188,
    "b2": -0.018669062022143447,
    "b3": -0.01104756168325757,
    "t1": 1.3809011883056324,
    "t2": 0.2689953029391087
}