{
    "b0": 0.1294811753085494,
    "b1": 0.012087404803076733,
    "b2": -0.008176221193155968,
    "b3": 0.04253541841437984,
    "t1": 0.35093496580142486,
    "t2": 3.221392120997579
}