{
    "b0": 0.13283844584182686,
    "b1": 0.03339310954547286,
    "b2": -0.008674558486743101,
    "b3": -0.02301473317335006,
    "t1": 1.555957612571968,
    "t2": 0.49107116472150303
}