{
    "b0": 0.12669825117902792,
    "b1": 0.005899878309050332,
    "b2": -0.5212165123694967,
    "b3": 0.5113469724331579,
    "t1": 1.2632443255677037,
    "t2": 1.326171670700224
}