{
    "b0": 0.15466282448459337,
    "b1": 0.002022242039154798,
    "b2": -0.012172010577450876,
    "b3": -0.012172010577450867,
    "t1": 0.5,
    "t2": 0.5
}