{
    "b0": 0.1532877415378741,
    "b1": -0.0024936661893025566,
    "b2": -0.02548529481646679,
    "b3": 0.009078233055727475,
    "t1": 0.3829838232901459,
    "t2": 2.2462754237120057
}