{
    "b0": 0.1376801893849356,
    "b1": -0.0016693718265311137,
    "b2": -0.023159639566110474,
    "b3": 0.0012715958462667524,
    "t1": 0.6237823732140539,
    "t2": -5.8179644459131765
}