{
    "b0": 0.15840604112427234,
    "b1": -0.008345747332635298,
    "b2": 0.03241322181850132,
    "b3": -0.06093393076790768,
    "t1": 0.6341685190127176,
    "t2": 0.5145036811215324
}