{
    "b0": 0.10358333619335966,
    "b1": 0.014083920032182815,
    "b2": -0.3986988458526617,
    "b3": 0.38475359318658436,
    "t1": 0.9273302134495174,
    "t2": 0.9593004855152668
}