{
    "b0": 0.11941279852233294,
    "b1": -0.009510440323674743,
    "b2": -0.002017125794783963,
    "b3": -0.002017125794783963,
    "t1": 0.5,
    "t2": 0.5
}