{
    "b0": 0.11979225616302465,
    "b1": 0.008890442723257064,
    "b2": -0.016367308770267902,
    "b3": 0.005526520401796018,
    "t1": 0.7168365137941334,
    "t2": 2.5360627929537922
}