{
    "b0": 0.11962036531431672,
    "b1": -0.00581516422693995,
    "b2": -0.4957264366285085,
    "b3": 0.4922170619814451,
    "t1": 0.6329941667263859,
    "t2": 0.6597128999608667
}