{
    "b0": 0.10356248433726994,
    "b1": 0.021086080135788485,
    "b2": -0.01826045969059132,
    "b3": -0.0006987714734730359,
    "t1": 0.968677112240271,
    "t2": 2.27441688727516
}