{
    "b0": 0.11925215441962882,
    "b1": 0.007481909213403099,
    "b2": -0.04719440511289805,
    "b3": 0.03863168039343351,
    "t1": 0.5000002049514608,
    "t2": 0.41432282211722843
}