{
    "b0": 0.127197842551306,
    "b1": 0.004293726307228487,
    "b2": -0.010194207005327909,
    "b3": -0.011997979006866591,
    "t1": 1.36874305541857,
    "t2": 0.38388962877459126
}