{
    "b0": 0.10965410362002793,
    "b1": 0.016009689074915626,
    "b2": -0.003588104361492781,
    "b3": 0.003722853755735378,
    "t1": 0.6894176736490051,
    "t2": 2.555950564760912
}