{
    "b0": 0.12413886452611461,
    "b1": 0.006023407095481195,
    "b2": -0.005609045858935385,
    "b3": -0.005609045858935385,
    "t1": 0.5,
    "t2": 0.5
}