{
    "b0": 0.12565808100037473,
    "b1": 0.0054023410951582135,
    "b2": -0.01053428186728652,
    "b3": -0.005092839410417373,
    "t1": 0.6245477542241309,
    "t2": 0.2047604674811194
}