{
    "b0": 0.1060956755323048,
    "b1": 0.01729974821790791,
    "b2": -0.014475509241770391,
    "b3": 0.007338851565369644,
    "t1": 0.9543970442626724,
    "t2": 0.09330592750823787
}