{
    "b0": 0.1176393084006593,
    "b1": 0.008685211924928925,
    "b2": -0.18987393100551775,
    "b3": 0.182690815783259,
    "t1": 0.5216755786558601,
    "t2": 0.501814450334578
}