{
    "b0": 0.11858490052238549,
    "b1": -0.007699492753357736,
    "b2": -0.0033692862717276846,
    "b3": -0.0033692862717276846,
    "t1": 0.5,
    "t2": 0.5
}