{
    "b0": 0.12001203046683513,
    "b1": -0.006032111475127574,
    "b2": -0.5035497380922296,
    "b3": 0.5024518680206778,
    "t1": 0.6879146035674134,
    "t2": 0.7110702141235622
}