{
    "b0": 0.10415030270013198,
    "b1": 0.019778310370701813,
    "b2": -0.015272590322394863,
    "b3": 0.018479698822880638,
    "t1": 0.5000001671415792,
    "t2": 0.2930811431804799
}