{
    "b0": 0.10156669657760961,
    "b1": 0.017427667568649705,
    "b2": -0.025890144900754978,
    "b3": 0.02223572937258885,
    "t1": 0.5000002059285452,
    "t2": 0.3721618534681053
}