{
    "b0": 0.12048963312506852,
    "b1": -0.007718090906284053,
    "b2": -0.005641743951236631,
    "b3": -0.005641743951236631,
    "t1": 0.5,
    "t2": 0.5
}