{
    "b0": 0.11417882224173108,
    "b1": 0.0004406079158203193,
    "b2": 0.4132050620091004,
    "b3": -0.4239374979594132,
    "t1": 0.7005701121813698,
    "t2": 0.6843841728803906
}