{
    "b0": 0.11799161757229955,
    "b1": -0.006614883532043987,
    "b2": -0.11454215247582882,
    "b3": 0.10812054817332005,
    "t1": 0.5261998361768417,
    "t2": 0.5404436543617032
}