{
    "b0": 0.11127333863189602,
    "b1": 0.0031517834588204556,
    "b2": -0.0050187333071630485,
    "b3": -0.0050187333071630485,
    "t1": 0.5,
    "t2": 0.5
}