{
    "b0": 0.12465321526820426,
    "b1": -0.013570115601126784,
    "b2": -0.0068731738582687146,
    "b3": -0.0068731738582687146,
    "t1": 0.5,
    "t2": 0.5
}