{
    "b0": 0.1216187770370795,
    "b1": -0.011318930100485104,
    "b2": -0.004080819606883131,
    "b3": -0.004080819606883132,
    "t1": 0.5,
    "t2": 0.5
}