{
    "b0": 0.10923185098374763,
    "b1": 0.009518128401597041,
    "b2": -0.0168729181410196,
    "b3": 0.0002599321050207838,
    "t1": 0.6015807742128523,
    "t2": -4.54070815959569
}