{
    "b0": 0.09968171817245593,
    "b1": 0.02369625532862532,
    "b2": -0.0032769264671484773,
    "b3": -0.0005534477173124771,
    "t1": 0.6072945336176068,
    "t2": 1.0540219340245158
}