{
    "b0": 0.12350434887433438,
    "b1": -0.009655343120882193,
    "b2": -0.46476796939629605,
    "b3": 0.4605642857717487,
    "t1": 0.6660939742011928,
    "t2": 0.6911469861058688
}