{
    "b0": 0.11884448206685248,
    "b1": 0.00793145729974489,
    "b2": -0.03397068203142264,
    "b3": 0.025748054316078933,
    "t1": 0.5000002054057183,
    "t2": 0.3620088911376719
}