{
    "b0": 0.11303171001936593,
    "b1": -0.0021186165106789807,
    "b2": -0.09332465621800705,
    "b3": 0.09030749496115512,
    "t1": 0.4005040684088746,
    "t2": 0.41555054211501585
}