{
    "b0": 0.10339079161463695,
    "b1": 0.015189734379914516,
    "b2": -0.022387388631890246,
    "b3": 0.017163727015871627,
    "t1": 0.5000000485266836,
    "t2": 0.3508474607867717
}