{
    "b0": 0.13578789746599831,
    "b1": -0.024280034865046048,
    "b2": -0.022733253035382425,
    "b3": -0.0457035308248366,
    "t1": 0.48604189818880145,
    "t2": 4.044438912809201
}