{
    "b0": 0.1042642368502836,
    "b1": 0.012672611459204088,
    "b2": -0.8065759251268264,
    "b3": 0.7933639590400114,
    "t1": 0.8273752679908406,
    "t2": 0.8392574190184938
}