{
    "b0": 0.12451617690344752,
    "b1": 0.00761837528579344,
    "b2": -0.008990575673302225,
    "b3": -0.007786624716312942,
    "t1": 0.8508631706925164,
    "t2": 0.34434169374505896
}