{
    "b0": 0.10869344542319832,
    "b1": 0.01054089648952764,
    "b2": -0.020100176427016662,
    "b3": 0.0006798335184866307,
    "t1": 0.6547965895730774,
    "t2": -5.7649561482198735
}