{
    "b0": 0.10215105142561498,
    "b1": 0.021766207351121634,
    "b2": -0.015433139368489814,
    "b3": 0.003184894892167037,
    "t1": 0.8269199926460254,
    "t2": 0.2483549283933502
}