{
    "b0": 0.1268119384250625,
    "b1": 0.004470678893400253,
    "b2": -0.006626332635967459,
    "b3": -0.012260133620047183,
    "t1": 1.3346118071785684,
    "t2": 0.3707591514204558
}