{
    "b0": 0.1084151836725775,
    "b1": 0.017462715869155012,
    "b2": -0.00016873620853089487,
    "b3": 0.011792565095529435,
    "t1": 0.5560789508586957,
    "t2": 5.5335811126547085
}