{
    "b0": 0.09629708323084588,
    "b1": 0.027546379345156722,
    "b2": -0.07688556070939331,
    "b3": 0.06876212052117733,
    "t1": 0.8106207844489526,
    "t2": 0.8643724540673107
}