{
    "b0": 0.11961576407185973,
    "b1": 0.0077351445966842725,
    "b2": -0.02132331842661822,
    "b3": 0.008785987884075955,
    "t1": 0.8984124705710191,
    "t2": 2.220319395448263
}