{
    "b0": 0.11448550522355816,
    "b1": -0.0032087263288276243,
    "b2": -0.8493390958627384,
    "b3": 0.8465520962243366,
    "t1": 0.5763224111730929,
    "t2": 0.58253301112027
}