{
    "b0": 0.130820142310718,
    "b1": -0.019580233757169607,
    "b2": -0.0097394208020426,
    "b3": -0.0097394208020426,
    "t1": 0.5,
    "t2": 0.5
}