{
    "b0": 0.11161211040007792,
    "b1": 0.0028792088151557717,
    "b2": -0.27436106888572515,
    "b3": 0.2652691681719175,
    "t1": 0.7889907368293296,
    "t2": 0.8238201209582428
}