{
    "b0": 0.11778366042258294,
    "b1": -0.006379841522696914,
    "b2": 0.13923558746585596,
    "b3": -0.14488149377773438,
    "t1": 0.5837162006310506,
    "t2": 0.567328680798384
}