{
    "b0": 0.13465468265915917,
    "b1": -0.02471002588410362,
    "b2": -0.007905295206852342,
    "b3": -0.007905295206852347,
    "t1": 0.5,
    "t2": 0.5
}