{
    "b0": 0.11934162493245788,
    "b1": -0.007987904702303142,
    "b2": 0.15737207497219508,
    "b3": -0.16262946052509825,
    "t1": 0.5000001274666124,
    "t2": 0.4801160244852878
}