{
    "b0": 0.09740223472339145,
    "b1": 0.025497141977613942,
    "b2": -0.015804864695963285,
    "b3": 0.003948744900914618,
    "t1": 0.8731324347441637,
    "t2": 2.350857716519171
}