{
    "b0": 0.1252136460531957,
    "b1": 0.00634117394738549,
    "b2": -0.005320979626960043,
    "b3": -0.01225920829641704,
    "t1": 1.0695969235035796,
    "t2": 0.4709053815257364
}