{
    "b0": 0.11930329993143238,
    "b1": -0.00787831748507178,
    "b2": 0.16068400877113348,
    "b3": -0.1655439732404417,
    "t1": 0.5557008964712401,
    "t2": 0.5315597820025358
}