{
    "b0": 0.12595264003578593,
    "b1": 0.0036372567974966965,
    "b2": -0.011668226791970637,
    "b3": -0.0003077203064007272,
    "t1": 0.7395843900562151,
    "t2": 2.2842607694021955
}