{
    "b0": 0.12371205277429652,
    "b1": -0.012728042265308718,
    "b2": -0.006067834051728097,
    "b3": -0.006067834051728097,
    "t1": 0.5,
    "t2": 0.5
}