{
    "b0": 0.11883208512295755,
    "b1": -0.007317873353212696,
    "b2": 0.17437550838097773,
    "b3": -0.18147116238725078,
    "t1": 0.5240815873018875,
    "t2": 0.5114757303261389
}