{
    "b0": 0.11364753108451417,
    "b1": -0.0024846480402634305,
    "b2": -0.17880954236472432,
    "b3": 0.17572294714367565,
    "t1": 0.41966658364840337,
    "t2": 0.4317501589931985
}