{
    "b0": 0.0983213446626036,
    "b1": 0.025882532467553294,
    "b2": -0.018988294878136577,
    "b3": 0.0018629308613000405,
    "t1": 0.9508636309559335,
    "t2": 2.2879845004781254
}