{
    "b0": 0.11915900748401018,
    "b1": -0.007168016401043651,
    "b2": -0.3338744660667923,
    "b3": 0.32915705991078925,
    "t1": 0.5740086074543405,
    "t2": 0.604531616148769
}