{
    "b0": 0.11022080649800216,
    "b1": 0.0044402481570669705,
    "b2": -0.7364342522625914,
    "b3": 0.7273514485516186,
    "t1": 0.8201099065322988,
    "t2": 0.8311270189932769
}