{
    "b0": 0.10091599372111075,
    "b1": 0.02131709811577216,
    "b2": -0.012861697608303971,
    "b3": 0.0019748024512564084,
    "t1": 0.8817009533369116,
    "t2": 2.1999381915608454
}