{
    "b0": 0.13628277240131612,
    "b1": -0.026307853747188848,
    "b2": -0.0084377594902478,
    "b3": -0.0084377594902478,
    "t1": 0.5,
    "t2": 0.5
}