{
    "b0": 0.1060970894904141,
    "b1": 0.008807218427130736,
    "b2": -0.28026448239270185,
    "b3": 0.2713735113998695,
    "t1": 0.9618774343648268,
    "t2": 0.9989498638035088
}