{
    "b0": 0.11895523081119133,
    "b1": 0.009661938828457783,
    "b2": -0.018235013290264827,
    "b3": 0.008664171336378956,
    "t1": 0.831515992414287,
    "t2": 2.2505524195270263
}