{
    "b0": 0.13199009786350302,
    "b1": -0.02169699080090188,
    "b2": -0.007270427771760516,
    "b3": -0.007270427771760516,
    "t1": 0.5,
    "t2": 0.5
}