{
    "b0": 0.11976692061451986,
    "b1": 0.006937492060375564,
    "b2": -0.02306386455887887,
    "b3": 0.014875996474451293,
    "t1": 0.5000000483199034,
    "t2": 0.30223735796512935
}