{
    "b0": 0.11331187711139148,
    "b1": 0.013086209323970272,
    "b2": -0.03443719291172272,
    "b3": 0.023185680020689853,
    "t1": 1.225128949284928,
    "t2": 1.921705306238222
}