{
    "b0": 0.13056206299200207,
    "b1": -0.019059057151432458,
    "b2": -0.431326979512567,
    "b3": 0.4307351406630699,
    "t1": 0.5869817372758795,
    "t2": 0.6199209819757452
}