{
    "b0": 0.11302218306132217,
    "b1": -0.0017177618787076571,
    "b2": -0.08309261317643156,
    "b3": 0.08075515271503775,
    "t1": 0.44828868009663775,
    "t2": 0.4824507306897653
}