{
    "b0": 0.11824209745390739,
    "b1": -0.004525185123153667,
    "b2": -0.5568583420134934,
    "b3": 0.5554372722902082,
    "t1": 0.6350610904779396,
    "t2": 0.6537138908279867
}