{
    "b0": 0.12225646992969064,
    "b1": 0.007093557903147732,
    "b2": -0.018924732369167856,
    "b3": 0.0032375910203002334,
    "t1": 0.8293095865117351,
    "t2": 2.0556914968416633
}