{
    "b0": 0.11522330567384209,
    "b1": -0.005010203595386975,
    "b2": -0.0020195918054579896,
    "b3": -0.00201959180545799,
    "t1": 0.5,
    "t2": 0.5
}