{
    "b0": 0.137417219204594,
    "b1": -0.025762944442902502,
    "b2": -0.025001510427356658,
    "b3": -0.04132437428931419,
    "t1": 0.5182987399512231,
    "t2": 4.1732911239451465
}