{
    "b0": 0.09953829879495686,
    "b1": 0.023479475879384763,
    "b2": -9.571820723996635e-05,
    "b3": -0.00420637048327039,
    "t1": 0.5875208337632268,
    "t2": 1.1488793417165855
}