{
    "b0": 0.12086884393969921,
    "b1": -0.0067994748349348155,
    "b2": -0.6326281529541151,
    "b3": 0.6323006376637382,
    "t1": 0.6398790860706802,
    "t2": 0.6590021285111785
}