{
    "b0": 0.09579012114554604,
    "b1": 0.02757749123281173,
    "b2": 1.2540228182776614e-07,
    "b3": 0.0072869531384616,
    "t1": 0.5922039565278253,
    "t2": 4.857256176833688
}