{
    "b0": 0.11835913908598589,
    "b1": -0.004506168147439829,
    "b2": -0.49790501359086997,
    "b3": 0.49311574729996843,
    "t1": 0.6026513140519835,
    "t2": 0.626754079526183
}