{
    "b0": 0.10431613140992112,
    "b1": 0.013577033119694243,
    "b2": -0.34672293996609893,
    "b3": 0.33215632914814014,
    "t1": 0.908104523433436,
    "t2": 0.9449491099697661
}