{
    "b0": 0.12166080187676971,
    "b1": 0.010462361643239819,
    "b2": -0.01413307638758585,
    "b3": 0.0022510671810026047,
    "t1": 0.5889931410447342,
    "t2": 1.37506566297946
}