{
    "b0": 0.10231376515257391,
    "b1": 0.016994910009591496,
    "b2": -0.05567905298820087,
    "b3": 0.051810717500772555,
    "t1": 0.5000002050078602,
    "t2": 0.41592833882139624
}