{
    "b0": 0.11574590784861345,
    "b1": 0.012914385889586068,
    "b2": -0.021720633450377634,
    "b3": 0.012325961585334586,
    "t1": 0.9150325800489857,
    "t2": 2.0942698719991917
}