{
    "b0": 0.09856863172987407,
    "b1": 0.025601092847537338,
    "b2": -0.0070236144732656585,
    "b3": -0.002632883205917823,
    "t1": 0.7030812289979421,
    "t2": 0.049878757340192155
}