{
    "b0": 0.1808163777464601,
    "b1": -0.042730703675952615,
    "b2": 0.0490270785357488,
    "b3": -0.012471038560303106,
    "t1": 1.2760358198763753,
    "t2": 0.13714035153271978
}