{
    "b0": 0.14119254809982099,
    "b1": -0.006083238824466887,
    "b2": 0.6419011803214956,
    "b3": -0.6155282602238789,
    "t1": 0.9381043672250117,
    "t2": 0.9596084967435071
}