{
    "b0": 0.12863167806791034,
    "b1": -7.200144079464246e-05,
    "b2": 0.09670131277869216,
    "b3": -0.049091800978263905,
    "t1": 0.5000000892211383,
    "t2": 0.2518244784508484
}