{
    "b0": 0.1391795408947721,
    "b1": -0.029023964465862997,
    "b2": 0.016434165902400294,
    "b3": 0.016434165902400294,
    "t1": 0.5,
    "t2": 0.5
}