{
    "b0": 0.15628189218312638,
    "b1": -0.041391461243408534,
    "b2": 0.01592950425566985,
    "b3": 0.015929504255669844,
    "t1": 0.5,
    "t2": 0.5
}