{
    "b0": 0.1592321277427208,
    "b1": -0.02204874317596974,
    "b2": -0.0060122298270537345,
    "b3": -0.006012229827053737,
    "t1": 0.5,
    "t2": 0.5
}