{
    "b0": 0.1404880624835082,
    "b1": -0.004152979932353152,
    "b2": 0.025990640750030825,
    "b3": -0.007532275164678314,
    "t1": 0.6189698059507196,
    "t2": 0.07476244576517062
}