{
    "b0": 0.12335508937920478,
    "b1": -0.012162418456976281,
    "b2": -0.3372990918078157,
    "b3": 0.34124265099082585,
    "t1": 0.5458305514019884,
    "t2": 0.5786914013497283
}