{
    "b0": 0.13743523034243946,
    "b1": -0.021699224192197025,
    "b2": 0.22683564703433373,
    "b3": -0.22042081842056463,
    "t1": 0.5000000484472256,
    "t2": 0.4610239749749881
}