{
    "b0": 0.16039107325938087,
    "b1": -0.027176786096817066,
    "b2": 0.025778532166720276,
    "b3": 0.0059758256286390424,
    "t1": 1.9945532052758967,
    "t2": 0.15603100874983142
}