{
    "b0": 0.14938460410015567,
    "b1": -0.035590983007953214,
    "b2": 0.013544269745411272,
    "b3": 0.013544269745411269,
    "t1": 0.5,
    "t2": 0.5
}