{
    "b0": 0.13425423064661068,
    "b1": 0.005166421427287364,
    "b2": -0.02098872731232993,
    "b3": -0.02098872731232993,
    "t1": 0.5,
    "t2": 0.5
}