{
    "b0": 0.13594624302793432,
    "b1": -0.010904541083987465,
    "b2": 0.02391180192354634,
    "b3": 0.023911801923546333,
    "t1": 0.5,
    "t2": 0.5
}