{
    "b0": 0.14918920440689357,
    "b1": -0.034679444803447784,
    "b2": 0.014006661472607311,
    "b3": 0.014006661472607313,
    "t1": 0.5,
    "t2": 0.5
}