{
    "b0": 0.1340252412319166,
    "b1": -0.00916335937912829,
    "b2": 0.0257072476523617,
    "b3": 0.02570724765236172,
    "t1": 0.5,
    "t2": 0.5
}