{
    "b0": 0.14097923718639452,
    "b1": -0.02014349806491166,
    "b2": -0.6705240002604803,
    "b3": 0.7099731033762665,
    "t1": 0.5507588635588935,
    "t2": 0.5858362197498526
}