{
    "b0": 0.12773983946714534,
    "b1": -0.012217596504687046,
    "b2": 0.14075113235128375,
    "b3": -0.1121655175397619,
    "t1": 0.5000000484018507,
    "t2": 0.39420310719823193
}