{
    "b0": 0.14260885365391293,
    "b1": -0.007574241224267618,
    "b2": 0.02277958976669031,
    "b3": -177.74726284711932,
    "t1": 0.599384873654093,
    "t2": -420943.83903265314
}