{
    "b0": 0.13139252459104456,
    "b1": -0.019501634810188857,
    "b2": 0.11744436982569165,
    "b3": -0.10994488900671591,
    "t1": 0.5000000178365732,
    "t2": 0.42096080387613943
}