{
    "b0": 0.16104244698983522,
    "b1": -0.026582390483857646,
    "b2": 0.061711069861368394,
    "b3": 0.016913573495686736,
    "t1": 2.588983461036796,
    "t2": 0.57741340953274
}