{
    "b0": 0.1293490768229985,
    "b1": -0.017800893534693975,
    "b2": 0.8192022118186622,
    "b3": -0.8239193895280326,
    "t1": 0.5000001204057577,
    "t2": 0.48782388121051623
}