{
    "b0": 0.137943831799806,
    "b1": -0.029261634317872532,
    "b2": 0.022062714090769674,
    "b3": 0.022062714090769694,
    "t1": 0.5,
    "t2": 0.5
}