{
    "b0": 0.1525280715536089,
    "b1": -0.014987540211151052,
    "b2": -0.021878588661346492,
    "b3": 0.04558299714931605,
    "t1": 0.16874393227053996,
    "t2": 3.5327138189545746
}