{
    "b0": 0.13311864118811229,
    "b1": -0.005670235746356136,
    "b2": 0.02525317438653423,
    "b3": 0.02525317438653426,
    "t1": 0.5,
    "t2": 0.5
}