{
    "b0": 0.1424267276755923,
    "b1": -0.0024349630941240957,
    "b2": -0.026121694840012318,
    "b3": -0.02612169484001234,
    "t1": 0.5,
    "t2": 0.5
}