{
    "b0": 0.1327798287671762,
    "b1": -0.009840361915688031,
    "b2": 0.027148303457616173,
    "b3": 0.027148303457616176,
    "t1": 0.5,
    "t2": 0.5
}