{
    "b0": 0.13317914592845256,
    "b1": -0.02493276778336178,
    "b2": -0.00249244760745013,
    "b3": -0.0024924476074501285,
    "t1": 0.5,
    "t2": 0.5
}