{
    "b0": 0.12883930997351198,
    "b1": -0.017770107466636143,
    "b2": -0.3255843757820511,
    "b3": 0.3274441725421288,
    "t1": 0.5991208092270205,
    "t2": 0.6375604665124583
}