{
    "b0": 0.1424184211798082,
    "b1": -0.00879404654323717,
    "b2": 0.04872936703513472,
    "b3": 0.008472331367713961,
    "t1": 3.2601601301641057,
    "t2": 0.14977664319931214
}