{
    "b0": 0.13399970974937028,
    "b1": -0.006185270460963416,
    "b2": 0.024291599779125907,
    "b3": 0.024291599779125907,
    "t1": 0.5,
    "t2": 0.5
}