{
    "b0": 0.1335168551455336,
    "b1": -0.02518067839206403,
    "b2": -0.0029051496210116354,
    "b3": -0.0029051496210116337,
    "t1": 0.5,
    "t2": 0.5
}