{
    "b0": 0.16597883626929416,
    "b1": -0.03120576764568142,
    "b2": 0.04500856288390196,
    "b3": -1.0951850322842016e-06,
    "t1": 1.9125818263155787,
    "t2": -1.3642397117368072
}