{
    "b0": 0.1422692424881394,
    "b1": -0.008240076501892112,
    "b2": -0.021976513272381697,
    "b3": 0.012197992968547136,
    "t1": 0.6111505579852039,
    "t2": 0.18564243555513332
}