{
    "b0": 0.13368469373921343,
    "b1": -0.011872112475794977,
    "b2": 0.029497489611364194,
    "b3": 0.02949748961136419,
    "t1": 0.5,
    "t2": 0.5
}