{
    "b0": 0.15798289130449564,
    "b1": -0.025751893320003043,
    "b2": 0.042804254306914986,
    "b3": 0.003288872769923373,
    "t1": 1.732432700763248,
    "t2": 0.14462623735243493
}