{
    "b0": 0.14809578794995149,
    "b1": -0.03417954636988675,
    "b2": 0.012859950440548832,
    "b3": 0.012859950440548832,
    "t1": 0.5,
    "t2": 0.5
}