{
    "b0": 0.14491625897583799,
    "b1": -0.0314773622808229,
    "b2": 0.014615082996908781,
    "b3": 0.014615082996908783,
    "t1": 0.5,
    "t2": 0.5
}