{
    "b0": 0.12419181694650984,
    "b1": -0.01313300915788322,
    "b2": -0.30739892355214105,
    "b3": 0.30908675300065075,
    "t1": 0.5485562919286385,
    "t2": 0.5808811675489873
}