{
    "b0": 0.14380952058487928,
    "b1": -0.007516289088776499,
    "b2": 0.020874752610343203,
    "b3": -0.006586738376300737,
    "t1": 0.5437034832038659,
    "t2": 0.04929798037717795
}