{
    "b0": 0.15562290942989496,
    "b1": -0.040765776231530285,
    "b2": 0.015236574832519691,
    "b3": 0.015236574832519695,
    "t1": 0.5,
    "t2": 0.5
}