{
    "b0": 0.1544744482325478,
    "b1": -0.04019687703011705,
    "b2": 0.015973695345764694,
    "b3": 0.015973695345764698,
    "t1": 0.5,
    "t2": 0.5
}