{
    "b0": 0.12274841973799704,
    "b1": -0.011260366564121611,
    "b2": -0.780610261385618,
    "b3": 0.7854881410517357,
    "t1": 0.5377976573358404,
    "t2": 0.5526945764907245
}