{
    "b0": 0.1482251948649176,
    "b1": -0.012067665840716736,
    "b2": 0.007428620155052266,
    "b3": 0.020129018177395586,
    "t1": 1.6810627004084309,
    "t2": 0.8302789637582384
}