{
    "b0": 0.13895610763388425,
    "b1": -0.02304829541864144,
    "b2": 0.32097254412070547,
    "b3": -0.3149761266388927,
    "t1": 0.5000001377969201,
    "t2": 0.46642884815255925
}