{
    "b0": 0.15126247948753688,
    "b1": -0.034614669905440036,
    "b2": 0.015593650479023849,
    "b3": 0.015593650479023852,
    "t1": 0.5,
    "t2": 0.5
}