{
    "b0": 0.14843082184237638,
    "b1": -0.012389582780876283,
    "b2": -0.014260794301536227,
    "b3": 0.004996782632861036,
    "t1": 0.10802934455539122,
    "t2": 0.7971744179687601
}