{
    "b0": 0.13117814844997866,
    "b1": 0.007613204714109754,
    "b2": -0.018314093361080634,
    "b3": -0.018314093361080634,
    "t1": 0.5,
    "t2": 0.5
}