{
    "b0": 0.12665780046028755,
    "b1": -0.018349730294729912,
    "b2": 0.0007562745941352934,
    "b3": 0.0007562745941352969,
    "t1": 0.5,
    "t2": 0.5
}