{
    "b0": 0.13162705786569803,
    "b1": -0.003563374795713385,
    "b2": 0.1459770280891983,
    "b3": -0.09970102563173668,
    "t1": 0.5000000513112615,
    "t2": 0.3448379473831743
}