{
    "b0": 0.13311420330673485,
    "b1": -0.020690194412182648,
    "b2": 0.07128567093969995,
    "b3": -0.061950218715296185,
    "t1": 0.5000001263370347,
    "t2": 0.3839705873183513
}