{
    "b0": 0.13845140108806037,
    "b1": -0.027323633681973478,
    "b2": 0.021736111759451848,
    "b3": 0.021736111759451844,
    "t1": 0.5,
    "t2": 0.5
}