{
    "b0": 0.12845863289639495,
    "b1": -0.01737126984908372,
    "b2": 0.39817109696117337,
    "b3": -0.39804133331263725,
    "t1": 0.5260791017291655,
    "t2": 0.5025931921992778
}