{
    "b0": 0.1602377532222834,
    "b1": -0.023278629455458232,
    "b2": -0.006972759064353529,
    "b3": -0.006972759064353528,
    "t1": 0.5,
    "t2": 0.5
}