{
    "b0": 0.1628371560670789,
    "b1": -0.02466437499848309,
    "b2": -0.011192108954673968,
    "b3": -0.011192108954673964,
    "t1": 0.5,
    "t2": 0.5
}