{
    "b0": 0.14164202844418494,
    "b1": -0.028842619568500708,
    "b2": 0.0030472192186925522,
    "b3": 0.0030472192186925557,
    "t1": 0.5,
    "t2": 0.5
}