{
    "b0": 0.13621672723808378,
    "b1": -0.007887571999824095,
    "b2": 0.02305629677242869,
    "b3": 0.023056296772428674,
    "t1": 0.5,
    "t2": 0.5
}