{
    "b0": 0.1314094693154745,
    "b1": -0.004967821327638559,
    "b2": 0.02766875545891054,
    "b3": 0.027668755458910538,
    "t1": 0.5,
    "t2": 0.5
}