{
    "b0": 0.14379412968464053,
    "b1": -0.02256656130165675,
    "b2": -0.7367896959984388,
    "b3": 0.7753845053149344,
    "t1": 0.5481464888320944,
    "t2": 0.5804169978175505
}