{
    "b0": 0.13411720500762472,
    "b1": -0.009081359678804286,
    "b2": 0.025677872551569957,
    "b3": 0.02567787255156994,
    "t1": 0.5,
    "t2": 0.5
}