{
    "b0": 0.13480945211359263,
    "b1": -0.021697891626182388,
    "b2": 0.1382544568635592,
    "b3": -0.12871487058790146,
    "t1": 0.5000001264522493,
    "t2": 0.4405374567795591
}