{
    "b0": 0.130399649587148,
    "b1": -0.018776874900762762,
    "b2": -0.6989134703251922,
    "b3": 0.6933968388976245,
    "t1": 0.5350529228600394,
    "t2": 0.5513953894828254
}