{
    "b0": 0.13589697909251386,
    "b1": -0.020107898595750982,
    "b2": 0.06919571105553703,
    "b3": -0.06278433290840141,
    "t1": 0.5000000613495071,
    "t2": 0.3666274271196303
}