{
    "b0": 0.14855600992792986,
    "b1": -0.03417422954880425,
    "b2": 0.01261003863011866,
    "b3": 0.012610038630118657,
    "t1": 0.5,
    "t2": 0.5
}