{
    "b0": 0.1290607928489979,
    "b1": -0.01806014380820148,
    "b2": -0.22725879175514976,
    "b3": 0.22936094759523465,
    "t1": 0.5690460778438884,
    "t2": 0.6213569318116039
}