{
    "b0": 0.13223754500359122,
    "b1": -0.006359004100383144,
    "b2": 0.028299253548602445,
    "b3": 0.028299253548602445,
    "t1": 0.5,
    "t2": 0.5
}