{
    "b0": 0.13633197084543405,
    "b1": -0.007434736719590572,
    "b2": 0.022908710468998006,
    "b3": 0.022908710468998013,
    "t1": 0.5,
    "t2": 0.5
}