{
    "b0": 0.1320697201869459,
    "b1": -0.004030545134458344,
    "b2": 0.13275186694919092,
    "b3": -0.08930404196507125,
    "t1": 0.5000000484060231,
    "t2": 0.33068798904543295
}