{
    "b0": 0.13795859918597492,
    "b1": -0.028017969109353533,
    "b2": 0.018679936885193208,
    "b3": 0.01867993688519321,
    "t1": 0.5,
    "t2": 0.5
}