{
    "b0": 0.16689960839931542,
    "b1": -0.03265131820529685,
    "b2": 0.037766870702970044,
    "b3": 0.005315928987331949,
    "t1": 1.9234806653224057,
    "t2": 0.7228834865383441
}