{
    "b0": 0.07161315183246168,
    "b1": 0.04207415666420179,
    "b2": -0.01762558170845245,
    "b3": 0.15462465633894193,
    "t1": 0.44250009118112416,
    "t2": 4.683928303607716
}