{
    "b0": 0.13091440270581078,
    "b1": -0.037586843898155496,
    "b2": -0.03655642465271154,
    "b3": -0.036556424652711514,
    "t1": 0.5000000000000006,
    "t2": 0.5000000000000006
}