{
    "b0": 0.13183687004774675,
    "b1": -0.047422372611489905,
    "b2": -0.022333724431549545,
    "b3": -0.02233372443154953,
    "t1": 0.5,
    "t2": 0.5
}