{
    "b0": 0.12388119057577368,
    "b1": -0.02278170119939992,
    "b2": -0.036625373659539676,
    "b3": -0.03662537365953969,
    "t1": 0.5,
    "t2": 0.5
}