{
    "b0": 0.1339046175283068,
    "b1": -0.045998354883234914,
    "b2": 0.3937095008848155,
    "b3": -0.44428868874410504,
    "t1": 0.5000002553764324,
    "t2": 0.47690600995666144
}