{
    "b0": 0.08864480515599894,
    "b1": 0.024904504433858575,
    "b2": -0.03197789020715692,
    "b3": 0.099916286045334,
    "t1": 0.43229470183126034,
    "t2": 4.856721080305954
}