{
    "b0": 0.12990165334796214,
    "b1": -0.0400147428938109,
    "b2": 0.34721175597631737,
    "b3": -0.3777443136562653,
    "t1": 1.0311792612837947,
    "t2": 0.9053490841572475
}