{
    "b0": 0.12770157508582486,
    "b1": -0.03591847762788397,
    "b2": 0.04395725179239482,
    "b3": -0.051149013004856775,
    "t1": 1.8671058915927536,
    "t2": 0.5177877351685702
}