{
    "b0": 0.13080395026549443,
    "b1": -0.046967249066270755,
    "b2": -0.01865369071989665,
    "b3": -0.018653690719896646,
    "t1": 0.5,
    "t2": 0.5
}