{
    "b0": 0.12383253234441882,
    "b1": -0.0224757292086495,
    "b2": -0.03483414679506415,
    "b3": -0.03483414679506416,
    "t1": 0.5,
    "t2": 0.5
}