{
    "b0": 0.13277059944938416,
    "b1": -0.03947625402353086,
    "b2": -0.039199736311841114,
    "b3": -0.039199736311841114,
    "t1": 0.5,
    "t2": 0.5
}