{
    "b0": 0.1226187093058259,
    "b1": -0.010499106638382348,
    "b2": -0.11709169986273099,
    "b3": 0.054690716115455104,
    "t1": 0.5000000742229154,
    "t2": 0.33989758375102996
}