{
    "b0": 0.12991908300280766,
    "b1": -0.0381450893556939,
    "b2": -0.03442707190374496,
    "b3": -0.03442707190374496,
    "t1": 0.5,
    "t2": 0.5
}