{
    "b0": 0.12528697855765755,
    "b1": -0.03391716195226896,
    "b2": 0.04915262992638835,
    "b3": -0.0543565983282232,
    "t1": 1.7907062254853388,
    "t2": 0.5898359999056865
}