{
    "b0": 0.13412565632200904,
    "b1": -0.04669987639224796,
    "b2": -1.0021964061153894,
    "b3": 0.9589495640436205,
    "t1": 0.5411694104738981,
    "t2": 0.555729448547711
}