{
    "b0": 0.11568902840722141,
    "b1": -0.01818254298002459,
    "b2": 0.10532715327301087,
    "b3": -0.11779661036874804,
    "t1": 1.586960805160522,
    "t2": 0.9048934495981689
}