{
    "b0": 0.13416777916341752,
    "b1": -0.045944299619795764,
    "b2": -0.03582014161703836,
    "b3": -0.03582014161703836,
    "t1": 0.5,
    "t2": 0.5
}