{
    "b0": 0.13343666795599957,
    "b1": -0.04501079719177402,
    "b2": -0.035289518568856884,
    "b3": -0.0352895185688569,
    "t1": 0.5,
    "t2": 0.5
}