{
    "b0": 0.12312319023924119,
    "b1": -0.021064277088426328,
    "b2": -0.03437171550513991,
    "b3": -0.03437171550513994,
    "t1": 0.5,
    "t2": 0.5
}