{
    "b0": 0.08424481848662102,
    "b1": 0.048292238569273435,
    "b2": -0.0011429635112457787,
    "b3": 0.11869053972156188,
    "t1": 0.46245113948454425,
    "t2": 5.605615039703079
}