{
    "b0": 0.13572403693125523,
    "b1": -0.048677482927545784,
    "b2": 0.8948233738816891,
    "b3": -0.9351453111208017,
    "t1": 0.5287850025038314,
    "t2": 0.5141840556022608
}