{
    "b0": -0.4414650471464447,
    "b1": 0.5691807185762389,
    "b2": 0.7142010271961328,
    "b3": -0.06093996372149979,
    "t1": 22.286960586213883,
    "t2": 0.9202888005727636
}