{
    "b0": 0.1606007152673863,
    "b1": -0.07413449154302607,
    "b2": -0.07630280288751748,
    "b3": -0.07254008986235345,
    "t1": 0.38887193549225335,
    "t2": 3.887043172393135
}