{
    "b0": 0.11965429397976922,
    "b1": -0.022713509424131775,
    "b2": 0.06519683755112933,
    "b3": -0.05633585193373098,
    "t1": 2.0261971107947185,
    "t2": 0.6272742403036952
}