{
    "b0": 0.13455152767179707,
    "b1": -0.04767739093541079,
    "b2": -0.031047778076655513,
    "b3": -0.03104777807665552,
    "t1": 0.5,
    "t2": 0.5
}