{
    "b0": 0.13342702909084056,
    "b1": -0.04831405899545653,
    "b2": -0.025094169708854586,
    "b3": -0.02509416970885459,
    "t1": 0.5,
    "t2": 0.5
}