{
    "b0": -0.35198939111650956,
    "b1": 0.4637914407033096,
    "b2": 0.6407964028988749,
    "b3": -0.0624840004728853,
    "t1": 17.08666808344239,
    "t2": 0.49923425104150554
}