{
    "b0": -0.3715433831567945,
    "b1": 0.4840279401177998,
    "b2": 0.6256034975607809,
    "b3": -0.05620729102132044,
    "t1": 21.53594327304906,
    "t2": 0.5091421755532148
}