{
    "b0": 0.12532366223703484,
    "b1": -0.036025209928261664,
    "b2": 0.0626470126643171,
    "b3": -0.05435983296343389,
    "t1": 2.235921541836457,
    "t2": 0.6030764030302926
}