{
    "b0": 0.07612184906253953,
    "b1": 0.042569628223090156,
    "b2": 2.426030834556947e-10,
    "b3": 0.13638555814990788,
    "t1": 0.27647848069416053,
    "t2": 4.944303504423205
}