{
    "b0": -0.3109452253742219,
    "b1": 0.42371686056105007,
    "b2": 0.5420763667137707,
    "b3": -0.05862024927084744,
    "t1": 23.639455623976346,
    "t2": 0.48353408083563093
}