{
    "b0": 0.1185507715806833,
    "b1": -0.020556686691312803,
    "b2": 0.08835884986914991,
    "b3": -0.1133833144718867,
    "t1": 1.4091827297363084,
    "t2": 0.855091527795144
}