{
    "b0": 0.12490449946913791,
    "b1": -0.02245958657053177,
    "b2": 0.0454203534578337,
    "b3": -0.05687234065433551,
    "t1": 1.9650516849281947,
    "t2": 0.6985119966677086
}