{
    "b0": 0.13296473430740569,
    "b1": -0.043802678713690854,
    "b2": -0.03827523084511923,
    "b3": -0.038275230845119225,
    "t1": 0.5,
    "t2": 0.5
}