{
    "b0": 0.13100788241458797,
    "b1": -0.04267369655620211,
    "b2": -0.034580278652473775,
    "b3": -0.034580278652473775,
    "t1": 0.5,
    "t2": 0.5
}