{
    "b0": 0.12339479215002538,
    "b1": -0.021327437204645402,
    "b2": -0.03354517541474887,
    "b3": -0.03354517541474885,
    "t1": 0.5,
    "t2": 0.5
}