{
    "b0": 0.09816403140828683,
    "b1": 0.01539766842558249,
    "b2": 0.0676644086921244,
    "b3": -0.06697067424183822,
    "t1": 4.449216569384301,
    "t2": 0.7876816764656508
}