{
    "b0": -0.06854804829876257,
    "b1": 0.1914725781315739,
    "b2": 0.24621561443164258,
    "b3": -0.057347500193378476,
    "t1": 20.005130377499484,
    "t2": 0.5855281498173653
}