{
    "b0": 0.13081975816130056,
    "b1": -0.04341508956867201,
    "b2": 0.8524260710883812,
    "b3": -0.8901348590081356,
    "t1": 0.8731220359589166,
    "t2": 0.8434092853032029
}