{
    "b0": 0.12421234678798569,
    "b1": 0.00410878959245558,
    "b2": 0.03567602871496896,
    "b3": -0.0738647772780163,
    "t1": 2.4908996524744174,
    "t2": 0.7112721785820928
}