{
    "b0": 0.12912302182968274,
    "b1": -0.04176559252629833,
    "b2": 0.05121232878994806,
    "b3": -0.04777410549209937,
    "t1": 1.8341931327370338,
    "t2": 0.6078182602289756
}