{
    "b0": 0.021882664000090618,
    "b1": 0.10569468072114073,
    "b2": 0.1663324246900709,
    "b3": -0.05842091529822399,
    "t1": 14.065646717222288,
    "t2": 0.6342251242262997
}