{
    "b0": 0.13000912512383847,
    "b1": -0.02387571513908949,
    "b2": -0.04338720191448084,
    "b3": -0.04338720191448083,
    "t1": 0.5,
    "t2": 0.5
}