{
    "b0": 0.12668548922383427,
    "b1": -0.021246327899657295,
    "b2": -0.039505668651028183,
    "b3": -0.039505668651028183,
    "t1": 0.5,
    "t2": 0.5
}