{
    "b0": -0.4487352581047387,
    "b1": 0.5607400200323343,
    "b2": 0.734870319745379,
    "b3": -0.05883914391771901,
    "t1": 20.005731823619186,
    "t2": 0.5040263174072074
}