{
    "b0": -0.5026438356411598,
    "b1": 0.6130789783450341,
    "b2": 0.8016174292832522,
    "b3": -0.05682622521516152,
    "t1": 20.988454189268655,
    "t2": 0.4845359213090605
}