{
    "b0": 0.12582722019765852,
    "b1": 0.008898854772677536,
    "b2": -0.07979904045879345,
    "b3": 0.04008828795866894,
    "t1": 0.5000000220199615,
    "t2": 0.30398750099400823
}