{
    "b0": -0.17350385739593524,
    "b1": 0.3019179247442047,
    "b2": 0.3834982024718877,
    "b3": -0.07409989732927783,
    "t1": 16.830716448100333,
    "t2": 1.0071749757667037
}