{
    "b0": 0.12736252009832433,
    "b1": -0.004426070835756177,
    "b2": -0.05546393996268926,
    "b3": -0.008896695863841578,
    "t1": 0.6557215157687525,
    "t2": 0.3141924177040651
}