{
    "b0": 0.06950920827657303,
    "b1": 0.04399073740982039,
    "b2": -0.0002374037782581495,
    "b3": 0.1633084096169602,
    "t1": 0.33669387007355817,
    "t2": 4.487351013254539
}