{
    "b0": 0.1353611517697639,
    "b1": -0.04807257911714987,
    "b2": 0.3952736754832086,
    "b3": -0.4375709702836652,
    "t1": 0.5000000790749305,
    "t2": 0.4732480859774677
}