{
    "b0": 0.0725898418766795,
    "b1": 0.04815414554854855,
    "b2": -2.4017182985447416e-08,
    "b3": 0.1611850659543038,
    "t1": 0.319436774296154,
    "t2": 4.995041874651239
}