{
    "b0": 0.13530122440116452,
    "b1": -0.04637870249629385,
    "b2": -0.03857908743276111,
    "b3": -0.03857908743276109,
    "t1": 0.5,
    "t2": 0.5
}