{
    "b0": 0.13388532719170992,
    "b1": -0.04642102146471674,
    "b2": -0.6726845322945934,
    "b3": 0.6317660568370443,
    "t1": 0.5670015482823823,
    "t2": 0.5939644719597031
}