{
    "b0": 0.12164128363223721,
    "b1": -0.03200404757460029,
    "b2": 0.07536462011093556,
    "b3": -0.057147104015854974,
    "t1": 2.3734958947712075,
    "t2": 0.6329148308344369
}