{
    "b0": 0.13565572946344423,
    "b1": -0.04850006309750721,
    "b2": 0.5428132221736631,
    "b3": -0.5867512819114229,
    "t1": 0.500000150044814,
    "t2": 0.48134580016314393
}