{
    "b0": 0.12689806721698763,
    "b1": 0.011366835363486613,
    "b2": -0.021495638037691316,
    "b3": -0.021495638037691313,
    "t1": 0.5,
    "t2": 0.5
}