{
    "b0": 0.13432683088988673,
    "b1": -0.046593310310830915,
    "b2": -0.867468138802766,
    "b3": 0.819432674781326,
    "t1": 0.5610037774371239,
    "t2": 0.5779952354161675
}