{
    "b0": 0.12867760653681043,
    "b1": -0.004337663709052274,
    "b2": -0.05408758001231538,
    "b3": -0.016957680277044127,
    "t1": 0.8045409647310985,
    "t2": 0.282726571238617
}