{
    "b0": 0.1316831018328671,
    "b1": -0.0482088514655789,
    "b2": -0.017520907656770862,
    "b3": -0.017520907656770862,
    "t1": 0.5,
    "t2": 0.5
}