{
    "b0": 0.13225751405225292,
    "b1": -0.03894599621147765,
    "b2": -0.03567315709053537,
    "b3": -0.03567315709053537,
    "t1": 0.5,
    "t2": 0.5
}