{
    "b0": 0.1356448680706051,
    "b1": -0.0483239692288174,
    "b2": -0.7959150479606092,
    "b3": 0.7589604174888022,
    "t1": 0.571967993093762,
    "t2": 0.5961727582192112
}