{
    "b0": 0.149532054809718,
    "b1": -0.06250226823074999,
    "b2": -0.07262126229440152,
    "b3": -0.03814783049020483,
    "t1": 0.36735377583051265,
    "t2": 3.592152130973142
}