{
    "b0": 0.127724029234127,
    "b1": -0.04049584532801918,
    "b2": 0.8402638630761026,
    "b3": -0.8703222699852965,
    "t1": 0.9131981116253121,
    "t2": 0.8771649430528862
}