{
    "b0": 0.1313147966847435,
    "b1": -0.047150648429933946,
    "b2": -0.02042978936488505,
    "b3": -0.020429789364885046,
    "t1": 0.5,
    "t2": 0.5
}