{
    "b0": 0.07518464520286368,
    "b1": 0.0447792468893807,
    "b2": -3.9255650036151835e-08,
    "b3": 0.14153438601674168,
    "t1": 0.30006878337730214,
    "t2": 4.89681885833686
}