{
    "b0": 0.11024890353048233,
    "b1": -0.0034930986260950903,
    "b2": -0.4552358465094769,
    "b3": 0.45976654975580594,
    "t1": 0.5177349387825102,
    "t2": 0.534476999129927
}