{
    "b0": 0.11444832336591687,
    "b1": -0.007505803757052578,
    "b2": -0.6155963544597046,
    "b3": 0.6227141751254913,
    "t1": 0.5717488656897095,
    "t2": 0.5991378164063682
}