{
    "b0": 0.15537675675087023,
    "b1": -0.06919702974537902,
    "b2": -0.04975629609985275,
    "b3": -0.08105821193709893,
    "t1": 0.36458052751736275,
    "t2": 3.2479562124985666
}