{
    "b0": 0.11728959016704016,
    "b1": -0.014498644401176767,
    "b2": 0.0032320523282681228,
    "b3": 0.0032320523282681236,
    "t1": 0.5,
    "t2": 0.5
}