{
    "b0": 0.12337401280745901,
    "b1": -0.027051345550842258,
    "b2": 0.042940468883884225,
    "b3": -0.030989805389601693,
    "t1": 0.5000001660652472,
    "t2": 0.4203628397406195
}