{
    "b0": 0.10630530730273995,
    "b1": -0.021699485609445755,
    "b2": 0.06239384158670449,
    "b3": -0.05056343677774306,
    "t1": 1.1491566542761578,
    "t2": -22.03584943908819
}