{
    "b0": 0.1363885065282723,
    "b1": -0.050955073665893816,
    "b2": 0.13045503021074487,
    "b3": -0.10632349528582499,
    "t1": 1.4834681746717129,
    "t2": 2.2331266228655777
}