{
    "b0": 0.11957615202336978,
    "b1": -0.01768554572556366,
    "b2": 0.014958222023140545,
    "b3": 0.005031685844663101,
    "t1": 0.47107716206159234,
    "t2": 1.4239715445983785
}