{
    "b0": 0.11202291281742381,
    "b1": -0.004777010943057679,
    "b2": 0.45942232754531254,
    "b3": -0.455407421139588,
    "t1": 0.5000000782711232,
    "t2": 0.47692798481953136
}