{
    "b0": 0.11889051913240031,
    "b1": -0.015777672458265023,
    "b2": 0.017189803951668033,
    "b3": 0.01718980395166802,
    "t1": 0.5,
    "t2": 0.5
}