{
    "b0": 0.11159793503725449,
    "b1": -0.0045131300068096585,
    "b2": -0.44825868589471807,
    "b3": 0.45269048949830565,
    "t1": 0.5332581583934305,
    "t2": 0.5568030786234873
}