{
    "b0": 0.11576218259089702,
    "b1": -0.0086795268872378,
    "b2": -0.5714339582089434,
    "b3": 0.574195655159923,
    "t1": 0.5443962493133451,
    "t2": 0.5631654322834074
}