{
    "b0": 0.11356058540292063,
    "b1": -0.006349932882415343,
    "b2": -0.7080934787019858,
    "b3": 0.7138016140940863,
    "t1": 0.5413407633598257,
    "t2": 0.5632198116932291
}