{
    "b0": 0.11739436927793165,
    "b1": -0.014893446498909363,
    "b2": 0.004057759415726869,
    "b3": 0.004057759415726871,
    "t1": 0.5,
    "t2": 0.5
}