{
    "b0": 0.11896432017817107,
    "b1": -0.01594277381859774,
    "b2": 0.0011615668159818395,
    "b3": 0.0011615668159818413,
    "t1": 0.5,
    "t2": 0.5
}