{
    "b0": 0.11929648060809045,
    "b1": -0.01580144061281446,
    "b2": 0.0015249408437591752,
    "b3": 0.0015249408437591778,
    "t1": 0.5,
    "t2": 0.5
}