{
    "b0": 0.12260331721791183,
    "b1": -0.015841555762055256,
    "b2": 0.10433619213863012,
    "b3": -0.10139060676031592,
    "t1": 0.5000000166689391,
    "t2": 0.4065574357190785
}