{
    "b0": 0.12566347392705443,
    "b1": -0.03993458775189859,
    "b2": 0.042969423884677366,
    "b3": -0.04729440175863213,
    "t1": 0.5000000232775599,
    "t2": 0.33596831133362187
}