{
    "b0": 0.12356833653992824,
    "b1": -0.016559173268359213,
    "b2": 0.23756992700549442,
    "b3": -0.23922427742393879,
    "t1": 0.5000000301387961,
    "t2": 0.4543766379690426
}