{
    "b0": 0.13104652645289955,
    "b1": -0.04414723965922175,
    "b2": -0.05464458031269821,
    "b3": -0.0005923618975200579,
    "t1": 0.291420540430541,
    "t2": -4.306823279095676
}