{
    "b0": 0.1223922159247395,
    "b1": -0.021737471409311433,
    "b2": 0.055238167306652944,
    "b3": -0.03790662077084474,
    "t1": 0.5000002049898506,
    "t2": 0.40287119120397774
}