{
    "b0": 0.13327142096801833,
    "b1": -0.046073208204186464,
    "b2": 0.12160642987864133,
    "b3": -0.0783116168564524,
    "t1": 1.5139742848094286,
    "t2": 2.2222768104187103
}