{
    "b0": 0.12032827495555601,
    "b1": -0.01412587265418131,
    "b2": 0.0465044136310145,
    "b3": -0.03214859908478447,
    "t1": 0.5000000277921015,
    "t2": 0.3064816663452381
}