{
    "b0": 0.09474329321710835,
    "b1": -0.009946046982911565,
    "b2": 0.07612416679273229,
    "b3": -106.91549842761277,
    "t1": 1.2724812746911636,
    "t2": -21681.000996584702
}