{
    "b0": 0.12416663364062683,
    "b1": -0.030104094678426722,
    "b2": 0.008297489736594854,
    "b3": 0.008297489736594867,
    "t1": 0.5,
    "t2": 0.5
}