{
    "b0": 0.11723198850429759,
    "b1": -0.014979101864761922,
    "b2": 0.004618017668815244,
    "b3": 0.004618017668815244,
    "t1": 0.5,
    "t2": 0.5
}