{
    "b0": 0.11979540895088739,
    "b1": -0.017811084238158907,
    "b2": 0.01999173294276204,
    "b3": 0.01666536033892796,
    "t1": 1.1492622083558564,
    "t2": 0.35753473193863744
}