{
    "b0": 0.12231032266527567,
    "b1": -0.024486218770226505,
    "b2": 0.1363161448968635,
    "b3": -0.12034577418384934,
    "t1": 0.5447420685308079,
    "t2": 0.523653258281206
}