{
    "b0": 0.15112765232197686,
    "b1": -0.06492620940223824,
    "b2": -0.051133910502579503,
    "b3": -0.06261979371898753,
    "t1": 0.3555307738495545,
    "t2": 2.7754728736641323
}