{
    "b0": 0.12870240418388906,
    "b1": -0.042974609392408186,
    "b2": 0.032518925327498296,
    "b3": -0.04517948947444722,
    "t1": 0.5000000688589866,
    "t2": 0.3427143033307587
}