{
    "b0": 0.11787025055208314,
    "b1": -0.011747611154365692,
    "b2": 0.0685435027349014,
    "b3": -0.04464572416113383,
    "t1": 0.5000000465414,
    "t2": 0.3317007311859416
}