{
    "b0": 0.12986811157403028,
    "b1": -0.04372761784891506,
    "b2": 0.05359119501218746,
    "b3": -0.02246273842007428,
    "t1": 1.0915106544664819,
    "t2": 2.5980512314903264
}