{
    "b0": 0.11268967816145838,
    "b1": -0.005651702831513861,
    "b2": -0.42475586014368866,
    "b3": 0.42784965428825295,
    "t1": 0.5529455145753069,
    "t2": 0.5824456294384625
}