{
    "b0": 0.12279016026464132,
    "b1": -0.022039194972382107,
    "b2": 0.07405039567502637,
    "b3": -0.06519764788381766,
    "t1": 0.5000001064963245,
    "t2": 0.40915844585520245
}