{
    "b0": 0.11689988053846405,
    "b1": -0.009785017459477892,
    "b2": -0.39017944031075047,
    "b3": 0.3934311330183332,
    "t1": 0.581703939843308,
    "t2": 0.6159364329798467
}