{
    "b0": 0.12281546899450681,
    "b1": -0.026813777684568985,
    "b2": 0.20508970500358617,
    "b3": -0.18984096582707582,
    "t1": 0.5306136960973683,
    "t2": 0.5114499731986542
}