{
    "b0": 0.11181469667414574,
    "b1": -0.004668455250559765,
    "b2": -0.4845586523876237,
    "b3": 0.4900452291975863,
    "t1": 0.5474193927288433,
    "t2": 0.5758314855331823
}