{
    "b0": 0.12138285447286225,
    "b1": -0.020624500019051296,
    "b2": 0.03908027325661429,
    "b3": -0.0212777250125519,
    "t1": 0.5000000494993138,
    "t2": 0.2591124460020085
}