{
    "b0": 0.12036214881915595,
    "b1": -0.019083590753418436,
    "b2": 0.05196116478394355,
    "b3": -0.029441909045381867,
    "t1": 0.6226440906246783,
    "t2": 0.6939801580084923
}