{
    "b0": 0.12169539659078597,
    "b1": -0.028020207366520687,
    "b2": 0.05434119507412547,
    "b3": -0.013069026858135472,
    "t1": 0.8839826879015872,
    "t2": 0.12389183668979231
}