{
    "b0": 0.1133084938893329,
    "b1": -0.006333616392654655,
    "b2": -0.6619286354957429,
    "b3": 0.6656210259324827,
    "t1": 0.590231034593606,
    "t2": 0.6106567371602373
}