{
    "b0": 0.10933934392009159,
    "b1": -0.002504801485460037,
    "b2": 0.1231871366262576,
    "b3": -0.11841011973448606,
    "t1": 0.5000001043692924,
    "t2": 0.44281976258763517
}