{
    "b0": 0.11967353953020758,
    "b1": -0.012588372182748348,
    "b2": 0.4112663065833306,
    "b3": -0.4111779477957203,
    "t1": 0.5000001267456436,
    "t2": 0.47085410336336014
}