{
    "b0": 0.12589495901236084,
    "b1": -0.039715420018343175,
    "b2": 0.3611633474989984,
    "b3": -0.3544847483779306,
    "t1": 0.5320398802006339,
    "t2": 0.5158557791323555
}