{
    "b0": 0.1183745714081986,
    "b1": -0.01259805344011864,
    "b2": 0.1078388982949708,
    "b3": -0.08086826625706404,
    "t1": 0.5000001332822668,
    "t2": 0.41410056042229304
}