{
    "b0": 0.12289565179665864,
    "b1": -0.01722653113306486,
    "b2": 0.059536347977793835,
    "b3": -0.040196129254788056,
    "t1": 1.024605829061314,
    "t2": 2.168106010390743
}