{
    "b0": 0.11444066339192417,
    "b1": -0.007451996571099868,
    "b2": -0.6002456073833319,
    "b3": 0.6078632346085279,
    "t1": 0.5483990790077752,
    "t2": 0.5759632579028521
}