{
    "b0": 0.12633273401608913,
    "b1": -0.033500832980406556,
    "b2": 0.05802390528964106,
    "b3": -0.02338570527294456,
    "t1": 0.7669761816965455,
    "t2": 0.35226162311493425
}