{
    "b0": 0.11431525108544018,
    "b1": -0.007425712687759857,
    "b2": -0.6401339646883889,
    "b3": 0.6488756566689297,
    "t1": 0.5319658500674525,
    "t2": 0.5576115128601853
}