{
    "b0": 0.11840341662735034,
    "b1": -0.01199849287416342,
    "b2": 0.07229391094862339,
    "b3": -0.053887744197408834,
    "t1": 0.5000000470159888,
    "t2": 0.3263422221544923
}