{
    "b0": 0.1288048704431608,
    "b1": -0.04113592328250694,
    "b2": 0.20723413924131348,
    "b3": -0.15611151749683178,
    "t1": 1.520486521154802,
    "t2": 1.80600951380244
}