{
    "b0": 0.119352491914814,
    "b1": -0.01283118207525673,
    "b2": 0.049177632033634504,
    "b3": -0.03847241337932744,
    "t1": 0.5000000489865176,
    "t2": 0.30101491268540054
}