{
    "b0": 0.12377791675950137,
    "b1": -0.02701529268938706,
    "b2": 0.4976702504593313,
    "b3": -0.4716036832567186,
    "t1": 1.0512045574557731,
    "t2": 1.081850793091999
}