{
    "b0": 0.1245633043314437,
    "b1": -0.038787480323758755,
    "b2": 0.04683258530046125,
    "b3": -0.04572571260342229,
    "t1": 0.5000000422764157,
    "t2": 0.3681672710252381
}