{
    "b0": 0.12067314790266058,
    "b1": -0.018807727803889018,
    "b2": 0.02011512987124629,
    "b3": 0.012688489785609032,
    "t1": 1.0879496723124806,
    "t2": 0.13501143693081163
}