{
    "b0": 0.11972453826812486,
    "b1": -0.01258385068570067,
    "b2": 0.1998154182701909,
    "b3": -0.20074987512684364,
    "t1": 0.5000000161773417,
    "t2": 0.4444975939468797
}