{
    "b0": 0.11544676634784812,
    "b1": -0.012445526211186313,
    "b2": 0.003910659318885316,
    "b3": 0.003910659318885322,
    "t1": 0.5,
    "t2": 0.5
}