{
    "b0": 0.11769855779706383,
    "b1": -0.015196449019019004,
    "b2": 0.0038328605846066222,
    "b3": 0.0038328605846066188,
    "t1": 0.5,
    "t2": 0.5
}