{
    "b0": 0.112098293717899,
    "b1": -0.005401336339466298,
    "b2": -0.1494189269105495,
    "b3": 0.1507279657567926,
    "t1": 0.5157785797601556,
    "t2": 0.5613179923576207
}