{
    "b0": 0.11437042320443336,
    "b1": 0.002720747425718423,
    "b2": -0.021250426673250913,
    "b3": -0.0212504266732509,
    "t1": 0.5,
    "t2": 0.5
}