{
    "b0": 0.11277624065497165,
    "b1": -0.0011272162430087732,
    "b2": -0.021714210852039412,
    "b3": -0.021714210852039402,
    "t1": 0.5,
    "t2": 0.5
}