{
    "b0": 0.12634668566677568,
    "b1": -0.015684224399799926,
    "b2": 0.07550876999870149,
    "b3": -0.04611350375935526,
    "t1": 1.1901644542350762,
    "t2": 1.6262770165656562
}