{
    "b0": 0.11946392711766207,
    "b1": 0.0022813439455264765,
    "b2": 0.02031134571196641,
    "b3": 0.002898959072982983,
    "t1": 1.1410905875466495,
    "t2": 0.07341132404729932
}