{
    "b0": 0.11355945647185613,
    "b1": -0.0018098321225130803,
    "b2": -0.02368901335425676,
    "b3": -0.023689013354256758,
    "t1": 0.5,
    "t2": 0.5
}