{
    "b0": 0.11620614357845913,
    "b1": -0.009346140090580378,
    "b2": 0.25749699925858727,
    "b3": -0.22800580650087,
    "t1": 0.5000001257039911,
    "t2": 0.4659758906926906
}