{
    "b0": 0.11789173538402926,
    "b1": 0.0028072391512473354,
    "b2": 0.005701270517277514,
    "b3": 0.01246013626395911,
    "t1": 1.6407107289512148,
    "t2": 0.6507984515693722
}