{
    "b0": 0.1218220851231268,
    "b1": -0.005136136701557261,
    "b2": 0.03068482577679826,
    "b3": -0.005479280988510293,
    "t1": 0.9154230708027263,
    "t2": 0.06508971105304315
}