{
    "b0": 0.14573668573020498,
    "b1": -0.037533039596304066,
    "b2": 0.022231976029971037,
    "b3": -0.07119665866962865,
    "t1": 0.7779672645458677,
    "t2": 4.965337205565435
}