{
    "b0": 0.11883131912440281,
    "b1": -0.0008084508511158189,
    "b2": -0.044289859190312544,
    "b3": 0.014763754053229647,
    "t1": 0.6329941399472299,
    "t2": -20.63483334306626
}