{
    "b0": 0.11363339402925658,
    "b1": -0.004252511282079253,
    "b2": -0.017622287874731184,
    "b3": -0.01762228787473118,
    "t1": 0.5,
    "t2": 0.5
}