{
    "b0": 0.1160279495393292,
    "b1": -0.0017731489782530502,
    "b2": -0.05398430015084341,
    "b3": 0.021427329011645475,
    "t1": 0.500000016205658,
    "t2": 0.251742332589656
}