{
    "b0": 0.1236571869264167,
    "b1": -0.004856505679948237,
    "b2": -0.008019838936911572,
    "b3": 0.020064481965003135,
    "t1": 0.33531250808288826,
    "t2": 1.1091627364070504
}