{
    "b0": 0.1268269785716604,
    "b1": -0.015336177929823685,
    "b2": 0.038902428844765566,
    "b3": -0.011471872630675783,
    "t1": 1.0246987369748122,
    "t2": 2.543474753496503
}