{
    "b0": 0.11732694469954107,
    "b1": 0.0034640940488531637,
    "b2": 0.010609263643233977,
    "b3": 0.012655853787634817,
    "t1": 0.5409421813514069,
    "t2": 1.711247836153596
}