{
    "b0": 0.12116224225272093,
    "b1": -0.0024678170471735088,
    "b2": -0.04967951720488961,
    "b3": 0.02092425549194189,
    "t1": 0.6534634617341682,
    "t2": -22.966769639620864
}