{
    "b0": 0.12061210827144876,
    "b1": -0.008850779598127984,
    "b2": 0.03422186711897232,
    "b3": 0.008895193777054758,
    "t1": 0.7119815668697803,
    "t2": 0.029236755275858124
}