{
    "b0": 0.12530195980097975,
    "b1": -0.014788012731483061,
    "b2": -0.1976222242693528,
    "b3": 0.22222815325166465,
    "t1": 0.6241023283783287,
    "t2": 0.652562686174676
}