{
    "b0": 0.11189731187499928,
    "b1": 0.0012969774351543582,
    "b2": -0.024293460472564306,
    "b3": -0.024293460472564345,
    "t1": 0.5,
    "t2": 0.5
}