{
    "b0": 0.12001600735188754,
    "b1": -0.0017964557759134435,
    "b2": -0.045002053609306855,
    "b3": 0.017024842694725994,
    "t1": 0.6236095670746369,
    "t2": -23.718174507645756
}