{
    "b0": 0.12489137563020279,
    "b1": -0.0032534437603047098,
    "b2": -0.053320684254045556,
    "b3": 0.04660761340202062,
    "t1": 0.7186686635990347,
    "t2": -33.37330138112336
}