{
    "b0": 0.11236758710334563,
    "b1": 0.00036780691297385107,
    "b2": -0.07151578467246981,
    "b3": 0.026929878734515064,
    "t1": 0.5000000261398228,
    "t2": 0.29687948611924325
}