{
    "b0": 0.12320824999679994,
    "b1": -0.012530773300006685,
    "b2": 0.028895253387955625,
    "b3": 0.00175331575237551,
    "t1": 0.8788585944536645,
    "t2": 0.20614563057896798
}