{
    "b0": 0.12192694411964385,
    "b1": -0.0031072034587253765,
    "b2": 0.018205471019018326,
    "b3": -0.003803574962143842,
    "t1": 0.7827799591645054,
    "t2": 0.3084571512508498
}