{
    "b0": 0.11249578722488329,
    "b1": 0.002688824787333996,
    "b2": -0.02417490063438935,
    "b3": -0.024174900634389342,
    "t1": 0.5,
    "t2": 0.5
}