{
    "b0": 0.12335114922734365,
    "b1": -0.0006177972537221824,
    "b2": 0.004067072064019272,
    "b3": 0.004067072064019272,
    "t1": 0.5,
    "t2": 0.5
}