{
    "b0": 0.12193643001860946,
    "b1": -0.001510871270120999,
    "b2": 0.010056034799259374,
    "b3": 0.010056034799259376,
    "t1": 0.5,
    "t2": 0.5
}