{
    "b0": 0.11858872311405108,
    "b1": 7.76092508056941e-05,
    "b2": 0.00791107308287617,
    "b3": 0.017238697853963893,
    "t1": 3.7378761483288008,
    "t2": 0.8807780450556647
}