{
    "b0": 0.1452678844685675,
    "b1": -0.03294027759526399,
    "b2": -3.079886313137048e-07,
    "b3": -0.06748603590576054,
    "t1": 0.5193417322530016,
    "t2": 5.782687418782882
}