{
    "b0": 0.11931733033670451,
    "b1": -0.0006421076720111848,
    "b2": 0.010942941865627394,
    "b3": 0.011479022418499928,
    "t1": 1.9072742240108393,
    "t2": 0.7005123401273461
}