{
    "b0": 0.12043900050447577,
    "b1": 0.0037158475497124904,
    "b2": 0.7172341160410578,
    "b3": -0.7061485420616044,
    "t1": 0.9438517757700537,
    "t2": 0.9331705722497291
}