{
    "b0": 0.111772061929931,
    "b1": 0.005290861814462805,
    "b2": -0.02318369278086549,
    "b3": -0.023183692780865482,
    "t1": 0.5,
    "t2": 0.5
}