{
    "b0": 0.1269343933971133,
    "b1": -0.012624676417718042,
    "b2": 0.006765648873875941,
    "b3": 0.006765648873875938,
    "t1": 0.5,
    "t2": 0.5
}