{
    "b0": 0.1230195862035695,
    "b1": -0.004501105853305339,
    "b2": -0.055722989243166696,
    "b3": 0.07205865324293836,
    "t1": 0.758866347592849,
    "t2": 0.8847851593917274
}