{
    "b0": 0.12256732343015321,
    "b1": -0.003991453192942516,
    "b2": 0.8513188844389264,
    "b3": -0.8332454635866023,
    "t1": 0.7886352636644378,
    "t2": 0.778442670055919
}