{
    "b0": 0.12712546265997363,
    "b1": -0.012082903337972763,
    "b2": 0.004629441765806954,
    "b3": 0.004629441765806947,
    "t1": 0.5,
    "t2": 0.5
}