{
    "b0": 0.12340259309649025,
    "b1": -0.0018922723564070115,
    "b2": 0.00689610030178583,
    "b3": 0.00689610030178583,
    "t1": 0.5,
    "t2": 0.5
}