{
    "b0": 0.11959894927576387,
    "b1": 0.002472335647997108,
    "b2": -0.004147808867390999,
    "b3": 0.023345930020607124,
    "t1": 1.8710712767099995,
    "t2": 1.0700789935569133
}