{
    "b0": 0.1208494394394407,
    "b1": -0.009838520031159419,
    "b2": 0.03297483578559267,
    "b3": 0.0041337477425540895,
    "t1": 0.8682244240849647,
    "t2": 0.14171707319645604
}