{
    "b0": 0.12914314591775164,
    "b1": -0.01929450034390085,
    "b2": 0.06578064989651651,
    "b3": -0.04991741299256767,
    "t1": 1.2027075239954808,
    "t2": 2.4368676317111526
}