{
    "b0": 0.12297982552535569,
    "b1": -0.003819336351752564,
    "b2": -0.05848527022147485,
    "b3": 0.022076542467170748,
    "t1": 0.6850438106490184,
    "t2": -21.977842832734858
}