{
    "b0": 0.12229534852604985,
    "b1": -0.0007311618523945869,
    "b2": 0.041937066654061064,
    "b3": -0.028169412137365978,
    "t1": 1.4231043955840696,
    "t2": 2.2137276806290327
}