{
    "b0": 0.11927589293470044,
    "b1": -0.012994146100763345,
    "b2": 0.2509873945379806,
    "b3": -0.22167491409081735,
    "t1": 1.2340046109708631,
    "t2": 1.3883093553912147
}