{
    "b0": 0.11943996896034051,
    "b1": -4.332577406145847e-05,
    "b2": 0.011758365149018835,
    "b3": 0.009083365747202718,
    "t1": 1.6315884901231614,
    "t2": 0.5028658377537933
}