{
    "b0": 0.13552308219329304,
    "b1": -0.015009443356892728,
    "b2": -0.06663909718213401,
    "b3": 0.07341529546710725,
    "t1": 0.6790738432373725,
    "t2": -39.300297026716464
}