{
    "b0": 0.1129443526800116,
    "b1": 0.00018042545749519592,
    "b2": -0.0240299995195765,
    "b3": -0.024029999519576503,
    "t1": 0.5,
    "t2": 0.5
}