{
    "b0": 0.11981605419025536,
    "b1": -0.008864800973921831,
    "b2": 0.04002548448384745,
    "b3": 0.008937594722248613,
    "t1": 0.7171568003601648,
    "t2": 0.055376798058584524
}