{
    "b0": 0.13983326687555145,
    "b1": -0.023577961588802415,
    "b2": -0.5927738909514635,
    "b3": 0.5908414416456877,
    "t1": 2.61635733987807,
    "t2": 2.4131957418574004
}