{
    "b0": 0.11886221972432423,
    "b1": 0.0023161861396369422,
    "b2": 0.014982575940156477,
    "b3": 0.003305874938728639,
    "t1": 1.165615195479077,
    "t2": 0.34328689887213065
}