{
    "b0": 0.12600785594369732,
    "b1": -0.019032159069458397,
    "b2": 0.052525491463680817,
    "b3": -0.03510714730588933,
    "t1": 0.9807856240984496,
    "t2": 2.4854905774649745
}