{
    "b0": 0.112646877374089,
    "b1": 0.004343526134801105,
    "b2": -0.024341470345702883,
    "b3": -0.024341470345702883,
    "t1": 0.5,
    "t2": 0.5
}