{
    "b0": 0.1227466102222724,
    "b1": -0.003840410509318249,
    "b2": 0.023358871788144917,
    "b3": -0.005103389736352671,
    "t1": 1.0477560787340419,
    "t2": 0.23822402998764855
}