{
    "b0": 0.12366949014328049,
    "b1": -0.008773597049611646,
    "b2": 0.036322023329757695,
    "b3": -0.008577056682423527,
    "t1": 0.9430941930573427,
    "t2": 2.355697620887613
}