{
    "b0": 0.12385096129179363,
    "b1": -0.003956568211114626,
    "b2": -0.058891554258965195,
    "b3": 0.033301512179919716,
    "t1": 0.6246078902626574,
    "t2": -27.331214576060667
}