{
    "b0": 0.12640706384357592,
    "b1": -0.006650965008387785,
    "b2": -0.05946534550673686,
    "b3": 0.051914611041162066,
    "t1": 0.6779674388303493,
    "t2": -35.14610064591492
}