{
    "b0": 0.12112395696439368,
    "b1": -0.0018320668830421336,
    "b2": 0.019909261004209332,
    "b3": -0.0006413205418529533,
    "t1": 1.0405370143159784,
    "t2": 2.636341705290641
}