{
    "b0": 0.12869062169369744,
    "b1": -0.013784620141033831,
    "b2": 0.005067752446060901,
    "b3": 0.005067752446060898,
    "t1": 0.5,
    "t2": 0.5
}