{
    "b0": 0.11928699220565663,
    "b1": 0.0005890323818785103,
    "b2": 0.012007766318773282,
    "b3": 0.008106394191945893,
    "t1": 1.5231873743889366,
    "t2": 0.5448530593042603
}