{
    "b0": 0.12684721199565682,
    "b1": -0.010714655079458811,
    "b2": -0.29909774290435165,
    "b3": 0.31513096162616705,
    "t1": 2.011355292375954,
    "t2": 1.84700803208345
}