{
    "b0": 0.11933119758629694,
    "b1": -0.0005963836552073734,
    "b2": 0.012850777154955082,
    "b3": 0.007354742531044586,
    "t1": 0.7622524987035064,
    "t2": 1.9219574113944087
}