{
    "b0": 0.15066892406244653,
    "b1": -0.04227563440616863,
    "b2": 1.739912288532125e-05,
    "b3": -0.0848991043628998,
    "t1": 0.510590356432377,
    "t2": 5.122520041329544
}