{
    "b0": 0.1232992437217367,
    "b1": -0.005850811948554933,
    "b2": -0.9578134026151524,
    "b3": 0.9789742212378566,
    "t1": 0.9078408826185098,
    "t2": 0.9188620128279439
}