{
    "b0": 0.12092411751317385,
    "b1": -0.0024453235524870493,
    "b2": 0.01866407194420759,
    "b3": 0.002249642803664427,
    "t1": 0.9740937777103591,
    "t2": 0.08772425601176106
}