{
    "b0": 0.1118451247357938,
    "b1": 0.003074545348680775,
    "b2": -0.02132861708527767,
    "b3": -0.021328617085277675,
    "t1": 0.5,
    "t2": 0.5
}