{
    "b0": 0.12898911008962802,
    "b1": -0.014381002131620352,
    "b2": 0.0030348987332722626,
    "b3": 0.003034898733272267,
    "t1": 0.5,
    "t2": 0.5
}