{
    "b0": 0.11917960228701531,
    "b1": 0.0005416290695917786,
    "b2": 0.008713597790727381,
    "b3": 0.011800185265462372,
    "t1": 0.547037756492811,
    "t2": 1.7609736006269425
}