{
    "b0": 0.1445697205046047,
    "b1": -0.037734477616755475,
    "b2": 0.02324991136751126,
    "b3": -0.07309427550968405,
    "t1": 0.780789515114071,
    "t2": 4.664276788885601
}