{
    "b0": 0.11877066947551045,
    "b1": 0.0020083452265932875,
    "b2": -0.038951371782707904,
    "b3": 0.015370030624854654,
    "t1": 0.6855873708352727,
    "t2": -20.278819572636642
}