{
    "b0": 0.1218208766009629,
    "b1": -0.003024862334253796,
    "b2": 0.024980525690483264,
    "b3": -0.005797585696733102,
    "t1": 0.959877762814354,
    "t2": 0.2670404492679297
}