{
    "b0": 0.11652264418580821,
    "b1": 0.005071409964727787,
    "b2": -0.01821432016128592,
    "b3": -0.018214320161285928,
    "t1": 0.5,
    "t2": 0.5
}