{
    "b0": 0.11822448846329137,
    "b1": 0.0024609165248860344,
    "b2": 0.010949076555187402,
    "b3": 0.007781817137776918,
    "t1": 1.4003169367034294,
    "t2": 0.5255179071592532
}