{
    "b0": 0.12560409326529307,
    "b1": -0.009638956615767469,
    "b2": -0.24677030381253764,
    "b3": 0.2665102666961145,
    "t1": 2.003968176495815,
    "t2": 1.8217607035854968
}