{
    "b0": 0.12847048930273058,
    "b1": -0.008059062399691778,
    "b2": -0.054541089706130835,
    "b3": 0.04864152206670015,
    "t1": 0.706977378045346,
    "t2": -35.383950845029304
}