{
    "b0": 0.09994971867924578,
    "b1": -0.029813702146201805,
    "b2": -0.0654910745857165,
    "b3": 0.022506826091950226,
    "t1": 0.707139974618525,
    "t2": 0.32966106236046194
}