{
    "b0": 0.17268290642010045,
    "b1": -0.10133021277805757,
    "b2": -0.0794754705336036,
    "b3": -0.19528419296761063,
    "t1": 1.0532254849724871,
    "t2": 6.305201732278902
}