{
    "b0": 0.11713781198045732,
    "b1": -0.02193226173805335,
    "b2": -0.2845859576446148,
    "b3": 0.22707573349867133,
    "t1": 0.5000001699121258,
    "t2": 0.4768344679147556
}