{
    "b0": 0.11731051478370776,
    "b1": -0.013891100728219544,
    "b2": -0.015057950097226235,
    "b3": -0.07257199061145578,
    "t1": 0.07302501063229169,
    "t2": 0.5167407419771568
}