{
    "b0": 0.11737501242657297,
    "b1": -0.01327008693017187,
    "b2": -0.10436404401155336,
    "b3": 0.05133765354812206,
    "t1": 0.5000001663287519,
    "t2": 0.3511029119255876
}