{
    "b0": 0.1136616282408322,
    "b1": -0.01753541183949682,
    "b2": -0.028308182485090438,
    "b3": -0.028308182485090448,
    "t1": 0.5,
    "t2": 0.5
}