{
    "b0": 0.11588738486037388,
    "b1": -0.013214296894545306,
    "b2": -0.10028306535233844,
    "b3": 0.04316666508231798,
    "t1": 0.5000000486609579,
    "t2": 0.3663879282891762
}