{
    "b0": 0.10466663020844034,
    "b1": -0.024449502522023325,
    "b2": -1.2726732048667574e-05,
    "b3": -0.0348788094253915,
    "t1": 2.4495490923654595,
    "t2": 0.5545410151258381
}