{
    "b0": 0.11212881439419024,
    "b1": -0.02791527329866532,
    "b2": -0.11416913415056273,
    "b3": 0.049861617524688,
    "t1": 0.6508007694945797,
    "t2": 0.5017141169449912
}