{
    "b0": 0.1028867153190963,
    "b1": -0.031186460596169974,
    "b2": -1.162094299417965e-07,
    "b3": -0.013855937293259898,
    "t1": 2.6795408261557654,
    "t2": 0.56956246263396
}