{
    "b0": 0.23786614437269896,
    "b1": -0.1671630940666614,
    "b2": -0.10984002495286466,
    "b3": -0.3684855991608509,
    "t1": 1.2302201559438763,
    "t2": 6.726179964352997
}