{
    "b0": 0.12823771833336725,
    "b1": -0.04882024520573827,
    "b2": -0.0692898741222516,
    "b3": -0.07587212744543934,
    "t1": 0.6370876239752855,
    "t2": 4.122052439748126
}