{
    "b0": 0.10125675287362884,
    "b1": -0.02987838473455591,
    "b2": -7.086554713015003e-05,
    "b3": -0.024442323287779618,
    "t1": 1.3382863890663463,
    "t2": 0.650997135825804
}