{
    "b0": 0.11430526479829921,
    "b1": -0.018166082819707538,
    "b2": -0.027653475455590548,
    "b3": -0.027653475455590534,
    "t1": 0.5,
    "t2": 0.5
}