{
    "b0": 0.0981760325384307,
    "b1": -0.028336137969461078,
    "b2": -0.05376957967918296,
    "b3": 0.014593322095317919,
    "t1": 0.7762077880365303,
    "t2": 0.2858402240462945
}