{
    "b0": 0.10480762048476178,
    "b1": -0.023461696204269238,
    "b2": -0.05954520951913106,
    "b3": -2.193953474588506e-06,
    "t1": 0.7233072691593153,
    "t2": -1.499874275378879
}