{
    "b0": 0.1226887750240889,
    "b1": -0.048798501964571486,
    "b2": -0.05131849619002877,
    "b3": -0.05775982839055342,
    "t1": 0.6959171752400584,
    "t2": 3.795735891768898
}