{
    "b0": 0.10448096895564596,
    "b1": -0.03270375276201222,
    "b2": 5.02074262369312e-06,
    "b3": -0.015932080731642796,
    "t1": 2.370430715125069,
    "t2": 0.5329576479851522
}