{
    "b0": 0.12297055555565574,
    "b1": -0.04884485559630074,
    "b2": -0.0541605141738064,
    "b3": -0.05354469694550294,
    "t1": 0.695039941228016,
    "t2": 4.001874860286479
}