{
    "b0": 0.12358037856553013,
    "b1": -0.04964131119756472,
    "b2": -0.05239467828048926,
    "b3": -0.05576578254230953,
    "t1": 0.6872439583541079,
    "t2": 3.9444336517902063
}