{
    "b0": 0.10099469344041051,
    "b1": -0.02911345871065231,
    "b2": -1.2294556548001628e-05,
    "b3": -0.0162711257890246,
    "t1": 2.2506889452908236,
    "t2": 0.603440307989513
}