{
    "b0": 0.11595713324715164,
    "b1": -0.021032732395544394,
    "b2": -0.10838706620641154,
    "b3": 0.05296762961587376,
    "t1": 0.5000000292933868,
    "t2": 0.41111879312004573
}