{
    "b0": 0.10363323052169093,
    "b1": -0.032233890010200286,
    "b2": -6.630038233701452e-09,
    "b3": -0.015475833165206666,
    "t1": 2.259422021236853,
    "t2": 0.56786999736402
}