{
    "b0": 0.110973576212289,
    "b1": -0.031268246184408405,
    "b2": -0.05755320873487882,
    "b3": -0.0365654728929193,
    "t1": 0.5523588467483803,
    "t2": 2.997286632392762
}