{
    "b0": 0.11796343840971107,
    "b1": -0.021911600580029562,
    "b2": -0.15965307485781774,
    "b3": 0.09245505015717796,
    "t1": 0.5000002047488813,
    "t2": 0.4091034167953987
}