{
    "b0": 0.09984877035225001,
    "b1": -0.028143348162417686,
    "b2": -0.00019897831324526376,
    "b3": -0.014552789499760674,
    "t1": 2.3750118523412085,
    "t2": 0.5999999563009101
}