{
    "b0": 0.11042304014037489,
    "b1": -0.022066557323606094,
    "b2": -0.06658879314167729,
    "b3": 0.007280082618972389,
    "t1": 0.6486370553300878,
    "t2": 0.2759960376773484
}