{
    "b0": 0.16433049294702756,
    "b1": -0.08405938133293903,
    "b2": -0.09910666246682767,
    "b3": -0.16560149135266092,
    "t1": 0.8786964160021034,
    "t2": 5.8060964829834045
}