{
    "b0": 0.11710605525349606,
    "b1": -0.013052347379431554,
    "b2": -0.08153704843208424,
    "b3": 0.03190842956667445,
    "t1": 0.5000001450040003,
    "t2": 0.3103863415777341
}