{
    "b0": 0.10626988637238667,
    "b1": -0.03335563100615215,
    "b2": -2.0165970155500146e-05,
    "b3": -0.0206924690358126,
    "t1": 2.3959935781194015,
    "t2": 0.5399287897090269
}