{
    "b0": 0.10834032251778458,
    "b1": -0.0248078052702424,
    "b2": -0.5879891547796274,
    "b3": 0.5212966602067484,
    "t1": 0.5255629297606127,
    "t2": 0.5058193976995606
}