{
    "b0": 0.09847510844677838,
    "b1": -0.028835522336156244,
    "b2": -0.054844559820628254,
    "b3": 0.01624119020611929,
    "t1": 0.7446150862289124,
    "t2": 0.2761393790451425
}