{
    "b0": 0.11210679876338532,
    "b1": -0.017653112045536587,
    "b2": -0.024793354535959215,
    "b3": -0.0724632848807499,
    "t1": 0.07812437855413658,
    "t2": 0.5408639595256286
}