{
    "b0": 0.11649374978638041,
    "b1": -0.01232089599515699,
    "b2": -0.07806097281226525,
    "b3": 0.02822523850742365,
    "t1": 0.5000000515234311,
    "t2": 0.2998113868387449
}