{
    "b0": 0.11861808811794325,
    "b1": -0.018794372870770418,
    "b2": -0.039249091351206584,
    "b3": -0.039249091351206564,
    "t1": 0.5,
    "t2": 0.5
}