{
    "b0": 0.11611475459521443,
    "b1": -0.012580255722173604,
    "b2": -0.06957371980544019,
    "b3": 0.02338401954408246,
    "t1": 0.4891265403813128,
    "t2": 0.23382510272784643
}