{
    "b0": 0.10599182772283058,
    "b1": -0.0333133590260259,
    "b2": -1.1646659959368977e-07,
    "b3": -0.021075267868583103,
    "t1": 2.3518735177568786,
    "t2": 0.5660058294742037
}