{
    "b0": 0.10866308713352635,
    "b1": -0.029615877989308162,
    "b2": -0.05454276161201619,
    "b3": -0.02791761442538605,
    "t1": 0.5468153712428886,
    "t2": 2.664540807329977
}