{
    "b0": 0.10580136676867459,
    "b1": -0.03325155255044203,
    "b2": 1.2578793352285844e-05,
    "b3": -0.01949406412261448,
    "t1": 2.3286037292795903,
    "t2": 0.5321205593451267
}