{
    "b0": 0.10328159022801206,
    "b1": -0.02207208158661629,
    "b2": -0.05926922139709288,
    "b3": -1.132328111955877e-05,
    "t1": 0.7405258245259657,
    "t2": -1.9039610919004628
}