{
    "b0": 0.11248316088484532,
    "b1": -0.03452463935809588,
    "b2": -0.05939467528985812,
    "b3": -0.029741443555347327,
    "t1": 0.5111877301705331,
    "t2": 2.671084563854406
}