{
    "b0": 0.11621148530386402,
    "b1": -0.020873583660607306,
    "b2": -0.06920334521121457,
    "b3": 0.012396571070535982,
    "t1": 0.5687683823517852,
    "t2": 0.11719134402169043
}