{
    "b0": 0.1162877533220924,
    "b1": -0.00981262669023945,
    "b2": -0.024709665505771732,
    "b3": -0.02470966550577173,
    "t1": 0.5,
    "t2": 0.5
}