{
    "b0": 0.10949277237228974,
    "b1": -0.021504350919002185,
    "b2": -0.007516454424944221,
    "b3": -0.0783769886536098,
    "t1": 0.17781745308303873,
    "t2": 0.5627327369573579
}