{
    "b0": 0.1082418908031886,
    "b1": -0.01991099322826652,
    "b2": -0.038279894706297043,
    "b3": -0.038279894706297043,
    "t1": 0.5,
    "t2": 0.5
}