{
    "b0": 0.11623638936235679,
    "b1": -0.010087309617016493,
    "b2": -0.02181885494525196,
    "b3": -0.021818854945251952,
    "t1": 0.5,
    "t2": 0.5
}