{
    "b0": 0.11628401781778366,
    "b1": -0.00823800439375677,
    "b2": -0.01926256358191713,
    "b3": -0.01926256358191714,
    "t1": 0.5,
    "t2": 0.5
}