{
    "b0": 0.1172701859300103,
    "b1": -0.016828656446214348,
    "b2": -0.24340970558589006,
    "b3": 0.1804326202758375,
    "t1": 0.5000002861594066,
    "t2": 0.46457434180388735
}