{
    "b0": 0.1171711030776119,
    "b1": -0.011331935870320095,
    "b2": -0.02175741794196736,
    "b3": -0.021757417941967346,
    "t1": 0.5,
    "t2": 0.5
}