{
    "b0": 0.11437808005879847,
    "b1": -0.03705188147196378,
    "b2": -0.05893362500653336,
    "b3": -0.03220800884080721,
    "t1": 0.5186113067201293,
    "t2": 2.974099582500556
}