{
    "b0": 0.09990256275549604,
    "b1": -0.029336912222921153,
    "b2": -0.07426744272440632,
    "b3": 0.028579390977861184,
    "t1": 0.7060670066753665,
    "t2": 0.39485282002601857
}