{
    "b0": 0.10844551295754135,
    "b1": -0.025705719772484578,
    "b2": -1.921688566710808e-06,
    "b3": -0.041298557209782816,
    "t1": 2.0827766262768947,
    "t2": 0.6513424348528468
}