{
    "b0": 0.11599551841386553,
    "b1": -0.03844041213533028,
    "b2": -0.061287740023414375,
    "b3": -0.03548373561730928,
    "t1": 0.5355573141983437,
    "t2": 3.060975359797719
}