{
    "b0": 0.11122013409650258,
    "b1": -0.023328063031019107,
    "b2": -0.3312360875919189,
    "b3": 0.27728493089781636,
    "t1": 0.5000001911292087,
    "t2": 0.46542628421469023
}