{
    "b0": 0.10317286295608503,
    "b1": -0.031601849355986415,
    "b2": -9.133341317274501e-08,
    "b3": -0.013856473047354961,
    "t1": 2.5526110456104534,
    "t2": 0.5615854441454564
}