{
    "b0": 0.11936473425041733,
    "b1": -0.02381799168493738,
    "b2": -0.08553935813179386,
    "b3": 0.02730877590711868,
    "t1": 0.5000000510063763,
    "t2": 0.3384225471486582
}