{
    "b0": 0.09860721637413063,
    "b1": -0.02989847822286966,
    "b2": -0.048872132192695344,
    "b3": 0.013486663637664712,
    "t1": 0.7529128191512428,
    "t2": 0.22569445508839908
}