{
    "b0": 0.11174386969354907,
    "b1": -0.024180130748001863,
    "b2": -0.11239149841134466,
    "b3": 0.060394013744018926,
    "t1": 0.5000000540003123,
    "t2": 0.36256549752896067
}