{
    "b0": 0.11280934461865652,
    "b1": -0.039159492084057584,
    "b2": -0.04442657856777504,
    "b3": -0.03290723651209476,
    "t1": 0.6789565959228755,
    "t2": 3.0508626994919696
}