{
    "b0": 0.1097558463260426,
    "b1": -0.0175840456025941,
    "b2": -0.02552280286464686,
    "b3": -0.02552280286464686,
    "t1": 0.5,
    "t2": 0.5
}