{
    "b0": 0.1136836397049701,
    "b1": -0.018240627552538094,
    "b2": -0.03032706976798758,
    "b3": -0.03032706976798758,
    "t1": 0.5,
    "t2": 0.5
}