{
    "b0": 0.12093641080190672,
    "b1": -0.04716671323475055,
    "b2": -0.05084010809294593,
    "b3": -0.05120750691074315,
    "t1": 0.69774253189389,
    "t2": 3.7044762633883725
}