{
    "b0": 0.1072580959730649,
    "b1": -0.019579815440383674,
    "b2": -0.037343051181757375,
    "b3": -0.03734305118175739,
    "t1": 0.5,
    "t2": 0.5
}