{
    "b0": 0.11834370524018802,
    "b1": -0.018228967653010276,
    "b2": -8.275394204897146e-05,
    "b3": -0.048062664629650115,
    "t1": 1.786540140978535,
    "t2": 0.5139793789142636
}