{
    "b0": 0.11447226125984038,
    "b1": -0.018214021583663934,
    "b2": -0.028055033034699278,
    "b3": -0.028055033034699275,
    "t1": 0.5,
    "t2": 0.5
}