{
    "b0": 0.10243731667864656,
    "b1": -0.030600821042783583,
    "b2": 1.1684965115117685e-07,
    "b3": 0.010431737580372052,
    "t1": 2.5140235980056858,
    "t2": 0.3440251414250902
}