{
    "b0": 0.10421671008259879,
    "b1": -0.033592212513592005,
    "b2": -7.111652092217646e-08,
    "b3": -0.01920865272837723,
    "t1": 1.713129492055484,
    "t2": 0.5950161387254469
}