{
    "b0": -0.11462983459351782,
    "b1": 0.18426276897506205,
    "b2": 0.2100288072855935,
    "b3": -41.63007488466807,
    "t1": 4.4476395264758715,
    "t2": -2661.865621617171
}