{
    "b0": 0.11458511261422462,
    "b1": -0.04518566422782676,
    "b2": -0.0004126288266477346,
    "b3": -0.03231392652990471,
    "t1": 1.1828304274705732,
    "t2": 3.7622590535391613
}