{
    "b0": 0.10621766193686763,
    "b1": -0.03673528907989385,
    "b2": 0.023235441981054275,
    "b3": -0.026380625993799218,
    "t1": 1.6763190850585645,
    "t2": 2.751953470347729
}