{
    "b0": 0.11053826921674434,
    "b1": -0.027207355153594674,
    "b2": -0.012869041903824166,
    "b3": -0.012869041903824166,
    "t1": 0.5,
    "t2": 0.5
}