{
    "b0": 0.09650375905954973,
    "b1": -0.02630811342064488,
    "b2": -0.03491519468022867,
    "b3": -0.00020085336539758802,
    "t1": 0.8074320885173272,
    "t2": -3.2577321589012005
}