{
    "b0": 0.1261384841070577,
    "b1": -0.03956268081213801,
    "b2": -0.010485853716525176,
    "b3": -0.010485853716525178,
    "t1": 0.5,
    "t2": 0.5
}