{
    "b0": 0.1227957547012005,
    "b1": -0.0324090381252594,
    "b2": -0.011323501392875657,
    "b3": -0.011323501392875659,
    "t1": 0.5,
    "t2": 0.5
}