{
    "b0": 0.13758805786706013,
    "b1": -0.03846497400873128,
    "b2": -0.02302920915266706,
    "b3": -0.023029209152667065,
    "t1": 0.5,
    "t2": 0.5
}