{
    "b0": 0.10894942667695175,
    "b1": -0.03659884558969029,
    "b2": 5.631170208204167e-07,
    "b3": 0.012978323876928731,
    "t1": 2.0718901041038547,
    "t2": 0.26058443338565573
}