{
    "b0": 0.13362737264422012,
    "b1": -0.03485911418196785,
    "b2": -0.019330973402843822,
    "b3": -0.01933097340284383,
    "t1": 0.5,
    "t2": 0.5
}