{
    "b0": 0.11155809316784879,
    "b1": -0.02806868798928671,
    "b2": -0.014126984777465146,
    "b3": -0.014126984777465153,
    "t1": 0.5,
    "t2": 0.5
}