{
    "b0": 0.11557408468841313,
    "b1": -0.0387484162628919,
    "b2": 0.04523032586240788,
    "b3": 0.0022410914898102286,
    "t1": 1.5107594912997213,
    "t2": 0.2599048687806766
}