{
    "b0": 0.18703213048449072,
    "b1": -0.1168430271511858,
    "b2": -0.0849393588418729,
    "b3": -0.2283110202806885,
    "t1": 1.0982376663887605,
    "t2": 6.361753682361862
}