{
    "b0": 0.12815489921159542,
    "b1": -0.036241729293651936,
    "b2": 0.0210295425182008,
    "b3": 0.0104810010087517,
    "t1": 1.2672830290097867,
    "t2": 0.06182094323555138
}