{
    "b0": 0.1058448106577401,
    "b1": -0.033725062123420455,
    "b2": -5.398115495679201e-07,
    "b3": 0.013494522008577958,
    "t1": 2.1880465735008174,
    "t2": 0.3364790240246863
}