{
    "b0": 0.10403577674007267,
    "b1": -0.03216287055405653,
    "b2": 1.9315208751818566e-05,
    "b3": 0.011091232688922177,
    "t1": 2.9108390186169766,
    "t2": 0.4379384199657265
}