{
    "b0": 0.11914372073053217,
    "b1": -0.037080179241204256,
    "b2": -0.01711784881733376,
    "b3": -0.017117848817333754,
    "t1": 0.5,
    "t2": 0.5
}