{
    "b0": 0.1022504024786231,
    "b1": -0.03180523904638333,
    "b2": -3.1102212662482975e-05,
    "b3": -0.018456740447372246,
    "t1": 1.747598236613996,
    "t2": 0.6522092819521624
}