{
    "b0": 0.214167419625429,
    "b1": -0.1435275766571952,
    "b2": -0.09805811978407945,
    "b3": -0.311315042322884,
    "t1": 1.2090313504833237,
    "t2": 6.649303095405922
}