{
    "b0": 0.19216361813182828,
    "b1": -0.12207737605809804,
    "b2": -0.08702278441266946,
    "b3": -0.24988988439637336,
    "t1": 1.1460718728415344,
    "t2": 6.393862906065767
}