{
    "b0": 0.11878712091891909,
    "b1": -0.04949062609940619,
    "b2": -0.029187016966393496,
    "b3": -0.05208317041120384,
    "t1": 0.6992235838211301,
    "t2": 3.841910617470374
}