{
    "b0": 0.10418754758700018,
    "b1": -0.03262028732279426,
    "b2": -2.19196461172938e-08,
    "b3": 0.010800222765644902,
    "t1": 2.4191999257003327,
    "t2": 0.37543675602958704
}