{
    "b0": 0.10203990424858035,
    "b1": -0.03184803482517105,
    "b2": -5.330575222895102e-05,
    "b3": -0.01714258020720903,
    "t1": 1.7800236888682563,
    "t2": 0.6459549612778152
}