{
    "b0": 0.12170241838529373,
    "b1": -0.029064902101759944,
    "b2": -8.2369040250517e-05,
    "b3": -0.030479920424672718,
    "t1": 0.3508853845404576,
    "t2": 0.6151621031142264
}