{
    "b0": 0.10547533964158615,
    "b1": -0.035389185058177106,
    "b2": -1.3710431886542265e-05,
    "b3": -0.014943062350636822,
    "t1": 1.5066314723108922,
    "t2": 0.627578652478013
}