{
    "b0": 0.1152734866846031,
    "b1": -0.0310836788512098,
    "b2": -0.01607938921523903,
    "b3": -0.01607938921523903,
    "t1": 0.5,
    "t2": 0.5
}