{
    "b0": 0.10292841098921672,
    "b1": -0.03236015494101289,
    "b2": -0.013925260146511347,
    "b3": -0.00655698159849655,
    "t1": 0.7720361280143686,
    "t2": 0.09547917631691422
}