{
    "b0": 0.08474056177982364,
    "b1": 1.4121969843752802e-05,
    "b2": 0.10221223773075595,
    "b3": -0.016495026757770224,
    "t1": 2.3434777876873216,
    "t2": -9.986750675980865
}