{
    "b0": 0.1012423871974834,
    "b1": -0.031945276386672675,
    "b2": -0.026092948738988438,
    "b3": 0.006114088691888946,
    "t1": 0.7242247389923097,
    "t2": 0.3129221753478028
}