{
    "b0": 0.10599087894054686,
    "b1": -0.033814553833000784,
    "b2": -9.654679299087032e-09,
    "b3": 0.011147663144827031,
    "t1": 2.4493467113068146,
    "t2": 0.35667841943015194
}