{
    "b0": 0.10740153560578672,
    "b1": -0.035411003158199034,
    "b2": -5.81575445648963e-08,
    "b3": 0.0104444757500575,
    "t1": 2.2447840358629185,
    "t2": 0.28434166804757843
}