{
    "b0": -0.008924496910799792,
    "b1": 0.0778157410946766,
    "b2": 0.1321988003250005,
    "b3": -11.348125824528937,
    "t1": 3.5328456608805316,
    "t2": -1209.470071624272
}