{
    "b0": 0.12177344199061486,
    "b1": -0.027683871474271506,
    "b2": 0.007757486583572035,
    "b3": -0.005600437853267212,
    "t1": 1.478104257052725,
    "t2": 0.049313511892459604
}