{
    "b0": 0.11970475600424517,
    "b1": -0.027075217436736247,
    "b2": -0.03248108999603657,
    "b3": 0.022461025337709814,
    "t1": 0.5000001368364644,
    "t2": 0.404702285046475
}