{
    "b0": 0.117633795566561,
    "b1": -0.03535834576665124,
    "b2": -0.01669103195799141,
    "b3": -0.01669103195799141,
    "t1": 0.5,
    "t2": 0.5
}