{
    "b0": 0.10231607016867833,
    "b1": -0.03237076870396767,
    "b2": 1.9757827495772012e-05,
    "b3": 0.007724252937730738,
    "t1": 1.4645905523356506,
    "t2": 0.40093557029349924
}