{
    "b0": 0.12388772713614647,
    "b1": -0.03695754423042698,
    "b2": 0.03619600500913358,
    "b3": -0.018271465042050742,
    "t1": 1.2186651727116447,
    "t2": 0.6905950611629953
}