{
    "b0": 0.12310071513979241,
    "b1": -0.0352085711646685,
    "b2": -0.08504978150537282,
    "b3": 0.08863160818470578,
    "t1": 0.886167628217977,
    "t2": 1.0093875971931598
}