{
    "b0": 0.10978386814212081,
    "b1": -0.03256187960028418,
    "b2": 0.040423649947544826,
    "b3": 0.008775420671470443,
    "t1": 1.7526433571627054,
    "t2": 0.18039087240802398
}