{
    "b0": 0.10643463342491698,
    "b1": -0.03422369960136595,
    "b2": -5.456865016566746e-05,
    "b3": 0.014224034544977872,
    "t1": 1.9884274660780241,
    "t2": 0.2995719278361173
}