{
    "b0": 0.1202336474126563,
    "b1": -0.02764500489973558,
    "b2": 3.092446165373422e-06,
    "b3": 0.004550799949036889,
    "t1": 0.8867522542090249,
    "t2": 0.27260382062136573
}