{
    "b0": 0.10350602194487009,
    "b1": -0.03154760883954262,
    "b2": 6.852088320140858e-05,
    "b3": 0.009429722268220149,
    "t1": 2.334990241245004,
    "t2": 0.2848833663011373
}