{
    "b0": 0.10498241807368107,
    "b1": -0.03346047875004321,
    "b2": 3.084212275156206e-08,
    "b3": 0.011994226998394168,
    "t1": 2.6780259152255463,
    "t2": 0.3870656605212892
}