{
    "b0": 0.12563095778407152,
    "b1": -0.0388487365866064,
    "b2": -0.012302546486551253,
    "b3": -0.012302546486551241,
    "t1": 0.5,
    "t2": 0.5
}