{
    "b0": 0.11325021982237837,
    "b1": -0.032408082763351845,
    "b2": 0.0351831708622143,
    "b3": 0.00879209987893981,
    "t1": 2.2301301289757607,
    "t2": 0.10829881909553586
}