{
    "b0": 0.12233898105848891,
    "b1": -0.03163392773130627,
    "b2": -0.01238210717461391,
    "b3": -0.012382107174613912,
    "t1": 0.5,
    "t2": 0.5
}