{
    "b0": 0.10308367809160437,
    "b1": -0.03337057931543564,
    "b2": 0.00038915340865415364,
    "b3": -0.014648393190373532,
    "t1": 0.9077839940650263,
    "t2": 1.6766252090433058
}