{
    "b0": 0.13216352690761995,
    "b1": -0.03391427745479957,
    "b2": -0.035323480837200515,
    "b3": -4.613263937525147e-10,
    "t1": 0.5167724869812814,
    "t2": -0.6949137964889356
}