{
    "b0": -0.24227430723305268,
    "b1": 0.32824903305147674,
    "b2": 0.36277430607066496,
    "b3": -5.707714439408495,
    "t1": 4.304792579631642,
    "t2": -228.05823249965655
}