{
    "b0": 0.10451083196131845,
    "b1": -0.03457820302869301,
    "b2": 1.7472924570757775e-08,
    "b3": -0.015956749029506667,
    "t1": 1.4539231888848074,
    "t2": 0.5845857949123933
}