{
    "b0": 0.1338808067678368,
    "b1": -0.03372334587679855,
    "b2": -0.021742110652842424,
    "b3": -0.02174211065284243,
    "t1": 0.5,
    "t2": 0.5
}