{
    "b0": 0.1093678997950944,
    "b1": -0.03343632053021851,
    "b2": 0.005750994945727686,
    "b3": 0.010199048962301779,
    "t1": 1.4716657813654845,
    "t2": 0.34912337687735046
}