{
    "b0": 0.1355137418950313,
    "b1": -0.06653369337173881,
    "b2": -0.024307752730540477,
    "b3": -0.08845210628545105,
    "t1": 1.0639512310734431,
    "t2": 5.999089789750009
}