{
    "b0": 0.10073869461088841,
    "b1": -0.031134608262870136,
    "b2": 1.829079738502326e-07,
    "b3": -0.004745216881625922,
    "t1": 1.2964996369649984,
    "t2": 0.5158409884117702
}