{
    "b0": 0.09752406243019192,
    "b1": -0.028691986002301904,
    "b2": -0.04260889161707222,
    "b3": 0.011007989727829884,
    "t1": 0.7589191406181488,
    "t2": 0.21849868765831107
}