{
    "b0": 0.1253742197819506,
    "b1": -0.037769573060388306,
    "b2": -0.010870568087754886,
    "b3": -0.01087056808775488,
    "t1": 0.5,
    "t2": 0.5
}