{
    "b0": 0.1331733720387732,
    "b1": -0.06426540599527328,
    "b2": -0.023673280377482134,
    "b3": -0.08399715010152942,
    "t1": 1.0104242938575068,
    "t2": 5.938829116278675
}