{
    "b0": 0.1851770110704138,
    "b1": -0.11482560427012228,
    "b2": -0.08490266188487969,
    "b3": -0.21750068478808213,
    "t1": 1.0545465100188005,
    "t2": 6.316931781807828
}