{
    "b0": 0.12605142412318301,
    "b1": -0.03956959706878837,
    "b2": -0.010855443655977176,
    "b3": -0.010855443655977176,
    "t1": 0.5,
    "t2": 0.5
}