{
    "b0": 0.11443573864672602,
    "b1": -0.03824723007359722,
    "b2": 0.01853514473470004,
    "b3": 0.006368827858606808,
    "t1": 1.4471682834402975,
    "t2": 0.2893689458677267
}