{
    "b0": 0.13945291977304336,
    "b1": -0.04623580424344184,
    "b2": 0.101907366343161,
    "b3": -0.09370654121030393,
    "t1": 1.922501452612339,
    "t2": 2.8046676802779253
}