{
    "b0": -0.0484585617147954,
    "b1": 0.13277998595844012,
    "b2": 0.21931707239985987,
    "b3": -0.9501012588094374,
    "t1": 3.2791621778887556,
    "t2": -75.54453361465225
}