{
    "b0": 0.11817343700159834,
    "b1": -0.0319957173670083,
    "b2": 0.020851700411715253,
    "b3": 0.007610019603070117,
    "t1": 1.663981321215058,
    "t2": 0.09302636302269184
}