{
    "b0": 0.11869747635979895,
    "b1": -0.02607157840518974,
    "b2": 0.012993655443476264,
    "b3": 0.003362117497414584,
    "t1": 1.2563714885816268,
    "t2": 0.2438534777390213
}