{
    "b0": 0.13171527929152002,
    "b1": -0.03188488543495306,
    "b2": -0.02125536983567825,
    "b3": -0.021255369835678255,
    "t1": 0.5,
    "t2": 0.5
}