{
    "b0": 0.05889981052422841,
    "b1": 0.026399231010761484,
    "b2": 0.11873681116617169,
    "b3": -0.07632120036606717,
    "t1": 2.610610304648068,
    "t2": -20.288077988362122
}