{
    "b0": 0.1323016405578862,
    "b1": -0.0323912268121345,
    "b2": -0.02137353389225416,
    "b3": -0.02137353389225416,
    "t1": 0.5,
    "t2": 0.5
}