{
    "b0": 0.13226550421943759,
    "b1": -0.039243415754233554,
    "b2": -0.0016383436012508829,
    "b3": -0.03333507219604947,
    "t1": 0.9998624497212625,
    "t2": 5.505425498246871
}