{
    "b0": 0.12077743032007354,
    "b1": -0.035866165660540614,
    "b2": -0.015611186372009221,
    "b3": -0.01561118637200923,
    "t1": 0.5,
    "t2": 0.5
}