{
    "b0": 0.12406372342071664,
    "b1": -0.03655252487617752,
    "b2": -0.011483189601467339,
    "b3": -0.011483189601467337,
    "t1": 0.5,
    "t2": 0.5
}