{
    "b0": 0.1230468449076829,
    "b1": -0.028764005369540498,
    "b2": 0.014669575332604901,
    "b3": -8.733982480517433e-06,
    "t1": 1.1691571055162453,
    "t2": -1.843040780071529
}