{
    "b0": 0.11241979480644763,
    "b1": -0.0367204525425561,
    "b2": -8.112167704243944e-08,
    "b3": 0.010868592268498477,
    "t1": 1.9289156503844629,
    "t2": 0.3478853722926316
}