{
    "b0": 0.10584541397837957,
    "b1": -0.03418639567449081,
    "b2": 3.419057206105469e-08,
    "b3": 0.011446633003944075,
    "t1": 2.7655397459065476,
    "t2": 0.3866992363339143
}