{
    "b0": 0.1068027014583211,
    "b1": -0.034868816055398794,
    "b2": -7.072595702159977e-05,
    "b3": 0.010840649656740432,
    "t1": 2.1062516525893953,
    "t2": 0.27583070589651126
}