{
    "b0": 0.10602735647137372,
    "b1": -0.028432614795885512,
    "b2": 0.05182523752319274,
    "b3": 0.009418241854032172,
    "t1": 2.2386770580643436,
    "t2": 0.13270925476002587
}