{
    "b0": 0.23173344933851134,
    "b1": -0.16173485188723113,
    "b2": -0.10593195749248725,
    "b3": -0.35176055070072487,
    "t1": 1.2478725098482932,
    "t2": 6.781750028013878
}