{
    "b0": 0.13673534516809807,
    "b1": -0.03806079532652965,
    "b2": -0.020725351881182047,
    "b3": -0.020725351881182047,
    "t1": 0.5,
    "t2": 0.5
}