{
    "b0": 0.1304032120165491,
    "b1": -0.03465081315017851,
    "b2": -0.02254508203636309,
    "b3": -3.7038840883241164e-09,
    "t1": 0.48073306370058966,
    "t2": -0.7880828744015517
}