{
    "b0": 0.15786806690215352,
    "b1": -0.0887661493741606,
    "b2": -0.6490677517265864,
    "b3": 0.5848557949410494,
    "t1": 4.509351685470309,
    "t2": 3.9314224717565414
}