{
    "b0": 0.11684452394488434,
    "b1": -0.03399487810167412,
    "b2": -0.015538817029731072,
    "b3": -0.015538817029731072,
    "t1": 0.5,
    "t2": 0.5
}