{
    "b0": 0.11347567915160699,
    "b1": -0.03649994457043766,
    "b2": 0.03513862738091418,
    "b3": 0.0070605425715653276,
    "t1": 1.4654845341800942,
    "t2": 0.180725518276881
}