{
    "b0": 0.12628167104311455,
    "b1": -0.03421925831399283,
    "b2": 0.018926359799526934,
    "b3": 0.004861054616929884,
    "t1": 1.3375445874643515,
    "t2": 0.1481260056754157
}