{
    "b0": 0.11462716107968535,
    "b1": -0.006011140137044161,
    "b2": 0.016908039794960403,
    "b3": -0.021966584277505315,
    "t1": 0.5000000114489266,
    "t2": 0.345266216085521
}