{
    "b0": 0.12934867737567657,
    "b1": -0.021687490687222248,
    "b2": -0.010611789051929993,
    "b3": -0.010611789051929998,
    "t1": 0.5,
    "t2": 0.5
}