{
    "b0": 0.12344549747690212,
    "b1": -0.014886068175543374,
    "b2": -0.33025444220745226,
    "b3": 0.31039934469387187,
    "t1": 0.7397178320845215,
    "t2": 0.7500578540592917
}