{
    "b0": 0.11431457042568124,
    "b1": -0.0011379893549610318,
    "b2": 0.09479326259656291,
    "b3": -0.060313843271451284,
    "t1": 0.5000001539487992,
    "t2": 0.40443364570692103
}