{
    "b0": 0.13424025578385176,
    "b1": -0.028406695630407305,
    "b2": -0.012936953524391432,
    "b3": -0.012936953524391429,
    "t1": 0.5,
    "t2": 0.5
}