{
    "b0": 0.15425337925574237,
    "b1": -0.04688849707864659,
    "b2": 2.164398521151481e-05,
    "b3": -0.08874096637598541,
    "t1": 1.0198135578219947,
    "t2": 5.370540081097415
}