{
    "b0": 0.12122194271216591,
    "b1": -0.01257346224631409,
    "b2": 0.21842592999095975,
    "b3": -0.22829135782891594,
    "t1": 0.5456620040192519,
    "t2": 0.5196375723582471
}