{
    "b0": 0.12843067238262165,
    "b1": -0.02092233625302235,
    "b2": -0.009681081794938779,
    "b3": -0.009681081794938776,
    "t1": 0.5,
    "t2": 0.5
}