{
    "b0": 0.1347915401531755,
    "b1": -0.028503391346290798,
    "b2": -0.013730829533080038,
    "b3": -0.013730829533080038,
    "t1": 0.5,
    "t2": 0.5
}