{
    "b0": 0.11739699038827808,
    "b1": -0.002431419212924649,
    "b2": 0.028387149534486386,
    "b3": 0.022254421511957657,
    "t1": 1.1765002890582932,
    "t2": 0.4837414324217632
}