{
    "b0": 0.12072657117301895,
    "b1": -0.012023653250318853,
    "b2": -0.019661875070786414,
    "b3": -2.1866433336202584e-06,
    "t1": 0.4328817609196428,
    "t2": -1.4547162571875627
}