{
    "b0": 0.12154458433514807,
    "b1": -0.006825760943261736,
    "b2": 0.01834502249031507,
    "b3": 0.018201328669457062,
    "t1": 1.461922456410101,
    "t2": 0.5200562166376805
}