{
    "b0": 0.11566628874804495,
    "b1": -0.004679805621003647,
    "b2": 0.032282991300396136,
    "b3": -0.0005803929399463505,
    "t1": 0.7125327083155933,
    "t2": 1.465746749369034
}