{
    "b0": 0.1110368769451801,
    "b1": -0.00333394143254197,
    "b2": 0.16897447604065693,
    "b3": -0.14498817069703748,
    "t1": 0.5000002053928467,
    "t2": 0.43358742428663066
}