{
    "b0": 0.12627023167311988,
    "b1": -0.01568170293127224,
    "b2": 0.029998453375634098,
    "b3": -0.0015882509704948648,
    "t1": 0.8879824010060484,
    "t2": 0.1494556716951832
}