{
    "b0": 0.12109952766829343,
    "b1": -0.012493235812195372,
    "b2": 0.05723833809662492,
    "b3": -0.07068861193529166,
    "t1": 0.5000000634290139,
    "t2": 0.4546985927478708
}