{
    "b0": 0.11041348846821107,
    "b1": -0.0018179407184384898,
    "b2": 0.03833911999254185,
    "b3": -0.010424436129886777,
    "t1": 0.8896970754437129,
    "t2": 0.14451245940118135
}