{
    "b0": 0.11462593243611154,
    "b1": -0.001147112904012898,
    "b2": 0.0390045248507529,
    "b3": 0.0015968230882357302,
    "t1": 0.6793959947483122,
    "t2": 1.819191528171811
}