{
    "b0": 0.13209553609999103,
    "b1": -0.024784539330227583,
    "b2": -0.011179670697912696,
    "b3": -0.011179670697912696,
    "t1": 0.5,
    "t2": 0.5
}