{
    "b0": 0.13295792029697917,
    "b1": -0.025381565548127462,
    "b2": -0.013642897765721045,
    "b3": -0.01364289776572105,
    "t1": 0.5,
    "t2": 0.5
}