{
    "b0": 0.13587642126549737,
    "b1": -0.031563883977879084,
    "b2": -0.012123746230072011,
    "b3": -0.012123746230072016,
    "t1": 0.5,
    "t2": 0.5
}