{
    "b0": 0.12247854837768353,
    "b1": -0.01443289737172953,
    "b2": 0.025956389673793507,
    "b3": -0.011895343704377816,
    "t1": 0.8782468468392345,
    "t2": 0.25494028294607024
}