{
    "b0": 0.12977257246869867,
    "b1": -0.023093604468418853,
    "b2": -0.013475435791348576,
    "b3": -0.013475435791348576,
    "t1": 0.5,
    "t2": 0.5
}