{
    "b0": 0.12202630992997253,
    "b1": -0.013280477226987141,
    "b2": -0.0214298339954164,
    "b3": -1.795552287133309e-06,
    "t1": 0.5038034843824062,
    "t2": -1.4165982233607908
}