{
    "b0": 0.13340477482101407,
    "b1": -0.028858071958814978,
    "b2": -0.018086977760304043,
    "b3": -0.01808697776030404,
    "t1": 0.5,
    "t2": 0.5
}