{
    "b0": 0.13936551119257906,
    "b1": -0.03081009624993348,
    "b2": -0.031308944490663244,
    "b3": -0.049148305773622517,
    "t1": 0.6007964981378378,
    "t2": 4.1063437636626885
}