{
    "b0": 0.11464156349995812,
    "b1": -0.006596200314611098,
    "b2": 0.031058124542880945,
    "b3": -0.011946999655136287,
    "t1": 0.7875734086479262,
    "t2": 0.24410448767827134
}