{
    "b0": 0.1218639039906983,
    "b1": -0.01307665567485158,
    "b2": -0.02073391280653641,
    "b3": -2.1122302232487455e-06,
    "t1": 0.4832532865245037,
    "t2": -1.4483670639143629
}