{
    "b0": 0.12752011758685014,
    "b1": -0.01988739043622137,
    "b2": -0.008586979029685958,
    "b3": -0.00858697902968596,
    "t1": 0.5,
    "t2": 0.5
}