{
    "b0": 0.13559497176904803,
    "b1": -0.03214122130689456,
    "b2": -0.016753940641450443,
    "b3": -2.5623293403720382e-08,
    "t1": 0.5131150482631499,
    "t2": -0.9499260397532423
}