{
    "b0": 0.13717973578410733,
    "b1": -0.033021523228175094,
    "b2": -0.01662850039304815,
    "b3": -0.01662850039304815,
    "t1": 0.5,
    "t2": 0.5
}