{
    "b0": 0.12212912824924048,
    "b1": -0.013371702254364348,
    "b2": -0.020819383975610672,
    "b3": -1.1909498097628299e-05,
    "t1": 0.39649998386789886,
    "t2": -1.8026543828409622
}