{
    "b0": 0.11918145963773848,
    "b1": -0.011101929816101069,
    "b2": 0.02512300790438129,
    "b3": -0.008510183626640898,
    "t1": 0.9327747521667753,
    "t2": 0.20808892419807928
}