{
    "b0": 0.12484760670329102,
    "b1": -0.01598548636722962,
    "b2": -0.024567525058517083,
    "b3": -5.002399100773741e-06,
    "t1": 0.458822258164048,
    "t2": -1.6422385633284204
}