{
    "b0": 0.13560236840454087,
    "b1": -0.0334268518446894,
    "b2": -0.023052647991837594,
    "b3": -0.023052647991837587,
    "t1": 0.5,
    "t2": 0.5
}