{
    "b0": 0.13790155422961511,
    "b1": -0.034593166786621825,
    "b2": -0.011924459946700059,
    "b3": -0.011924459946700064,
    "t1": 0.5,
    "t2": 0.5
}