{
    "b0": 0.1572254592925712,
    "b1": -0.04900385441426462,
    "b2": -0.03803933016038166,
    "b3": -0.10775964756955728,
    "t1": 0.897605576697279,
    "t2": 5.338829217741218
}