{
    "b0": 0.13062224067435063,
    "b1": -0.02331245737606777,
    "b2": -0.010228573108473554,
    "b3": -0.010228573108473558,
    "t1": 0.5,
    "t2": 0.5
}