{
    "b0": 0.134544958898722,
    "b1": -0.029268205822304057,
    "b2": -0.014549591216601305,
    "b3": -0.014549591216601305,
    "t1": 0.5,
    "t2": 0.5
}