{
    "b0": 0.12164188123942607,
    "b1": -0.0070462064747047306,
    "b2": 0.02133191985312636,
    "b3": 0.004080952320860773,
    "t1": 0.6057420262513875,
    "t2": 2.504589648275621
}