{
    "b0": 0.13203602379928062,
    "b1": -0.02556417488515236,
    "b2": -0.010791619677746167,
    "b3": -0.010791619677746169,
    "t1": 0.5,
    "t2": 0.5
}