{
    "b0": 0.15086699762707348,
    "b1": -0.04246127867664004,
    "b2": -0.03958729876162798,
    "b3": -0.07942488155145892,
    "t1": 0.7784232582050943,
    "t2": 5.354175818930576
}