{
    "b0": 0.1369969147706404,
    "b1": -0.03408487572155906,
    "b2": -0.007823899274716797,
    "b3": -0.007823899274716795,
    "t1": 0.5,
    "t2": 0.5
}