{
    "b0": 0.11699537951970346,
    "b1": -0.008480438065719353,
    "b2": -0.522596947028233,
    "b3": 0.5127136525621918,
    "t1": 0.4444418506797769,
    "t2": 0.44900795109382013
}