{
    "b0": 0.15520109285005512,
    "b1": -0.04680153567008685,
    "b2": -0.038731499075571045,
    "b3": -0.1045938833668391,
    "t1": 0.7954824897926912,
    "t2": 5.340079569001744
}