{
    "b0": 0.11057356765824618,
    "b1": -0.001962266144887752,
    "b2": -0.023217532882787353,
    "b3": 0.024882468826900327,
    "t1": 0.35703227044345626,
    "t2": 0.633076745703499
}