{
    "b0": 0.13567865917705255,
    "b1": -0.031155840199723048,
    "b2": -0.01718511758676198,
    "b3": -0.01718511758676198,
    "t1": 0.5,
    "t2": 0.5
}