{
    "b0": 0.13362347465528482,
    "b1": -0.0267979984865684,
    "b2": -0.01247256212515312,
    "b3": -0.012472562125153125,
    "t1": 0.5,
    "t2": 0.5
}