{
    "b0": 0.12239572125767832,
    "b1": -0.014248253982369584,
    "b2": -2.955922346295492e-06,
    "b3": -0.037650918774252924,
    "t1": 0.17413173813241573,
    "t2": 0.48127047544306983
}