{
    "b0": 0.12075639304653063,
    "b1": -0.012167847498575423,
    "b2": -0.015118260955352958,
    "b3": 0.007247442260648518,
    "t1": 0.1624887245798879,
    "t2": 2.8272794969000983
}