{
    "b0": 0.13041668065928386,
    "b1": -0.022768296849708998,
    "b2": -0.011253218948288393,
    "b3": -0.011253218948288393,
    "t1": 0.5,
    "t2": 0.5
}