{
    "b0": 0.14676867784922382,
    "b1": -0.03145682968483071,
    "b2": 3.4247510775319012e-06,
    "b3": -0.0796125608321236,
    "t1": 0.36950826674860665,
    "t2": 5.5142713448142135
}