{
    "b0": 0.13081742429562573,
    "b1": -0.02222616810173813,
    "b2": -0.024918302663280316,
    "b3": -0.032784277613983726,
    "t1": 0.41679509823876615,
    "t2": 3.9347700312993115
}