{
    "b0": 0.13549915545450322,
    "b1": -0.031418104173943785,
    "b2": -0.010956380063082834,
    "b3": -0.010956380063082834,
    "t1": 0.5,
    "t2": 0.5
}