{
    "b0": 0.11739404412134435,
    "b1": -0.00875227832328722,
    "b2": 0.02346779375613811,
    "b3": -0.03256577490013003,
    "t1": 0.500000028016982,
    "t2": 0.3959660659576553
}