{
    "b0": 0.12912076996565433,
    "b1": -0.021763801791118958,
    "b2": -0.009400257919319793,
    "b3": -0.009400257919319798,
    "t1": 0.5,
    "t2": 0.5
}