{
    "b0": 0.12741221437005876,
    "b1": -0.01868682016352411,
    "b2": 0.33268836306586624,
    "b3": -0.35134637222133475,
    "t1": 0.5245167375643025,
    "t2": 0.5115537288835387
}