{
    "b0": 0.11625339110676246,
    "b1": -0.008008171689290636,
    "b2": 0.23389972870832518,
    "b3": -0.22846704414683483,
    "t1": 0.5000000172801078,
    "t2": 0.464296858066741
}