{
    "b0": 0.1370686718635303,
    "b1": -0.035083657574229155,
    "b2": -0.025512914803015665,
    "b3": -0.025512914803015665,
    "t1": 0.5,
    "t2": 0.5
}