{
    "b0": 0.11896756222256348,
    "b1": -0.004466476016535055,
    "b2": 0.03272704534236526,
    "b3": 0.0162630236864881,
    "t1": 1.0809168864670637,
    "t2": 0.4399599662178479
}