{
    "b0": 0.10990455625936775,
    "b1": 0.004367156905131397,
    "b2": 0.03226913495973015,
    "b3": 0.020715344652323116,
    "t1": 0.6782508877750142,
    "t2": 4.315137198151813
}