{
    "b0": 0.1284205578887118,
    "b1": -0.019403719604269495,
    "b2": 0.4260883926541766,
    "b3": -0.4473078785892685,
    "t1": 0.5193564100305953,
    "t2": 0.5094553487690301
}