{
    "b0": 0.12023819258934154,
    "b1": -0.011482326629843527,
    "b2": 0.012304799484000784,
    "b3": -0.025425528484739557,
    "t1": 0.5000000113994804,
    "t2": 0.3769430608864314
}