{
    "b0": 0.12135945232424075,
    "b1": -0.014087795950677356,
    "b2": -0.005400156337042399,
    "b3": -0.005400156337042396,
    "t1": 0.5,
    "t2": 0.5
}