{
    "b0": 0.10709883691701026,
    "b1": -0.0008095438477129322,
    "b2": 0.04288228750520871,
    "b3": -0.003398056911073475,
    "t1": 1.0047151100945433,
    "t2": 2.2131770752345057
}