{
    "b0": 0.11750538178339834,
    "b1": -0.008927902928428008,
    "b2": 0.006127524251382459,
    "b3": -0.016788324740750298,
    "t1": 0.5000000207056873,
    "t2": 0.3563890700009434
}