{
    "b0": 0.1112288946028491,
    "b1": -0.0026205199950330906,
    "b2": 0.11077344147851159,
    "b3": -0.10992556599641787,
    "t1": 0.5000000078854385,
    "t2": 0.4422911521937747
}