{
    "b0": 0.12173142408112703,
    "b1": -0.013550203372259255,
    "b2": 3.464761012816897e-09,
    "b3": -0.03685403609074532,
    "t1": 0.21303213996553869,
    "t2": 0.5491369479473874
}