{
    "b0": 0.1162851132676558,
    "b1": -0.007552769544986553,
    "b2": 0.009122210158879464,
    "b3": -0.017758671009574147,
    "t1": 0.5000000234535951,
    "t2": 0.34929952970704164
}