{
    "b0": 0.1373472564338632,
    "b1": -0.02805961009713085,
    "b2": 0.015829965335870833,
    "b3": -0.05604277536840337,
    "t1": 0.7581301130440238,
    "t2": 5.102169304836845
}