{
    "b0": 0.11900435659713919,
    "b1": -0.010441924681646132,
    "b2": -0.01772300699517596,
    "b3": -5.7917103257407176e-08,
    "t1": 0.500908876235642,
    "t2": -1.0116548704102193
}