{
    "b0": 0.1298343372775589,
    "b1": -0.022269660184736213,
    "b2": -0.010229198193812088,
    "b3": -0.01022919819381209,
    "t1": 0.5,
    "t2": 0.5
}