{
    "b0": 0.14420115631458005,
    "b1": -0.034193056243244306,
    "b2": -0.00017166750551622298,
    "b3": -0.05844886396825873,
    "t1": 0.5789534234411575,
    "t2": 5.414445494246327
}