{
    "b0": 0.13216098071902865,
    "b1": -0.026147542180453384,
    "b2": -0.012745850410884694,
    "b3": -0.012745850410884687,
    "t1": 0.5,
    "t2": 0.5
}