{
    "b0": 0.12132578674875615,
    "b1": -0.012565222632204793,
    "b2": -0.021081455149861848,
    "b3": -9.90483504397302e-07,
    "t1": 0.4998891365145949,
    "t2": -1.3570726162173887
}