{
    "b0": 0.18080734709334825,
    "b1": -0.04007817556870485,
    "b2": -1.3873758722693363e-05,
    "b3": -0.0615464517258376,
    "t1": 0.6767706608448862,
    "t2": 6.1211142415139035
}