{
    "b0": 0.1563089127296556,
    "b1": -0.015883339032801966,
    "b2": -0.1204232469361533,
    "b3": 0.13884764400831118,
    "t1": 0.7251153490200601,
    "t2": 0.7938217182887272
}