{
    "b0": 0.1149607522084315,
    "b1": 0.002053165494004569,
    "b2": 0.028752433221418894,
    "b3": 0.007379900970875796,
    "t1": 0.4594389865906706,
    "t2": 2.807034528498742
}