{
    "b0": 0.1541378844551915,
    "b1": -0.013771812546014783,
    "b2": 0.08791526960424163,
    "b3": -0.06299995930550877,
    "t1": 0.6579754291241703,
    "t2": 0.4993648758747002
}