{
    "b0": 0.12538114251883384,
    "b1": 0.005605955126703926,
    "b2": -0.018498077171278583,
    "b3": 0.038426570105172864,
    "t1": 1.8790637385670255,
    "t2": 0.5818115360635516
}