{
    "b0": 0.12531046540702326,
    "b1": -0.0004077715424639994,
    "b2": 0.02822141872096138,
    "b3": -1.3002120366695583e-09,
    "t1": 0.48866276185850255,
    "t2": -0.7662271750203695
}