{
    "b0": 0.1178597740055581,
    "b1": 0.0024818917353064025,
    "b2": 0.04024849248998437,
    "b3": -0.010654862402587527,
    "t1": 0.5183236797706756,
    "t2": 0.23549300818803223
}