{
    "b0": 0.17725002058932438,
    "b1": -0.04931336114234075,
    "b2": -0.0805005397141025,
    "b3": 0.02798876509259405,
    "t1": 11.35080824178842,
    "t2": 0.5047678374217625
}