{
    "b0": 0.11957389605040047,
    "b1": 0.0037420596747178674,
    "b2": 0.057954403083725695,
    "b3": -0.029626248542347106,
    "t1": 0.4299442435059387,
    "t2": 0.3036309457826975
}