{
    "b0": 0.1282070968336578,
    "b1": -0.0013529772425825478,
    "b2": 0.037177217830923585,
    "b3": -0.01416444769402643,
    "t1": 0.5421715370947264,
    "t2": 0.09904358608068312
}