{
    "b0": 0.1233888118177855,
    "b1": 0.0017940228077796133,
    "b2": 0.01792309530806166,
    "b3": 0.012595774286479476,
    "t1": 0.38487932447490514,
    "t2": 0.8718886819492273
}