{
    "b0": 0.13702240364224202,
    "b1": -0.011301908629783086,
    "b2": -0.02455985229576132,
    "b3": 0.027396612974010963,
    "t1": 7.1920380563166395,
    "t2": 0.4196878851427158
}