{
    "b0": 0.1579612264746141,
    "b1": -0.017244642873465155,
    "b2": 0.04896819947532047,
    "b3": -0.037425665415694094,
    "t1": 0.5000002050181978,
    "t2": 0.3537562063461367
}