{
    "b0": 0.15628276216184314,
    "b1": -0.015469674256843534,
    "b2": -0.10883368625055391,
    "b3": 0.12258856732551357,
    "t1": 0.6957139969349095,
    "t2": 0.7746047791796352
}