{
    "b0": 0.16740847542688891,
    "b1": -0.02784488275092385,
    "b2": 0.08799480360576416,
    "b3": -0.07360657500690539,
    "t1": 1.4886044740037492,
    "t2": 2.447690113902496
}