{
    "b0": 0.12472476826766962,
    "b1": -0.0006133256355247522,
    "b2": 0.03809103662670305,
    "b3": -116.43823805316988,
    "t1": 0.5726233528228537,
    "t2": -203370.8047100773
}