{
    "b0": 0.1452320065965535,
    "b1": -0.005193970531049674,
    "b2": 0.020648546786054996,
    "b3": -0.00016130013155981216,
    "t1": 0.7058121049574738,
    "t2": -3.2008237896795455
}