{
    "b0": 0.12301979281534423,
    "b1": 0.0019789706202962675,
    "b2": 0.0250666006273459,
    "b3": 0.003484126335977186,
    "t1": 0.4262267704218778,
    "t2": 1.0063385385081653
}