{
    "b0": 0.12750161280800806,
    "b1": -0.0005507814742839838,
    "b2": 0.04135611218917667,
    "b3": -0.016290399412964684,
    "t1": 0.520235155488261,
    "t2": 0.10737973014780365
}