{
    "b0": 0.12041934926340604,
    "b1": 0.01795177144337217,
    "b2": 0.013594719891812893,
    "b3": 0.013594719891812898,
    "t1": 0.5,
    "t2": 0.5
}