{
    "b0": 0.16983369759488307,
    "b1": -0.030034673020057998,
    "b2": 0.9026390313000058,
    "b3": -0.8919172169249486,
    "t1": 2.1064944021445875,
    "t2": 2.211936630704951
}