{
    "b0": 0.12176136768821562,
    "b1": 0.01182877564902201,
    "b2": 0.026463218767950825,
    "b3": 0.02646321876795083,
    "t1": 0.5,
    "t2": 0.5
}