{
    "b0": 0.15437410374209054,
    "b1": -0.012823246952409632,
    "b2": 0.06073326704659235,
    "b3": -0.04759502076892271,
    "t1": 0.500000048667548,
    "t2": 0.30912674086521247
}