{
    "b0": 0.12333760706687646,
    "b1": 0.007754505743217878,
    "b2": -0.4095708420904946,
    "b3": 0.44011170464209975,
    "t1": 0.7946893774856365,
    "t2": 0.759822157564219
}