{
    "b0": 0.15439272526725217,
    "b1": -0.013627179926010419,
    "b2": 0.11471792670963823,
    "b3": -0.09770516137309197,
    "t1": 0.5000001339428076,
    "t2": 0.3958834937935091
}