{
    "b0": 0.12407121624446496,
    "b1": 0.009414286614617972,
    "b2": 0.024771986445333655,
    "b3": 0.024771986445333648,
    "t1": 0.5,
    "t2": 0.5
}