{
    "b0": 0.1299986258969772,
    "b1": 0.0004026687376929073,
    "b2": -0.012592812778739491,
    "b3": 0.028051831960313387,
    "t1": 2.7942695148393657,
    "t2": 0.563276060990743
}