{
    "b0": 0.11870434744717145,
    "b1": 8.300972224307285e-06,
    "b2": 0.01590945716446904,
    "b3": 0.015909457164469048,
    "t1": 0.5,
    "t2": 0.5
}