{
    "b0": 0.14797503608423876,
    "b1": -0.00794869368137869,
    "b2": 0.0064030080958768845,
    "b3": 0.006403008095876883,
    "t1": 0.5,
    "t2": 0.5
}