{
    "b0": 0.16065001347832492,
    "b1": -0.01977779072525913,
    "b2": -0.6072906067229971,
    "b3": 0.6407976895642153,
    "t1": 0.7267764806378119,
    "t2": 0.7491683863456196
}