{
    "b0": 0.12197279749928486,
    "b1": 0.016152002676521348,
    "b2": 0.013988603070499738,
    "b3": 0.013988603070499737,
    "t1": 0.5,
    "t2": 0.5
}