{
    "b0": 0.15723092370434794,
    "b1": -0.01671616577393199,
    "b2": -0.08837814016013067,
    "b3": 0.1013539390654575,
    "t1": 0.6543781144404357,
    "t2": 0.7683266661902292
}