{
    "b0": 0.13260837297078534,
    "b1": 0.009386058214801124,
    "b2": 0.006417598799424972,
    "b3": 0.006417598799424974,
    "t1": 0.5,
    "t2": 0.5
}