{
    "b0": 0.172323135342226,
    "b1": -0.044916685559097974,
    "b2": -0.07386382049241558,
    "b3": 0.03279872605524038,
    "t1": 12.352566866531786,
    "t2": 0.575902268852964
}