{
    "b0": 0.1547593349494734,
    "b1": -0.013893360305284411,
    "b2": 0.937318849953746,
    "b3": -0.9244649935409937,
    "t1": 0.507136251581962,
    "t2": 0.4985480846674485
}