{
    "b0": 0.1230010425527791,
    "b1": 0.010567785627281834,
    "b2": 0.025493078453550658,
    "b3": 0.025493078453550654,
    "t1": 0.5,
    "t2": 0.5
}