{
    "b0": 0.11877149497309233,
    "b1": 0.002066528736637898,
    "b2": 0.03640081394732944,
    "b3": 0.017329239739727324,
    "t1": 0.5998248685591856,
    "t2": 4.573091346112019
}