{
    "b0": 0.15480522528277443,
    "b1": -0.01297972883454969,
    "b2": 0.04794345308049905,
    "b3": -0.0376435110465922,
    "t1": 0.5000000393370966,
    "t2": 0.26268445750411257
}