{
    "b0": 0.1788187058456956,
    "b1": -0.038070351365321366,
    "b2": -3.438051563317557e-06,
    "b3": -0.053289145972178084,
    "t1": 0.5088789304228826,
    "t2": 5.576490673138177
}