{
    "b0": 0.11754338752375505,
    "b1": -0.0008511223309449374,
    "b2": 0.011563755742386259,
    "b3": 0.02717708120366898,
    "t1": 1.665557900204236,
    "t2": 0.47994542132990153
}