{
    "b0": 0.15599890044937081,
    "b1": -0.014116998580737571,
    "b2": 0.025329693874402707,
    "b3": -0.009753653921041263,
    "t1": 0.9639290416600022,
    "t2": 0.1236172077612656
}