{
    "b0": 0.12116222822479329,
    "b1": 0.012272399824099223,
    "b2": 0.025763564579641025,
    "b3": 0.02576356457964103,
    "t1": 0.5,
    "t2": 0.5
}