{
    "b0": 0.15654009319651616,
    "b1": -0.015547261801147239,
    "b2": 0.21510528612500446,
    "b3": -0.1880595416216353,
    "t1": 0.5000000278731238,
    "t2": 0.42427016679914414
}