{
    "b0": 0.1551403021010438,
    "b1": -0.013807330192890929,
    "b2": 0.056587383964148,
    "b3": -0.045229390474237886,
    "t1": 0.500000050378609,
    "t2": 0.32254175681584607
}