{
    "b0": 0.15600153107467077,
    "b1": -0.014897642550491093,
    "b2": 0.24022872982557852,
    "b3": -0.23187776807900615,
    "t1": 0.5000000482534037,
    "t2": 0.4686263663367766
}