{
    "b0": 0.11302625311817338,
    "b1": 0.004462486872624162,
    "b2": 0.03233208051469596,
    "b3": 0.008633652310238589,
    "t1": 0.4825552506059862,
    "t2": 2.4047357617798886
}