{
    "b0": 0.11604023104046868,
    "b1": 0.004409375867117052,
    "b2": 0.0429651399995799,
    "b3": -0.014413185087096493,
    "t1": 0.4802767085688858,
    "t2": 0.23219355435066788
}