{
    "b0": 0.13641806834818318,
    "b1": 0.00562597703832577,
    "b2": 0.003440487655074156,
    "b3": 0.003440487655074156,
    "t1": 0.5,
    "t2": 0.5
}