{
    "b0": 0.11933598499561737,
    "b1": 0.012560092715393965,
    "b2": 0.01930318763119158,
    "b3": 0.01930318763119159,
    "t1": 0.5,
    "t2": 0.5
}