{
    "b0": 0.12415651517309559,
    "b1": -0.003363320184913657,
    "b2": 0.08501016036046176,
    "b3": -0.05299088402877702,
    "t1": 0.5000000483568224,
    "t2": 0.40206789112831615
}