{
    "b0": 0.1251793024741267,
    "b1": -0.00043787350465849823,
    "b2": 0.002381839649152823,
    "b3": 0.02580683566975425,
    "t1": 1.1852956596807618,
    "t2": 0.43116098596872227
}