{
    "b0": 0.12009129453896653,
    "b1": 0.00349938644780632,
    "b2": 0.03343673431059721,
    "b3": -0.003991513421626032,
    "t1": 0.6345526503207258,
    "t2": -11.606589264809221
}