{
    "b0": 0.12173425274552731,
    "b1": 0.015474992309150577,
    "b2": 0.016495486757924695,
    "b3": 0.016495486757924695,
    "t1": 0.5,
    "t2": 0.5
}