{
    "b0": 0.18633118975574212,
    "b1": -0.045522228605062276,
    "b2": -6.12202165327716e-06,
    "b3": -0.08596143969238094,
    "t1": 0.6867144933468652,
    "t2": 5.2108827932068555
}