{
    "b0": 0.17260200737693934,
    "b1": -0.03188495747137457,
    "b2": 0.9908920876255828,
    "b3": -0.962459901105353,
    "t1": 1.876649125146765,
    "t2": 1.9639093488027393
}