{
    "b0": 0.12839858202609958,
    "b1": -0.004238519791697231,
    "b2": 0.031658809418363264,
    "b3": -2.786340397862089e-07,
    "t1": 0.510914484291682,
    "t2": -1.2453274779916752
}