{
    "b0": 0.11582871042686256,
    "b1": 0.0009511856457235634,
    "b2": 0.010419009581145935,
    "b3": 0.027790704487962368,
    "t1": 2.725488078637437,
    "t2": 0.45472833626705866
}