{
    "b0": 0.11711062897382014,
    "b1": -0.00038606686792324457,
    "b2": 0.008380469707927407,
    "b3": 0.027524434019708263,
    "t1": 1.8154206426536288,
    "t2": 0.4713787740470336
}