{
    "b0": 0.11464085975407047,
    "b1": 0.005939776319621597,
    "b2": 0.0436162080550316,
    "b3": -0.015464452046582026,
    "t1": 0.4759731049443949,
    "t2": 0.23890510724825853
}