{
    "b0": 0.16712960476217922,
    "b1": -0.030105487609908842,
    "b2": 0.010066521803957762,
    "b3": 0.010066521803957765,
    "t1": 0.5,
    "t2": 0.5
}