{
    "b0": 0.14997501642856836,
    "b1": -0.010079370765994793,
    "b2": 0.014267154115918834,
    "b3": -9.123791226053196e-07,
    "t1": 0.530814275239824,
    "t2": -1.4565334010368756
}