{
    "b0": 0.23118220063167194,
    "b1": -0.10339702838884224,
    "b2": -0.14635137674240334,
    "b3": 0.027855584069020084,
    "t1": 15.644203069707126,
    "t2": 0.5001017655731255
}