{
    "b0": 0.11999502458444407,
    "b1": -0.0008238090388789105,
    "b2": 0.014372040118965831,
    "b3": 0.014372040118965828,
    "t1": 0.5,
    "t2": 0.5
}