{
    "b0": 0.11738410592999375,
    "b1": -0.0015272421425750835,
    "b2": 0.032400657384711366,
    "b3": 0.012595312579645163,
    "t1": 0.9335809497908484,
    "t2": 0.35452434296076224
}