{
    "b0": 0.14496545854144574,
    "b1": -0.004039632246293143,
    "b2": -0.26395564123247617,
    "b3": 0.269871714995173,
    "t1": 0.6291090649193496,
    "t2": 0.6140618666539307
}