{
    "b0": 0.1796091974372434,
    "b1": -0.03855106908616249,
    "b2": -0.6844770027589046,
    "b3": 0.7007440989592512,
    "t1": 2.347074739972364,
    "t2": 2.1541156792753196
}