{
    "b0": 0.15689429995542933,
    "b1": -0.017359025254818913,
    "b2": 0.014133095454328157,
    "b3": 0.023319069162957343,
    "t1": 1.7592496600777026,
    "t2": 0.5985915139678091
}