{
    "b0": 0.14670429170984514,
    "b1": -0.005098577775735384,
    "b2": 0.018067583911350864,
    "b3": -0.01575399178524399,
    "t1": 0.35431921815880124,
    "t2": 0.19049757722094496
}