{
    "b0": 0.12801460508447954,
    "b1": 0.001887877518688178,
    "b2": -0.01694535761249092,
    "b3": 0.033482313863725556,
    "t1": 2.271326234813502,
    "t2": 0.6477540156389622
}