{
    "b0": 0.12327438727201763,
    "b1": 0.01051482734577375,
    "b2": 0.02341381176619614,
    "b3": 0.02341381176619615,
    "t1": 0.5,
    "t2": 0.5
}