{
    "b0": 0.12276788165228987,
    "b1": -0.001055173585335658,
    "b2": 0.0312254502472105,
    "b3": -0.0015664964347417124,
    "t1": 0.5646714615089222,
    "t2": 0.30729775388371156
}