{
    "b0": 0.12204885641430228,
    "b1": 0.003786266371231712,
    "b2": 0.03646533534932776,
    "b3": 0.00608343443241478,
    "t1": 0.6155126997362471,
    "t2": 0.09967030772466835
}