{
    "b0": 0.12085873100255486,
    "b1": 0.009543214935923434,
    "b2": 0.020064395138534613,
    "b3": 0.020064395138534606,
    "t1": 0.5,
    "t2": 0.5
}