{
    "b0": 0.12047771479005366,
    "b1": 0.010808303556209268,
    "b2": 0.01926582265337444,
    "b3": 0.019265822653374443,
    "t1": 0.5,
    "t2": 0.5
}