{
    "b0": 0.12148781096986877,
    "b1": 0.015437204261768742,
    "b2": 0.017068727902469293,
    "b3": 0.017068727902469293,
    "t1": 0.5,
    "t2": 0.5
}