{
    "b0": 0.11889341556316581,
    "b1": 0.01907136454185291,
    "b2": 0.015540040299573902,
    "b3": 0.015540040299573902,
    "t1": 0.5,
    "t2": 0.5
}