{
    "b0": 0.1585347778506123,
    "b1": -0.017978167551480233,
    "b2": -0.09832500274995049,
    "b3": 0.11202655084999093,
    "t1": 0.6587872943818494,
    "t2": 0.760955956914132
}