{
    "b0": 0.18905279370953457,
    "b1": -0.062146690951636316,
    "b2": -0.09435768826918565,
    "b3": 0.03208317172978331,
    "t1": 14.10437328203958,
    "t2": 0.5225787302504217
}