{
    "b0": 0.12567514166648566,
    "b1": 0.008962835253432767,
    "b2": -0.31830933345125667,
    "b3": 0.3470388533899577,
    "t1": 0.9685814414512794,
    "t2": 0.8709309927429996
}