{
    "b0": 0.14949502523267222,
    "b1": -0.007807580118205883,
    "b2": 0.017849805284253988,
    "b3": -0.013104171386553662,
    "t1": 0.43130530437157316,
    "t2": 0.1476427099545238
}