{
    "b0": 0.1561054817532755,
    "b1": -0.014342730272767905,
    "b2": 0.026735457702100875,
    "b3": -0.007924437007334717,
    "t1": 1.0456038665256107,
    "t2": 0.10390266890814864
}