{
    "b0": 0.1265646301077469,
    "b1": -0.0022595659802301027,
    "b2": 0.03451747024491419,
    "b3": -3.164732739060713e-05,
    "t1": 0.5684671416924403,
    "t2": -2.4275485183310526
}