{
    "b0": 0.11868798568319788,
    "b1": 0.013843333013307018,
    "b2": 0.019830946960320887,
    "b3": 0.019830946960320887,
    "t1": 0.5,
    "t2": 0.5
}