{
    "b0": 0.14637831920605232,
    "b1": -0.005343228249502513,
    "b2": -0.2541545443520672,
    "b3": 0.23447715489242596,
    "t1": 0.5000000199728277,
    "t2": 0.4581752601027975
}