{
    "b0": 0.1327353227584261,
    "b1": 0.00793780358780463,
    "b2": 0.03266382692206879,
    "b3": -0.04409913691492784,
    "t1": 0.3244628121419063,
    "t2": 0.9236063652062286
}