{
    "b0": 0.12887641585811033,
    "b1": 0.01711734466688141,
    "b2": -0.007983406109708376,
    "b3": -0.007983406109708364,
    "t1": 0.5,
    "t2": 0.5
}