{
    "b0": 0.12416845056318054,
    "b1": 0.01652550695663002,
    "b2": 0.029465683127292922,
    "b3": -0.027203624676037104,
    "t1": 0.3298973488851056,
    "t2": 1.7045443870851282
}