{
    "b0": 0.13118441891055868,
    "b1": 0.009576264481142707,
    "b2": 0.027931456116101126,
    "b3": -0.03887085314479402,
    "t1": 0.31768586679794253,
    "t2": 1.1055987647637553
}