{
    "b0": 0.15266246403648456,
    "b1": -0.011627138582325544,
    "b2": -0.31632868710414985,
    "b3": 0.2868801949202478,
    "t1": 0.5000000194071609,
    "t2": 0.461128894947818
}