{
    "b0": 0.1644140793207876,
    "b1": -0.02138349023287037,
    "b2": -0.016243253324658438,
    "b3": -0.01624325332465843,
    "t1": 0.5,
    "t2": 0.5
}