{
    "b0": 0.12410521189735778,
    "b1": 0.016519130698227934,
    "b2": 0.03070950410576886,
    "b3": -0.0278942413647474,
    "t1": 0.3292281374610104,
    "t2": 1.5303581868010319
}