{
    "b0": 0.11907291791364952,
    "b1": 0.02306545554838737,
    "b2": -0.011407368682148427,
    "b3": -0.011407368682148422,
    "t1": 0.5,
    "t2": 0.5
}