{
    "b0": 0.13346187385000244,
    "b1": 0.007245852246464499,
    "b2": 0.01971909347377602,
    "b3": -0.032043042041148974,
    "t1": 0.2509513696916278,
    "t2": 1.5450738188644528
}