{
    "b0": 0.1334044284550087,
    "b1": 0.007412253462520395,
    "b2": 0.019916879541369774,
    "b3": -0.03294701058591892,
    "t1": 0.25718522036246294,
    "t2": 1.4661384371512627
}