{
    "b0": 0.13447145221374346,
    "b1": 0.006337039695088659,
    "b2": 0.017193719662561124,
    "b3": -0.019111837455476736,
    "t1": 0.24156417151312679,
    "t2": 0.9422103925542421
}