{
    "b0": 0.12540452333459837,
    "b1": 0.01114781165216954,
    "b2": -0.695123772891104,
    "b3": 0.6586466723134705,
    "t1": 0.5291354024388417,
    "t2": 0.5023858079803466
}