{
    "b0": 0.13191978786139721,
    "b1": 0.008685624438443222,
    "b2": 0.028973288538846672,
    "b3": -0.04285307738645967,
    "t1": 0.32037019708798925,
    "t2": 1.1462705492363563
}