{
    "b0": 0.11868195499863303,
    "b1": 0.021790884306134094,
    "b2": 0.02771328550753571,
    "b3": -0.032009886136727415,
    "t1": 0.28528251117307346,
    "t2": 1.2477413340977903
}