{
    "b0": 0.1268029431039876,
    "b1": 0.013609169601210322,
    "b2": 0.03646748903491591,
    "b3": -0.03557137595286781,
    "t1": 0.37539597866828484,
    "t2": 1.1093686133603426
}