{
    "b0": 0.14585527120449082,
    "b1": -0.00483962853636628,
    "b2": -0.14521527287606034,
    "b3": 0.12357200949938753,
    "t1": 0.5000000114388377,
    "t2": 0.4176367229264945
}