{
    "b0": 0.15271260858446628,
    "b1": -0.011717125299208389,
    "b2": -0.10458551565760218,
    "b3": 0.07352395009421751,
    "t1": 0.5000000436649554,
    "t2": 0.3578570358878882
}