{
    "b0": 0.11876059280155293,
    "b1": 0.021736320972602436,
    "b2": 0.0320337558701856,
    "b3": -0.04439953165380576,
    "t1": 0.36509172175059396,
    "t2": 1.0515217264493733
}