{
    "b0": 0.12850498690552334,
    "b1": 0.0119334922649744,
    "b2": 0.028973728783556897,
    "b3": -0.027327648858976185,
    "t1": 0.31319757593469016,
    "t2": 1.1110622957350915
}