{
    "b0": 0.1170870721348382,
    "b1": 0.022147341251792962,
    "b2": 0.02865550536480102,
    "b3": -0.03695052632140357,
    "t1": 0.41141894905467025,
    "t2": 1.1416730694321284
}