{
    "b0": 0.1219817259836575,
    "b1": 0.018792278174491965,
    "b2": 0.03426595652659011,
    "b3": -0.026893869248871636,
    "t1": 0.3450105787614082,
    "t2": 1.4275253774806893
}