{
    "b0": 0.13195559877908908,
    "b1": 0.008920138754835315,
    "b2": 0.02404982332517298,
    "b3": -0.031233458891228284,
    "t1": 0.31940883677438703,
    "t2": 1.1783848284167946
}