{
    "b0": 0.12059570578499047,
    "b1": 0.020285218170652552,
    "b2": -0.05107086725862207,
    "b3": 0.014368974003417818,
    "t1": 1.1205655576164015,
    "t2": 0.29827391920456464
}