{
    "b0": 0.16322823497233244,
    "b1": -0.019005279059075196,
    "b2": -0.020244824402655417,
    "b3": -0.020244824402655424,
    "t1": 0.5,
    "t2": 0.5
}