{
    "b0": 0.12725393907619545,
    "b1": 0.013437277718952438,
    "b2": 0.029638377259903786,
    "b3": -0.0350561146237591,
    "t1": 0.3368150702790933,
    "t2": 1.5513153647379156
}