{
    "b0": 0.13152180690144802,
    "b1": 0.009243473187469277,
    "b2": 0.02522948152654118,
    "b3": -0.0298885179562816,
    "t1": 0.27921273339938585,
    "t2": 0.9104020800627154
}