{
    "b0": 0.11695693792286312,
    "b1": 0.022806817426463,
    "b2": 0.02517435119894108,
    "b3": -0.038160647028692436,
    "t1": 0.3774084591921764,
    "t2": 1.1802836624342838
}