{
    "b0": 0.13372971105595607,
    "b1": 0.006971708744736429,
    "b2": 0.02674608876943427,
    "b3": -0.04237306425137637,
    "t1": 0.3213666877941184,
    "t2": 1.161726321296603
}