{
    "b0": 0.1307430133174113,
    "b1": 0.010041280791598505,
    "b2": 0.025756884774268036,
    "b3": -0.036500909271628766,
    "t1": 0.28646270802296014,
    "t2": 1.1690926407801907
}