{
    "b0": 0.14061815782187526,
    "b1": 0.00027439924047486207,
    "b2": -0.03385776555566958,
    "b3": 0.016815358036854796,
    "t1": 0.9070835625418442,
    "t2": 0.30201039593595813
}