{
    "b0": 0.12520500831893544,
    "b1": 0.01539809595079071,
    "b2": 0.03256842746459261,
    "b3": -0.0335177550303463,
    "t1": 0.3573758981673164,
    "t2": 1.4648226356728693
}