{
    "b0": 0.1335798244270606,
    "b1": 0.007095021837360586,
    "b2": 0.03626188419105689,
    "b3": -0.04658492616787042,
    "t1": 0.3308350113862051,
    "t2": 0.7383516172477189
}