{
    "b0": 0.1259825262238502,
    "b1": 0.014480500596413912,
    "b2": 0.033653641987162364,
    "b3": -0.03338217244836711,
    "t1": 0.3515427241506226,
    "t2": 1.2878342604202402
}