{
    "b0": 0.12116599507587326,
    "b1": 0.020714426486564807,
    "b2": -0.020267241477130146,
    "b3": -0.02026724147713013,
    "t1": 0.5,
    "t2": 0.5
}