{
    "b0": 0.16195739468361403,
    "b1": -0.018153880085923186,
    "b2": -0.01874857618898841,
    "b3": -0.0187485761889884,
    "t1": 0.5,
    "t2": 0.5
}