{
    "b0": 0.13032892909693994,
    "b1": 0.010475019159979183,
    "b2": 0.021847273245242636,
    "b3": -0.029095171774204932,
    "t1": 0.26289424371221193,
    "t2": 1.7433484657104998
}