{
    "b0": 0.1305114208222981,
    "b1": 0.010184360601193416,
    "b2": 0.03486273746469365,
    "b3": -0.04093477109113829,
    "t1": 0.32030544213796597,
    "t2": 0.8656609902157264
}