{
    "b0": 0.12775647311499563,
    "b1": 0.013453800554021447,
    "b2": -0.07213994607953345,
    "b3": 0.04474499439550563,
    "t1": 0.8863615932759693,
    "t2": 0.42591087044116355
}