{
    "b0": 0.12158767315237522,
    "b1": 0.01956615416810627,
    "b2": 0.050554390884055625,
    "b3": -0.0683133817685799,
    "t1": 0.44598076229744255,
    "t2": 0.8449273808288336
}