{
    "b0": 0.1259528565735545,
    "b1": 0.014737993980916242,
    "b2": 0.0359684783883768,
    "b3": -0.036405434141745414,
    "t1": 0.3665077229113216,
    "t2": 1.0997344112764054
}