{
    "b0": 0.12964861308894415,
    "b1": 0.006615427460294234,
    "b2": -0.8552302778679078,
    "b3": 0.8274134815447242,
    "t1": 0.5000000152242472,
    "t2": 0.47928184364632753
}