{
    "b0": 0.11916657543553857,
    "b1": 0.02141866813996297,
    "b2": 0.027912866918704503,
    "b3": -0.038415448583174625,
    "t1": 0.3295120560041519,
    "t2": 1.2317085650575297
}