{
    "b0": 0.14883521838593466,
    "b1": -0.007985322675477361,
    "b2": -0.23074784518083682,
    "b3": 0.20493171580398045,
    "t1": 0.5000000217258085,
    "t2": 0.43899905889016105
}