{
    "b0": 0.14847956425382702,
    "b1": -0.007196945356353155,
    "b2": -0.3296412914449679,
    "b3": 0.3025306642565699,
    "t1": 0.5401898848727328,
    "t2": 0.5001560255088338
}