{
    "b0": 0.12287765748092508,
    "b1": 0.01504038326027993,
    "b2": 0.8822769666993979,
    "b3": -0.9043307896599646,
    "t1": 0.5254224476281278,
    "t2": 0.542753504827727
}