{
    "b0": 0.41038235549040436,
    "b1": -0.2676411679199038,
    "b2": -0.16143546847741796,
    "b3": -0.6972060131602295,
    "t1": 2.0023230542283397,
    "t2": 9.43808934009391
}