{
    "b0": 0.12238614494313298,
    "b1": 0.018155607229094754,
    "b2": 0.03742488713169886,
    "b3": -0.029515736540987422,
    "t1": 0.3856311171321055,
    "t2": 1.2711534781198033
}