{
    "b0": 0.165232049181677,
    "b1": -0.024226787676282304,
    "b2": 0.003235876807764231,
    "b3": 0.003235876807764224,
    "t1": 0.5,
    "t2": 0.5
}