{
    "b0": 0.1191113265790884,
    "b1": 0.0213295254844015,
    "b2": 0.02992634876867301,
    "b3": -0.04719885951377163,
    "t1": 0.373476326849189,
    "t2": 1.1123632939931032
}