{
    "b0": 0.16521718060088664,
    "b1": -0.022786359730590754,
    "b2": -0.014571282644815728,
    "b3": -0.014571282644815713,
    "t1": 0.5,
    "t2": 0.5
}