{
    "b0": 0.12958048513257275,
    "b1": 0.01091096392941843,
    "b2": 0.0279945432554355,
    "b3": -0.02901022469879858,
    "t1": 0.311948290738418,
    "t2": 1.149119426897494
}