{
    "b0": 0.16371223053808107,
    "b1": -0.024396743324751294,
    "b2": 0.007140421751223458,
    "b3": 0.007140421751223456,
    "t1": 0.5,
    "t2": 0.5
}