{
    "b0": 0.16560612975865402,
    "b1": -0.024911441843814663,
    "b2": -0.504089317436403,
    "b3": 0.46515093445811073,
    "t1": 0.4303044083003777,
    "t2": 0.40688527325555257
}