{
    "b0": 0.12804240349590865,
    "b1": 0.012359126946852792,
    "b2": 0.0279129122408766,
    "b3": -0.030218500354811124,
    "t1": 0.2459011472052969,
    "t2": 1.1326549591032673
}