{
    "b0": 0.12157068132937925,
    "b1": 0.020849640971269998,
    "b2": -0.009651466502952032,
    "b3": -0.009651466502952037,
    "t1": 0.5,
    "t2": 0.5
}