{
    "b0": 0.12161717271362205,
    "b1": 0.020692221499558922,
    "b2": -0.022210759789410506,
    "b3": -0.02221075978941049,
    "t1": 0.5,
    "t2": 0.5
}