{
    "b0": 0.12180845414049496,
    "b1": 0.01888439636225432,
    "b2": 0.033060592267026956,
    "b3": -0.02550352215777837,
    "t1": 0.34539642758618944,
    "t2": 1.3081350577284458
}