{
    "b0": 0.10541235902989177,
    "b1": 0.016864305654740962,
    "b2": -0.08994542877330096,
    "b3": 0.058591696526406944,
    "t1": 0.5000000625914858,
    "t2": 0.3116603643969854
}