{
    "b0": 0.10650259509509168,
    "b1": -0.023653710272161003,
    "b2": -0.24579193402383193,
    "b3": 0.17190488517606198,
    "t1": 0.5000002043239631,
    "t2": 0.44460179033115743
}