{
    "b0": 0.10499767684411575,
    "b1": -0.011461204718123428,
    "b2": 0.6555167119931823,
    "b3": -0.7154644976382283,
    "t1": 1.009841103461952,
    "t2": 0.9638810371515752
}