{
    "b0": 0.11562635329632737,
    "b1": -0.012836040345811914,
    "b2": -0.1350516393726402,
    "b3": 0.06560472559917939,
    "t1": 0.5000000484541762,
    "t2": 0.3651073977802432
}