{
    "b0": 0.11287737082928487,
    "b1": -0.01006192417696608,
    "b2": -0.11278480884069103,
    "b3": 0.052773907378710294,
    "t1": 0.5000000425405415,
    "t2": 0.3403997598085405
}