{
    "b0": 0.10672138257153196,
    "b1": 0.015310790203914813,
    "b2": -0.3000435373543728,
    "b3": 0.24939213897024604,
    "t1": 0.5000000497255482,
    "t2": 0.4541049065056158
}