{
    "b0": 0.10519468583617707,
    "b1": 0.015392620359791803,
    "b2": -0.3359070408831375,
    "b3": 0.2866978662971179,
    "t1": 0.5000002165420383,
    "t2": 0.47417967458441107
}