{
    "b0": 0.11401347645442494,
    "b1": 0.01509118119757805,
    "b2": -0.055909331600481414,
    "b3": 0.010469792023335409,
    "t1": 0.8469237437377453,
    "t2": 0.15772600208219448
}