{
    "b0": 0.10961197191505224,
    "b1": -0.02276269133358691,
    "b2": 0.04581842162568073,
    "b3": -0.11147628180847256,
    "t1": 0.908744399915245,
    "t2": 0.7211685742940932
}