{
    "b0": 0.10725185394832307,
    "b1": 0.0035470849587872708,
    "b2": -0.05622517008170734,
    "b3": 0.01654954803916102,
    "t1": 0.6015650531244047,
    "t2": 0.08497325376975688
}