{
    "b0": 0.11015856449840715,
    "b1": -0.01901661738376733,
    "b2": 0.10063156257140038,
    "b3": -0.16510306631957058,
    "t1": 0.9048834844175235,
    "t2": 0.7415695793215249
}