{
    "b0": 0.10772651954738989,
    "b1": -0.012220576604126735,
    "b2": 0.027831374449335283,
    "b3": -0.0793227685648964,
    "t1": 1.3606797591601194,
    "t2": 0.7576329226914259
}