{
    "b0": 0.10859369882599956,
    "b1": -0.016534906028580307,
    "b2": 0.05125101239446478,
    "b3": -0.11123696531254454,
    "t1": 1.0823208882714233,
    "t2": 0.758543478982141
}