{
    "b0": 0.115644723197435,
    "b1": -0.009636401999673985,
    "b2": -0.3429235093202674,
    "b3": 0.2769231130028515,
    "t1": 0.500000346218613,
    "t2": 0.4687160244577243
}