{
    "b0": 0.10476682267834576,
    "b1": 0.013840547882206096,
    "b2": -0.1184250533487176,
    "b3": 0.06968983700441644,
    "t1": 0.5000000601734059,
    "t2": 0.40536260983647204
}