{
    "b0": 0.11678511981058906,
    "b1": -0.014116608192924963,
    "b2": -0.1445148094344697,
    "b3": 0.08121645818796,
    "t1": 0.5000000452338768,
    "t2": 0.3607474822297453
}