{
    "b0": 0.11613720920596085,
    "b1": -0.007068172765683466,
    "b2": 0.03500959545486734,
    "b3": -0.09621614293000906,
    "t1": 1.2218682504910594,
    "t2": 0.7368128662946067
}