{
    "b0": 0.10646813542769008,
    "b1": -0.02552430370703067,
    "b2": -0.024443285475965453,
    "b3": -0.1037230337847126,
    "t1": 0.09523709407465991,
    "t2": 0.5297764129389032
}