{
    "b0": 0.10630762106137508,
    "b1": -0.013187757915220283,
    "b2": 0.18775473051338087,
    "b3": -0.24927742965981914,
    "t1": 0.9613881149126096,
    "t2": 0.8533419348111576
}