{
    "b0": 0.1102351403036007,
    "b1": 0.02497504302989261,
    "b2": -0.019404376925874465,
    "b3": -0.01940437692587447,
    "t1": 0.5,
    "t2": 0.5
}