{
    "b0": 0.11650956751685826,
    "b1": 0.012608069629691597,
    "b2": -0.06123184352341233,
    "b3": 0.018463949011802823,
    "t1": 0.8191786326594874,
    "t2": 0.21220843707824363
}