{
    "b0": 0.10960713826801431,
    "b1": -0.018938061297969107,
    "b2": 0.019871574671374147,
    "b3": -0.07852385538342554,
    "t1": 1.4001738172968294,
    "t2": 0.6487224867634552
}