{
    "b0": 0.10696644254164343,
    "b1": 0.015125654941317502,
    "b2": -0.15273656534645352,
    "b3": 0.10400713234454693,
    "t1": 0.5000000973298483,
    "t2": 0.4004476452332012
}