{
    "b0": 0.10602808450693962,
    "b1": 0.006004484996624409,
    "b2": -0.0729949010828775,
    "b3": 0.0012037845538521441,
    "t1": 0.5830790577600825,
    "t2": 1.6765593247455894
}