{
    "b0": 0.10945425729456311,
    "b1": -0.01905549272550429,
    "b2": 0.01875914522703207,
    "b3": -0.0812626271372064,
    "t1": 1.275253766007001,
    "t2": 0.653426111797802
}