{
    "b0": 0.11626616602055367,
    "b1": -0.015306849119665678,
    "b2": -0.06087357346701041,
    "b3": 0.016295862099971303,
    "t1": 0.5970482274914759,
    "t2": 0.12912506291479928
}