{
    "b0": 0.10711352309567188,
    "b1": -0.024261041411684274,
    "b2": -0.042898829214051706,
    "b3": -0.04289882921405172,
    "t1": 0.5,
    "t2": 0.5
}