{
    "b0": 0.10927970191870189,
    "b1": -0.01765629531877172,
    "b2": 0.02798116644644501,
    "b3": -0.08880987071445247,
    "t1": 1.1428622167017548,
    "t2": 0.6801231775843054
}