{
    "b0": 0.11422393894182797,
    "b1": -0.039379251603323034,
    "b2": -0.04687897557501626,
    "b3": -0.04687897557501627,
    "t1": 0.5,
    "t2": 0.5
}