{
    "b0": 0.11178445082661448,
    "b1": -0.010136012750177514,
    "b2": 0.16025892719531784,
    "b3": -0.22074275734856166,
    "t1": 1.0528872317563527,
    "t2": 0.8786816310169828
}