{
    "b0": 0.11000350554665579,
    "b1": -0.019858792535409113,
    "b2": 0.016768766337210722,
    "b3": -0.07997898166548517,
    "t1": 1.3352857500837068,
    "t2": 0.6449987378845299
}