{
    "b0": 0.10861731123497904,
    "b1": -0.016365422193708623,
    "b2": -0.7055967480579372,
    "b3": 0.641769509902304,
    "t1": 0.8664016120949887,
    "t2": 0.9027451401975823
}