{
    "b0": 0.10997457873938905,
    "b1": -0.01762837312476241,
    "b2": -0.20851427221286714,
    "b3": 0.1317531377075617,
    "t1": 0.500000042284508,
    "t2": 0.4324791491956467
}