{
    "b0": 0.11296624380081063,
    "b1": -0.03410520655633832,
    "b2": -0.044379654332816855,
    "b3": -0.044379654332816834,
    "t1": 0.5,
    "t2": 0.5
}