{
    "b0": 0.11545828366226689,
    "b1": -0.013042265694344905,
    "b2": -0.2623939204304285,
    "b3": 0.19059883949201473,
    "t1": 0.5000001536793873,
    "t2": 0.44829490139897604
}