{
    "b0": 0.11697886581142915,
    "b1": -0.04190966384266678,
    "b2": -0.049582649251744805,
    "b3": -0.0495826492517448,
    "t1": 0.5,
    "t2": 0.5
}