{
    "b0": 0.10800996851733849,
    "b1": 0.006009740044472519,
    "b2": -0.09446521257634406,
    "b3": 0.03444808793306401,
    "t1": 0.5000002050860812,
    "t2": 0.3762001962975484
}