{
    "b0": 0.11084362657886279,
    "b1": -0.03259904865057487,
    "b2": -0.041775943010668004,
    "b3": -0.04177594301066802,
    "t1": 0.5,
    "t2": 0.5
}