{
    "b0": 0.10765728333866419,
    "b1": 0.020567051115105896,
    "b2": 0.8435631735206279,
    "b3": -0.8816369693833592,
    "t1": 0.5367153783185786,
    "t2": 0.5489065762184189
}