{
    "b0": 0.10580003160613975,
    "b1": -0.02303144585847533,
    "b2": -0.21441823240326002,
    "b3": 0.1445342360446281,
    "t1": 0.5000000530286562,
    "t2": 0.42981145205784616
}