{
    "b0": 0.11226655611148141,
    "b1": -0.03730673601052395,
    "b2": -0.045927284433823407,
    "b3": -0.04592728443382341,
    "t1": 0.5,
    "t2": 0.5
}