{
    "b0": 0.10707824064796939,
    "b1": 0.0058123246148541995,
    "b2": -0.06829435920877139,
    "b3": -0.0019907849202093026,
    "t1": 0.5874332123821097,
    "t2": 1.851170575927469
}