{
    "b0": 0.10731540195504519,
    "b1": -0.024705586880560917,
    "b2": -0.1929962688910209,
    "b3": 0.11788524209654466,
    "t1": 0.5000000365412696,
    "t2": 0.41607278904717004
}