{
    "b0": 0.10836810882232975,
    "b1": -0.0154860912896378,
    "b2": -0.15402245535469938,
    "b3": 0.08505276580758814,
    "t1": 0.5000000497086489,
    "t2": 0.3779582741715677
}