{
    "b0": 0.10451983310160455,
    "b1": 0.012649256650367886,
    "b2": -0.09670976604651063,
    "b3": 0.04762758691999496,
    "t1": 0.5000000302309913,
    "t2": 0.3812616641096945
}