{
    "b0": 0.10690338778337416,
    "b1": -0.008699572083170522,
    "b2": 0.027664930864948183,
    "b3": -0.08497716438752884,
    "t1": 1.424870238252284,
    "t2": 0.7401053452735135
}