{
    "b0": 0.11625971832428547,
    "b1": -0.006722592554144823,
    "b2": 0.049829801272166185,
    "b3": -0.1049411687164626,
    "t1": 1.053166362298962,
    "t2": 0.7283656542722917
}