{
    "b0": 0.11564131698719689,
    "b1": 0.0239849036501294,
    "b2": -0.019589974326810942,
    "b3": -0.019589974326810963,
    "t1": 0.5,
    "t2": 0.5
}