{
    "b0": 0.11201113030810007,
    "b1": -0.03527256161200344,
    "b2": -0.04387170880722459,
    "b3": -0.043871708807224616,
    "t1": 0.5,
    "t2": 0.5
}