{
    "b0": 0.1066383611224784,
    "b1": 0.017897092273290217,
    "b2": -0.20740706423915656,
    "b3": 0.17283830307279813,
    "t1": 0.5000002459358186,
    "t2": 0.4430571975985318
}