{
    "b0": 0.10595253883367023,
    "b1": 0.016453973789812705,
    "b2": -0.11605670139958076,
    "b3": 0.0805322476902233,
    "t1": 0.5000000473251017,
    "t2": 0.3496400031664735
}