{
    "b0": 0.10943737013575565,
    "b1": -0.00971129618092751,
    "b2": 0.009330261875241046,
    "b3": -0.06548339344168558,
    "t1": 2.023418898677018,
    "t2": 0.6295081076827272
}