{
    "b0": 0.10685811604557136,
    "b1": 0.018422630764072197,
    "b2": -0.38426896077579215,
    "b3": 0.3481850838963009,
    "t1": 0.5000002766757612,
    "t2": 0.4720234413060073
}