{
    "b0": 0.1041885411217803,
    "b1": 0.025819429091632148,
    "b2": -0.017980393496541396,
    "b3": -0.01798039349654141,
    "t1": 0.5,
    "t2": 0.5
}