{
    "b0": 0.10784956700612056,
    "b1": -0.02987347214686524,
    "b2": -0.0380006100342586,
    "b3": -0.038000610034258614,
    "t1": 0.5,
    "t2": 0.5
}