{
    "b0": 0.11455717628674769,
    "b1": -0.0383940819988165,
    "b2": -0.0461998371208901,
    "b3": -0.0461998371208901,
    "t1": 0.5,
    "t2": 0.5
}