{
    "b0": 0.11511012132332835,
    "b1": -0.03876029579042772,
    "b2": -0.04652944666022493,
    "b3": -0.04652944666022496,
    "t1": 0.5,
    "t2": 0.5
}