{
    "b0": 0.10536456604373175,
    "b1": 0.016048964311093386,
    "b2": -0.21655424847474944,
    "b3": 0.16471953038315068,
    "t1": 0.5000000505567648,
    "t2": 0.44696857608996315
}