{
    "b0": 0.10986357043039503,
    "b1": -0.018893515299768987,
    "b2": 0.02248259402663639,
    "b3": -0.07911394383269629,
    "t1": 1.3468391195472997,
    "t2": 0.6485315099130047
}