{
    "b0": 0.10971881689732205,
    "b1": -0.009126776660723611,
    "b2": 0.023972336061418992,
    "b3": -0.08104786015064475,
    "t1": 1.4315553284358642,
    "t2": 0.6854145377262711
}