{
    "b0": 0.10596977776042772,
    "b1": 0.016767459747061855,
    "b2": -0.16597430632199137,
    "b3": 0.126815888669394,
    "t1": 0.5000001522481231,
    "t2": 0.4019734112640455
}