{
    "b0": 0.10812796179638186,
    "b1": -0.014967771085081558,
    "b2": -0.5263435296882959,
    "b3": 0.4520707369673255,
    "t1": 0.5000001725577602,
    "t2": 0.4745245551980187
}