{
    "b0": 0.11147442847357814,
    "b1": -0.034897341911382496,
    "b2": -0.04216659136633553,
    "b3": -0.04216659136633554,
    "t1": 0.5,
    "t2": 0.5
}