{
    "b0": 0.11432827877839631,
    "b1": -0.01148354206669519,
    "b2": -0.1257976130962798,
    "b3": 0.05937650123194414,
    "t1": 0.5000000947771265,
    "t2": 0.35506927347698436
}