{
    "b0": 0.10732330742216672,
    "b1": -0.024594608165667116,
    "b2": -0.17360413929189206,
    "b3": 0.10141208483989772,
    "t1": 0.5000001686478546,
    "t2": 0.40958828224718186
}