{
    "b0": 0.10807754180078041,
    "b1": 0.008463892440544926,
    "b2": -0.03077426063549519,
    "b3": -0.03077426063549517,
    "t1": 0.5,
    "t2": 0.5
}