{
    "b0": 0.11331528048375154,
    "b1": 0.024183591903670254,
    "b2": -0.018080101187537948,
    "b3": -0.01808010118753796,
    "t1": 0.5,
    "t2": 0.5
}