{
    "b0": 0.10734994692907818,
    "b1": 0.0032832668640330447,
    "b2": -0.05592502639826006,
    "b3": 0.016722751238168954,
    "t1": 0.5957452788113459,
    "t2": 0.08171538755650898
}