{
    "b0": 0.10776090377036522,
    "b1": 0.005223595124674737,
    "b2": -0.8918709675723049,
    "b3": 0.8304611717738735,
    "t1": 0.5000002043158355,
    "t2": 0.4934618831882464
}