{
    "b0": 0.1271867785004499,
    "b1": -0.014401695965666352,
    "b2": -0.03838037373276745,
    "b3": -0.03838037373276747,
    "t1": 0.5,
    "t2": 0.5
}