{
    "b0": 0.11592387930303545,
    "b1": 0.013330428474306044,
    "b2": -0.06689288438385342,
    "b3": 0.02423913949588909,
    "t1": 0.7592788595659783,
    "t2": 0.2679896291778793
}