{
    "b0": 0.10570795777457974,
    "b1": 0.010616492144623702,
    "b2": -0.10064774531284336,
    "b3": 0.04995742558538337,
    "t1": 0.5000002557124853,
    "t2": 0.39029947295093015
}