{
    "b0": 0.10671891318876434,
    "b1": -0.0240521468648826,
    "b2": -0.3462852527005572,
    "b3": 0.2757103645453023,
    "t1": 0.5000002089189859,
    "t2": 0.46481595987869634
}