{
    "b0": 0.09753460061606542,
    "b1": -0.032917892095455405,
    "b2": 0.131505125779546,
    "b3": -0.005030289873025782,
    "t1": 4.731520641529796,
    "t2": 0.18562195824119834
}