{
    "b0": 0.10533310253771776,
    "b1": -0.037703152156430934,
    "b2": -0.03449758060946241,
    "b3": -0.03449758060946238,
    "t1": 0.5,
    "t2": 0.5
}