{
    "b0": 0.10206937774173586,
    "b1": -0.03279604056189327,
    "b2": -0.040824980431313634,
    "b3": -0.04082498043131365,
    "t1": 0.5,
    "t2": 0.5
}