{
    "b0": 0.12686954800247194,
    "b1": -0.0592491772523817,
    "b2": -0.038370263096569185,
    "b3": -0.038370263096569185,
    "t1": 0.5,
    "t2": 0.5
}