{
    "b0": 0.10789202942229678,
    "b1": -0.03564705063300898,
    "b2": -0.03778288042785324,
    "b3": -0.037782880427853244,
    "t1": 0.5,
    "t2": 0.5
}