{
    "b0": 0.13539688381718074,
    "b1": -0.07237790370809255,
    "b2": -0.5870943452783705,
    "b3": 0.612187578406875,
    "t1": 1.7977139750743971,
    "t2": 1.8769660468432128
}