{
    "b0": 0.1033813801722235,
    "b1": -0.033228914191982706,
    "b2": -0.036373439343347906,
    "b3": -0.03637343934334788,
    "t1": 0.5,
    "t2": 0.5
}