{
    "b0": 0.1116210141113303,
    "b1": -0.047062444925888715,
    "b2": -7.381606513365627e-05,
    "b3": -0.021693061644702964,
    "t1": 1.602215190632774,
    "t2": 0.5344247764685747
}