{
    "b0": 0.10975752182460699,
    "b1": -0.044775591671826695,
    "b2": 0.12480644750890525,
    "b3": -0.01055358647759539,
    "t1": 4.164252994039783,
    "t2": 0.09380700815930425
}