{
    "b0": 0.10735472865309499,
    "b1": -0.043650409067781254,
    "b2": -0.08789080520774153,
    "b3": 0.02648604841790353,
    "t1": 0.6712314074272626,
    "t2": 0.32836372580291806
}