{
    "b0": 0.10352354037400234,
    "b1": -0.03391661742698776,
    "b2": -0.04406370329723554,
    "b3": -0.04406370329723554,
    "t1": 0.5,
    "t2": 0.5
}