{
    "b0": 0.11051262499660203,
    "b1": -0.04164451344771351,
    "b2": 0.08304474667958885,
    "b3": -0.16914454077636454,
    "t1": 0.3609199440149647,
    "t2": 0.48225147073581665
}