{
    "b0": 0.10710259449496223,
    "b1": -0.04338227307842866,
    "b2": -0.08120819134402799,
    "b3": 0.02230029712063287,
    "t1": 0.7149650706876508,
    "t2": 0.3324389403176904
}