{
    "b0": 0.10167438173820802,
    "b1": -0.03200791510875677,
    "b2": -0.03692730081003209,
    "b3": -0.036927300810032114,
    "t1": 0.5,
    "t2": 0.5
}