{
    "b0": 0.1014188351655308,
    "b1": -0.03177934151580777,
    "b2": -0.03660945046469428,
    "b3": -0.0366094504646943,
    "t1": 0.5,
    "t2": 0.5
}