{
    "b0": 0.12668711603305022,
    "b1": -0.06225991097209223,
    "b2": -0.037388979659320955,
    "b3": -0.09646879996293453,
    "t1": 0.2482896784265133,
    "t2": 0.7643070969285114
}