{
    "b0": 0.13001549722525316,
    "b1": -0.06695385363441178,
    "b2": 0.900638255137938,
    "b3": -0.9944934428968067,
    "t1": 0.5601400030416909,
    "t2": 0.5855368091327614
}