{
    "b0": 0.10226952322252256,
    "b1": -0.03448947737401934,
    "b2": -0.032517863032893446,
    "b3": -0.03251786303289344,
    "t1": 0.5,
    "t2": 0.5
}