{
    "b0": 0.12038355257112858,
    "b1": -0.055664481327273,
    "b2": 0.07772776935220942,
    "b3": -0.011092056033997027,
    "t1": 3.625474706746548,
    "t2": 0.1926527943573475
}