{
    "b0": 0.11412854268964727,
    "b1": -0.05006278698102675,
    "b2": 0.018883442267059146,
    "b3": -0.019040581832563942,
    "t1": 2.0111061648320505,
    "t2": 0.6066947322450423
}