{
    "b0": 0.10453074750153996,
    "b1": -0.036372572843452904,
    "b2": -0.03605523681731462,
    "b3": -0.03605523681731461,
    "t1": 0.5,
    "t2": 0.5
}