{
    "b0": 0.11246782880982367,
    "b1": -0.047884820391727166,
    "b2": -6.833845012099715e-08,
    "b3": -0.02352027998889008,
    "t1": 1.5911434201221903,
    "t2": 0.5555022950539009
}