{
    "b0": 0.112432395303745,
    "b1": -0.04915131388993328,
    "b2": 0.06934127916356189,
    "b3": -0.018426919057891695,
    "t1": 3.2372720174349072,
    "t2": 0.6675877975927554
}