{
    "b0": 0.12309572944358019,
    "b1": -0.056032973369581185,
    "b2": -0.03619735497812829,
    "b3": -0.03619735497812829,
    "t1": 0.5,
    "t2": 0.5
}