{
    "b0": 0.11394770625547124,
    "b1": -0.04857487373116596,
    "b2": 0.10373483005153679,
    "b3": -0.010734912669516615,
    "t1": 4.172656769972922,
    "t2": 0.13203140421934656
}