{
    "b0": 0.11395691657939871,
    "b1": -0.04982410884893254,
    "b2": 0.0015310503920917123,
    "b3": -0.020128216265017877,
    "t1": 1.3810088881193636,
    "t2": 0.5484248455144474
}