{
    "b0": 0.13436734057660135,
    "b1": -0.06704842660057336,
    "b2": -0.04041251631613671,
    "b3": -0.04041251631613671,
    "t1": 0.5,
    "t2": 0.5
}