{
    "b0": 0.12826060655251487,
    "b1": -0.05670923037051108,
    "b2": -0.05358934116766405,
    "b3": -0.05358934116766405,
    "t1": 0.5,
    "t2": 0.5
}