{
    "b0": 0.11819244217206286,
    "b1": -0.04802478256182552,
    "b2": -0.046531886072123926,
    "b3": -0.046531886072123926,
    "t1": 0.5,
    "t2": 0.5
}