{
    "b0": 0.09666728238717974,
    "b1": -0.03270957891578521,
    "b2": 0.0976613654481523,
    "b3": -0.01392185447291987,
    "t1": 4.148850480751087,
    "t2": 0.37014461654095904
}