{
    "b0": 0.10351386285377788,
    "b1": -0.035646872434836226,
    "b2": -0.03313398324664535,
    "b3": -0.03313398324664536,
    "t1": 0.5,
    "t2": 0.5
}