{
    "b0": 0.11002169598907885,
    "b1": -0.03581925122863806,
    "b2": -0.04407068058005231,
    "b3": -0.04407068058005233,
    "t1": 0.5,
    "t2": 0.5
}