{
    "b0": 0.13108829720843138,
    "b1": -0.06840262562231353,
    "b2": -0.20399060163642008,
    "b3": 0.2090194557787589,
    "t1": 1.5016236318078833,
    "t2": 1.6275971776787699
}