{
    "b0": 0.11193826444769374,
    "b1": -0.04735960043206024,
    "b2": 0.08002199638705468,
    "b3": -0.012539828421808612,
    "t1": 3.808735444602786,
    "t2": 0.2178363548880357
}