{
    "b0": 0.11411865402224114,
    "b1": -0.04983545432400071,
    "b2": 0.001949915627952093,
    "b3": -0.01883543419795613,
    "t1": 1.4735031563525693,
    "t2": 0.4934423293717845
}