{
    "b0": 0.11037826880448691,
    "b1": -0.046710520531459306,
    "b2": 0.10509393432700148,
    "b3": -0.005718803913471788,
    "t1": 3.761939497716437,
    "t2": 0.13393638944017816
}