{
    "b0": 0.10021723294719118,
    "b1": -0.03620400726707027,
    "b2": 0.09161555538738897,
    "b3": -0.012708699779360393,
    "t1": 3.961066035604781,
    "t2": 0.2955532921032948
}