{
    "b0": 0.10528851832191245,
    "b1": -0.03490754904133266,
    "b2": -0.03474756714751298,
    "b3": -0.03474756714751298,
    "t1": 0.5,
    "t2": 0.5
}