{
    "b0": 0.10336872857909979,
    "b1": -0.03365844091440223,
    "b2": -0.043771787392820685,
    "b3": -0.0437717873928207,
    "t1": 0.5,
    "t2": 0.5
}