{
    "b0": 0.10690462756795102,
    "b1": -0.04296086678349953,
    "b2": -0.00036611221320569445,
    "b3": -0.08977776315468333,
    "t1": 0.2688487826725519,
    "t2": 0.5941436544700112
}