{
    "b0": 0.10889856414706747,
    "b1": -0.04515867104919,
    "b2": -0.004585079102550498,
    "b3": -0.09922982997149951,
    "t1": 0.22210965597561902,
    "t2": 0.5965381808594991
}