{
    "b0": 0.1109006242719038,
    "b1": -0.047488933766799524,
    "b2": 0.853109558739578,
    "b3": -0.9388643567831976,
    "t1": 0.5374080535657141,
    "t2": 0.5588756085488286
}