{
    "b0": 0.08561880326483713,
    "b1": -0.021490833805252664,
    "b2": 0.13198651044182133,
    "b3": -0.010179339093542579,
    "t1": 5.086653446119152,
    "t2": 0.28027460126598425
}