{
    "b0": 0.10593926070580074,
    "b1": -0.03528536461170219,
    "b2": -0.03937742955722289,
    "b3": -0.03937742955722287,
    "t1": 0.5,
    "t2": 0.5
}