{
    "b0": 0.10250354275344746,
    "b1": -0.033262888293392405,
    "b2": -0.037107684513112235,
    "b3": -0.03710768451311225,
    "t1": 0.5,
    "t2": 0.5
}