{
    "b0": 0.10418993731202109,
    "b1": -0.03632238345960408,
    "b2": -0.03407155360379559,
    "b3": -0.034071553603795574,
    "t1": 0.5,
    "t2": 0.5
}