{
    "b0": 0.10020561273904388,
    "b1": -0.03559921387346081,
    "b2": 0.11317713485342912,
    "b3": -0.012486743560859236,
    "t1": 4.593269466608945,
    "t2": 0.21808985055186528
}