{
    "b0": 0.10893549417130532,
    "b1": -0.04450400400417201,
    "b2": 0.11122955965822746,
    "b3": -0.010084037189539737,
    "t1": 4.54792664218655,
    "t2": 0.1731185851771772
}