{
    "b0": 0.13520339662318034,
    "b1": -0.07053506181984309,
    "b2": 0.02665640750178096,
    "b3": -0.007662207974432468,
    "t1": 2.206326914020966,
    "t2": 0.1813846903939321
}