{
    "b0": 0.12171653841996297,
    "b1": -0.049964093554452915,
    "b2": -0.05333624599370966,
    "b3": -0.053336245993709674,
    "t1": 0.5,
    "t2": 0.5
}