{
    "b0": 0.10961573080911086,
    "b1": -0.04097013208251565,
    "b2": -0.0392284042262208,
    "b3": -0.03922840422622083,
    "t1": 0.5,
    "t2": 0.5
}