{
    "b0": 0.10920580051533807,
    "b1": -0.035878860019843556,
    "b2": -0.04131499263989784,
    "b3": -0.04131499263989786,
    "t1": 0.5,
    "t2": 0.5
}