{
    "b0": 0.12416715097435796,
    "b1": -0.05568744660767626,
    "b2": -0.03646556424708458,
    "b3": -0.036465564247084595,
    "t1": 0.5,
    "t2": 0.5
}