{
    "b0": 0.10261848874442352,
    "b1": -0.03244621053684919,
    "b2": -0.038614738418617844,
    "b3": -0.038614738418617844,
    "t1": 0.5,
    "t2": 0.5
}