{
    "b0": 0.10335619172676341,
    "b1": -0.03881344078080834,
    "b2": 0.1136468338579608,
    "b3": -0.011820238633492549,
    "t1": 4.229237288084458,
    "t2": 0.17058483991327061
}