{
    "b0": 0.11240392235943611,
    "b1": -0.043463918455850015,
    "b2": 0.09103216289721709,
    "b3": -0.183821909669487,
    "t1": 0.3606009695795614,
    "t2": 0.48365885980395834
}