{
    "b0": 0.10505338607852731,
    "b1": -0.04177084464998312,
    "b2": 0.09229593846241711,
    "b3": -0.0166441015394154,
    "t1": 3.9186415981870693,
    "t2": 0.6705082251333205
}