{
    "b0": 0.10174708855976411,
    "b1": -0.03212937285538844,
    "b2": -0.036577182342686226,
    "b3": -0.036577182342686226,
    "t1": 0.5,
    "t2": 0.5
}