{
    "b0": 0.10578672890892846,
    "b1": -0.041775653726160406,
    "b2": -0.4283387250526227,
    "b3": 0.35007651594573314,
    "t1": 0.5000000526055337,
    "t2": 0.45300941148218904
}