{
    "b0": 0.10614359108803494,
    "b1": -0.03551201335300529,
    "b2": -0.03909252587457854,
    "b3": -0.03909252587457854,
    "t1": 0.5,
    "t2": 0.5
}