{
    "b0": 0.10719518907161386,
    "b1": -0.042941782228968606,
    "b2": 0.11949387026317082,
    "b3": -0.008218511215136554,
    "t1": 4.267258676607904,
    "t2": 0.14665767392102486
}