{
    "b0": 0.11323216305899801,
    "b1": -0.04916143596198638,
    "b2": 0.11271675816494893,
    "b3": -0.005879391915267881,
    "t1": 4.073171778123591,
    "t2": 0.1067255461340978
}