{
    "b0": 0.10618809738196106,
    "b1": -0.04212610517550858,
    "b2": -0.5347505999563544,
    "b3": 0.4564876757083741,
    "t1": 0.5000000484220529,
    "t2": 0.4643491731698461
}