{
    "b0": 0.10334442569562227,
    "b1": -0.03420906513041405,
    "b2": -0.04273161696351114,
    "b3": -0.042731616963511194,
    "t1": 0.5,
    "t2": 0.5
}