{
    "b0": 0.10327854180716846,
    "b1": -0.03577827548389574,
    "b2": -0.03270914619957992,
    "b3": -0.032709146199579896,
    "t1": 0.5,
    "t2": 0.5
}