{
    "b0": 0.10773771281109526,
    "b1": -0.04070009006836889,
    "b2": -0.041456273170336455,
    "b3": -0.041456273170336455,
    "t1": 0.5,
    "t2": 0.5
}