{
    "b0": 0.08236309534408291,
    "b1": -0.018972618592382327,
    "b2": -0.0016028379332364727,
    "b3": -0.04536606592884944,
    "t1": 2.062915981782052,
    "t2": 0.7631786861321066
}