{
    "b0": 0.09856892226007603,
    "b1": -0.03496752014212317,
    "b2": -0.05648841535973825,
    "b3": 0.011796140783745359,
    "t1": 0.7012324708911366,
    "t2": 0.23649248432679765
}