{
    "b0": 0.09735125090216132,
    "b1": -0.03344671101189484,
    "b2": -0.7231923827043744,
    "b3": 0.6680397961952849,
    "t1": 0.5000000071818096,
    "t2": 0.4809506220079416
}