{
    "b0": 0.08488177366838026,
    "b1": -0.020142068121977334,
    "b2": -1.9253489859719086e-08,
    "b3": -0.040816761163465526,
    "t1": 3.760023771391246,
    "t2": 0.8233796779697751
}