{
    "b0": 0.0752222300169911,
    "b1": -0.020822854841039788,
    "b2": -0.06404600068431301,
    "b3": -0.007082055686033854,
    "t1": 0.8722435983613852,
    "t2": 0.1400268722580196
}