{
    "b0": 0.08006902623037868,
    "b1": -0.02052844761369902,
    "b2": -0.05286572158854217,
    "b3": -2.4289193367929562e-06,
    "t1": 0.6934729697450733,
    "t2": -1.6112395445358947
}