{
    "b0": 0.07959013781408257,
    "b1": -0.024167947723870452,
    "b2": -0.00045368465917420067,
    "b3": -0.040659314827799435,
    "t1": 1.982132552692804,
    "t2": 0.6076656242502165
}