{
    "b0": 0.07757906101163374,
    "b1": -0.031916903090481376,
    "b2": -0.0001370288803985674,
    "b3": -0.021778088524603046,
    "t1": 2.027377937055527,
    "t2": 0.5602562853676386
}