{
    "b0": 0.09695150452514235,
    "b1": -0.033216056618926765,
    "b2": -0.062026557507305194,
    "b3": 0.014766745425386144,
    "t1": 0.7102824700209489,
    "t2": 0.26362577417990773
}