{
    "b0": 0.09986653171431659,
    "b1": -0.036112450179563445,
    "b2": -0.05851375098992899,
    "b3": 0.010862287368131046,
    "t1": 0.7337990486926648,
    "t2": 0.23546370721931936
}