{
    "b0": 0.07921995336735,
    "b1": -0.025211972284301706,
    "b2": -0.05726079014892389,
    "b3": 0.00516655979567341,
    "t1": 0.7981111850953291,
    "t2": 0.08527936988205495
}