{
    "b0": 0.08066067220957808,
    "b1": -0.016554968312363617,
    "b2": -0.06106198440888328,
    "b3": -0.0076961745198688356,
    "t1": 0.8548392945362775,
    "t2": 0.03173181554399598
}