{
    "b0": 0.09819019269384295,
    "b1": -0.034507993500937015,
    "b2": -0.06538865517827473,
    "b3": 0.01705960244498268,
    "t1": 0.6913056862604716,
    "t2": 0.28209474269475826
}