{
    "b0": 0.08309991031384313,
    "b1": -0.019009789928097806,
    "b2": 0.0010385890431424457,
    "b3": -0.047186612686158355,
    "t1": 2.1549262036607866,
    "t2": 0.8334145430317327
}