{
    "b0": 0.07969140524502473,
    "b1": -0.02436468661038499,
    "b2": 3.997671539184011e-07,
    "b3": -0.04145693723231812,
    "t1": 1.8121393515756308,
    "t2": 0.6574890344127121
}