{
    "b0": 0.12966736255617858,
    "b1": -0.07455934255401495,
    "b2": -0.09134997006615947,
    "b3": -0.13748451355304453,
    "t1": 0.9062437020218127,
    "t2": 5.966821113745029
}