{
    "b0": 0.07546655948801248,
    "b1": -0.021227452658661564,
    "b2": -0.06141894261632533,
    "b3": -0.007013623605706714,
    "t1": 0.8519844048957707,
    "t2": 0.1277278756607937
}