{
    "b0": 0.09576143750736486,
    "b1": -0.028628919003971763,
    "b2": -0.028070502506864388,
    "b3": -0.028070502506864388,
    "t1": 0.5,
    "t2": 0.5
}