{
    "b0": 0.07743901968188593,
    "b1": -0.0221049278278761,
    "b2": -0.057149738806955806,
    "b3": -1.6132078048923526e-05,
    "t1": 0.7260640638371324,
    "t2": -2.044767820272203
}