{
    "b0": 0.0734770588371982,
    "b1": -0.023499525427567884,
    "b2": -9.542085474580075e-07,
    "b3": -0.035203608590227975,
    "t1": 2.054885333254701,
    "t2": 0.6740845629964993
}