{
    "b0": 0.0973040502709251,
    "b1": -0.0337009916088095,
    "b2": -0.05378606790890758,
    "b3": 0.010208379796230238,
    "t1": 0.7020330540285199,
    "t2": 0.21325551935339543
}