{
    "b0": 0.07756536980012839,
    "b1": -0.03279781634721567,
    "b2": -7.42976469722545e-08,
    "b3": -0.028210342321886708,
    "t1": 1.397382183418235,
    "t2": 0.6408257159657179
}