{
    "b0": 0.09934015028628009,
    "b1": -0.03551637569655021,
    "b2": -0.057277010319275214,
    "b3": 0.010171198752029978,
    "t1": 0.7729320389615035,
    "t2": 0.24216246312012685
}