{
    "b0": 0.078048083119106,
    "b1": -0.032215459648489646,
    "b2": -3.244183036865689e-05,
    "b3": -0.022230500975355942,
    "t1": 2.0848710307386935,
    "t2": 0.5763588204273615
}