{
    "b0": 0.117127786473019,
    "b1": -0.05797982793489416,
    "b2": -0.0764026758071225,
    "b3": -0.09447506145144059,
    "t1": 0.807738521873823,
    "t2": 5.619236636810527
}