{
    "b0": 0.09817937412960394,
    "b1": -0.03435129388227635,
    "b2": -0.06392344882316049,
    "b3": 0.0158037125998877,
    "t1": 0.7156902476455382,
    "t2": 0.28780052861042393
}