{
    "b0": 0.09257508789545774,
    "b1": -0.02886617605956209,
    "b2": -0.05248633717545866,
    "b3": 0.009188695765845026,
    "t1": 0.8799639581846419,
    "t2": 0.20962474180377272
}