{
    "b0": 0.08096020843696174,
    "b1": -0.016874232478847097,
    "b2": -0.054281893805789044,
    "b3": 0.010327314804797962,
    "t1": 0.7990223304771399,
    "t2": 0.20455861505168493
}