{
    "b0": 0.07512642040675532,
    "b1": -0.02529027569470904,
    "b2": -9.642012891939063e-05,
    "b3": -0.03906789697853975,
    "t1": 1.6121492725900395,
    "t2": 0.7046373312936803
}