{
    "b0": 0.07555199897416136,
    "b1": -0.021547484196458105,
    "b2": -0.06417639951060852,
    "b3": -0.007022939604878975,
    "t1": 0.8540121639673832,
    "t2": 0.09070721867636689
}