{
    "b0": 0.12673851168092656,
    "b1": -0.0669909548657219,
    "b2": -0.08488973538268979,
    "b3": -0.12753901106874627,
    "t1": 0.8920595729205393,
    "t2": 5.847847796927633
}