{
    "b0": 0.09406209429416512,
    "b1": -0.026082488905050126,
    "b2": -0.030235583158836617,
    "b3": -0.030235583158836617,
    "t1": 0.5,
    "t2": 0.5
}