{
    "b0": 0.07688339954099806,
    "b1": -0.02796671773971856,
    "b2": -6.440117285635982e-08,
    "b3": -0.03404418829120038,
    "t1": 1.6159657501437255,
    "t2": 0.5694492248815272
}