{
    "b0": 0.09590989762649745,
    "b1": -0.02791197466762324,
    "b2": -0.030547570129063693,
    "b3": -0.030547570129063683,
    "t1": 0.5,
    "t2": 0.5
}