{
    "b0": 0.08243207792446726,
    "b1": -0.018928205818818173,
    "b2": -2.2257097136447676e-05,
    "b3": -0.046298057413288504,
    "t1": 2.4594252466687383,
    "t2": 0.7808256464173169
}