{
    "b0": 0.07726402480493727,
    "b1": -0.02762267381262999,
    "b2": -1.460721847854063e-07,
    "b3": -0.03318717717792721,
    "t1": 2.063424390755395,
    "t2": 0.5933893544890372
}