{
    "b0": 0.07893257313795797,
    "b1": -0.023619978567614962,
    "b2": -6.409804510625408e-06,
    "b3": -0.04336094425080449,
    "t1": 1.9199907867695458,
    "t2": 0.6186354726827342
}