{
    "b0": 0.09556140250581917,
    "b1": -0.027828722873572437,
    "b2": -0.029509635831991336,
    "b3": -0.02950963583199133,
    "t1": 0.5,
    "t2": 0.5
}