{
    "b0": 0.07707383898731102,
    "b1": -0.0301570904314699,
    "b2": 5.474253470961338e-06,
    "b3": -0.024971275993518234,
    "t1": 1.8458504148837063,
    "t2": 0.546146531877242
}