{
    "b0": 0.09746258222926316,
    "b1": -0.033626245954219605,
    "b2": -0.06176661383687754,
    "b3": 0.015174024233547532,
    "t1": 0.6997480496486886,
    "t2": 0.2891792457300076
}