{
    "b0": 0.07660752571593206,
    "b1": -0.02697386126196999,
    "b2": -1.2834004590837889e-07,
    "b3": -0.03272525475914731,
    "t1": 1.9979440721182515,
    "t2": 0.5691662904043927
}