{
    "b0": 0.08293707745879235,
    "b1": -0.018530629755032932,
    "b2": -0.0582659622581619,
    "b3": -0.0018551894072579246,
    "t1": 0.9664381859820036,
    "t2": 0.19667736042128703
}