{
    "b0": 0.11986352347254779,
    "b1": -0.06087594126109963,
    "b2": -0.0779460895983107,
    "b3": -0.1018803841972693,
    "t1": 0.8284255394533873,
    "t2": 5.639112726937771
}