{
    "b0": 0.07628181519001265,
    "b1": -0.025370723838267294,
    "b2": -0.0024865954139561284,
    "b3": -0.04464336299829888,
    "t1": 1.960027470484785,
    "t2": 0.7510440782366739
}