{
    "b0": 0.09999122694968977,
    "b1": -0.036244873521380436,
    "b2": -0.06390829840080027,
    "b3": 0.01484175304505179,
    "t1": 0.6817540096991147,
    "t2": 0.2688659930574757
}