{
    "b0": 0.09834051034688039,
    "b1": -0.03464966933864618,
    "b2": -0.07051136361181226,
    "b3": 0.020636082787096853,
    "t1": 0.6763358259483323,
    "t2": 0.3032435060771265
}