{
    "b0": 0.07548465722757483,
    "b1": -0.025520045246605325,
    "b2": -4.7082199832945704e-07,
    "b3": -0.03607598958746716,
    "t1": 2.2672745892497517,
    "t2": 0.7580352450068517
}