{
    "b0": 0.09742257677691131,
    "b1": -0.03353422143775205,
    "b2": -0.8687169848662679,
    "b3": 0.8140105709855252,
    "t1": 0.5000000159045357,
    "t2": 0.48456435966205236
}