{
    "b0": 0.09779948503401673,
    "b1": -0.03395837922147486,
    "b2": -0.5706187649005883,
    "b3": 0.5149374254546368,
    "t1": 0.5000000193651871,
    "t2": 0.4753046016148948
}