{
    "b0": 0.09822066478613875,
    "b1": -0.03455223380368069,
    "b2": -0.06101077944314951,
    "b3": 0.013148757007329185,
    "t1": 0.7748806128835258,
    "t2": 0.25713915190399445
}