{
    "b0": 0.09889776761906148,
    "b1": -0.03537405654558981,
    "b2": -0.06471721261508996,
    "b3": 0.016948399659142944,
    "t1": 0.6923164460401433,
    "t2": 0.27334854304019524
}