{
    "b0": 0.0739640689602556,
    "b1": -0.01067956888074325,
    "b2": -0.02800244390342892,
    "b3": -0.028002443903428924,
    "t1": 0.5,
    "t2": 0.5
}