{
    "b0": 0.0996603206068795,
    "b1": -0.03588862955471562,
    "b2": -0.05803101012122,
    "b3": 0.010640292189562476,
    "t1": 0.7152868607070155,
    "t2": 0.2389541610868064
}