{
    "b0": 0.08378057810989309,
    "b1": -0.019951014093278523,
    "b2": -1.134695289782637e-05,
    "b3": -0.0458438941831519,
    "t1": 2.4020903681533587,
    "t2": 0.7980587599342912
}