{
    "b0": 0.09973373960708824,
    "b1": -0.03592208260882154,
    "b2": -0.05620550769638883,
    "b3": 0.010190987485023069,
    "t1": 0.6833257868148515,
    "t2": 0.24445363646833332
}