{
    "b0": 0.07819786643754409,
    "b1": -0.03066408139532842,
    "b2": -2.8425458988359797e-08,
    "b3": -0.027676292099381473,
    "t1": 1.665347826382002,
    "t2": 0.5502299959732331
}