{
    "b0": 0.07953308535217357,
    "b1": -0.024202880935300666,
    "b2": -0.0005060138227242304,
    "b3": -0.04273835809535397,
    "t1": 1.9716442245218933,
    "t2": 0.6153488273384816
}