{
    "b0": 0.10050598024979021,
    "b1": -0.03667675284312268,
    "b2": -0.07207768282009788,
    "b3": 0.019963015176823664,
    "t1": 0.6844777031540321,
    "t2": 0.3185542374676575
}