{
    "b0": 0.09856853372881237,
    "b1": -0.034713056461809735,
    "b2": -0.07226022121058759,
    "b3": 0.022436798949234275,
    "t1": 0.6809697789226513,
    "t2": 0.3421335575697746
}