{
    "b0": 0.07867461727476202,
    "b1": -0.02394836543989027,
    "b2": -3.2458732748107816e-06,
    "b3": -0.047041721122267954,
    "t1": 1.8477043945735072,
    "t2": 0.6672161585547084
}