{
    "b0": 0.09707739592153551,
    "b1": -0.0332897192671751,
    "b2": -0.058137141877493574,
    "b3": 0.01256337295220053,
    "t1": 0.7283673052875238,
    "t2": 0.25478388853833545
}