{
    "b0": 0.09911908037909693,
    "b1": -0.03530349635955033,
    "b2": -0.06680523064382071,
    "b3": 0.01776019187405961,
    "t1": 0.6751419846299175,
    "t2": 0.29646166085351083
}