{
    "b0": 0.09792135665228897,
    "b1": -0.034314242503048445,
    "b2": -0.05088288254651993,
    "b3": 0.00900564781718999,
    "t1": 0.710767359506183,
    "t2": 0.2137219530106651
}