{
    "b0": 0.07826457236505098,
    "b1": -0.022833775809586114,
    "b2": -0.056903548339168296,
    "b3": -1.4495475885178272e-05,
    "t1": 0.7440726706399315,
    "t2": -2.049087199387648
}