{
    "b0": 0.08218308397735777,
    "b1": -0.024979076170255257,
    "b2": -5.451435084284639e-06,
    "b3": -0.034775896125114024,
    "t1": 1.998987349760064,
    "t2": 0.6219730333110938
}