{
    "b0": 0.09829294945405513,
    "b1": -0.034554930842428,
    "b2": -0.0540273753912886,
    "b3": 0.010619482487905637,
    "t1": 0.7334823511697058,
    "t2": 0.2551325345720579
}