{
    "b0": 0.08858564525764877,
    "b1": -0.02501890721545809,
    "b2": -0.0552261998376157,
    "b3": 0.011615226381876202,
    "t1": 0.8947546624672092,
    "t2": 0.21223850112462173
}