{
    "b0": 0.09851192065565549,
    "b1": -0.03472516608353496,
    "b2": -0.42164086727209693,
    "b3": 0.36128846132341824,
    "t1": 0.5419937593241528,
    "t2": 0.49930171159857417
}