{
    "b0": 0.08066283575956648,
    "b1": -0.023186511779386382,
    "b2": -0.053498181170723504,
    "b3": -5.585792289018038e-06,
    "t1": 0.7506591802174658,
    "t2": -1.7750421643527432
}