{
    "b0": 0.08242243074314484,
    "b1": -0.019632070673739604,
    "b2": 0.0014155639004689736,
    "b3": -0.04422058634468327,
    "t1": 2.4879222220162416,
    "t2": 0.7872262460308382
}