{
    "b0": 0.09695261217946244,
    "b1": -0.03320387464633932,
    "b2": -0.05954174103182493,
    "b3": 0.01135880243482037,
    "t1": 0.8444077110870596,
    "t2": 0.24258103157532898
}