{
    "b0": 0.10001271891687386,
    "b1": -0.03626468768012718,
    "b2": -0.06025631475515955,
    "b3": 0.012356953310450931,
    "t1": 0.7462273888362415,
    "t2": 0.25738761508865926
}