{
    "b0": 0.10005099861098221,
    "b1": -0.03630798365930513,
    "b2": -0.0641325132542626,
    "b3": 0.015005337378529207,
    "t1": 0.7018120718495308,
    "t2": 0.27623026795989514
}