{
    "b0": 0.09611127389737256,
    "b1": -0.03247631102436286,
    "b2": -0.8985450531609611,
    "b3": 0.841399505869901,
    "t1": 0.5187258109316081,
    "t2": 0.49977277536300785
}