{
    "b0": 0.09850275291969406,
    "b1": -0.034725082864210575,
    "b2": -0.06856651712166772,
    "b3": 0.018894608911496767,
    "t1": 0.6973044421221521,
    "t2": 0.29953092780644847
}