{
    "b0": 0.08676606700314965,
    "b1": -0.02320832603483545,
    "b2": -0.05533541937159297,
    "b3": 0.01003324232840118,
    "t1": 0.8936151225163913,
    "t2": 0.19665563987371326
}