{
    "b0": 0.07892282362892618,
    "b1": -0.030503872533397966,
    "b2": -2.6572885818837433e-09,
    "b3": -0.030693079359775048,
    "t1": 1.6592365493904395,
    "t2": 0.5702230569327225
}