{
    "b0": 0.0758002681807126,
    "b1": -0.03184390812650197,
    "b2": -0.046613189029538545,
    "b3": 0.0037513326010236384,
    "t1": 0.7913283944117273,
    "t2": 0.15513038309904323
}