{
    "b0": 0.07717344079722516,
    "b1": -0.022534371270933592,
    "b2": -0.06140469802573314,
    "b3": -0.006103397423899131,
    "t1": 0.873600069193493,
    "t2": 0.21075263738111324
}