{
    "b0": 0.09810622135519664,
    "b1": -0.03435292972905651,
    "b2": -0.06125070075336537,
    "b3": 0.013719950198441225,
    "t1": 0.7559109641736347,
    "t2": 0.27735291393852174
}