{
    "b0": 0.17894619367709805,
    "b1": -0.12358308880749863,
    "b2": -0.12287258666418131,
    "b3": -0.2669434293926443,
    "t1": 1.024655091475709,
    "t2": 6.506531120223965
}