{
    "b0": 0.07844112682549603,
    "b1": -0.029799943899365335,
    "b2": 1.560232739880596e-09,
    "b3": -0.03207574869734012,
    "t1": 1.6078812693654558,
    "t2": 0.5564927197069969
}