{
    "b0": 0.0799912990996414,
    "b1": -0.02184286672932923,
    "b2": -0.052440747226005766,
    "b3": -6.000581431256369e-07,
    "t1": 0.7485830954708333,
    "t2": -1.266240666377635
}