{
    "b0": 0.0983872459211726,
    "b1": -0.034454539309937374,
    "b2": -0.9174539431571126,
    "b3": 0.8606515041331873,
    "t1": 0.5000000133511787,
    "t2": 0.4849122530879633
}