{
    "b0": 0.09415904385457789,
    "b1": -0.07530647731840265,
    "b2": -0.0872070552944037,
    "b3": 0.004537807058662854,
    "t1": 0.9163112154233403,
    "t2": 0.2416622556858463
}