{
    "b0": 0.08733987522824407,
    "b1": -0.06520185915034246,
    "b2": -0.07524092889998772,
    "b3": -0.018019631823406133,
    "t1": 0.8309946687371839,
    "t2": 2.165242802994379
}