{
    "b0": 0.08601439533324738,
    "b1": -0.06391721712511801,
    "b2": -2.0922645125459605e-07,
    "b3": -0.03836662408174229,
    "t1": 1.9194094638666988,
    "t2": 0.6427996005826468
}