{
    "b0": 0.09343446949783588,
    "b1": -0.07119151308514782,
    "b2": -0.01925310209408118,
    "b3": -0.04622516382124084,
    "t1": 1.5263612274213103,
    "t2": 0.8086068862194645
}