{
    "b0": 0.09058535491279025,
    "b1": -0.07114427241658335,
    "b2": -0.06514453676390933,
    "b3": -0.04588986308095805,
    "t1": 0.5680408001210008,
    "t2": 1.757665207894786
}