{
    "b0": 0.09849745602255731,
    "b1": -0.07958299442047775,
    "b2": -0.08861110376488757,
    "b3": 0.005741803005354963,
    "t1": 0.8587166309641066,
    "t2": 0.32752658887814845
}