{
    "b0": 0.10208759737622117,
    "b1": -0.07242532007868864,
    "b2": -0.12405529778857538,
    "b3": 0.010052692578846209,
    "t1": 0.9357165739128153,
    "t2": 0.3917511830971502
}