{
    "b0": 0.09352382037905424,
    "b1": -0.07442933993261422,
    "b2": -0.06538612398540164,
    "b3": -0.002901668637725407,
    "t1": 0.9276602189492661,
    "t2": 0.18857407407530735
}