{
    "b0": 0.07842008793563385,
    "b1": -0.03488909838030699,
    "b2": -0.0004271542640597228,
    "b3": -0.022722118987395436,
    "t1": 2.141016948880914,
    "t2": 0.6151293769909972
}