{
    "b0": 0.08136029282054408,
    "b1": -0.040552035871445895,
    "b2": -5.333201086313993e-06,
    "b3": -0.03819727465178423,
    "t1": 1.870374611105799,
    "t2": 0.9084266925904033
}