{
    "b0": 0.09358897959363652,
    "b1": -0.07386140181317873,
    "b2": -0.07648796468741623,
    "b3": -0.042197500383749156,
    "t1": 0.5895716943084741,
    "t2": 2.730004370997378
}