{
    "b0": 0.09271786621350446,
    "b1": -0.07372770836534022,
    "b2": -0.0847605833840447,
    "b3": 0.001999806853940699,
    "t1": 1.0135181318600177,
    "t2": 0.1289469892339685
}