{
    "b0": 0.0834728072749121,
    "b1": -0.042370104649911505,
    "b2": -0.06086348314819559,
    "b3": -0.00011509621360494826,
    "t1": 0.9721633851946496,
    "t2": -3.082439077209625
}