{
    "b0": 0.12659999496748706,
    "b1": -0.082450526795259,
    "b2": -0.07925024297904906,
    "b3": -0.13342207195662925,
    "t1": 0.976614889986071,
    "t2": 6.263605471493059
}