{
    "b0": 0.09611829153589584,
    "b1": -0.07713989634328784,
    "b2": 0.844050997218751,
    "b3": -0.9007777904574199,
    "t1": 1.0475740103277773,
    "t2": 1.0323962773703559
}