{
    "b0": 0.08588329834676231,
    "b1": -0.06375219412999607,
    "b2": -9.642965604142462e-08,
    "b3": -0.03752906752577155,
    "t1": 1.9291523307895464,
    "t2": 0.6274600078104463
}