{
    "b0": 0.09351312335723418,
    "b1": -0.06547788337535138,
    "b2": -0.09585801491904562,
    "b3": -0.00621597206558841,
    "t1": 1.0111240985032912,
    "t2": 0.2533112254766089
}