{
    "b0": 0.09133462406572432,
    "b1": -0.06611145936425956,
    "b2": -0.05572859519344343,
    "b3": -0.026974595943841058,
    "t1": 1.2593087833949999,
    "t2": 0.498275707227329
}