{
    "b0": 0.07791065544233115,
    "b1": -0.034672972760068775,
    "b2": -0.0006283604668882552,
    "b3": -0.021069260358990677,
    "t1": 2.0371854206085342,
    "t2": 0.6025262449250262
}