{
    "b0": 0.08456571506929088,
    "b1": -0.06260469976334582,
    "b2": -2.4826262318491943e-07,
    "b3": -0.03591842488244411,
    "t1": 1.9368225232663954,
    "t2": 0.6386899331356025
}