{
    "b0": 0.09121665711752347,
    "b1": -0.07232661859079201,
    "b2": -0.08640845803739289,
    "b3": 0.0064177553887422925,
    "t1": 0.9620970954184327,
    "t2": 0.2983128119075514
}