{
    "b0": 0.09094844889629457,
    "b1": -0.07157992702749727,
    "b2": -0.062275910571274365,
    "b3": -0.047477662205901605,
    "t1": 0.5531074649873244,
    "t2": 1.6141482161424772
}