{
    "b0": 0.09407324803401147,
    "b1": -0.07463094185579056,
    "b2": -0.04527813705900951,
    "b3": -0.02959601926761485,
    "t1": 1.2220614564983152,
    "t2": 0.7757652834081356
}