{
    "b0": 0.07691795628771043,
    "b1": -0.03229909052290816,
    "b2": -2.4164503507478896e-06,
    "b3": -0.03090416983447116,
    "t1": 1.3887878389043604,
    "t2": 0.6798725486755245
}