{
    "b0": 0.09409424098023436,
    "b1": -0.06711682246692133,
    "b2": -0.07577304304309224,
    "b3": -0.019495627146803036,
    "t1": 1.224448247313237,
    "t2": 0.41811171891054216
}