{
    "b0": 0.09890291700119995,
    "b1": -0.06934412912811592,
    "b2": -0.1043218131534201,
    "b3": -0.003836615466389262,
    "t1": 0.9560070522548249,
    "t2": 0.10447359068925051
}