{
    "b0": 0.09048287295921115,
    "b1": -0.06489216320849168,
    "b2": -0.07316278078584734,
    "b3": -0.015144627350703387,
    "t1": 1.1384990624224938,
    "t2": 0.3464231262424791
}