{
    "b0": 0.09005713877859287,
    "b1": -0.07107403631048109,
    "b2": -0.08379561369886529,
    "b3": 0.004343410973669588,
    "t1": 0.9467440322273026,
    "t2": 0.2331379997108782
}