{
    "b0": 0.09312656141443387,
    "b1": -0.0738501314704003,
    "b2": 4.824348977278126e-06,
    "b3": -0.12123819577494314,
    "t1": 0.3670847465950438,
    "t2": 0.5830264598163287
}