{
    "b0": 0.07952379197093175,
    "b1": -0.0353117340304396,
    "b2": -1.9849248771020012e-07,
    "b3": -0.028023908069702397,
    "t1": 1.7060403394801875,
    "t2": 0.6981733053165537
}