{
    "b0": 0.09222590475544577,
    "b1": -0.07333024447107742,
    "b2": -0.09890462578207374,
    "b3": 0.013570950681046207,
    "t1": 0.8788497317515902,
    "t2": 0.39517295310695466
}