{
    "b0": 0.08465093106019371,
    "b1": -0.0641174668439777,
    "b2": -0.000389607178644915,
    "b3": -0.041341653156114794,
    "t1": 1.9896903703251747,
    "t2": 0.8081061954158815
}