{
    "b0": 0.08987474516923558,
    "b1": -0.048869416289283804,
    "b2": -3.3122840362796724e-05,
    "b3": -0.03134373742298743,
    "t1": 2.7162824424978607,
    "t2": 0.7715013087266798
}