{
    "b0": 0.07319778340601016,
    "b1": -0.031720500311402694,
    "b2": -0.04801045055818881,
    "b3": 0.0062914975960634435,
    "t1": 0.7826223309966623,
    "t2": 0.26316841898529
}