{
    "b0": 0.08711128494494645,
    "b1": -0.0621720969598982,
    "b2": -0.05322518521656158,
    "b3": -0.053225185216561596,
    "t1": 0.5,
    "t2": 0.5
}