{
    "b0": 0.09432920169612737,
    "b1": -0.06753478218553516,
    "b2": -0.05815007776237338,
    "b3": -0.029991991615617455,
    "t1": 1.317948116243875,
    "t2": 0.5128220170528808
}