{
    "b0": 0.08964195738331439,
    "b1": -0.0701880391917533,
    "b2": -0.06239505512775631,
    "b3": -0.046086698669440554,
    "t1": 0.5459704005973073,
    "t2": 1.602405166980218
}