{
    "b0": 0.1804260361482875,
    "b1": -0.13873949177596046,
    "b2": -0.11365577838043502,
    "b3": -0.2365448014432347,
    "t1": 1.119995469461065,
    "t2": 6.441593814444535
}