{
    "b0": 0.10691648229127648,
    "b1": -0.07755343675487722,
    "b2": -0.11270103776016786,
    "b3": 9.912778931031596e-12,
    "t1": 1.0189865805196199,
    "t2": -0.5469716392642473
}