{
    "b0": 0.09638494639094375,
    "b1": -0.0772049657330044,
    "b2": -0.034195888383674225,
    "b3": -0.12171950832818551,
    "t1": 0.30006537061486654,
    "t2": 0.7983440188709473
}