{
    "b0": 0.0855573415782251,
    "b1": -0.04267296338946881,
    "b2": -0.052735775896917234,
    "b3": -0.052735775896917234,
    "t1": 0.5,
    "t2": 0.5
}