{
    "b0": 0.09040538058787474,
    "b1": -0.07147009950087407,
    "b2": -0.09489755168968,
    "b3": 0.012382634976711972,
    "t1": 0.9209955647468007,
    "t2": 0.37427873241356835
}