{
    "b0": 0.07415900056622908,
    "b1": -0.032699034826965276,
    "b2": -0.0462509105416076,
    "b3": 0.0042775641293861105,
    "t1": 0.9073010857609998,
    "t2": 0.2394463802851554
}