{
    "b0": 0.09355270019406337,
    "b1": -0.07403864586688733,
    "b2": 9.66178471925594e-06,
    "b3": -0.03925070652872381,
    "t1": 1.1969795901676934,
    "t2": 0.5290064254434668
}