{
    "b0": 0.09465604589011407,
    "b1": -0.07537457885256083,
    "b2": 3.464606352920896e-06,
    "b3": -0.1237157373031629,
    "t1": 0.36342387154283257,
    "t2": 0.5785617577986096
}