{
    "b0": 0.07770011996795687,
    "b1": -0.03434679661079742,
    "b2": -6.610036540691255e-09,
    "b3": -0.022516990032589834,
    "t1": 2.0081064356721914,
    "t2": 0.6367997260152917
}