{
    "b0": 0.09390995226584466,
    "b1": -0.07424716205941417,
    "b2": -9.181329019940232e-07,
    "b3": -0.048428051549039064,
    "t1": 1.1036723921252187,
    "t2": 0.5735371397008994
}