{
    "b0": 0.07452412416275804,
    "b1": -0.029803124170542837,
    "b2": -0.6089339659259184,
    "b3": 0.5591405419495027,
    "t1": 0.6008630794507087,
    "t2": 0.592109823055798
}