{
    "b0": 0.08700492037281975,
    "b1": -0.06469684529971514,
    "b2": -0.0842181913953857,
    "b3": -0.005750671209533494,
    "t1": 0.9333691700876098,
    "t2": 2.549200667530524
}