{
    "b0": 0.08661427517452833,
    "b1": -0.0669670735783781,
    "b2": -0.00045356175189448233,
    "b3": -0.04803920538029724,
    "t1": 1.8024355482548313,
    "t2": 0.888920532490648
}