{
    "b0": 0.09051162488614269,
    "b1": -0.06457661761719848,
    "b2": -0.06667644871369625,
    "b3": -0.01964531683852348,
    "t1": 1.200205967220939,
    "t2": 0.3967382128663608
}