{
    "b0": 0.1043926605097176,
    "b1": -0.06273405484775721,
    "b2": -2.2240976723514327e-08,
    "b3": -0.021268037904369427,
    "t1": 1.5148600874556668,
    "t2": 0.5837813351963883
}