{
    "b0": 0.07307670027553857,
    "b1": -0.031683679675336175,
    "b2": -0.049704142764740514,
    "b3": 0.007368340280576717,
    "t1": 0.7081915565010968,
    "t2": 0.24536619987208405
}