{
    "b0": 0.07566154364091676,
    "b1": -0.030847314234498976,
    "b2": -3.791312641985081e-05,
    "b3": -0.030945824632089246,
    "t1": 1.2374769130660694,
    "t2": 0.643276549029785
}