{
    "b0": 0.10252290960402999,
    "b1": -0.07295718356891252,
    "b2": -0.21366166642642678,
    "b3": 0.09219751417700472,
    "t1": 0.8959103113605554,
    "t2": 0.7667221513799277
}