{
    "b0": 0.07869361527451116,
    "b1": -0.034224161226304374,
    "b2": -1.0150929729071945e-07,
    "b3": -0.02587940981117289,
    "t1": 1.828897780618891,
    "t2": 0.6382637037197282
}