{
    "b0": 0.07882146035698437,
    "b1": -0.03477876225466239,
    "b2": -1.028649295947183e-05,
    "b3": -0.029849248219076127,
    "t1": 1.7574635424929244,
    "t2": 0.7306252445238328
}