{
    "b0": 0.08909967311677663,
    "b1": -0.07008699771792147,
    "b2": -0.08950219541554494,
    "b3": 0.008066595227307159,
    "t1": 0.9328881952580945,
    "t2": 0.34861880330439693
}