{
    "b0": 0.0944872236353439,
    "b1": -0.06589876704236908,
    "b2": -0.09941344682996339,
    "b3": -0.004978183848376791,
    "t1": 1.0030762324415592,
    "t2": 0.14296205915185378
}