{
    "b0": 0.07888606282628402,
    "b1": -0.03468467100631738,
    "b2": 9.473669291061235e-06,
    "b3": -0.027453769632669992,
    "t1": 1.731610998057144,
    "t2": 0.6681826585690916
}