{
    "b0": 0.0925918866871238,
    "b1": -0.07360985442918838,
    "b2": -0.10201542933061272,
    "b3": 0.015531384854978906,
    "t1": 0.8820286498750302,
    "t2": 0.40156291182918724
}