{
    "b0": 0.0885509606949851,
    "b1": -0.06969705791719215,
    "b2": -0.08385481378303442,
    "b3": 0.0024873432716397345,
    "t1": 0.9966428349472531,
    "t2": 0.0954643986514619
}