{
    "b0": 0.08575989567745662,
    "b1": -0.06530330633284813,
    "b2": -0.01873206436175748,
    "b3": -0.03321351335634981,
    "t1": 1.754410383049781,
    "t2": 0.7113665267298336
}