{
    "b0": 0.09251577577530991,
    "b1": -0.055649041128432275,
    "b2": -0.22055156648639548,
    "b3": 0.11527868859378362,
    "t1": 0.64519329708207,
    "t2": 0.5003651371171497
}