{
    "b0": 0.09328075078231282,
    "b1": -0.07100549209908939,
    "b2": -5.9065069816028465e-05,
    "b3": -0.0582136347540785,
    "t1": 1.6431521827080406,
    "t2": 0.8851724774000396
}