{
    "b0": 0.09577978754718647,
    "b1": -0.06268368453585246,
    "b2": -0.14617287016670127,
    "b3": 0.03583887201936681,
    "t1": 0.7624206168865524,
    "t2": 0.4984055114842452
}