{
    "b0": 0.10660189228818844,
    "b1": -0.07711200382491754,
    "b2": -0.10251216083281305,
    "b3": -0.00409304866432195,
    "t1": 1.0467293415460786,
    "t2": 0.4356217277796159
}