{
    "b0": 0.07622696274979342,
    "b1": -0.03138492160358426,
    "b2": 5.7987934052062054e-05,
    "b3": -0.03151187394233503,
    "t1": 1.2219517856601319,
    "t2": 0.6374974393173362
}