{
    "b0": 0.08958169879944433,
    "b1": -0.053463705112573146,
    "b2": -0.2993751377229899,
    "b3": 0.20685496790029578,
    "t1": 1.1379492462629912,
    "t2": 1.2456220055220728
}