{
    "b0": 0.07844860772063762,
    "b1": -0.03447219536313572,
    "b2": -4.472880596411918e-06,
    "b3": -0.028342543273630304,
    "t1": 1.7410913894548374,
    "t2": 0.707705423827447
}