{
    "b0": 0.08455202071617789,
    "b1": -0.06388599581650393,
    "b2": -7.3944380395221665e-06,
    "b3": -0.0459804992327546,
    "t1": 1.844635409803983,
    "t2": 0.8540087909466207
}