{
    "b0": 0.08456844789064717,
    "b1": -0.0414149238485787,
    "b2": -0.05191869052643275,
    "b3": -0.051918690526432734,
    "t1": 0.5,
    "t2": 0.5
}