{
    "b0": 0.09156934620224873,
    "b1": -0.07244369475877437,
    "b2": -0.09879162512195452,
    "b3": 0.012034765789081334,
    "t1": 0.9594076819357865,
    "t2": 0.5039705008851011
}