{
    "b0": 0.09796754393541111,
    "b1": -0.05992665975474257,
    "b2": -0.00263251795353168,
    "b3": -0.036963473231065566,
    "t1": 2.4426389894283784,
    "t2": 0.6603359776043505
}