{
    "b0": 0.09857582104758209,
    "b1": -0.06635522648759272,
    "b2": -0.1135638654883987,
    "b3": 0.005531412811970414,
    "t1": 0.9164813796082601,
    "t2": 0.33660534635145856
}