{
    "b0": 0.09333742050312402,
    "b1": -0.0743663206582668,
    "b2": -0.09934464552416628,
    "b3": 0.011711486873916259,
    "t1": 0.902812279874679,
    "t2": 0.3388420225722307
}