{
    "b0": 0.07266974088559956,
    "b1": -0.031326857963602045,
    "b2": -0.04825253728570378,
    "b3": 0.006959536308706637,
    "t1": 0.7480564134265439,
    "t2": 0.2272120700262285
}