{
    "b0": 0.10398731183846179,
    "b1": -0.06759210068130753,
    "b2": -5.19910977041238e-06,
    "b3": -0.14952528341506183,
    "t1": 0.2540588692971925,
    "t2": 0.5687607171742894
}