{
    "b0": 0.10084044362987353,
    "b1": -0.07118558446971147,
    "b2": -0.7046908772079673,
    "b3": 0.5781905185543457,
    "t1": 0.7969739193222515,
    "t2": 0.759314593532276
}