{
    "b0": 0.0903786784607406,
    "b1": -0.07090409549205764,
    "b2": -0.06710637596500846,
    "b3": -0.040453582815904165,
    "t1": 0.5718517586739769,
    "t2": 1.7926498125031032
}