{
    "b0": 0.07914662631187862,
    "b1": -0.038107693902110634,
    "b2": -0.06410803063928053,
    "b3": 0.0034974340612162792,
    "t1": 1.0392433080130477,
    "t2": 0.2737514991262086
}