{
    "b0": 0.10563369247940313,
    "b1": -0.07093543622285464,
    "b2": 0.615211997166876,
    "b3": -0.7398330437908432,
    "t1": 0.6131350977006106,
    "t2": 0.6490920738317605
}