{
    "b0": 0.09613183971604718,
    "b1": -0.07364297085246599,
    "b2": -0.024841190881450287,
    "b3": -0.0441698734790594,
    "t1": 1.5291771012189248,
    "t2": 0.743070087226656
}