{
    "b0": 0.0892612947331387,
    "b1": -0.06968074792650365,
    "b2": -5.887513328587876e-05,
    "b3": -0.02698821429660404,
    "t1": 1.6296508524593798,
    "t2": 0.45090966871992305
}