{
    "b0": 0.08717903620416885,
    "b1": -0.06660613154696596,
    "b2": -2.5696576440640412e-05,
    "b3": -0.03790311113334725,
    "t1": 2.0651800187216893,
    "t2": 0.7524932788207906
}