{
    "b0": 0.10069976417657991,
    "b1": -0.07187936751216564,
    "b2": -0.10759288180342068,
    "b3": 2.748909433414326e-11,
    "t1": 0.9911784613467122,
    "t2": -0.5750468679070398
}