{
    "b0": 0.09492159641471709,
    "b1": -0.075955706305006,
    "b2": -0.02831662953153443,
    "b3": -0.10638750400090044,
    "t1": 0.39032853567651266,
    "t2": 0.8575399339778247
}