{
    "b0": 0.08683780066876506,
    "b1": -0.06502096034068067,
    "b2": 5.634520539726795e-07,
    "b3": -0.03814248737432202,
    "t1": 1.95484425818164,
    "t2": 0.6687529507932876
}