{
    "b0": 0.11163119258272243,
    "b1": -0.06102317713482864,
    "b2": -8.34241468929478e-06,
    "b3": 0.04567883278902204,
    "t1": 1.2152655964712546,
    "t2": 0.48821049707260933
}