{
    "b0": 0.0991061575039114,
    "b1": -0.05799637489002338,
    "b2": 3.3558424564206213e-06,
    "b3": -0.03680150728698392,
    "t1": 0.45836502121336553,
    "t2": 1.4039148074411008
}