{
    "b0": 0.11877030602938955,
    "b1": -0.04986618121073676,
    "b2": 0.03418515307089426,
    "b3": 0.034185153070894266,
    "t1": 0.5,
    "t2": 0.5
}