{
    "b0": 0.10620881263584744,
    "b1": -0.08677176200630846,
    "b2": -0.08715931400947913,
    "b3": -0.058953121839429266,
    "t1": 0.5608276751940208,
    "t2": 3.8045657635190935
}