{
    "b0": 0.09322420847230492,
    "b1": -0.05387468463903532,
    "b2": -0.009705942232234605,
    "b3": -0.009705942232234602,
    "t1": 0.5,
    "t2": 0.5
}