{
    "b0": 0.1050035841237556,
    "b1": -0.07434942833997275,
    "b2": -0.030979715481314535,
    "b3": -0.025810700499316348,
    "t1": 0.730007077792369,
    "t2": 3.598888851354764
}