{
    "b0": 0.13669280111234272,
    "b1": -0.11606557346844087,
    "b2": -0.0792025637036971,
    "b3": -0.11851559694201041,
    "t1": 0.6860179466875568,
    "t2": 5.138304733320732
}