{
    "b0": 0.10028463531010007,
    "b1": -0.012444642080542901,
    "b2": 0.033327371036698916,
    "b3": 0.033327371036698916,
    "t1": 0.5,
    "t2": 0.5
}