{
    "b0": 0.11538753557610375,
    "b1": -0.055914241229033164,
    "b2": 0.0004639403881676659,
    "b3": 0.04696696681649133,
    "t1": 1.358923667205003,
    "t2": 0.5445460302081865
}