{
    "b0": 0.10165689838979783,
    "b1": -0.06690367307564897,
    "b2": -0.032867140679920734,
    "b3": -0.034268517029404894,
    "t1": 0.46094062378686074,
    "t2": 1.606512207245061
}