{
    "b0": 0.11496060004414611,
    "b1": -0.062110833074818295,
    "b2": 1.1295450296974763e-07,
    "b3": 0.04381493676060334,
    "t1": 1.0953544882589945,
    "t2": 0.4259092223676197
}