{
    "b0": 0.10058022445417135,
    "b1": -0.07328370628325628,
    "b2": -0.026442831943424408,
    "b3": -0.026442831943424408,
    "t1": 0.5,
    "t2": 0.5
}