{
    "b0": 0.09976749559877973,
    "b1": -0.05262342804297756,
    "b2": -0.02698319193242882,
    "b3": -0.024146139327908565,
    "t1": 0.24452426609141098,
    "t2": 1.1658833489429294
}