{
    "b0": 0.09338545081596415,
    "b1": -0.07372106866771115,
    "b2": -0.07442076534946865,
    "b3": -0.038982992357586205,
    "t1": 0.5243076878784781,
    "t2": 2.0275616049412384
}