{
    "b0": 0.12322334811426988,
    "b1": -0.055977938769133734,
    "b2": 0.11312007827392134,
    "b3": -0.07052279744836558,
    "t1": 0.6302052539112406,
    "t2": 0.9107152848308835
}