{
    "b0": 0.1077759983083232,
    "b1": -0.057649074965335306,
    "b2": -0.0018723839461114757,
    "b3": 0.05361357556248689,
    "t1": 1.5007983829776055,
    "t2": 0.5556526600873545
}