{
    "b0": 0.11073347366707409,
    "b1": -0.05440680248956628,
    "b2": 4.2133500839647287e-07,
    "b3": 0.04362150472804071,
    "t1": 1.2159096291398404,
    "t2": 0.44361156579572597
}