{
    "b0": 0.12373821677050273,
    "b1": -0.05659652667498827,
    "b2": 0.034664169138825675,
    "b3": 0.03466416913882567,
    "t1": 0.5,
    "t2": 0.5
}