{
    "b0": 0.09942437270370746,
    "b1": -0.05012981932376977,
    "b2": -0.0016893344354886076,
    "b3": -0.0016893344354886076,
    "t1": 0.5,
    "t2": 0.5
}