{
    "b0": 0.09606910361635887,
    "b1": -0.05489400206237792,
    "b2": -0.051281818470220814,
    "b3": -0.031739147601666115,
    "t1": 0.1939179145155504,
    "t2": 0.9989583925206489
}