{
    "b0": 0.09924652323293434,
    "b1": -0.013186157673669274,
    "b2": 0.03121594893870587,
    "b3": 0.03121594893870586,
    "t1": 0.5,
    "t2": 0.5
}