{
    "b0": 0.10780003841985489,
    "b1": -0.05846864275294822,
    "b2": 0.0004058040560814477,
    "b3": 0.054461736129208974,
    "t1": 1.4506694882121751,
    "t2": 0.5483343428385236
}