{
    "b0": 0.11653575705194726,
    "b1": -0.04361997037263208,
    "b2": 0.03447508460945908,
    "b3": 0.03447508460945906,
    "t1": 0.5,
    "t2": 0.5
}