{
    "b0": 0.1146221761981342,
    "b1": -0.05965137064877154,
    "b2": -7.600980665711798e-07,
    "b3": 0.04307311365953313,
    "t1": 1.1339403298185,
    "t2": 0.4482739164277908
}