{
    "b0": 0.0888105921794863,
    "b1": -0.06973705301132242,
    "b2": -0.05946838773966678,
    "b3": -0.045500052299618315,
    "t1": 0.4294547518241741,
    "t2": 1.5542258139240244
}