{
    "b0": 0.09749367755039365,
    "b1": -0.055386291302007756,
    "b2": -0.02287669699357287,
    "b3": -0.031852196850685195,
    "t1": 0.2505420817438822,
    "t2": 1.181414853011593
}