{
    "b0": 0.11358571283330461,
    "b1": -0.09198207859550651,
    "b2": -0.05359708225662514,
    "b3": -0.06321745074285332,
    "t1": 0.6039910809670843,
    "t2": 4.086504585065007
}