{
    "b0": 0.11226784871205252,
    "b1": -0.06361882729557772,
    "b2": -4.345607983353983e-07,
    "b3": 0.04394034313445139,
    "t1": 1.2402262313955963,
    "t2": 0.5076110597291188
}