{
    "b0": 0.1087336802027975,
    "b1": -0.07770493325633476,
    "b2": -0.03383727355217674,
    "b3": -0.034779770985062394,
    "t1": 0.6997952364963648,
    "t2": 3.8939195478696296
}