{
    "b0": 0.10542706630123282,
    "b1": -0.08068502082622586,
    "b2": -0.03762222656866308,
    "b3": -0.03671783845325797,
    "t1": 0.6347898401837746,
    "t2": 4.917705213119744
}