{
    "b0": 0.09972515606019892,
    "b1": -0.05577891667063891,
    "b2": 0.009798890513202534,
    "b3": -0.034858723148301116,
    "t1": 0.4673472466649575,
    "t2": 1.5678934817930812
}