{
    "b0": 0.11111251186552394,
    "b1": -0.06260224504773,
    "b2": 0.018664122218171795,
    "b3": 0.0465705018643158,
    "t1": 1.915309271626729,
    "t2": 0.5896584451186683
}