{
    "b0": 0.09856921813122459,
    "b1": -0.010966034098053822,
    "b2": 0.0310785888097328,
    "b3": 0.03107858880973277,
    "t1": 0.5,
    "t2": 0.5
}