{
    "b0": 0.09978044102253125,
    "b1": -0.059043831536681336,
    "b2": -2.4668281321277297e-05,
    "b3": -0.034094202765356615,
    "t1": 0.487173399958207,
    "t2": 1.6236021834119212
}