{
    "b0": 0.09866383539603456,
    "b1": -0.05985159865170699,
    "b2": -0.14693593530385987,
    "b3": 0.16193794620043295,
    "t1": 1.2125048922500066,
    "t2": 1.0095551909329168
}