{
    "b0": 0.10705782240800611,
    "b1": -0.054953827829166066,
    "b2": -0.05696974897446501,
    "b3": -0.041834975156603206,
    "t1": 0.13497741958058002,
    "t2": 0.7503112555931174
}