{
    "b0": 0.10257770328356841,
    "b1": -0.06910616358344994,
    "b2": -0.043698549643340016,
    "b3": -0.018293975544610007,
    "t1": 0.4765618734387367,
    "t2": 1.8663219585523891
}