{
    "b0": 0.09731932905909249,
    "b1": -0.07028884261031185,
    "b2": -0.05162071422973106,
    "b3": -0.11447565463183718,
    "t1": 0.10560474772279231,
    "t2": 0.4310919977246219
}