{
    "b0": 0.096850979465453,
    "b1": -0.07116141516989818,
    "b2": -0.023341264927564966,
    "b3": -0.02334126492756497,
    "t1": 0.5,
    "t2": 0.5
}