{
    "b0": 0.11471442978584094,
    "b1": -0.061131148566956464,
    "b2": -1.7925157711276563e-07,
    "b3": 0.04450978331091901,
    "t1": 1.125247353740608,
    "t2": 0.4538227573623772
}