{
    "b0": 0.09896159599394848,
    "b1": -0.052279861781576537,
    "b2": -0.03642807163141935,
    "b3": -0.030706880854242863,
    "t1": 0.18532192520261334,
    "t2": 0.9525814123301013
}