{
    "b0": 0.09946361985397945,
    "b1": -0.08063676252314951,
    "b2": -0.06770947953686617,
    "b3": -0.050458448162910605,
    "t1": 0.5383308728156867,
    "t2": 3.017061657172373
}