{
    "b0": 0.11000605023785534,
    "b1": -0.028089153250384153,
    "b2": 0.02744883279328724,
    "b3": 0.02744883279328725,
    "t1": 0.5,
    "t2": 0.5
}