{
    "b0": 0.09689469147691263,
    "b1": -0.05564663806111825,
    "b2": -0.05193479072991187,
    "b3": -0.034816593617132824,
    "t1": 0.19576230057282257,
    "t2": 1.0050995365997726
}