{
    "b0": 0.09929533326298046,
    "b1": -0.07397333027757792,
    "b2": 0.6664656408118206,
    "b3": -0.6754498659651059,
    "t1": 0.9235655414052736,
    "t2": 0.9148782176462963
}