{
    "b0": 0.10581556157458513,
    "b1": -0.07409224573982238,
    "b2": -0.03628912292668501,
    "b3": -0.02728879376613513,
    "t1": 0.6316609182130872,
    "t2": 3.4402115561895754
}