{
    "b0": 0.11489347079252281,
    "b1": -0.04226562510871338,
    "b2": 0.035342729498447606,
    "b3": 0.03534272949844758,
    "t1": 0.5,
    "t2": 0.5
}