{
    "b0": 0.08490210286661973,
    "b1": -0.057934174996955384,
    "b2": 0.061675585963571485,
    "b3": -0.11144425798819559,
    "t1": 1.8446530571611972,
    "t2": -67.91917309351965
}