{
    "b0": 0.09238961927092038,
    "b1": -0.07359476099093966,
    "b2": -0.05945476632935559,
    "b3": -0.03739154973911489,
    "t1": 0.5167538620323452,
    "t2": 1.9751287527668562
}