{
    "b0": 0.11579653601280485,
    "b1": -0.06407604268536674,
    "b2": 1.20966802816605e-06,
    "b3": 0.0402449682749431,
    "t1": 1.1282549896273515,
    "t2": 0.41689343918027105
}