{
    "b0": 0.09504707569230418,
    "b1": -0.07620730656238615,
    "b2": -0.06778755326046182,
    "b3": -0.03999055417017784,
    "t1": 0.5143183568494312,
    "t2": 2.30948711270656
}