{
    "b0": 0.09859964158407133,
    "b1": -0.0576296642198842,
    "b2": 3.211665725087742e-05,
    "b3": -0.03554696841215904,
    "t1": 0.46261341411490453,
    "t2": 1.4108358279450728
}