{
    "b0": 0.0996326022823958,
    "b1": -0.01281945874945686,
    "b2": 0.0324845474861599,
    "b3": 0.0324845474861599,
    "t1": 0.5,
    "t2": 0.5
}