{
    "b0": 0.10088827336456684,
    "b1": -0.0649890982436869,
    "b2": -0.03908808222830728,
    "b3": -0.03677241980826348,
    "t1": 0.3915458067249415,
    "t2": 1.5886871362988997
}