{
    "b0": 0.09709120407892106,
    "b1": -0.05818998744509605,
    "b2": -0.08107969867238737,
    "b3": 0.0976588639014243,
    "t1": 1.202916386992147,
    "t2": 0.9195296541675667
}