{
    "b0": 0.11533107320077082,
    "b1": -0.09419797345081686,
    "b2": -0.05493793059755724,
    "b3": -0.06262438117203126,
    "t1": 0.6793812497258137,
    "t2": 4.5958881119096135
}