{
    "b0": 0.11680482369398856,
    "b1": -0.04398022039508168,
    "b2": 0.0364762879144288,
    "b3": 0.036476287914428834,
    "t1": 0.5,
    "t2": 0.5
}