{
    "b0": 0.10091674923384734,
    "b1": -0.0814584314301921,
    "b2": -0.08375375786255236,
    "b3": -0.0536327745685886,
    "t1": 0.5201718582033228,
    "t2": 3.491613594671832
}