{
    "b0": 0.11785083549514377,
    "b1": -0.09882388692089394,
    "b2": -0.07452035751733992,
    "b3": -0.08714160931769033,
    "t1": 0.6439230839223233,
    "t2": 4.290410006123247
}