{
    "b0": 0.10163363082104282,
    "b1": -0.016366312111785453,
    "b2": 0.03257868480450142,
    "b3": 0.03257868480450141,
    "t1": 0.5,
    "t2": 0.5
}