{
    "b0": 0.12295720264358423,
    "b1": -0.10291190721994367,
    "b2": -0.07280149877125562,
    "b3": -0.08888538520647096,
    "t1": 0.6461977618183827,
    "t2": 4.672764508561483
}