{
    "b0": 0.09447770328170675,
    "b1": -0.0698176462162444,
    "b2": -0.4190146206022966,
    "b3": 0.39876837179344954,
    "t1": 0.6917608420397714,
    "t2": 0.7016461482282824
}