{
    "b0": 0.11173984015046334,
    "b1": -0.08949693104793692,
    "b2": -0.05285040728558402,
    "b3": -0.0631454531043982,
    "t1": 0.5735616339393972,
    "t2": 4.026874136620265
}