{
    "b0": 0.1160281730636049,
    "b1": -0.08277208726679004,
    "b2": -0.04881326440478741,
    "b3": -0.05215288324925178,
    "t1": 0.6283495443113063,
    "t2": 4.879223291978652
}