{
    "b0": 0.10107302117804268,
    "b1": -0.08197832648567585,
    "b2": -0.06748034965553969,
    "b3": -0.04653569645751396,
    "t1": 0.5643343303799935,
    "t2": 3.10139794162695
}