{
    "b0": 0.11885953327593067,
    "b1": -0.05614036155541963,
    "b2": -0.00010611534427563615,
    "b3": 0.04538451066319387,
    "t1": 1.0016265661559511,
    "t2": 0.4716505436961561
}