{
    "b0": 0.10524384151733439,
    "b1": -0.057574995189587766,
    "b2": 0.6474171491923474,
    "b3": -0.6264533486579732,
    "t1": 1.0075295761750638,
    "t2": 1.055396248775607
}