{
    "b0": 0.12164202333007003,
    "b1": -0.054109821417455614,
    "b2": 0.032637140829656075,
    "b3": 0.03263714082965612,
    "t1": 0.5,
    "t2": 0.5
}