{
    "b0": 0.098448029522564,
    "b1": -0.0715089681429806,
    "b2": -0.027145619642152494,
    "b3": -0.027145619642152497,
    "t1": 0.5,
    "t2": 0.5
}