{
    "b0": 0.0960532777269127,
    "b1": -0.055140931515539365,
    "b2": -0.042384639051865104,
    "b3": -0.04432758370491322,
    "t1": 0.18289753581349422,
    "t2": 0.8157696630802095
}