{
    "b0": 0.11390569759487952,
    "b1": -0.03809400867676434,
    "b2": 0.03670842729675426,
    "b3": 0.03670842729675425,
    "t1": 0.5,
    "t2": 0.5
}