{
    "b0": 0.11152765451904532,
    "b1": -0.09222189078988002,
    "b2": -0.06955836459562915,
    "b3": -0.06572295667083598,
    "t1": 0.6345238627351336,
    "t2": 4.001763512101969
}