{
    "b0": 0.09103496443035973,
    "b1": -0.054213657011716654,
    "b2": -0.01452738849213522,
    "b3": -0.014527388492135224,
    "t1": 0.5,
    "t2": 0.5
}