{
    "b0": 0.09858734748838739,
    "b1": -0.07893681317347621,
    "b2": -0.08289380588305954,
    "b3": -0.0461377629531375,
    "t1": 0.5044597805315991,
    "t2": 2.982094778850838
}