{
    "b0": 0.11708182452217655,
    "b1": -0.04291576849034313,
    "b2": 0.03810237917674777,
    "b3": 0.03810237917674773,
    "t1": 0.5,
    "t2": 0.5
}