{
    "b0": 0.11534418290978282,
    "b1": -0.05632621158507701,
    "b2": 0.017457348021987368,
    "b3": 0.048538302400132925,
    "t1": 1.8750888043164855,
    "t2": 0.5810219158558394
}