{
    "b0": 0.09663417973839225,
    "b1": -0.07062575980154782,
    "b2": -0.023361383336628135,
    "b3": -0.02336138333662814,
    "t1": 0.5,
    "t2": 0.5
}