{
    "b0": 0.09712843574108229,
    "b1": -0.05635316465067654,
    "b2": -0.03252499875795105,
    "b3": -0.033590550565706694,
    "t1": 0.2355950811963544,
    "t2": 1.1077838980594692
}