{
    "b0": 0.11401310145949589,
    "b1": -0.03899938222835791,
    "b2": 0.039123409775419705,
    "b3": 0.03912340977541968,
    "t1": 0.5,
    "t2": 0.5
}