{
    "b0": 0.10068386170770888,
    "b1": -0.07272989123019999,
    "b2": -0.025602616951081063,
    "b3": -0.025602616951081063,
    "t1": 0.5,
    "t2": 0.5
}