{
    "b0": 0.1095419096559954,
    "b1": -0.003497759944069593,
    "b2": 0.025031418538884086,
    "b3": 0.025031418538884073,
    "t1": 0.5,
    "t2": 0.5
}