{
    "b0": 0.11691055388389945,
    "b1": -0.027609528430051856,
    "b2": 0.7576731794975423,
    "b3": -0.7030765939707189,
    "t1": 0.7281297726211245,
    "t2": 0.7766448028440316
}