{
    "b0": 0.1310628263683227,
    "b1": 0.0036221460367444787,
    "b2": 0.01198688557931309,
    "b3": 0.01198688557931309,
    "t1": 0.5,
    "t2": 0.5
}