{
    "b0": 0.10984773025991734,
    "b1": 0.006056200223381946,
    "b2": 0.027237721649866643,
    "b3": 0.027237721649866632,
    "t1": 0.5,
    "t2": 0.5
}