{
    "b0": 0.10977658540737843,
    "b1": -0.0038947232811363487,
    "b2": 0.017254459975187937,
    "b3": 0.01725445997518795,
    "t1": 0.5,
    "t2": 0.5
}