{
    "b0": 0.12030575496557547,
    "b1": 0.00489021855720068,
    "b2": 0.01882186372081318,
    "b3": 0.018821863720813178,
    "t1": 0.5,
    "t2": 0.5
}