{
    "b0": 0.11233687817808595,
    "b1": 0.024918122207280707,
    "b2": 0.01795292942348544,
    "b3": 0.01795292942348544,
    "t1": 0.5,
    "t2": 0.5
}