{
    "b0": 0.11037797917524074,
    "b1": 0.028712650273372886,
    "b2": 0.011965163267752807,
    "b3": 0.0119651632677528,
    "t1": 0.5,
    "t2": 0.5
}