{
    "b0": 0.11396605284648337,
    "b1": 0.023152168826989367,
    "b2": 0.015529892826620846,
    "b3": 0.015529892826620853,
    "t1": 0.5,
    "t2": 0.5
}