{
    "b0": 0.12702096725384068,
    "b1": -0.009839387364115996,
    "b2": 0.06450914435866421,
    "b3": -0.05528379277035262,
    "t1": 0.5538968684778969,
    "t2": 1.7395261928375203
}