{
    "b0": 0.10973104251393437,
    "b1": 0.027361263692848803,
    "b2": 0.019873975401934793,
    "b3": 0.0198739754019348,
    "t1": 0.5,
    "t2": 0.5
}