{
    "b0": 0.12601606259852927,
    "b1": 0.005074070713434145,
    "b2": 0.017199166715984683,
    "b3": 0.017199166715984662,
    "t1": 0.5,
    "t2": 0.5
}