{
    "b0": 0.12592974172924806,
    "b1": -0.006811861137513463,
    "b2": 0.6677854006985446,
    "b3": -0.6526279464198146,
    "t1": 0.8687634645187527,
    "t2": 0.9369836261277933
}