{
    "b0": 0.11580476964491433,
    "b1": 0.010100056847456417,
    "b2": 0.019546785501431154,
    "b3": 0.019546785501431165,
    "t1": 0.5,
    "t2": 0.5
}