{
    "b0": 0.12384923535634018,
    "b1": 0.011132539084576242,
    "b2": 0.016677538641397878,
    "b3": 0.01667753864139787,
    "t1": 0.5,
    "t2": 0.5
}