{
    "b0": 0.1079745608986572,
    "b1": -0.0005062126676642978,
    "b2": 0.025055231774065403,
    "b3": 0.025055231774065396,
    "t1": 0.5,
    "t2": 0.5
}