{
    "b0": 0.11626065555089118,
    "b1": -0.002304797761778157,
    "b2": 0.02183234927724093,
    "b3": 0.02183234927724092,
    "t1": 0.5,
    "t2": 0.5
}