{
    "b0": 0.10782114267692354,
    "b1": 0.029101144195743424,
    "b2": 0.020609602766439493,
    "b3": 0.0206096027664395,
    "t1": 0.5,
    "t2": 0.5
}