{
    "b0": 0.11104087966242211,
    "b1": -0.0027873761237828566,
    "b2": 0.029080234933476085,
    "b3": 0.029080234933476078,
    "t1": 0.5,
    "t2": 0.5
}