{
    "b0": 0.1253613473943212,
    "b1": 0.011899919259819184,
    "b2": 0.006753542858179628,
    "b3": 0.006753542858179628,
    "t1": 0.5,
    "t2": 0.5
}