{
    "b0": 0.11428176801309427,
    "b1": 0.01181796247484277,
    "b2": 0.019880436353142534,
    "b3": 0.01988043635314253,
    "t1": 0.5,
    "t2": 0.5
}