{
    "b0": 0.10726363157119233,
    "b1": 0.029993453888246348,
    "b2": 0.020289731748892488,
    "b3": 0.02028973174889248,
    "t1": 0.5,
    "t2": 0.5
}