{
    "b0": 0.10647879927563957,
    "b1": -0.018119776859660812,
    "b2": 0.033770472967328644,
    "b3": 0.03377047296732866,
    "t1": 0.5,
    "t2": 0.5
}