{
    "b0": 0.11726308216170665,
    "b1": -0.02621205028445793,
    "b2": -0.05291823873893968,
    "b3": 0.11373212220156201,
    "t1": 1.1719989446516033,
    "t2": 0.5474155597766521
}