{
    "b0": 0.12439685598447671,
    "b1": 0.010043718870548717,
    "b2": 0.01360717526497176,
    "b3": 0.013607175264971759,
    "t1": 0.5,
    "t2": 0.5
}