{
    "b0": 0.12422208507188386,
    "b1": 0.006107220308102099,
    "b2": 0.017774717375523236,
    "b3": 0.01777471737552324,
    "t1": 0.5,
    "t2": 0.5
}