{
    "b0": 0.10956883617720015,
    "b1": 0.027561527785169078,
    "b2": 0.019669865560272955,
    "b3": 0.01966986556027294,
    "t1": 0.5,
    "t2": 0.5
}