{
    "b0": 0.11369020060017161,
    "b1": 0.024787102639490008,
    "b2": 0.010564596358853297,
    "b3": 0.010564596358853293,
    "t1": 0.5,
    "t2": 0.5
}