{
    "b0": 0.12256645715966746,
    "b1": 0.008910147356753238,
    "b2": 0.014827465159326546,
    "b3": 0.014827465159326546,
    "t1": 0.5,
    "t2": 0.5
}