{
    "b0": 0.10798936248717866,
    "b1": 0.03061437284338573,
    "b2": 0.013822744553347682,
    "b3": 0.013822744553347682,
    "t1": 0.5,
    "t2": 0.5
}