{
    "b0": 0.10813805249308896,
    "b1": -0.019117275104486256,
    "b2": 0.03187848311391263,
    "b3": 0.031878483113912615,
    "t1": 0.5,
    "t2": 0.5
}