{
    "b0": 0.11672884322352986,
    "b1": 0.007280488582254312,
    "b2": 0.017237539728506425,
    "b3": 0.017237539728506418,
    "t1": 0.5,
    "t2": 0.5
}