{
    "b0": 0.1104543359064552,
    "b1": 0.027449668648164317,
    "b2": 0.01563136005056278,
    "b3": 0.01563136005056278,
    "t1": 0.5,
    "t2": 0.5
}