{
    "b0": 0.13050347455164077,
    "b1": 0.0038446049848630762,
    "b2": 0.01584080963999263,
    "b3": 0.015840809639992622,
    "t1": 0.5,
    "t2": 0.5
}