{
    "b0": 0.11778243368903313,
    "b1": 0.01998868233559188,
    "b2": 0.010560980404663774,
    "b3": 0.010560980404663774,
    "t1": 0.5,
    "t2": 0.5
}