{
    "b0": 0.10647082417905253,
    "b1": 0.030931757544883053,
    "b2": 0.019807992229418314,
    "b3": 0.019807992229418307,
    "t1": 0.5,
    "t2": 0.5
}