{
    "b0": 0.11115660026478347,
    "b1": 0.004928902747836028,
    "b2": 0.028756703463249475,
    "b3": 0.028756703463249468,
    "t1": 0.5,
    "t2": 0.5
}