{
    "b0": 0.122552422649306,
    "b1": 0.012362081575755846,
    "b2": 0.017571664673722277,
    "b3": 0.01757166467372228,
    "t1": 0.5,
    "t2": 0.5
}