{
    "b0": 0.11824681081874888,
    "b1": 0.01304787560411537,
    "b2": 0.015286221335126342,
    "b3": 0.015286221335126342,
    "t1": 0.5,
    "t2": 0.5
}