{
    "b0": 0.11030427688425556,
    "b1": 0.028460323443667265,
    "b2": 0.012048344245416686,
    "b3": 0.012048344245416677,
    "t1": 0.5,
    "t2": 0.5
}