{
    "b0": 0.11498734042859311,
    "b1": 0.012109227184480115,
    "b2": 0.01924354375532801,
    "b3": 0.019243543755328017,
    "t1": 0.5,
    "t2": 0.5
}