{
    "b0": 0.11590025991558549,
    "b1": 0.008633276098268871,
    "b2": 0.015987312962741255,
    "b3": 0.01598731296274125,
    "t1": 0.5,
    "t2": 0.5
}