{
    "b0": 0.1287906122186949,
    "b1": 0.004327228628286774,
    "b2": 0.012846581619318934,
    "b3": 0.012846581619318929,
    "t1": 0.5,
    "t2": 0.5
}