{
    "b0": 0.10956114355413758,
    "b1": -0.00469902786586014,
    "b2": 0.02474061762567552,
    "b3": 0.024740617625675525,
    "t1": 0.5,
    "t2": 0.5
}