{
    "b0": 0.10926642897452704,
    "b1": 0.029077719372470848,
    "b2": 0.01382103113658293,
    "b3": 0.013821031136582932,
    "t1": 0.5,
    "t2": 0.5
}