{
    "b0": 0.10888943447317274,
    "b1": 0.02838273328162464,
    "b2": 0.01743407351213303,
    "b3": 0.017434073512133042,
    "t1": 0.5,
    "t2": 0.5
}