{
    "b0": 0.10706889930564895,
    "b1": 0.009083591641742127,
    "b2": 0.025388750261685133,
    "b3": 0.025388750261685144,
    "t1": 0.5,
    "t2": 0.5
}