{
    "b0": 0.1091347053378315,
    "b1": 0.028473253136435513,
    "b2": 0.016496819536734743,
    "b3": 0.01649681953673474,
    "t1": 0.5,
    "t2": 0.5
}