{
    "b0": 0.10969766701683496,
    "b1": 0.02884093586059701,
    "b2": 0.01301715101157729,
    "b3": 0.01301715101157729,
    "t1": 0.5,
    "t2": 0.5
}