{
    "b0": 0.11682467914281451,
    "b1": -0.007396907681897581,
    "b2": 0.0285066208629832,
    "b3": 0.028506620862983202,
    "t1": 0.5,
    "t2": 0.5
}