{
    "b0": 0.12257250079767226,
    "b1": 0.007566941376661173,
    "b2": 0.010606936795503527,
    "b3": 0.010606936795503528,
    "t1": 0.5,
    "t2": 0.5
}