{
    "b0": 0.11025619481407012,
    "b1": -0.005203092092383722,
    "b2": 0.02655807321666469,
    "b3": 0.02655807321666471,
    "t1": 0.5,
    "t2": 0.5
}