{
    "b0": 0.12064349367828227,
    "b1": 0.010220060918885037,
    "b2": 0.015260896296013253,
    "b3": 0.015260896296013259,
    "t1": 0.5,
    "t2": 0.5
}