{
    "b0": 0.11022394578455391,
    "b1": 0.02821237719234323,
    "b2": 0.01281179497722525,
    "b3": 0.01281179497722525,
    "t1": 0.5,
    "t2": 0.5
}