{
    "b0": 0.12008203227633743,
    "b1": 0.008097343134325776,
    "b2": 0.01623053587501672,
    "b3": 0.016230535875016702,
    "t1": 0.5,
    "t2": 0.5
}