{
    "b0": 0.1126172702436719,
    "b1": -0.004310856240565139,
    "b2": 0.03126702914355977,
    "b3": 0.03126702914355977,
    "t1": 0.5,
    "t2": 0.5
}