{
    "b0": 0.11876815066140936,
    "b1": -0.02776557665662751,
    "b2": 0.12774361019358843,
    "b3": -0.08395119513937818,
    "t1": 0.598724328843394,
    "t2": 1.0246760109521238
}