{
    "b0": 0.1254135303354144,
    "b1": 0.005498832271098233,
    "b2": 0.016427967632004995,
    "b3": 0.01642796763200499,
    "t1": 0.5,
    "t2": 0.5
}