{
    "b0": 0.12140966290955553,
    "b1": 0.009104594229599874,
    "b2": 0.015110600275219727,
    "b3": 0.015110600275219717,
    "t1": 0.5,
    "t2": 0.5
}