{
    "b0": 0.10789781957787642,
    "b1": -0.007239642437480228,
    "b2": 0.028504047513587868,
    "b3": 0.02850404751358785,
    "t1": 0.5,
    "t2": 0.5
}