{
    "b0": 0.10941880460407857,
    "b1": 0.029251582006982253,
    "b2": 0.012500067357280317,
    "b3": 0.012500067357280317,
    "t1": 0.5,
    "t2": 0.5
}