{
    "b0": 0.11957174921400388,
    "b1": 0.008669860287941096,
    "b2": 0.016315650134420854,
    "b3": 0.016315650134420857,
    "t1": 0.5,
    "t2": 0.5
}