{
    "b0": 0.11714884346745777,
    "b1": -0.006781803490775319,
    "b2": 0.024029107853429446,
    "b3": 0.02402910785342946,
    "t1": 0.5,
    "t2": 0.5
}