{
    "b0": 0.1278434438277165,
    "b1": 0.007983707497734143,
    "b2": 0.009532774432230834,
    "b3": 0.009532774432230834,
    "t1": 0.5,
    "t2": 0.5
}