{
    "b0": 0.11875273188105318,
    "b1": -0.02462150799714225,
    "b2": -0.06743956790823114,
    "b3": 0.11611409043880164,
    "t1": 1.1954326662493293,
    "t2": 0.5376814830352837
}