{
    "b0": 0.12997553211178062,
    "b1": 0.0027519898781262885,
    "b2": 0.012845730705684018,
    "b3": 0.012845730705684025,
    "t1": 0.5,
    "t2": 0.5
}