{
    "b0": 0.11512602949216685,
    "b1": -0.00112610953729839,
    "b2": 0.02423540288460683,
    "b3": 0.0242354028846068,
    "t1": 0.5,
    "t2": 0.5
}