{
    "b0": 0.11181244314106387,
    "b1": 0.026414866941759263,
    "b2": 0.012349691649993276,
    "b3": 0.012349691649993276,
    "t1": 0.5,
    "t2": 0.5
}