{
    "b0": 0.13262662580570053,
    "b1": 0.0011713322083502214,
    "b2": 0.016547058477856137,
    "b3": 0.016547058477856137,
    "t1": 0.5,
    "t2": 0.5
}