{
    "b0": 0.12461361080245509,
    "b1": -0.008110825700099711,
    "b2": 0.33728961948936376,
    "b3": -0.3136780588379426,
    "t1": 0.8634179834618172,
    "t2": 1.0287055285485365
}