{
    "b0": 0.12377537828411302,
    "b1": 0.013941352029841435,
    "b2": 0.006722277410222119,
    "b3": 0.006722277410222119,
    "t1": 0.5,
    "t2": 0.5
}