{
    "b0": 0.12448067174681181,
    "b1": 0.011690803510745699,
    "b2": 0.01232401023695897,
    "b3": 0.012324010236958977,
    "t1": 0.5,
    "t2": 0.5
}