{
    "b0": 0.11050596087441228,
    "b1": 0.03044404941031505,
    "b2": 0.0030671658310746745,
    "b3": 0.0030671658310746745,
    "t1": 0.5,
    "t2": 0.5
}