{
    "b0": 0.1032015865159044,
    "b1": 0.03523449294272932,
    "b2": -0.012263547119813768,
    "b3": -0.012263547119813771,
    "t1": 0.5,
    "t2": 0.5
}