{
    "b0": 0.12821164420087972,
    "b1": 0.009741993325659943,
    "b2": 0.0027552405288454995,
    "b3": 0.0027552405288454995,
    "t1": 0.5,
    "t2": 0.5
}