{
    "b0": 0.10806162015345797,
    "b1": 0.008715252807480965,
    "b2": -0.0609619535873191,
    "b3": 0.020599737612713026,
    "t1": 0.8532421090405783,
    "t2": 0.2589306086259551
}