{
    "b0": 0.09924479848272502,
    "b1": 0.04276646750818011,
    "b2": -0.0033248290939703745,
    "b3": -0.0033248290939703815,
    "t1": 0.5,
    "t2": 0.5
}