{
    "b0": 0.10214403800659773,
    "b1": 0.0393644683367905,
    "b2": -0.01009790182645767,
    "b3": -0.010097901826457674,
    "t1": 0.5,
    "t2": 0.5
}