{
    "b0": 0.11288049816528382,
    "b1": 0.016004628495073173,
    "b2": -0.01803728086611829,
    "b3": -0.018037280866118294,
    "t1": 0.5,
    "t2": 0.5
}