{
    "b0": 0.11738265612955945,
    "b1": 0.023435355531049334,
    "b2": -0.0015286870912536148,
    "b3": -0.001528687091253613,
    "t1": 0.5,
    "t2": 0.5
}