{
    "b0": 0.11223648772291309,
    "b1": 0.0041628912347032015,
    "b2": -0.061831746188562686,
    "b3": 0.015412788576492649,
    "t1": 1.0324297279165937,
    "t2": 0.1812497003783629
}