{
    "b0": 0.11982212059776294,
    "b1": 0.010195001248318247,
    "b2": -0.7638432611277155,
    "b3": 0.7064811433500412,
    "t1": 0.634382417102446,
    "t2": 0.5941954885240729
}