{
    "b0": 0.12683555565916754,
    "b1": 0.01128754490635365,
    "b2": 0.002961220585434821,
    "b3": 0.00296122058543482,
    "t1": 0.5,
    "t2": 0.5
}