{
    "b0": 0.1411971299460067,
    "b1": -0.005272796536685647,
    "b2": -0.6494086820009501,
    "b3": 0.6133009243307966,
    "t1": 0.6545195691863664,
    "t2": 0.6100860805610322
}