{
    "b0": 0.12481727303011068,
    "b1": 0.0021139516559562956,
    "b2": -0.0913352548515416,
    "b3": 0.0343037062797303,
    "t1": 0.8249953887591538,
    "t2": 0.34580425102422807
}