{
    "b0": 0.14322465570763543,
    "b1": -0.007542753670644952,
    "b2": -0.7018289521575957,
    "b3": 0.6731689223130808,
    "t1": 0.6655992168837086,
    "t2": 0.630043168048608
}