{
    "b0": 0.10953210720407261,
    "b1": 0.0071654603579636485,
    "b2": -0.06156615136440536,
    "b3": 0.0176267118866378,
    "t1": 0.9340712479715376,
    "t2": 0.22829829975078955
}