{
    "b0": 0.1286654955305529,
    "b1": 0.01335484957542322,
    "b2": -0.013609664519566666,
    "b3": -0.013609664519566673,
    "t1": 0.5,
    "t2": 0.5
}