{
    "b0": 0.12147419003352043,
    "b1": 0.0055568584826054795,
    "b2": -0.11929214949752379,
    "b3": 0.06390736474987803,
    "t1": 0.7540352313126855,
    "t2": 0.414731716440833
}