{
    "b0": 0.10022065632107519,
    "b1": 0.04246862533628157,
    "b2": -0.00532618142371262,
    "b3": -0.00532618142371262,
    "t1": 0.5,
    "t2": 0.5
}