{
    "b0": 0.1167053984074079,
    "b1": 0.024711055019153445,
    "b2": -0.00240885303372889,
    "b3": -0.002408853033728892,
    "t1": 0.5,
    "t2": 0.5
}