{
    "b0": 0.1091631317325849,
    "b1": 0.027107659420971673,
    "b2": -0.02215700489865792,
    "b3": -0.022157004898657923,
    "t1": 0.5,
    "t2": 0.5
}