{
    "b0": 0.12891260881296127,
    "b1": 0.007704745765236309,
    "b2": 0.006715536939885046,
    "b3": 0.006715536939885045,
    "t1": 0.5,
    "t2": 0.5
}