{
    "b0": 0.10168492031192193,
    "b1": 0.041028252262725294,
    "b2": -0.0021658425904704966,
    "b3": -0.0021658425904704896,
    "t1": 0.5,
    "t2": 0.5
}