{
    "b0": 0.12506756350551707,
    "b1": 0.011743163789200307,
    "b2": 0.008234112622769395,
    "b3": 0.008234112622769395,
    "t1": 0.5,
    "t2": 0.5
}