{
    "b0": 0.1137802183451644,
    "b1": 0.021382597200516076,
    "b2": -0.6513342058552737,
    "b3": 0.6059447752307424,
    "t1": 0.6661652091372712,
    "t2": 0.6119263138438898
}