{
    "b0": 0.13923608780826857,
    "b1": -0.0037001085326964084,
    "b2": -1.0020875635839606,
    "b3": 0.9663560738141332,
    "t1": 0.630405127109825,
    "t2": 0.5992230238628674
}