{
    "b0": 0.11696013964026544,
    "b1": 0.02492605971988717,
    "b2": -0.0038305854155104083,
    "b3": -0.0038305854155104013,
    "t1": 0.5,
    "t2": 0.5
}