{
    "b0": 0.11552630297333122,
    "b1": 0.005726346412006942,
    "b2": -0.07106822069201621,
    "b3": 0.024336044574907664,
    "t1": 0.7949374175731498,
    "t2": 0.39091869961289694
}