{
    "b0": 0.12354568113801452,
    "b1": 0.0036107115770941025,
    "b2": -0.115643852099999,
    "b3": 0.061535784095061684,
    "t1": 0.7415023412076845,
    "t2": 0.5047285060006148
}