{
    "b0": 0.12172236356028365,
    "b1": 0.016239922517976655,
    "b2": 0.006506547984373811,
    "b3": 0.006506547984373809,
    "t1": 0.5,
    "t2": 0.5
}