{
    "b0": 0.11787443407908005,
    "b1": 0.00855225863665012,
    "b2": -0.017062758722985193,
    "b3": -0.017062758722985186,
    "t1": 0.5,
    "t2": 0.5
}