{
    "b0": 0.10421822311059166,
    "b1": 0.03856859395297601,
    "b2": -0.0025991996646506053,
    "b3": -0.002599199664650602,
    "t1": 0.5,
    "t2": 0.5
}