{
    "b0": 0.1303696488569154,
    "b1": 0.00918654795477737,
    "b2": -0.004894756162449209,
    "b3": -0.00489475616244921,
    "t1": 0.5,
    "t2": 0.5
}