{
    "b0": 0.1225158573639862,
    "b1": 0.01920589503974649,
    "b2": -0.006065432155545902,
    "b3": -0.006065432155545902,
    "t1": 0.5,
    "t2": 0.5
}