{
    "b0": 0.10611721263564493,
    "b1": 0.0318920762940636,
    "b2": -0.016846168991477162,
    "b3": -0.016846168991477145,
    "t1": 0.5,
    "t2": 0.5
}