{
    "b0": 0.11537781854236319,
    "b1": 0.00427111042541032,
    "b2": -0.06150089874999129,
    "b3": 0.011969552331777251,
    "t1": 0.9399014029546757,
    "t2": 0.25556531992385645
}