{
    "b0": 0.11986751964703911,
    "b1": 0.021657546371162295,
    "b2": -0.005041842084542665,
    "b3": -0.005041842084542665,
    "t1": 0.5,
    "t2": 0.5
}