{
    "b0": 0.1206350653011129,
    "b1": 0.017109218680102168,
    "b2": 0.00818325615962923,
    "b3": 0.008183256159629228,
    "t1": 0.5,
    "t2": 0.5
}