{
    "b0": 0.11459505608355056,
    "b1": 0.026391733446201483,
    "b2": -0.0010015575425145248,
    "b3": -0.0010015575425145265,
    "t1": 0.5,
    "t2": 0.5
}