{
    "b0": 0.10158237208543257,
    "b1": 0.03899211592189814,
    "b2": -0.009717323886824326,
    "b3": -0.009717323886824305,
    "t1": 0.5,
    "t2": 0.5
}