{
    "b0": 0.13047589324324504,
    "b1": 0.00631049556532565,
    "b2": 0.005024100421629528,
    "b3": 0.005024100421629526,
    "t1": 0.5,
    "t2": 0.5
}