{
    "b0": 0.11109822891172567,
    "b1": 0.029492691193489053,
    "b2": 0.003423740271756938,
    "b3": 0.0034237402717569344,
    "t1": 0.5,
    "t2": 0.5
}