{
    "b0": 0.11189665622770703,
    "b1": 0.010930489095129628,
    "b2": -0.7717461347404588,
    "b3": 0.7392943472495509,
    "t1": 1.6728636844757605,
    "t2": 1.753470776086626
}