{
    "b0": 0.12102646666953154,
    "b1": 0.020033956689271958,
    "b2": -0.004161252919455483,
    "b3": -0.004161252919455472,
    "t1": 0.5,
    "t2": 0.5
}