{
    "b0": 0.10170701613776968,
    "b1": 0.04094681153344487,
    "b2": -0.005353584489665627,
    "b3": -0.005353584489665613,
    "t1": 0.5,
    "t2": 0.5
}