{
    "b0": 0.11639989358462688,
    "b1": 0.010077030726512663,
    "b2": -0.05755488844758999,
    "b3": 0.02849051218815878,
    "t1": 1.0555360647532488,
    "t2": 3.301851783541025
}