{
    "b0": 0.12060707525767816,
    "b1": 0.005509744576467817,
    "b2": -0.20477913454961044,
    "b3": 0.16224449308571015,
    "t1": 1.307981312327577,
    "t2": 1.5123169316889766
}