{
    "b0": 0.10665299189527999,
    "b1": 0.03220455985788725,
    "b2": -0.01745328566064739,
    "b3": -0.017453285660647376,
    "t1": 0.5,
    "t2": 0.5
}