{
    "b0": 0.09983368899367777,
    "b1": 0.042677213432271766,
    "b2": -0.0043711352160710135,
    "b3": -0.0043711352160710065,
    "t1": 0.5,
    "t2": 0.5
}