{
    "b0": 0.1054248241110364,
    "b1": 0.036954298585699895,
    "b2": -0.0017757508503939076,
    "b3": -0.0017757508503939146,
    "t1": 0.5,
    "t2": 0.5
}