{
    "b0": 0.12238553475233269,
    "b1": 0.003191806208720196,
    "b2": 0.28322484738892917,
    "b3": -0.33140946605044974,
    "t1": 0.6498530748025404,
    "t2": 0.6939171152391154
}