{
    "b0": 0.12002790021206694,
    "b1": 0.01014947311500487,
    "b2": -0.872745498336618,
    "b3": 0.8172487340581618,
    "t1": 0.6249522748279264,
    "t2": 0.5906074863797873
}