{
    "b0": 0.1178186112941818,
    "b1": 0.004002710987907638,
    "b2": -0.04858539610617745,
    "b3": 0.008683815342565635,
    "t1": 0.9315296241234174,
    "t2": 0.2131255463243208
}