{
    "b0": 0.11445851083427991,
    "b1": 0.005365019981350667,
    "b2": -0.08617472354563538,
    "b3": 0.03916280672830073,
    "t1": 0.7982131317993715,
    "t2": 0.49915260353385693
}