{
    "b0": 0.10383844153530937,
    "b1": 0.03862507749763973,
    "b2": -0.0019954307555586116,
    "b3": -0.001995430755558622,
    "t1": 0.5,
    "t2": 0.5
}