{
    "b0": 0.11429910277926672,
    "b1": 0.006720919067919199,
    "b2": -0.09937952580189587,
    "b3": 0.053354968621710984,
    "t1": 0.7403786405421885,
    "t2": 0.5012084992020075
}