{
    "b0": 0.10961181652561486,
    "b1": 0.0314939898544112,
    "b2": 0.0025350903116626335,
    "b3": 0.002535090311662635,
    "t1": 0.5,
    "t2": 0.5
}