{
    "b0": 0.10786429463104077,
    "b1": 0.034124943882541225,
    "b2": 0.0008980566826731849,
    "b3": 0.0008980566826731814,
    "t1": 0.5,
    "t2": 0.5
}