{
    "b0": 0.12272845286560992,
    "b1": 0.019279948814016616,
    "b2": -0.007275079428052284,
    "b3": -0.0072750794280522935,
    "t1": 0.5,
    "t2": 0.5
}