{
    "b0": 0.12646621918431358,
    "b1": 0.015760535209191337,
    "b2": -0.011539601276671484,
    "b3": -0.011539601276671488,
    "t1": 0.5,
    "t2": 0.5
}