{
    "b0": 0.10561492313700897,
    "b1": 0.03110808326763314,
    "b2": -0.015381474869410333,
    "b3": -0.015381474869410315,
    "t1": 0.5,
    "t2": 0.5
}