{
    "b0": 0.12676158861903947,
    "b1": 0.010359951656678617,
    "b2": 0.005926535827317518,
    "b3": 0.005926535827317518,
    "t1": 0.5,
    "t2": 0.5
}