{
    "b0": 0.10613634269349806,
    "b1": 0.032309423770625664,
    "b2": -0.01825339566911234,
    "b3": -0.01825339566911234,
    "t1": 0.5,
    "t2": 0.5
}