{
    "b0": 0.12610232476992814,
    "b1": 0.0012470162850363835,
    "b2": -0.10595605590721865,
    "b3": 0.05148977587741986,
    "t1": 0.7562970112478772,
    "t2": 0.49914265221709075
}