{
    "b0": 0.10926656318851656,
    "b1": 0.028840696273749702,
    "b2": -0.01872117713992532,
    "b3": -0.01872117713992532,
    "t1": 0.5,
    "t2": 0.5
}