{
    "b0": 0.11755316337060631,
    "b1": 0.023726868262574547,
    "b2": -0.0022001750675254336,
    "b3": -0.002200175067525432,
    "t1": 0.5,
    "t2": 0.5
}