{
    "b0": 0.1092341991762018,
    "b1": 0.031048413599907582,
    "b2": 0.004950941087435873,
    "b3": 0.00495094108743587,
    "t1": 0.5,
    "t2": 0.5
}