{
    "b0": 0.1199491563595986,
    "b1": 0.006903495590745779,
    "b2": -0.27024351018891046,
    "b3": 0.22683596482705617,
    "t1": 1.493750878375663,
    "t2": 1.6997711572840175
}