{
    "b0": 0.13860170704673017,
    "b1": -0.03236105940578674,
    "b2": -0.026848330797893318,
    "b3": -0.03799223952676288,
    "t1": 0.19970715646826168,
    "t2": 7.761486401199692
}