{
    "b0": 0.12660157477259879,
    "b1": -0.01485603256065357,
    "b2": 0.048983344445058405,
    "b3": -0.00786997226476515,
    "t1": 0.7116834008887962,
    "t2": 0.2214885121859578
}