{
    "b0": 0.10214716220146947,
    "b1": 0.0018644176401467864,
    "b2": -0.007399832741185402,
    "b3": 0.05788209839630178,
    "t1": 0.4469631529684953,
    "t2": 4.842025927675389
}