{
    "b0": 0.12662022201099088,
    "b1": -0.01719461230572436,
    "b2": 0.06843483574035251,
    "b3": -0.04121663770538515,
    "t1": 0.5000001247079517,
    "t2": 0.351443437640673
}