{
    "b0": 0.13490762246750224,
    "b1": -0.01878317436790267,
    "b2": 0.07549554539666851,
    "b3": -0.01487624782181811,
    "t1": 0.7989744005397452,
    "t2": 0.21220855422238627
}