{
    "b0": 0.12231729031359147,
    "b1": -0.015925091268267265,
    "b2": 0.02912533979700268,
    "b3": -0.011834973933791364,
    "t1": 0.5345393199988498,
    "t2": 0.14334959739104455
}