{
    "b0": 0.12408380081308744,
    "b1": -0.018278667646887757,
    "b2": 0.06701655986816166,
    "b3": -0.04415378591156665,
    "t1": 0.5000000745290352,
    "t2": 0.3391327623888575
}