{
    "b0": 0.11058257150869213,
    "b1": -0.0028924424972966035,
    "b2": 0.10639580901648761,
    "b3": -0.13563020849815138,
    "t1": 1.615835452723494,
    "t2": 1.3005081329739725
}