{
    "b0": 0.10610316040934142,
    "b1": 0.0016052252984883972,
    "b2": 0.03025179254468128,
    "b3": -0.050427131013194036,
    "t1": 3.195266106132183,
    "t2": 1.0375238110598626
}