{
    "b0": 0.05334063640935128,
    "b1": 0.05396576687586527,
    "b2": 0.09124145933120359,
    "b3": 0.1982362315772041,
    "t1": 0.9614775899637047,
    "t2": 6.048133821185991
}