{
    "b0": 0.1014233664644561,
    "b1": 0.0026342248980718574,
    "b2": -0.0036766026778195116,
    "b3": 0.056392214388734395,
    "t1": 0.3263023300136709,
    "t2": 4.961277153033361
}