{
    "b0": 0.11303561476566201,
    "b1": -0.0015704949064282193,
    "b2": -0.0474180479842893,
    "b3": 0.004279481003177432,
    "t1": 0.8885058928671365,
    "t2": 0.09415867870974702
}