{
    "b0": 0.11961460523074322,
    "b1": -0.01528240881900772,
    "b2": -0.016268621389506153,
    "b3": -0.006873186142849003,
    "t1": 0.24726351855250528,
    "t2": 0.6651092428734835
}