{
    "b0": -0.014720250113798948,
    "b1": 0.12152254167159521,
    "b2": 0.1987347369730195,
    "b3": -0.029594603803822707,
    "t1": 14.445705663301839,
    "t2": 0.6693651382588114
}