{
    "b0": 0.11090554978037255,
    "b1": 0.0005874376182691456,
    "b2": -0.05159957442218254,
    "b3": 0.011740431858073686,
    "t1": 0.8701720997693022,
    "t2": 0.16932633322905125
}