{
    "b0": 0.10493615660710015,
    "b1": 0.014174532511620692,
    "b2": -0.019634567383945926,
    "b3": -0.01963456738394593,
    "t1": 0.5,
    "t2": 0.5
}