{
    "b0": 0.14764099593852392,
    "b1": -0.03324155235013412,
    "b2": 0.026452740104328454,
    "b3": 0.026452740104328454,
    "t1": 0.5,
    "t2": 0.5
}