{
    "b0": 0.12363572043437955,
    "b1": -0.020689437357793328,
    "b2": 0.010013009299308541,
    "b3": 0.010013009299308541,
    "t1": 0.5,
    "t2": 0.5
}