{
    "b0": 0.11153039683806244,
    "b1": -0.007401559210797414,
    "b2": -0.025504706877173173,
    "b3": 0.03476334467420568,
    "t1": 1.0026511604979742,
    "t2": 3.2617668894823204
}