{
    "b0": 0.12665298982219572,
    "b1": -0.02215719629514127,
    "b2": -0.02393700461688409,
    "b3": -0.005811337104770751,
    "t1": 0.2700931684259397,
    "t2": 0.561818281334033
}