{
    "b0": 0.11214190036339873,
    "b1": -0.0007074509517645163,
    "b2": -0.048264515406783386,
    "b3": 0.005560555315367175,
    "t1": 0.8984837372103832,
    "t2": 0.110663731336318
}