{
    "b0": 0.12556471749379391,
    "b1": -0.013414952015591723,
    "b2": 0.13881534727183617,
    "b3": -0.10153511866928239,
    "t1": 0.500000056234294,
    "t2": 0.41224602176173564
}