{
    "b0": 0.1208463543780495,
    "b1": -0.016267483312349396,
    "b2": -0.022837686200333697,
    "b3": 0.007821275285565307,
    "t1": 0.22007891093498175,
    "t2": 1.6993583451635157
}