{
    "b0": 0.12704433639449164,
    "b1": -0.019598253892086217,
    "b2": 0.016784579772396953,
    "b3": 0.01678457977239696,
    "t1": 0.5,
    "t2": 0.5
}