{
    "b0": 0.11214599173236302,
    "b1": -0.0007590348116746429,
    "b2": -0.045817470794050214,
    "b3": 0.006169658549242523,
    "t1": 0.867694940362052,
    "t2": 0.10100843939200778
}