{
    "b0": 0.11226794917575572,
    "b1": -0.007863619669870356,
    "b2": 0.04080764175719232,
    "b3": -0.00467799546909278,
    "t1": 3.6921691526160423,
    "t2": 0.17943587609302572
}