{
    "b0": 0.12812090758182493,
    "b1": -0.02214487152379519,
    "b2": 0.03914005358426657,
    "b3": -0.019715511172446347,
    "t1": 0.5000000341662864,
    "t2": 0.2855522480389626
}