{
    "b0": 0.13171572833477982,
    "b1": -0.014492233549878974,
    "b2": 0.07752402123227854,
    "b3": -0.012539516128939953,
    "t1": 0.8242782803326472,
    "t2": 0.20971917778854696
}