{
    "b0": 0.11086930801322911,
    "b1": 0.006309088968523247,
    "b2": -0.06513352275007771,
    "b3": 0.016526130778719568,
    "t1": 0.8344810017599791,
    "t2": 0.3524300378820045
}