{
    "b0": 0.11466918819236828,
    "b1": -0.00708476962670751,
    "b2": -0.06732026420957118,
    "b3": 0.024270351629887638,
    "t1": 0.7276297466264554,
    "t2": 0.4923829585429406
}