{
    "b0": 0.11172386474011196,
    "b1": 0.004209925591766021,
    "b2": 0.2666892309109683,
    "b3": -0.3140240912212508,
    "t1": 0.61832218701739,
    "t2": 0.662537348882123
}