{
    "b0": 0.12386195480826288,
    "b1": -0.01997027574271635,
    "b2": -0.019221405225070383,
    "b3": 2.153569600080174e-08,
    "t1": 0.47909289750143,
    "t2": -0.8870507451316153
}