{
    "b0": 0.12248249522889185,
    "b1": -0.018535140672254827,
    "b2": 0.007834770551956622,
    "b3": 0.007834770551956619,
    "t1": 0.5,
    "t2": 0.5
}