{
    "b0": 0.109959554990334,
    "b1": 8.374929968405116e-05,
    "b2": -0.019515195376454107,
    "b3": -0.019515195376454107,
    "t1": 0.5,
    "t2": 0.5
}