{
    "b0": 0.08126788062387647,
    "b1": 0.026170862020961656,
    "b2": 0.07000199174194635,
    "b3": -0.04032201495371138,
    "t1": 7.195224682788261,
    "t2": 0.8771179279351644
}