{
    "b0": 0.11030624700325334,
    "b1": 0.006824697272209881,
    "b2": -0.060048546298165854,
    "b3": 0.013941401905365245,
    "t1": 0.8330908808278844,
    "t2": 0.38744054295922264
}