{
    "b0": 0.11387335551944419,
    "b1": -0.012160956410024347,
    "b2": 0.006628257414582157,
    "b3": 0.006628257414582159,
    "t1": 0.5,
    "t2": 0.5
}