{
    "b0": 0.11803081227699895,
    "b1": -0.013805511111516046,
    "b2": 0.03451668969744368,
    "b3": -0.007381935712741594,
    "t1": 2.6865954492830806,
    "t2": 0.2768063556113516
}