{
    "b0": 0.146457685876419,
    "b1": -0.0247398222841899,
    "b2": 0.08217995077052656,
    "b3": -0.013151632602925997,
    "t1": 0.8244185367936597,
    "t2": 0.12352037978031834
}