{
    "b0": 0.10966118129097764,
    "b1": 0.0017412941386629154,
    "b2": -0.42986180156763587,
    "b3": 0.3888975082742656,
    "t1": 1.2455283546977776,
    "t2": 1.3129476094843042
}