{
    "b0": 0.11062396080746245,
    "b1": 0.004843269361571487,
    "b2": 0.20396808739166475,
    "b3": -0.2527875030841415,
    "t1": 0.6019071425030122,
    "t2": 0.6648111251886433
}