{
    "b0": 0.11693368548259309,
    "b1": -0.0149237773537246,
    "b2": 0.007066868464901248,
    "b3": 0.0070668684649012456,
    "t1": 0.5,
    "t2": 0.5
}