{
    "b0": 0.12548447886717454,
    "b1": -0.01956878109482433,
    "b2": 0.05092584725038644,
    "b3": -0.029188424591203,
    "t1": 0.5000000567871238,
    "t2": 0.3155384516205275
}