{
    "b0": 0.12082086818925071,
    "b1": -0.01729251354661828,
    "b2": 0.008859591525730022,
    "b3": 0.00885959152573003,
    "t1": 0.5,
    "t2": 0.5
}