{
    "b0": 0.12331359934588618,
    "b1": -0.019209140338920953,
    "b2": -1.2004780961839823e-07,
    "b3": -0.04063498549818619,
    "t1": 0.10169298421492708,
    "t2": 0.22023511974353427
}