{
    "b0": 0.11437565670730757,
    "b1": -0.010205268125501451,
    "b2": -0.05328731709343424,
    "b3": 0.052704784385381474,
    "t1": 1.3286146499307354,
    "t2": 2.165308875733901
}