{
    "b0": 0.1190471569078305,
    "b1": -0.01538933875112909,
    "b2": 0.017159145028428045,
    "b3": 3.1208228709611596e-11,
    "t1": 0.5680554606370591,
    "t2": -0.5821527886616721
}