{
    "b0": 0.12410714643087216,
    "b1": -0.020728875913515132,
    "b2": 0.007964542099033828,
    "b3": 0.007964542099033823,
    "t1": 0.5,
    "t2": 0.5
}