{
    "b0": 0.1150634008976432,
    "b1": -0.013787478826014951,
    "b2": 0.007905861624389233,
    "b3": 0.007905861624389231,
    "t1": 0.5,
    "t2": 0.5
}