{
    "b0": 0.09010710403484781,
    "b1": 0.01739202768954432,
    "b2": 0.05586672679390507,
    "b3": -0.04045286362004246,
    "t1": 6.3835711748795525,
    "t2": 0.8699613305340128
}