{
    "b0": 0.11618283779049779,
    "b1": -0.011826199332013045,
    "b2": 0.034056933460803074,
    "b3": -0.005534973058957281,
    "t1": 2.911956609573902,
    "t2": 0.16930754120833205
}