{
    "b0": 0.11739256923197346,
    "b1": -0.014203205586714758,
    "b2": 0.008471601878025876,
    "b3": 0.00847160187802588,
    "t1": 0.5,
    "t2": 0.5
}