{
    "b0": 0.11551571278068026,
    "b1": -0.013164179537650356,
    "b2": 0.006461419953608015,
    "b3": 0.006461419953608011,
    "t1": 0.5,
    "t2": 0.5
}