{
    "b0": 0.06908498844652633,
    "b1": 0.03771936551939692,
    "b2": 0.07943028677728178,
    "b3": 0.15578323225430704,
    "t1": 0.8978560374526673,
    "t2": 5.852692430094725
}