{
    "b0": 0.07932361925473352,
    "b1": 0.027949322182847364,
    "b2": 0.07459875549952229,
    "b3": -0.037241389547144926,
    "t1": 7.579747084387161,
    "t2": 0.8203554917247695
}