{
    "b0": 0.11776021286221007,
    "b1": -0.015158287392299697,
    "b2": 0.020151012774278495,
    "b3": 3.949108401402057e-12,
    "t1": 0.546492451603287,
    "t2": -0.5460545771534292
}