{
    "b0": -0.03505298181436281,
    "b1": 0.1417802554148854,
    "b2": 0.23172168747697292,
    "b3": -0.02650110720307512,
    "t1": 14.772473806703957,
    "t2": 0.5984458497165364
}