{
    "b0": 0.1108153663757077,
    "b1": -0.006501839336405116,
    "b2": -0.011150187381356232,
    "b3": 0.03574025452409197,
    "t1": 0.27690197068455785,
    "t2": 4.142028027341104
}