{
    "b0": 0.11291639266827076,
    "b1": -0.008668915547018465,
    "b2": -0.014842613259758525,
    "b3": 0.0350284745375299,
    "t1": 0.34167253620193216,
    "t2": 4.291117540775378
}