{
    "b0": 0.1125229251991726,
    "b1": -0.0011415898673732654,
    "b2": -0.04592990774451753,
    "b3": 0.0066578624162483,
    "t1": 0.8775770510532884,
    "t2": 0.10442142658073182
}