{
    "b0": 0.1262946301159136,
    "b1": -0.014838989993115838,
    "b2": 0.04925781353601122,
    "b3": -0.007792034505837317,
    "t1": 0.7445046783046375,
    "t2": 0.19140919292242195
}