{
    "b0": 0.05337102083509034,
    "b1": 0.05490057947291152,
    "b2": 0.09254747398220911,
    "b3": 0.2015880231980223,
    "t1": 0.9486813052828581,
    "t2": 5.960552788952485
}