{
    "b0": 0.10056917174819244,
    "b1": 0.008794658526598425,
    "b2": 0.03150281172582889,
    "b3": -0.043054239636372164,
    "t1": 5.655630867402825,
    "t2": 0.8737387697364166
}