{
    "b0": 0.1203093809728756,
    "b1": -0.015697877781450438,
    "b2": -0.02363058942861906,
    "b3": 0.012261602137937127,
    "t1": 0.22544377332197862,
    "t2": 1.705536898473947
}