{
    "b0": 0.1324702605623439,
    "b1": -0.01166647331162507,
    "b2": 0.14909992263773256,
    "b3": -0.09872283235301427,
    "t1": 0.5000000656157939,
    "t2": 0.32074358032893
}