{
    "b0": 0.1241108961846655,
    "b1": -0.02074862970148532,
    "b2": 0.009438096525395342,
    "b3": 0.009438096525395333,
    "t1": 0.5,
    "t2": 0.5
}