{
    "b0": 0.12297366742590025,
    "b1": -0.019647599594412226,
    "b2": 0.009329949001017947,
    "b3": 0.009329949001017938,
    "t1": 0.5,
    "t2": 0.5
}