{
    "b0": 0.10568907192887542,
    "b1": 0.010837085831264776,
    "b2": -0.018868346136213385,
    "b3": -0.018868346136213392,
    "t1": 0.5,
    "t2": 0.5
}