{
    "b0": 0.1167470825637947,
    "b1": -0.015322169266054515,
    "b2": 0.00538349919074595,
    "b3": 0.00538349919074595,
    "t1": 0.5,
    "t2": 0.5
}