{
    "b0": 0.10151951744423283,
    "b1": 0.0026280037101649237,
    "b2": -0.0075234001766225555,
    "b3": 0.06304285046543302,
    "t1": 0.4939878470437912,
    "t2": 4.914282402635545
}