{
    "b0": 0.1089896926861446,
    "b1": 0.008170377216716365,
    "b2": -0.062414729932750344,
    "b3": 0.017523153386867187,
    "t1": 0.821166287022575,
    "t2": 0.3016761400729756
}