{
    "b0": 0.10591187749338724,
    "b1": -0.0017669744024265731,
    "b2": 0.05063650652784543,
    "b3": -0.005823356242310332,
    "t1": 3.9759953662366536,
    "t2": 0.32290831559864047
}