{
    "b0": 0.1200574758082434,
    "b1": -0.01822561336145543,
    "b2": 0.0014907003065136697,
    "b3": 0.0014907003065136697,
    "t1": 0.5,
    "t2": 0.5
}