{
    "b0": 15.767976898004138,
    "b1": 3.487989328564648,
    "b2": 5.398826258883085,
    "tau": 290.7529860226984
}