{
    "b0": 15.551958744794836,
    "b1": 4.363717298733212,
    "b2": 3.5344107576579447,
    "tau": 173.47665595679192
}