{
    "b0": 13.817116680112846,
    "b1": 5.273639031744859,
    "b2": 1.2124653867905213,
    "tau": 608.944683432606
}