{
    "b0": 15.372807816423764,
    "b1": 4.265726366026813,
    "b2": 0.012999216690492643,
    "tau": 479.7359241764625
}