{
    "b0": 15.050466512754008,
    "b1": 4.5460299695179085,
    "b2": 5.433829023371976,
    "tau": 237.6009562801263
}