{
    "b0": 13.47555847089793,
    "b1": 5.648579764386911,
    "b2": 0.3534611012905482,
    "tau": 711.629758147617
}