{
    "b0": 14.587940572848549,
    "b1": 4.155828341507796,
    "b2": 6.36845552347264,
    "tau": 233.39443879507408
}