{
    "b0": 13.026701917571897,
    "b1": 6.417441597590404,
    "b2": 2.5278622892650735,
    "tau": 428.8638597561517
}