{
    "b0": 14.813909192521953,
    "b1": 3.94431169787672,
    "b2": 6.593189397383535,
    "tau": 238.18002445217107
}