{
    "b0": 14.889843157679834,
    "b1": 4.906143832017485,
    "b2": 5.399665137095701,
    "tau": 218.18602161885553
}