{
    "b0": 15.083922397300158,
    "b1": 4.579218929897007,
    "b2": 0.2031509766165973,
    "tau": 616.8255417270746
}