{
    "b0": 14.124979607847761,
    "b1": 5.246630279553403,
    "b2": 6.56073895209032,
    "tau": 368.96347782029727
}