{
    "b0": 14.346403444249633,
    "b1": 5.439751698005351,
    "b2": 0.02426721582960889,
    "tau": 498.32382442454883
}