{
    "b0": 12.540728686474377,
    "b1": 6.951053561793891,
    "b2": 2.4153762414318645,
    "tau": 497.2360534474091
}