{
    "b0": 14.051545074134006,
    "b1": 5.989821610296755,
    "b2": 0.14497462307279818,
    "tau": 439.4372186338919
}