{
    "b0": 14.956437778643375,
    "b1": 3.000793621335128,
    "b2": -0.0009754517130970974,
    "tau": 337.3168494432177
}