{
    "b0": 15.215862301139214,
    "b1": 2.7456076569603294,
    "b2": -0.0012096134082850707,
    "tau": 308.1772266150294
}