{
    "b0": 15.540322738623027,
    "b1": 4.071434370652652,
    "b2": 0.01838435287405571,
    "tau": 482.0089478591495
}