{
    "b0": 13.419359558730719,
    "b1": 6.009572923583936,
    "b2": 6.3612099530676005,
    "tau": 506.98224391893746
}