{
    "b0": 15.106582118346335,
    "b1": 4.696585488086775,
    "b2": 0.04003558849046929,
    "tau": 434.13673864989164
}