{
    "b0": 16.774115120472498,
    "b1": 1.3114882872605307,
    "b2": 4.500683082779522,
    "tau": 138.4314919031651
}