{
    "b0": 13.57461618807176,
    "b1": 5.588979061421431,
    "b2": 0.35921570650439527,
    "tau": 688.8724861162382
}