{
    "b0": 13.66653091012206,
    "b1": 5.539157863394717,
    "b2": 0.07361123465304908,
    "tau": 689.5390439033508
}