{
    "b0": 16.907172732034596,
    "b1": 0.9094288165883349,
    "b2": 4.564153692549011,
    "tau": 113.02408635155017
}