{
    "b0": 15.572643041923422,
    "b1": 3.6895137548343007,
    "b2": 5.186914460139981,
    "tau": 268.0978165237926
}