{
    "b0": 14.392500034019053,
    "b1": 4.4203804913329,
    "b2": 6.6638331453688835,
    "tau": 215.46613582773867
}