{
    "b0": 15.815210470519332,
    "b1": 4.1351041294121496,
    "b2": 3.257633707728532,
    "tau": 214.52247195876558
}