{
    "b0": 14.156481124817775,
    "b1": 4.70227244315322,
    "b2": 6.340259940810634,
    "tau": 242.70932861749196
}