{
    "b0": 14.645062211207517,
    "b1": 4.5564208644527575,
    "b2": 7.513555509770349,
    "tau": 263.1635523746741
}