{
    "b0": 12.37424325116698,
    "b1": 7.129074691865004,
    "b2": 3.7591513936984957,
    "tau": 412.6705829849969
}