{
    "b0": 15.436179985382282,
    "b1": 4.35518421271056,
    "b2": 0.005245794233300183,
    "tau": 419.27826465899017
}