{
    "b0": 15.867180238888535,
    "b1": 2.46107260085594,
    "b2": 6.865559572615414,
    "tau": 159.76974171432295
}