{
    "b0": 15.055388713668822,
    "b1": 4.7392241572996205,
    "b2": 5.2918163891630865,
    "tau": 196.90309353256933
}