{
    "b0": 15.033440850015996,
    "b1": 4.447718935926764,
    "b2": 5.711389173365683,
    "tau": 265.716511353447
}