{
    "b0": 16.726887605982647,
    "b1": 0.8841039922928746,
    "b2": 4.463884400782598,
    "tau": 104.23880195709523
}