{
    "b0": 15.955922060612606,
    "b1": 3.6720240365826506,
    "b2": -0.009411178051991653,
    "tau": 445.2619291358095
}