{
    "b0": 15.144447260211622,
    "b1": 3.019053473225644,
    "b2": 8.09426891581657,
    "tau": 183.25856705762808
}