{
    "b0": 14.326788839171181,
    "b1": 5.431560147596781,
    "b2": 0.01530653176401886,
    "tau": 526.1149973467354
}