{
    "b0": 14.924827850316838,
    "b1": 2.977261385057932,
    "b2": -0.0042461801955677725,
    "tau": 369.7781528642336
}