{
    "b0": 15.416266439334185,
    "b1": 3.6469255928699766,
    "b2": 7.0712616070841126,
    "tau": 194.22327803905506
}