{
    "b0": 15.407737326542952,
    "b1": 2.714668606853111,
    "b2": 0.000678781322293931,
    "tau": 355.4796095843438
}