{
    "b0": 14.604983405582194,
    "b1": 3.130442136786957,
    "b2": -0.014146876390193963,
    "tau": 644.6276081200848
}