{
    "b0": 14.935709420594563,
    "b1": 4.348229841384944,
    "b2": 6.639617921201993,
    "tau": 287.10856827890944
}