{
    "b0": 16.259896103973247,
    "b1": 1.9472965856229543,
    "b2": 6.384613041014486,
    "tau": 156.1480008220077
}