{
    "b0": 13.845928434696141,
    "b1": 5.088897976500063,
    "b2": 5.96437146936314,
    "tau": 309.524725344073
}