{
    "b0": 13.726745256747062,
    "b1": 5.707418508029692,
    "b2": 6.439526924725637,
    "tau": 476.9767131835709
}