{
    "b0": 13.786007332645429,
    "b1": 5.099685035610747,
    "b2": 6.4431561107533515,
    "tau": 274.1318125874417
}