{
    "b0": 15.136026090671644,
    "b1": 4.532412946010566,
    "b2": 5.124085537102287,
    "tau": 245.19730727951946
}