{
    "b0": 15.704579088526634,
    "b1": 2.60474589384784,
    "b2": 0.0033373681527946175,
    "tau": 457.9328928184801
}