{
    "b0": 13.897764327942571,
    "b1": 5.048576918977641,
    "b2": 6.562522015486365,
    "tau": 288.31625235775425
}