{
    "b0": 15.90010700877574,
    "b1": 2.218711654530699,
    "b2": 6.8416360444932085,
    "tau": 139.61255725771576
}