{
    "b0": 14.956020746628775,
    "b1": 4.9270554926594965,
    "b2": 3.7071870051617344,
    "tau": 194.47192345063624
}