{
    "b0": 16.742976302104797,
    "b1": 0.9014815721868081,
    "b2": 4.389944772260149,
    "tau": 102.5215756935575
}