{
    "b0": 15.95243408898785,
    "b1": 3.963255682187353,
    "b2": 2.8911462866352133,
    "tau": 206.3631918918015
}