{
    "b0": 16.43326290244294,
    "b1": 1.1146227548318959,
    "b2": 4.558161898501175,
    "tau": 97.78613902299374
}