{
    "b0": 15.95156360459981,
    "b1": 2.1300555541041044,
    "b2": 7.211344507412827,
    "tau": 145.53685579714434
}