{
    "b0": 14.574365672363994,
    "b1": 4.326770739926641,
    "b2": 5.910063301890017,
    "tau": 244.8172628835857
}