{
    "b0": 15.088976416101879,
    "b1": 4.830756149911781,
    "b2": 2.9358495581499113,
    "tau": 195.46307735433504
}