{
    "b0": 15.09948952225476,
    "b1": 2.825891670796152,
    "b2": 0.0026969513971411008,
    "tau": 289.8424158096397
}