{
    "b0": 16.653473647578753,
    "b1": 0.912432569587351,
    "b2": 4.3142775924149515,
    "tau": 93.77042202811079
}