{
    "b0": 15.800031339154698,
    "b1": 2.4666063010747807,
    "b2": 6.543286498378945,
    "tau": 153.1839650171986
}