{
    "b0": 15.05198755806773,
    "b1": 4.297109966722738,
    "b2": 5.856387955402306,
    "tau": 337.04770228886696
}