{
    "b0": 15.082412751717403,
    "b1": 2.721521172881654,
    "b2": -0.0009436576434440624,
    "tau": 427.6990838064717
}