{
    "b0": 13.170417799779157,
    "b1": 6.174867285421102,
    "b2": 0.03515979836390226,
    "tau": 698.923713123974
}