{
    "b0": 15.422814339317087,
    "b1": 4.384147170805375,
    "b2": 5.126874714505218,
    "tau": 157.59543284326548
}