{
    "b0": 13.784695435427631,
    "b1": 5.316191547775418,
    "b2": 0.8540589738681332,
    "tau": 720.7932013540199
}