{
    "b0": 14.164958931622564,
    "b1": 5.486546362371643,
    "b2": 0.00022264967190421814,
    "tau": 518.9068586669208
}