{
    "b0": 14.737469507058774,
    "b1": 3.473133941387066,
    "b2": 6.741649292235307,
    "tau": 216.22140877374432
}