{
    "b0": 14.944453468604378,
    "b1": 4.968175204225011,
    "b2": 1.612846956317389,
    "tau": 269.7185526235368
}