{
    "b0": 15.02257814161636,
    "b1": 4.557168414198323,
    "b2": 0.01564507721224495,
    "tau": 445.08821742894645
}