{
    "b0": 15.270924865386247,
    "b1": 2.828125748287415,
    "b2": 0.0022426015074754613,
    "tau": 243.1820654843867
}