{
    "b0": 14.537807899872801,
    "b1": 5.208814662326059,
    "b2": -0.0012096537712968924,
    "tau": 468.04688304971984
}