{
    "b0": 15.787902090805424,
    "b1": 3.9910770850357724,
    "b2": 0.027550626035780068,
    "tau": 413.4790127154274
}