{
    "b0": 15.280734697097023,
    "b1": 3.2951916876467218,
    "b2": 6.873877532377398,
    "tau": 169.8584913787616
}