{
    "b0": 12.946560381000133,
    "b1": 6.567394420791527,
    "b2": 2.6774790394531096,
    "tau": 434.72364405768144
}