{
    "b0": 14.297063579171764,
    "b1": 4.264320197451944,
    "b2": 0.024863019256100793,
    "tau": 832.9063436321541
}