{
    "b0": 14.895146592311102,
    "b1": 4.634819170490881,
    "b2": 5.799503145937208,
    "tau": 323.2923975723321
}