{
    "b0": 14.921103361997925,
    "b1": 4.376042707741492,
    "b2": 6.625254171534256,
    "tau": 334.95936815019974
}