{
    "b0": 13.667796781487297,
    "b1": 3.3209613865913754,
    "b2": 0.004710505656977171,
    "tau": 442.7119852303975
}