{
    "b0": 15.159490592305968,
    "b1": -2.8077099993338797,
    "b2": 8.338934353812183,
    "tau": 0.9558924367384176
}