{
    "b0": 15.180097144366663,
    "b1": -0.5175123128586396,
    "b2": -1.6560200701208831,
    "tau": 170.5603883059357
}