{
    "b0": 13.921093161249697,
    "b1": 2.3666807683076696,
    "b2": 0.00016386287139424915,
    "tau": 238.48673028077536
}