{
    "b0": 16.40926530285426,
    "b1": -1.0533644259324695,
    "b2": -3.5323541654814763,
    "tau": 98.41616707714046
}