{
    "b0": 13.883420875751312,
    "b1": -0.47801648734304136,
    "b2": 2.4198150539169756,
    "tau": 1.354573493085595
}