{
    "b0": 16.470725228730288,
    "b1": -1.1860986191851164,
    "b2": -3.803906867028651,
    "tau": 105.47096344903098
}