{
    "b0": 16.371818252440573,
    "b1": -1.1022916248959818,
    "b2": -3.7127976212576383,
    "tau": 106.55580073732037
}