{
    "b0": 13.889199999573279,
    "b1": 2.715569124944177,
    "b2": 0.002673367898015533,
    "tau": 168.48894111994028
}