{
    "b0": 13.987238352937423,
    "b1": 3.111869619980362,
    "b2": -0.000536623022436844,
    "tau": 380.25772355234005
}