{
    "b0": 13.78662509193799,
    "b1": -9.952745465458102,
    "b2": 14.149779219847723,
    "tau": 1.2520724946852289
}