{
    "b0": 13.01435445921947,
    "b1": 0.1335128944016096,
    "b2": 0.1695004838132977,
    "tau": 2.0
}