{
    "b0": 16.612083603606585,
    "b1": -0.9507902094200262,
    "b2": -3.3120962727771976,
    "tau": 95.58895684082601
}