{
    "b0": 16.4502841363336,
    "b1": -0.7714746854767949,
    "b2": -3.46394930432354,
    "tau": 159.94631250468663
}