{
    "b0": 15.038401130873098,
    "b1": -18.837774349447784,
    "b2": 27.11262747782275,
    "tau": 1.268971115348801
}