{
    "b0": 13.335017901978334,
    "b1": 3.5013823148117447,
    "b2": -0.0001445706648888212,
    "tau": 271.83061740262497
}