{
    "b0": 16.52863319904795,
    "b1": -1.2019336996712453,
    "b2": -3.6268955638885654,
    "tau": 103.82345349667072
}