{
    "b0": 14.52528893089791,
    "b1": -0.2983312499814901,
    "b2": -2.009234009257338,
    "tau": 185.7647998251779
}