{
    "b0": 14.511561191631992,
    "b1": 2.032783447707466,
    "b2": 0.0008836149705326868,
    "tau": 85.30598024703683
}