{
    "b0": 13.73818356743718,
    "b1": 0.2535867149740494,
    "b2": 1.2190086382218452,
    "tau": 4.094248292668916
}