{
    "b0": 16.296108677322007,
    "b1": -0.9854774655880898,
    "b2": -3.3590002589590657,
    "tau": 107.02638070249205
}