{
    "b0": 13.201033228622164,
    "b1": -0.5575139094642857,
    "b2": 2.994927432318033,
    "tau": 2.0
}