{
    "b0": 13.908133235231979,
    "b1": -0.11093895541186483,
    "b2": 1.2757598074051897,
    "tau": 1.5271347475810284
}