{
    "b0": 14.364921584265813,
    "b1": -14.757172466972635,
    "b2": 17.901696076039972,
    "tau": 0.8972858069315419
}