{
    "b0": 13.610358073283807,
    "b1": 3.4227838825147323,
    "b2": -0.0008466480707802759,
    "tau": 352.53509164297026
}