{
    "b0": 13.957699921246688,
    "b1": 3.144083396678877,
    "b2": 0.0009411739035065647,
    "tau": 370.69177136809463
}