{
    "b0": 13.426225099641485,
    "b1": 0.6742805988331965,
    "b2": 0.44120672416491946,
    "tau": 5.766780999876811
}