{
    "b0": 15.085814012945935,
    "b1": -3.053441452736223,
    "b2": 10.264627994766059,
    "tau": 1.0981478424070812
}