{
    "b0": 12.373920646617018,
    "b1": 0.7185659332010716,
    "b2": 1.2009123138504583,
    "tau": 23.82317305067625
}