{
    "b0": 14.46923861922467,
    "b1": 0.12535388704037262,
    "b2": 0.2334593153756639,
    "tau": 2.0
}