{
    "b0": 12.802958245462166,
    "b1": -0.6645452154869755,
    "b2": 4.656102806291121,
    "tau": 2.0
}