{
    "b0": 14.409513403693536,
    "b1": 2.160245239506561,
    "b2": 0.8671691080082882,
    "tau": 52.93375740630297
}