{
    "b0": 12.424059801754877,
    "b1": 0.6860678619283467,
    "b2": 1.1094038216942934,
    "tau": 22.72769862559456
}