{
    "b0": 15.48178868093792,
    "b1": -0.29736820392353436,
    "b2": -2.5051461745662866,
    "tau": 124.86001126040946
}