{
    "b0": 13.50892775170775,
    "b1": 3.0041323252100582,
    "b2": -0.00011818090332837983,
    "tau": 198.25363032538402
}