{
    "b0": 14.011547731681278,
    "b1": 0.08653609314113081,
    "b2": 0.27911096670442975,
    "tau": 2.0
}