{
    "b0": 13.931425157393075,
    "b1": 3.575193507297893,
    "b2": -0.001683003134753669,
    "tau": 308.0428448516379
}