{
    "b0": 14.308554154446927,
    "b1": -2.5000127081115835,
    "b2": 6.509871781123966,
    "tau": 0.8627050162759585
}