{
    "b0": 14.478871753296804,
    "b1": 1.9388530214318003,
    "b2": 1.7532531940177016,
    "tau": 30.844883370974117
}