{
    "b0": 15.18594185976556,
    "b1": -0.46651446736622515,
    "b2": -1.8877239554993324,
    "tau": 128.37643454513244
}