{
    "b0": 14.706007972733355,
    "b1": 0.8426988409274672,
    "b2": 2.251507284404356,
    "tau": 12.25377281178159
}