{
    "b0": 16.436448538298112,
    "b1": -1.1166824567106892,
    "b2": -2.9136510134961666,
    "tau": 100.2334740817983
}