{
    "b0": 16.740736138552897,
    "b1": -1.3676522082443694,
    "b2": -3.9320517442188447,
    "tau": 98.57562986270048
}