{
    "b0": 13.147775106356121,
    "b1": -1.2374983764029315,
    "b2": 7.22915317429316,
    "tau": 1.6896915272615511
}