{
    "b0": 14.1846725153483,
    "b1": 1.5069482812177344,
    "b2": -6.987207920019163,
    "tau": 2.0
}