{
    "b0": 15.545685075399163,
    "b1": -0.8078163890088004,
    "b2": -2.4840997803056277,
    "tau": 155.195995700866
}