{
    "b0": 14.04733133194632,
    "b1": 2.5489338237363226,
    "b2": 1.6609924884143479,
    "tau": 72.52246243583419
}