{
    "b0": 13.833491451606319,
    "b1": 3.3307044262864482,
    "b2": 0.0004840552270859444,
    "tau": 342.6563180672089
}