{
    "b0": 13.42330510526275,
    "b1": -11.77928766830627,
    "b2": 14.228526895579169,
    "tau": 0.9198885589936503
}