{
    "b0": 14.402855051278095,
    "b1": 1.293002874372447,
    "b2": 1.4079216402990569,
    "tau": 33.89974460904211
}