{
    "b0": 14.832505608355447,
    "b1": -0.2536183664885241,
    "b2": -1.7207967721252853,
    "tau": 163.1482623484118
}