{
    "b0": 13.140236369841633,
    "b1": -6.996239829893638,
    "b2": 13.315284002159533,
    "tau": 1.236566624141882
}