{
    "b0": 14.115033686167255,
    "b1": 3.5419314964236723,
    "b2": -0.003451792603570425,
    "tau": 291.3160141718971
}