{
    "b0": 17.06993868308181,
    "b1": -1.3522888575162373,
    "b2": -2.864038186893544,
    "tau": 81.57677371762152
}