{
    "b0": 12.523983543267876,
    "b1": 0.5484637221151767,
    "b2": 1.162931625408568,
    "tau": 17.83757575825203
}