{
    "b0": 14.658006231244045,
    "b1": 0.8987447222572564,
    "b2": 2.1162508702414495,
    "tau": 16.481372410161978
}