{
    "b0": 14.752582179167426,
    "b1": -0.07843786096529515,
    "b2": -1.3046789889919268,
    "tau": 120.38755836031551
}