{
    "b0": 13.163652712952942,
    "b1": -0.9390034863291783,
    "b2": 6.261781514697407,
    "tau": 1.7537888391604546
}