{
    "b0": 13.932088208478463,
    "b1": 3.1745805170224206,
    "b2": -0.0007053499719527068,
    "tau": 301.1964200810185
}