{
    "b0": 15.744004497636864,
    "b1": -0.07807185779018,
    "b2": -1.9608184520882586,
    "tau": 106.92010255298852
}