{
    "b0": 13.905306687693672,
    "b1": 3.698290717052093,
    "b2": 0.001384513604167692,
    "tau": 301.4469834100652
}