{
    "b0": 15.578867074886679,
    "b1": -0.4750355953925798,
    "b2": -2.68492362013393,
    "tau": 125.5560111046283
}