{
    "b0": 14.06720109574869,
    "b1": 0.5050029452470371,
    "b2": -1.9101532838532862,
    "tau": 2.0
}