{
    "b0": 13.755355771187869,
    "b1": 2.707410883790633,
    "b2": 0.0002221805126421117,
    "tau": 188.27949746255553
}