{
    "b0": 13.146625964898465,
    "b1": 3.6580427973148613,
    "b2": -0.006559607645380661,
    "tau": 255.153857458124
}