{
    "b0": 15.626113647713153,
    "b1": -0.3788531257355854,
    "b2": -2.712932092417458,
    "tau": 115.81761737504529
}