{
    "b0": 13.224896490721035,
    "b1": -0.7991288525524438,
    "b2": 4.98055203357066,
    "tau": 1.6371613552555826
}