{
    "b0": 10.714107752586587,
    "b1": 1.1268505071846247,
    "b2": 1.0703839255718697,
    "tau": 34.26924629939694
}