{
    "b0": 10.856986547160682,
    "b1": 0.48196900294540335,
    "b2": 1.1044518504542302,
    "tau": 17.496725083108203
}