{
    "b0": 12.013211796304237,
    "b1": -0.8553939169208735,
    "b2": -1.2954078038500307,
    "tau": 108.41356980918933
}