{
    "b0": 13.09902719636523,
    "b1": -1.9057034403026192,
    "b2": -2.482869767661902,
    "tau": 144.52420145047012
}