{
    "b0": 13.277653421683336,
    "b1": -2.1364056563000076,
    "b2": -2.496880827802837,
    "tau": 118.03929207870453
}