{
    "b0": 13.397982419701245,
    "b1": -2.183234256503538,
    "b2": -3.163451356534719,
    "tau": 90.56418193110132
}