{
    "b0": 12.523404198333724,
    "b1": -1.3504146703134197,
    "b2": -1.837499259253867,
    "tau": 139.40331626869246
}