{
    "b0": 11.875833266105401,
    "b1": 0.7128091571685966,
    "b2": 1.3634649490766009,
    "tau": 26.016972220059277
}