{
    "b0": 11.280905582031707,
    "b1": -0.16388553649383353,
    "b2": -0.5503412137785564,
    "tau": 70.34822803265561
}