{
    "b0": 12.256810958399283,
    "b1": 0.615501380186078,
    "b2": 1.1233693469453883,
    "tau": 23.07153583967985
}