{
    "b0": 10.109032455883817,
    "b1": 1.7489795156371444,
    "b2": 1.6949585271168122,
    "tau": 67.66620951530244
}