{
    "b0": 10.522960830392904,
    "b1": 1.8497984004933898,
    "b2": 2.0224471172533085,
    "tau": 78.5405070072901
}