{
    "b0": 10.534761274198956,
    "b1": 1.214847539333555,
    "b2": 0.6900754237735885,
    "tau": 45.19057999634602
}