{
    "b0": 12.731603917378562,
    "b1": -1.5734027381374966,
    "b2": -1.9233850883899055,
    "tau": 168.0218549172537
}