{
    "b0": 12.321900845965729,
    "b1": 0.7619053270030851,
    "b2": 0.47547594602730536,
    "tau": 24.710829316617527
}