{
    "b0": 13.209890825211415,
    "b1": -2.010816480576224,
    "b2": -2.592648323553294,
    "tau": 148.24596775583248
}