{
    "b0": 12.163060843137599,
    "b1": -1.208054368478544,
    "b2": 9.354372015104454,
    "tau": 2.0
}