{
    "b0": 10.42765163904128,
    "b1": 1.9291611057161333,
    "b2": 1.9679715073067545,
    "tau": 84.71252545905756
}