{
    "b0": 11.749661125147341,
    "b1": 0.8593029284383253,
    "b2": 1.3581430416994897,
    "tau": 34.30442107776992
}