{
    "b0": 10.389838289235703,
    "b1": 1.9698319686716919,
    "b2": 2.2112072962215885,
    "tau": 77.39868242256573
}