{
    "b0": 10.771652317147055,
    "b1": 1.090327210474908,
    "b2": -1.3545033771944714,
    "tau": 174.67510147383302
}