{
    "b0": 10.48628131653581,
    "b1": 1.8700360996822059,
    "b2": 2.005969643620565,
    "tau": 80.47409760193062
}