{
    "b0": 13.003850829443435,
    "b1": -1.8420641524113832,
    "b2": -2.2777332565180797,
    "tau": 129.1452225942688
}