{
    "b0": 12.197549806790205,
    "b1": -1.0573190727608708,
    "b2": -1.2097192969594082,
    "b3": -3.3313595126898536,
    "t1": 7.188054028135265,
    "t2": 73.23025286402083
}