{
    "b0": 9.70673784498469,
    "b1": 2.655260299755882,
    "b2": 0.0028758098449666036,
    "tau": 205.34212284123697
}