{
    "b0": 10.818954244480107,
    "b1": 1.6942986755328138,
    "b2": 0.5247757559362496,
    "tau": 163.81001507453848
}