{
    "b0": 11.561540780066705,
    "b1": -0.42125517770986454,
    "b2": -1.0226955210956667,
    "tau": 86.9741910980269
}