{
    "b0": 12.456382743982235,
    "b1": 0.6543220224471534,
    "b2": 0.7090529269950203,
    "tau": 14.624255934183704
}