{
    "b0": 12.236963908367374,
    "b1": -0.8023309731820762,
    "b2": -2.1616770379793535,
    "tau": 84.97949772898387
}