{
    "b0": 11.571451944343629,
    "b1": 1.0323814592754539,
    "b2": 1.3183621541718338,
    "tau": 49.5061173177492
}