{
    "b0": 12.03080346664947,
    "b1": -0.6052052822994634,
    "b2": -1.7707461844537429,
    "tau": 81.29988412747065
}