{
    "b0": 9.602112082573978,
    "b1": 2.770093087843521,
    "b2": 1.00174100080466,
    "tau": 145.15439809455933
}