{
    "b0": 11.438516188857358,
    "b1": 1.1378102401529873,
    "b2": -0.9776604960626413,
    "tau": 278.1178382693637
}