{
    "b0": 11.419619185433284,
    "b1": -0.35168532535113395,
    "b2": -0.582869783707685,
    "tau": 99.83763277105503
}