{
    "b0": 12.556507454816112,
    "b1": -1.1077096536778077,
    "b2": -2.262289888496239,
    "tau": 98.20743286808457
}