{
    "b0": 10.275005502993544,
    "b1": 1.7501753238379103,
    "b2": -1.8676641116426107,
    "tau": 321.74284288298276
}