{
    "b0": 11.518563667432707,
    "b1": 1.142258916885024,
    "b2": -1.2536779118734107,
    "tau": 291.70697452420717
}