{
    "b0": 12.28605658899521,
    "b1": 0.6084954425855778,
    "b2": 0.9709601118080211,
    "tau": 23.064687597547223
}