{
    "b0": 12.327169461468344,
    "b1": -1.161756293374046,
    "b2": -1.584202469066215,
    "tau": 141.0376630573402
}