{
    "b0": 10.553229092053531,
    "b1": 1.1779904324790582,
    "b2": -1.0327048590248251,
    "tau": 164.1222140907563
}