{
    "b0": 10.717853960725181,
    "b1": 0.628362641744143,
    "b2": 1.1520359465059453,
    "tau": 26.76112555811823
}