{
    "b0": 12.06871446017595,
    "b1": -0.8083121502061257,
    "b2": -1.8845703827852323,
    "tau": 91.83451305542087
}