{
    "b0": 11.466173433132603,
    "b1": 1.1685928745282905,
    "b2": -1.1836245286889893,
    "tau": 291.6841798562507
}