{
    "b0": 12.955550292851546,
    "b1": -1.7835145346617,
    "b2": -2.1140156464732422,
    "tau": 161.57637783941183
}