{
    "b0": 10.102970371768116,
    "b1": 1.7575696209856835,
    "b2": 1.676740666526788,
    "tau": 67.94452445733526
}