{
    "b0": 11.294574109269401,
    "b1": 0.5607548282884414,
    "b2": -1.8616324948934444,
    "tau": 2.0
}