{
    "b0": 11.92039842716238,
    "b1": -0.7650683933699138,
    "b2": -1.1213608977108607,
    "tau": 128.08252093839545
}