{
    "b0": 12.16950231917658,
    "b1": 1.0540359133743857,
    "b2": -1.0994314217330259,
    "tau": 182.2008260815678
}