{
    "b0": 11.272394129792282,
    "b1": 1.3155537078098096,
    "b2": -0.009841470107740502,
    "tau": 143.16730430722237
}