{
    "b0": 11.227452592507692,
    "b1": 1.3435991073378586,
    "b2": 0.08261063831711313,
    "tau": 165.75105834035293
}