{
    "b0": 12.504394621332033,
    "b1": 0.6283979645836812,
    "b2": 0.637736683684136,
    "tau": 14.986691020151895
}