{
    "b0": 9.783096191512362,
    "b1": 2.513771039657979,
    "b2": 0.9225128977426305,
    "tau": 127.41654706001282
}