{
    "b0": 11.963811319134733,
    "b1": -0.8021813824668009,
    "b2": -1.2113221834813614,
    "tau": 130.21629000145015
}