{
    "b0": 9.910624950811316,
    "b1": 2.3920718247443693,
    "b2": -0.9104783822284879,
    "tau": 271.48652432249327
}