{
    "b0": 9.722641533294372,
    "b1": 2.67032457075026,
    "b2": 1.1345576880148411,
    "tau": 129.16709584680345
}