{
    "b0": 11.837217870036843,
    "b1": -0.6895323033229572,
    "b2": -1.0387391766504133,
    "tau": 105.64492442785452
}