{
    "b0": 10.090028390597682,
    "b1": 1.7646549423739226,
    "b2": 1.868733486079452,
    "tau": 66.02870859850537
}