{
    "b0": 12.367928122293835,
    "b1": 0.4768447157443938,
    "b2": 1.1061158248401468,
    "tau": 17.734667405990844
}