{
    "b0": 11.907505256174215,
    "b1": 0.9451441848758235,
    "b2": 0.7282451922813578,
    "tau": 32.27880552402128
}