{
    "b0": 10.244952748563716,
    "b1": 1.6119489691033748,
    "b2": 1.5740544769130351,
    "tau": 62.30406695024007
}