{
    "b0": 9.991459918564514,
    "b1": 2.2694043922968365,
    "b2": -1.2189323843968614,
    "tau": 299.4247024797286
}