{
    "b0": 12.34695846311625,
    "b1": 0.7668982488906815,
    "b2": 0.5368374298451155,
    "tau": 21.45115783470211
}