{
    "b0": 12.360301791941014,
    "b1": 0.7504169863003582,
    "b2": 0.8557879279171305,
    "tau": 22.695902409569406
}