{
    "b0": 11.760343688010359,
    "b1": 0.8554455946920505,
    "b2": 1.2934057262576646,
    "tau": 35.24672070169627
}