{
    "b0": 11.470895842039264,
    "b1": -0.31338669484282733,
    "b2": -0.9132505261060151,
    "tau": 85.16203597358319
}