{
    "b0": 12.258547830770867,
    "b1": 0.6448570183135716,
    "b2": 1.0920227186056957,
    "tau": 22.810098419998255
}