{
    "b0": 11.830755349270877,
    "b1": -0.6756715510694968,
    "b2": -1.0131950371878482,
    "tau": 130.06927307562316
}