{
    "b0": 11.64194359812612,
    "b1": 1.2290926578094334,
    "b2": 1.0404126300326515,
    "tau": 53.18309438952268
}