{
    "b0": 11.594566818000134,
    "b1": 0.9950403462799566,
    "b2": 1.461750346413686,
    "tau": 44.38719023253505
}