{
    "b0": 11.204686940132442,
    "b1": 0.06442361158747556,
    "b2": 0.6907451938334667,
    "tau": 2.0
}