{
    "b0": 11.253317432319673,
    "b1": 1.3355034067907692,
    "b2": -0.8381271394682781,
    "tau": 264.4912979404007
}