{
    "b0": 12.015249714287124,
    "b1": -0.8123791627603185,
    "b2": -1.7093169616634325,
    "tau": 84.64123219863066
}