{
    "b0": 10.911970559327962,
    "b1": 1.621651290879103,
    "b2": 0.002382822545865526,
    "tau": 226.25344126565756
}