{
    "b0": 12.486014799855418,
    "b1": -1.307058953739522,
    "b2": -1.8191905875145793,
    "tau": 155.5327443443077
}