{
    "b0": 13.184173611811513,
    "b1": -1.9953091884248004,
    "b2": -2.572423246650095,
    "tau": 129.81407299836923
}