{
    "b0": 12.364043854041347,
    "b1": 0.4817755375282151,
    "b2": 1.0672628179900943,
    "tau": 20.299390846120232
}