{
    "b0": 13.253800437087781,
    "b1": -2.0445416702978174,
    "b2": -3.030215518351171,
    "tau": 54.91431791390726
}