{
    "b0": 14.234122984156368,
    "b1": -2.5388696593231224,
    "b2": -3.3106848200571015,
    "tau": 33.755201936087715
}