{
    "b0": 13.29228636793756,
    "b1": -2.205246576093844,
    "b2": 2.919242743978742,
    "tau": 316.3484764898791
}