{
    "b0": 14.435652152277173,
    "b1": -1.4561410905875856,
    "b2": -3.265192532698128,
    "tau": 16.48608646122812
}