{
    "b0": 14.744973983007087,
    "b1": -0.938404932772555,
    "b2": -4.663955562828789,
    "tau": 201.9711372020121
}