{
    "b0": 14.619327962390729,
    "b1": -0.9728012017495593,
    "b2": -1.85475123319292,
    "tau": 16.47189767522425
}