{
    "b0": 15.71784824668563,
    "b1": -3.3166032089286572,
    "b2": -4.93160120675931,
    "tau": 47.49242819092598
}