{
    "b0": 17.56869092315625,
    "b1": -4.081417946404827,
    "b2": -2.3006385162723664,
    "tau": 157.72628884347327
}