{
    "b0": 12.972630034922464,
    "b1": -1.7857425149462864,
    "b2": -2.577789018376553,
    "tau": 90.93496855690542
}