{
    "b0": 13.283569205718424,
    "b1": -2.0446650172642804,
    "b2": -3.193650561827968,
    "tau": 87.24473221419039
}