{
    "b0": 13.041260419318572,
    "b1": -2.8163400231700946,
    "b2": 7.294662001934147,
    "tau": 0.8044915397516312
}