{
    "b0": 15.086927212616176,
    "b1": -2.814314283749745,
    "b2": -4.555922790206977,
    "tau": 44.488722280233745
}