{
    "b0": 14.864167330992334,
    "b1": -1.1532273662348858,
    "b2": -2.113282183320935,
    "tau": 22.7974796407626
}