{
    "b0": 14.0881655989752,
    "b1": -1.3029669811272002,
    "b2": -0.24713519129678374,
    "tau": 4.217124461652563
}