{
    "b0": 16.17676488381796,
    "b1": -2.3331287919154517,
    "b2": -2.404002677441957,
    "tau": 156.04740250525904
}