{
    "b0": 14.974159781351627,
    "b1": -2.576744509761107,
    "b2": -3.4531328496266003,
    "tau": 37.367426689225844
}