{
    "b0": 14.35667987376162,
    "b1": -2.101551418647725,
    "b2": -4.0060827150253235,
    "tau": 35.26464122141141
}