{
    "b0": 13.005827852766103,
    "b1": -1.8103130707394643,
    "b2": -2.7054656492843088,
    "tau": 77.29562886235757
}