{
    "b0": 16.31804138857053,
    "b1": -2.9706256328583183,
    "b2": -2.2547230902041777,
    "tau": 116.1721421164833
}