{
    "b0": 15.507006676668988,
    "b1": -3.1202722567950048,
    "b2": -4.396043176799957,
    "tau": 48.85760839014932
}