{
    "b0": 14.414215365471025,
    "b1": -2.7226925560836,
    "b2": -3.1905259420594305,
    "tau": 36.309244835412215
}