{
    "b0": 12.684127212072347,
    "b1": 0.6952011002973966,
    "b2": 1.729346022263878,
    "tau": 9.172258408272901
}