{
    "b0": 13.57935704343046,
    "b1": -2.2790573903122646,
    "b2": -2.5869389781366774,
    "tau": 58.878360300398036
}