{
    "b0": 14.275601866792371,
    "b1": -0.46667774214424274,
    "b2": -4.765907506304933,
    "tau": 216.4026812558792
}