{
    "b0": 14.107791358862562,
    "b1": -2.4773943620344054,
    "b2": -2.9278581327990016,
    "tau": 66.88841713474281
}