{
    "b0": 14.674679880748275,
    "b1": -1.0637032024417563,
    "b2": -1.1862547946812398,
    "tau": 233.4035474032353
}