{
    "b0": 13.189432935978084,
    "b1": -1.9093005775827927,
    "b2": -3.2400278133034295,
    "tau": 78.43561695995638
}