{
    "b0": 14.653358218394029,
    "b1": -1.0409622676752077,
    "b2": -0.769546643206755,
    "tau": 178.3460056855748
}