{
    "b0": 17.073594866237674,
    "b1": -3.5829770764473237,
    "b2": -2.3158268252916723,
    "tau": 153.30654881209284
}