{
    "b0": 15.440608379137378,
    "b1": -3.061898370049793,
    "b2": -4.118516663744618,
    "tau": 49.90909765882636
}