{
    "b0": 14.621347668373847,
    "b1": -0.8127279573205906,
    "b2": -2.329522759875956,
    "tau": 13.53891019532061
}