{
    "b0": 13.379611676422812,
    "b1": -2.1251243388310397,
    "b2": -3.3280274462002293,
    "tau": 56.53437090625647
}