{
    "b0": 14.961339552455208,
    "b1": -2.721172592499671,
    "b2": -4.52739186672413,
    "tau": 45.68610452976325
}