{
    "b0": 15.334513260098591,
    "b1": -3.0925636901445044,
    "b2": -4.307709828153175,
    "tau": 47.50314189090719
}