{
    "b0": 17.501351793530976,
    "b1": -4.017124337800905,
    "b2": -2.207837113654943,
    "tau": 164.46564630922137
}