{
    "b0": 14.141557565641635,
    "b1": 22.66848369597079,
    "b2": -29.505663903258107,
    "tau": 1.0533150635272985
}