{
    "b0": 13.986754187823358,
    "b1": -0.9515437610250816,
    "b2": -2.7271295713372035,
    "tau": 4.597381909082682
}