{
    "b0": 12.665891334613178,
    "b1": -1.5048885403890995,
    "b2": -2.231624898196798,
    "tau": 73.26592794434805
}