{
    "b0": 14.888585830698593,
    "b1": -2.6442773249486606,
    "b2": -4.218159792217959,
    "tau": 41.907551975997826
}