{
    "b0": 14.352189373039373,
    "b1": -2.629319989555361,
    "b2": -3.8360977009128785,
    "tau": 36.48315533985225
}