{
    "b0": 13.736660395391471,
    "b1": -2.3558855985096523,
    "b2": -2.6454182810585607,
    "tau": 61.15366505432422
}