{
    "b0": 13.951540214509489,
    "b1": -0.9511728144369722,
    "b2": -2.098726459609985,
    "tau": 2.9909677861625332
}