{
    "b0": 14.577263964481194,
    "b1": -0.8510745321625026,
    "b2": -2.1062614497190864,
    "tau": 13.128547337104466
}