{
    "b0": 14.546654012714773,
    "b1": -1.6184425808036336,
    "b2": -3.2265496512033796,
    "tau": 20.373991787817342
}