{
    "b0": 14.247581283801509,
    "b1": -1.0950843093723592,
    "b2": -3.290300416645896,
    "tau": 12.590124414411608
}