{
    "b0": 13.343041545338574,
    "b1": -2.1045227995799283,
    "b2": -3.29192296720095,
    "tau": 88.99316573472291
}