{
    "b0": 13.895102450009706,
    "b1": 0.4660308190057707,
    "b2": -5.0868920803479325,
    "tau": 0.9915154053218905
}