{
    "b0": 14.417562032265577,
    "b1": -1.4845794947274542,
    "b2": -3.163047197048678,
    "tau": 17.213619792490157
}