{
    "b0": 17.417165977239364,
    "b1": -3.913638418757512,
    "b2": -2.2777704335554336,
    "tau": 172.5356022718336
}