{
    "b0": 17.164569277418558,
    "b1": -3.638305878581515,
    "b2": -2.389105923725465,
    "tau": 159.6333019320627
}