{
    "b0": 18.442496922745246,
    "b1": -4.610264574967046,
    "b2": -5.020835164948053,
    "tau": 88.8121150432916
}