{
    "b0": 15.32458997223315,
    "b1": -2.9502919441917657,
    "b2": -3.9140640974197947,
    "tau": 47.764884358712614
}