{
    "b0": 16.71470367416909,
    "b1": -3.3645785861295403,
    "b2": -2.552286368537538,
    "tau": 113.16745060620893
}