{
    "b0": 14.245231780244762,
    "b1": -2.5556276237405164,
    "b2": -3.1214121236754955,
    "tau": 34.86759995381798
}