{
    "b0": 12.69342346842999,
    "b1": 0.5410380362031812,
    "b2": 1.9336427370253721,
    "tau": 6.817321879359325
}