{
    "b0": 14.321934228825688,
    "b1": -1.2824112575355024,
    "b2": -2.8526406700032654,
    "tau": 13.347389481526918
}