{
    "b0": 16.386332409888308,
    "b1": -2.940849127336263,
    "b2": -1.8237111568597073,
    "tau": 186.04158069146513
}