{
    "b0": 15.07033129710169,
    "b1": -2.676560971124628,
    "b2": -3.684647531398216,
    "tau": 40.32583643980705
}