{
    "b0": 15.0848160481447,
    "b1": -2.824732841385357,
    "b2": -4.399748469729962,
    "tau": 44.9501842739784
}