{
    "b0": 14.15866380945053,
    "b1": -1.1538270944064646,
    "b2": -2.850016197262116,
    "tau": 11.15362779061409
}