{
    "b0": 12.714029494462727,
    "b1": -1.5537043939343724,
    "b2": -2.2876299581619026,
    "tau": 82.94735747086425
}