{
    "b0": 16.889311443086907,
    "b1": -3.493271896918122,
    "b2": -2.187884660402828,
    "tau": 130.38794109330973
}