{
    "b0": 13.524061755764551,
    "b1": -2.3088787601521608,
    "b2": -3.053899185287494,
    "tau": 59.122017798054024
}