{
    "b0": 15.405456609748658,
    "b1": -1.689317527258439,
    "b2": -2.962185933184922,
    "tau": 31.65536562186492
}