{
    "b0": 13.578654248692382,
    "b1": -2.307996729668813,
    "b2": -3.057046813097198,
    "tau": 57.77375806298613
}