{
    "b0": 15.672276084837184,
    "b1": -3.279952332270276,
    "b2": -4.655459596333798,
    "tau": 47.15265973289909
}