{
    "b0": 13.086074480581736,
    "b1": -1.8636271848865862,
    "b2": -2.9917239410337135,
    "tau": 68.46568254616648
}