{
    "b0": 13.222170934453953,
    "b1": -4.335969168906979,
    "b2": -7.234956079386928,
    "tau": 166.18479780105508
}