{
    "b0": 13.51945085528414,
    "b1": -4.275586070619653,
    "b2": -8.54049174267206,
    "tau": 175.77506752891978
}