{
    "b0": 12.093438123831469,
    "b1": -7477.09583422051,
    "b2": 7486.849142223687,
    "tau": 0.3118663495759289
}