{
    "b0": 13.677929631287794,
    "b1": -4.976336688624546,
    "b2": -6.329195842641244,
    "tau": 123.908389220351
}