{
    "b0": 13.207421388930312,
    "b1": -4.344364890160002,
    "b2": -7.19270548365184,
    "tau": 162.83971621008752
}