{
    "b0": 13.300399699009056,
    "b1": -4.350748546379016,
    "b2": -7.76855250774396,
    "tau": 163.13987107866282
}