{
    "b0": 11.833138356021323,
    "b1": 0.6059013925520518,
    "b2": 2.1102300708573294,
    "tau": 3.583598458761834
}