{
    "b0": 13.5754523285264,
    "b1": -4.754524427862173,
    "b2": -6.99199417871043,
    "tau": 116.44121662354831
}