{
    "b0": 12.409370845473306,
    "b1": -0.9486078335938375,
    "b2": -6.713061388696017,
    "tau": 228.51108787944133
}