{
    "b0": 13.149695399946028,
    "b1": -4.231699147612091,
    "b2": -7.087570112100913,
    "tau": 126.04609458257869
}