{
    "b0": 12.148241159980781,
    "b1": 1.3221442854976369,
    "b2": 2.117987208660717,
    "tau": 17.215428412324115
}