{
    "b0": 12.241534813207185,
    "b1": -0.9248570170277817,
    "b2": -6.442389616266683,
    "tau": 197.9184106565114
}