{
    "b0": 13.126266187295677,
    "b1": -3.878678286693809,
    "b2": -7.869810743161247,
    "tau": 172.8632369151079
}