{
    "b0": 13.734220487652108,
    "b1": -5.047782674979109,
    "b2": -6.217325672821898,
    "tau": 123.97636266858534
}