{
    "b0": 12.02934749278064,
    "b1": 1.431979817043286,
    "b2": 2.463820064579249,
    "tau": 5.381793674541618
}