{
    "b0": 12.403718829657045,
    "b1": -0.007268885782179879,
    "b2": -5.688388381106837,
    "tau": 191.25703740672242
}