{
    "b0": 13.467484879292973,
    "b1": -4.634383816785319,
    "b2": -7.091965672870897,
    "tau": 134.51060758125345
}