{
    "b0": 12.867320508247971,
    "b1": -4.0228856486921485,
    "b2": -6.266403127084435,
    "tau": 117.75852568135163
}