{
    "b0": 12.148435509410966,
    "b1": -7471.199033954991,
    "b2": 7483.770416910273,
    "tau": 0.1111353897290944
}