{
    "b0": 13.192691180822585,
    "b1": -3.93649482289321,
    "b2": -7.326813895754446,
    "tau": 182.63843329391315
}