{
    "b0": 13.379433603653466,
    "b1": -4.436511734906706,
    "b2": -7.888534473493077,
    "tau": 172.54293412300277
}