{
    "b0": 11.85551900446558,
    "b1": 1.770887030445202,
    "b2": 0.521871857607814,
    "tau": 7.520953238714646
}