{
    "b0": 13.218118727126532,
    "b1": -2.6822315557031873,
    "b2": -6.766370314175495,
    "tau": 211.14962470602848
}