{
    "b0": 11.999495994956758,
    "b1": 1.5453121712603033,
    "b2": 2.2980297690449336,
    "tau": 8.717023339082578
}