{
    "b0": 12.901758671348697,
    "b1": -3.0312533444088814,
    "b2": -7.043670432359853,
    "tau": 144.88077692112245
}