{
    "b0": 13.209855868178924,
    "b1": -0.45029886507237427,
    "b2": -6.565419697782533,
    "tau": 201.3834928217739
}