{
    "b0": 13.167667193590486,
    "b1": -4.24901034650514,
    "b2": -7.514077478609527,
    "tau": 159.0416399238581
}