{
    "b0": 13.509145959130807,
    "b1": -4.627885002664231,
    "b2": -7.470628227401674,
    "tau": 125.90378626606613
}