{
    "b0": 12.808277618931378,
    "b1": 0.21406725187573894,
    "b2": -5.672500162236786,
    "tau": 195.11093373744478
}