{
    "b0": 13.017402585010705,
    "b1": -1.9301001584661508,
    "b2": -7.880767598979392,
    "tau": 192.0169146600712
}