{
    "b0": 13.19197222002156,
    "b1": -0.4586689823683874,
    "b2": -6.405056420335566,
    "tau": 200.1163154565954
}