{
    "b0": 12.902795726669899,
    "b1": -2.4835154286120096,
    "b2": -7.8090480594916345,
    "tau": 193.19200205859553
}