{
    "b0": 12.946914191065673,
    "b1": -4.0922366519053766,
    "b2": -6.8033145206403,
    "tau": 171.09724955844212
}