{
    "b0": 13.381352020136763,
    "b1": -2.6415065628941026,
    "b2": -7.196039846344446,
    "tau": 198.44118506401884
}