{
    "b0": 13.218773772172304,
    "b1": -0.27892795818982963,
    "b2": -6.4144924439217,
    "tau": 197.85239901527873
}