{
    "b0": 12.364243884191728,
    "b1": -0.3911853547248527,
    "b2": -7.100618159258427,
    "tau": 216.34281914168835
}