{
    "b0": 12.396128481333463,
    "b1": 1.1011214810297392,
    "b2": 1.8687783414683452,
    "tau": 11.083620011420166
}