{
    "b0": 13.518370585124517,
    "b1": -4.675348976447186,
    "b2": -7.187563881229097,
    "tau": 125.4156407577767
}