{
    "b0": 13.200052061171677,
    "b1": -4.310857306832355,
    "b2": -7.403033578829222,
    "tau": 163.52922809021672
}