{
    "b0": 12.889669053897036,
    "b1": -4.033956630009961,
    "b2": -6.420736676246454,
    "tau": 112.1539909608029
}