{
    "b0": 13.095432413196285,
    "b1": -4.169139611826222,
    "b2": -7.160573985188991,
    "tau": 163.71444005850148
}