{
    "b0": 12.218160874033883,
    "b1": -0.8970737814699667,
    "b2": -6.690902375779034,
    "tau": 184.4072128434773
}