{
    "b0": 12.633504428320103,
    "b1": -1.2047926559573368,
    "b2": -6.896310372008178,
    "tau": 216.73660247088327
}