{
    "b0": 12.931584430264886,
    "b1": -4.092731054821742,
    "b2": -6.382278353187983,
    "tau": 123.24685257331592
}