{
    "b0": 12.988814046320439,
    "b1": -3.56844075313626,
    "b2": -7.2709435577101384,
    "tau": 159.1487170878227
}