{
    "b0": 12.459522954888516,
    "b1": -1.1610219382119835,
    "b2": -6.932413342941237,
    "tau": 187.0672460763574
}