{
    "b0": 13.162725941860934,
    "b1": -4.254825744965854,
    "b2": -7.010298357514183,
    "tau": 122.81379391002568
}