{
    "b0": 12.623528649300118,
    "b1": -2.7385354567326434,
    "b2": -6.9330852856237595,
    "tau": 164.38174973498053
}