{
    "b0": 13.252359441422769,
    "b1": -4.341596333372492,
    "b2": -7.543361885701602,
    "tau": 166.92822214256114
}