{
    "b0": 13.028633790203326,
    "b1": -3.7357789277745512,
    "b2": -7.254052226387035,
    "tau": 160.31233500170407
}