{
    "b0": 13.221771816031284,
    "b1": -0.2181740204485676,
    "b2": -6.011800162295141,
    "tau": 206.74157093855956
}