{
    "b0": 12.962192311112828,
    "b1": -0.4028969642627924,
    "b2": -6.852594016768631,
    "tau": 210.61898296010625
}