{
    "b0": 13.223514180195442,
    "b1": -4.3401544255027895,
    "b2": -7.0825057178831194,
    "tau": 141.2254744832896
}