{
    "b0": 12.157395951802739,
    "b1": -1.9671414480551226,
    "b2": -6.562134549371948,
    "tau": 172.7666514693967
}