{
    "b0": 12.368873191554044,
    "b1": -2.4369444886347518,
    "b2": -7.09392589879002,
    "tau": 177.2273435118426
}