{
    "b0": 13.032948150327368,
    "b1": -1.8019919904362238,
    "b2": -8.027781719810275,
    "tau": 186.6192430639523
}