{
    "b0": 13.52038620091697,
    "b1": -0.6221357259360638,
    "b2": -6.842567623786675,
    "tau": 211.56598841323955
}