{
    "b0": 13.601090498549306,
    "b1": -0.8189651720121538,
    "b2": -6.640875169042861,
    "tau": 229.65654206194318
}