{
    "b0": 13.4458373082883,
    "b1": -4.589431596383853,
    "b2": -7.1574561529801395,
    "tau": 120.14160035429266
}