{
    "b0": 13.617916240094376,
    "b1": -4.953005458389188,
    "b2": -6.059002658987316,
    "tau": 118.24458678061164
}