{
    "b0": 13.439220021965413,
    "b1": -4.5661752533237765,
    "b2": -7.31254467846533,
    "tau": 119.14925434143684
}