{
    "b0": 11.963823278356712,
    "b1": 1.453189118215962,
    "b2": 2.5537644020256804,
    "tau": 10.391083713255759
}