{
    "b0": 13.146338379632184,
    "b1": -4.259653742450123,
    "b2": -6.979263017766677,
    "tau": 167.93458694608938
}