{
    "b0": 12.003960451166702,
    "b1": 1.495805354344364,
    "b2": 2.9437019908362956,
    "tau": 4.960838006670039
}