{
    "b0": 13.068487782279185,
    "b1": -4.107193692020497,
    "b2": -7.5625484055126755,
    "tau": 164.95732605546306
}