{
    "b0": 12.865971718960349,
    "b1": -3.646158760587187,
    "b2": -6.963330030398958,
    "tau": 167.956207598591
}