{
    "b0": 12.254825228190965,
    "b1": -0.428309836303411,
    "b2": -7.062892412914833,
    "tau": 211.2799722522183
}