{
    "b0": 12.453021556113487,
    "b1": -1.6839126101310016,
    "b2": -2.8607800465176574,
    "tau": 52.90182247796208
}