{
    "b0": 12.867800671625817,
    "b1": -3.399914925123298,
    "b2": -4.277159557569738,
    "tau": 48.347328302361454
}