{
    "b0": 11.6678638501183,
    "b1": -0.9062552852983072,
    "b2": -2.025959663364112,
    "tau": 51.00358643189126
}