{
    "b0": 12.531991597381456,
    "b1": -3.0547489279021214,
    "b2": -2.2863998114774153,
    "tau": 59.77699298760161
}