{
    "b0": 12.958793529462435,
    "b1": -4.4573532841241965,
    "b2": -0.0014223272583677726,
    "tau": 236.41455779253005
}