{
    "b0": 11.804252900614342,
    "b1": -1.000634293384873,
    "b2": -2.4328787554504054,
    "tau": 52.347915908537324
}