{
    "b0": 12.220432703676007,
    "b1": -3.187705940334681,
    "b2": 5.438998772033059,
    "tau": 319.08935195214525
}