{
    "b0": 12.407079345163934,
    "b1": -2.811803437905818,
    "b2": -1.9139783113343436,
    "tau": 64.77989945779602
}