{
    "b0": 13.342601968186456,
    "b1": -5.005523573220268,
    "b2": -0.0025569360299235733,
    "tau": 307.0079404867837
}