{
    "b0": 11.774686258138146,
    "b1": -0.9918720665045315,
    "b2": -2.299204256505749,
    "tau": 51.92483106315009
}