{
    "b0": 12.052345905383763,
    "b1": -1.3202235714769475,
    "b2": -2.3870603470421674,
    "tau": 17.753885792501393
}