{
    "b0": 12.33884279281827,
    "b1": -2.1620928709938547,
    "b2": -2.5877191435038798,
    "tau": 39.44110732053843
}