{
    "b0": 11.659184992952396,
    "b1": -0.8877137722392763,
    "b2": -2.0123094065862497,
    "tau": 52.52808966073359
}