{
    "b0": 13.494108089544635,
    "b1": -4.788710791878193,
    "b2": -5.922238044704539,
    "tau": 116.55765124841768
}