{
    "b0": 11.779870173960587,
    "b1": -0.9938756035253773,
    "b2": -2.3534238162748222,
    "tau": 51.31426353074947
}