{
    "b0": 11.945087385360674,
    "b1": -1.2061838145268906,
    "b2": -2.0784548208972273,
    "tau": 62.6513679393786
}