{
    "b0": 13.255800956159078,
    "b1": -4.757470040475635,
    "b2": -4.037130960766243,
    "tau": 143.2211831805883
}