{
    "b0": 12.894410145120029,
    "b1": -4.332598593668731,
    "b2": -3.679645803849999,
    "tau": 102.37466507286685
}