{
    "b0": 11.930804195110852,
    "b1": -1.0900001565718114,
    "b2": -2.599349536452667,
    "tau": 48.54386892639119
}