{
    "b0": 12.186252411422457,
    "b1": -1.4379340342325517,
    "b2": -2.385752928606781,
    "tau": 28.70194138981199
}