{
    "b0": 12.484752764578964,
    "b1": -3.0170610201825023,
    "b2": -2.6796543092089182,
    "tau": 56.61146778837756
}