{
    "b0": 13.528755178530451,
    "b1": -4.809457896502939,
    "b2": -6.3154826640672646,
    "tau": 116.21271620903335
}