{
    "b0": 11.974580638127517,
    "b1": -1.173228107410127,
    "b2": -2.5715476099888677,
    "tau": 66.4331376823935
}