{
    "b0": 13.031715327524106,
    "b1": -4.289845443534987,
    "b2": -2.8654918574985047,
    "tau": 89.62981046802211
}