{
    "b0": 12.099880758107798,
    "b1": -1.8902503861453601,
    "b2": -1.761032783209512,
    "tau": 35.32804641341149
}