{
    "b0": 11.670917154590242,
    "b1": -0.9022101099791353,
    "b2": -2.074366694603543,
    "tau": 57.22859391004877
}