{
    "b0": 12.029010593223154,
    "b1": -1.232384821210844,
    "b2": -2.670658408251305,
    "tau": 62.33704632610195
}