{
    "b0": 12.881258145281945,
    "b1": -4.03507362247782,
    "b2": -3.5746990625179467,
    "tau": 69.22906538616078
}