{
    "b0": 12.12127661816083,
    "b1": -1.8918755749818152,
    "b2": -1.7184032305041401,
    "tau": 35.33559162637368
}