{
    "b0": 11.798877316485017,
    "b1": -1.0101013731348836,
    "b2": -2.359684557736775,
    "tau": 54.972471054027416
}