{
    "b0": 11.447367424230801,
    "b1": -0.7217982530603262,
    "b2": -1.5459987850115395,
    "tau": 40.939433295570645
}