{
    "b0": 12.091813940892258,
    "b1": -1.373375861587872,
    "b2": -2.1410932692340805,
    "tau": 61.11212335055851
}