{
    "b0": 12.57003442610723,
    "b1": -3.1134648205066453,
    "b2": -4.5128636469649495,
    "tau": 43.921661759286486
}