{
    "b0": 12.741660523341368,
    "b1": -4.101506896976083,
    "b2": -2.6805131912604203,
    "tau": 96.0423945326709
}