{
    "b0": 12.813985481801796,
    "b1": -3.889132469549269,
    "b2": -3.556019409562971,
    "tau": 61.1288257767697
}