{
    "b0": 11.755680696688183,
    "b1": -0.9758489364085254,
    "b2": -2.251261648167657,
    "tau": 57.30547966019441
}