{
    "b0": 11.216371479865568,
    "b1": -0.5325937557483504,
    "b2": -1.053186469284626,
    "tau": 41.17390444287762
}