{
    "b0": 12.804537380487035,
    "b1": -3.109664128838139,
    "b2": -4.512844216990665,
    "b3": -7.526398487319598,
    "t1": 5.946920911873442,
    "t2": 41.619067315364184
}