{
    "b0": 11.763466083073938,
    "b1": -1.0505631578650072,
    "b2": -2.1329240997350305,
    "tau": 48.26237754672268
}