{
    "b0": 12.333130343654314,
    "b1": -1.5737114498610962,
    "b2": -2.713180063852061,
    "tau": 31.835697322581286
}