{
    "b0": 13.462813540275839,
    "b1": -4.713985636934184,
    "b2": -6.358640909237009,
    "tau": 109.5142374087977
}