{
    "b0": 13.574050048909431,
    "b1": -5.188337888063302,
    "b2": -0.00013580973887705738,
    "tau": 337.07385304693616
}