{
    "b0": 11.745872800718441,
    "b1": -0.9668912045037859,
    "b2": -2.2731163962460377,
    "tau": 50.36975805662881
}