{
    "b0": 11.72796449126281,
    "b1": -0.9797354027926795,
    "b2": -2.2132721112290588,
    "tau": 42.29450786660908
}