{
    "b0": 11.82092543152497,
    "b1": -1.0600071378465645,
    "b2": -2.361869532826299,
    "tau": 49.924448539491195
}