{
    "b0": 12.761140036977446,
    "b1": -4.178807395490471,
    "b2": -3.7376082653055707,
    "tau": 92.97778622310936
}