{
    "b0": 11.546697695483559,
    "b1": -0.7856816081749494,
    "b2": -1.8395897378091006,
    "tau": 48.231409520201595
}