{
    "b0": 12.205142666916268,
    "b1": -1.4556291448942527,
    "b2": -2.6772356010417444,
    "tau": 21.001814871958935
}