{
    "b0": 12.243988051964381,
    "b1": -1.4964074604530655,
    "b2": -2.6482240386222857,
    "tau": 21.533377441276293
}