{
    "b0": 11.870731756764052,
    "b1": -1.0576904692161109,
    "b2": -2.481559221862573,
    "tau": 50.17733509941701
}