{
    "b0": 11.10699140368794,
    "b1": -0.43440427347914345,
    "b2": -0.8902154941669029,
    "tau": 31.09213296744161
}