{
    "b0": 12.028132304387935,
    "b1": -1.2501136581727077,
    "b2": -2.620292277805156,
    "tau": 58.028335348230804
}