{
    "b0": 11.528660195674657,
    "b1": -0.8004459853206469,
    "b2": -1.480448567132346,
    "tau": 55.81893289027486
}