{
    "b0": 13.582823229219072,
    "b1": -4.877081368340424,
    "b2": -6.30292856783558,
    "tau": 119.55951664568185
}