{
    "b0": 11.899156944805572,
    "b1": -1.2983272672301975,
    "b2": -1.2101529144536975,
    "b3": -3.8342370404376767,
    "t1": 6.552989846723786,
    "t2": 57.05824134335023
}