{
    "b0": 12.692212771740854,
    "b1": -4.133950602799363,
    "b2": -3.343937500832304,
    "tau": 94.35034294328479
}