{
    "b0": 12.315457900213602,
    "b1": -2.670501845418092,
    "b2": -1.2767471437095206,
    "tau": 78.78775874273596
}