{
    "b0": 12.079423043922818,
    "b1": -1.365621664066619,
    "b2": -2.2094442955312967,
    "tau": 75.34526108682473
}