{
    "b0": 12.00197787214655,
    "b1": -1.2382547409655764,
    "b2": -2.5143052682264684,
    "tau": 68.66528284807208
}