{
    "b0": 12.995672183202426,
    "b1": -3.472090477794594,
    "b2": -4.856975865376201,
    "tau": 47.39625342937065
}