{
    "b0": 12.277230410303181,
    "b1": -2.0708846461198784,
    "b2": -2.331506518570595,
    "tau": 34.16970457775362
}