{
    "b0": 12.579840033798146,
    "b1": -3.1428290160323984,
    "b2": -2.581056039184194,
    "tau": 63.52085057714842
}