{
    "b0": 12.647568611670742,
    "b1": -4.056228384378593,
    "b2": -3.2152539306983265,
    "tau": 94.26721924852163
}