{
    "b0": 12.160478183663436,
    "b1": -1.9435466790866744,
    "b2": -2.0318009765533755,
    "tau": 35.76483469716093
}