{
    "b0": 12.308040841757203,
    "b1": -1.5270556155716175,
    "b2": -2.8474045475288063,
    "tau": 35.15470283615266
}