{
    "b0": 12.23683319512593,
    "b1": -1.4306204967442575,
    "b2": -2.948771017424999,
    "tau": 53.48608276745731
}