{
    "b0": 13.633901309453359,
    "b1": -4.960854558866916,
    "b2": -5.84042221299342,
    "tau": 120.03662419894579
}