{
    "b0": 12.860752369800986,
    "b1": -3.9705717575811867,
    "b2": -3.462070220811854,
    "tau": 63.51180932559496
}