{
    "b0": 12.597950940956576,
    "b1": -3.0299764357831336,
    "b2": -5.040720945048546,
    "tau": 37.33083238922393
}