{
    "b0": 11.784868290783567,
    "b1": -1.0320509225107921,
    "b2": -2.2676261932310435,
    "tau": 48.82600032640097
}