{
    "b0": 11.766950852149108,
    "b1": -1.0468356690844571,
    "b2": -1.8143976657905139,
    "tau": 55.58749848077891
}