{
    "b0": 12.209126620279099,
    "b1": -1.9913989387605224,
    "b2": -1.0542479988185476,
    "tau": 52.923117207180184
}