{
    "b0": 10.958651154765253,
    "b1": -3.377205030835963,
    "b2": 9.871330684294207,
    "tau": 0.7845331971324442
}