{
    "b0": 12.470991975505154,
    "b1": -1.2551502259123164,
    "b2": -1.8122091164153074,
    "tau": 16.142243583738118
}