{
    "b0": 12.222444469491231,
    "b1": -1.413538745363014,
    "b2": -2.255641662247796,
    "tau": 19.21529375094549
}