{
    "b0": 12.637132709738866,
    "b1": -0.8330782430726791,
    "b2": -0.8026915954495041,
    "tau": 38.18420399002375
}