{
    "b0": 12.754291011965494,
    "b1": -0.9972143265913969,
    "b2": -1.3347288793916308,
    "tau": 52.738113793127354
}