{
    "b0": 12.715157713076373,
    "b1": -0.9715807494239608,
    "b2": -0.9629135840723582,
    "tau": 39.4308163556612
}