{
    "b0": 11.375039644453057,
    "b1": -0.4105341030480236,
    "b2": -3.7109832113966164,
    "tau": 176.83693697857822
}