{
    "b0": 12.470463482939424,
    "b1": 0.18817923495715483,
    "b2": -1.7702765368694737,
    "tau": 1.170176153260874
}