{
    "b0": 12.478252692560535,
    "b1": 0.4386068489648485,
    "b2": -2.013365489102761,
    "tau": 0.7817570342592998
}