{
    "b0": 12.722318408393487,
    "b1": -1.466166467869959,
    "b2": -2.801766068897666,
    "tau": 24.1584363410651
}