{
    "b0": 11.157976785130577,
    "b1": -0.29065962073562623,
    "b2": -764.1507461877629,
    "b3": 760.7434469449213,
    "t1": 121.66816332063466,
    "t2": 121.22674721296026
}