{
    "b0": 10.556735174367994,
    "b1": -6.243083553709848,
    "b2": 8.994998729242802,
    "tau": 0.37995290756225586
}