{
    "b0": 11.826811426648593,
    "b1": 0.5103903298241308,
    "b2": 0.9016095276515732,
    "tau": 47.87520884486324
}