{
    "b0": 12.361420078402,
    "b1": 21.78987820964831,
    "b2": -25.287785444807092,
    "tau": 0.5631249595483654
}