{
    "b0": 12.449882686681807,
    "b1": -0.33877012944794854,
    "b2": -0.026094409354934817,
    "tau": 2.515517579362628
}