{
    "b0": 11.209282959819598,
    "b1": 1.108382528824191,
    "b2": 1.7930112381735546,
    "tau": 23.889678064415154
}