{
    "b0": 12.38236238574632,
    "b1": -0.45985868658786766,
    "b2": -0.35969956511235934,
    "tau": 8.071919657125974
}