{
    "b0": 12.368846158988323,
    "b1": 2.886991779183284,
    "b2": -5.911335825199535,
    "tau": 0.6780151866148929
}