{
    "b0": 12.073046187657354,
    "b1": -1.3249702633510432,
    "b2": -2.0148050177379475,
    "tau": 17.598704187736875
}