{
    "b0": 12.302103200923483,
    "b1": 0.8906779912217768,
    "b2": -2.284000107089554,
    "tau": 0.7226525339154781
}