{
    "b0": 10.840265300594314,
    "b1": -3.329526190448962,
    "b2": 6.520850205681276,
    "tau": 0.9330758970025251
}