{
    "b0": 12.871481701845395,
    "b1": -1.6611584862970155,
    "b2": -2.5530976468761333,
    "tau": 31.968147044818362
}