{
    "b0": 10.890927670851925,
    "b1": 0.9404117388958919,
    "b2": 1.386278033224735,
    "tau": 2.4943055562176606
}