{
    "b0": 12.519568988016653,
    "b1": -1.2042014759352662,
    "b2": -2.7536124846051,
    "tau": 20.67981739229046
}