{
    "b0": 12.806817029393393,
    "b1": -0.8689315422926849,
    "b2": -1.4174567589081697,
    "tau": 40.33718681415829
}