{
    "b0": 12.769338594403209,
    "b1": -1.0166534431710836,
    "b2": -1.2090806171952742,
    "tau": 44.203238283654905
}