{
    "b0": 12.392897331066523,
    "b1": -0.4778510616335325,
    "b2": -0.8961772934471888,
    "tau": 13.300342266128126
}