{
    "b0": 10.471442953356698,
    "b1": -68.47953486269968,
    "b2": 83.92929967263971,
    "tau": 0.3254942115600697
}