{
    "b0": 12.553505640060301,
    "b1": -0.6012481989621798,
    "b2": -1.251631255640281,
    "tau": 18.684517777603187
}