{
    "b0": 12.712458105509745,
    "b1": -1.0272943918357191,
    "b2": -1.4673280474394823,
    "tau": 31.720166872421302
}