{
    "b0": 12.725406029408338,
    "b1": -1.4844503101969306,
    "b2": -2.8538324918684337,
    "tau": 22.92555964581287
}