{
    "b0": 12.347743151520117,
    "b1": -0.43380770121837087,
    "b2": -0.9935346263163125,
    "tau": 8.380500038474695
}