{
    "b0": 12.34647639671572,
    "b1": -0.45327585163931394,
    "b2": -0.4655670662623862,
    "tau": 6.380749613813969
}