{
    "b0": 12.532079998088442,
    "b1": -0.11660584860075696,
    "b2": -0.27967533729925775,
    "tau": 6.216866587921118
}