{
    "b0": 11.94390971522006,
    "b1": 0.25687079393768264,
    "b2": 2.151430023590657,
    "tau": 358.10432297137703
}