{
    "b0": 11.54298788462218,
    "b1": 0.7655109427756099,
    "b2": 1.6419781877062347,
    "tau": 19.560490641494034
}