{
    "b0": 11.030112900010257,
    "b1": 0.7374168975006588,
    "b2": 1.555735386796739,
    "tau": 3.3622093578342924
}