{
    "b0": 12.492264212359641,
    "b1": -1.2348963696980038,
    "b2": -2.65137980099791,
    "tau": 19.840818673144714
}