{
    "b0": 11.430724279350288,
    "b1": -0.37786539824749,
    "b2": -4.069030981453941,
    "tau": 181.52286683178227
}