{
    "b0": 12.470425002309335,
    "b1": -1.7259752603580765,
    "b2": -2.010567438327845,
    "tau": 20.816524750895656
}