{
    "b0": 12.372019861409312,
    "b1": -0.4900405322062028,
    "b2": -0.8298762157556201,
    "tau": 10.860302104623019
}