{
    "b0": 12.51368786976455,
    "b1": -0.02797656857119596,
    "b2": -0.37010780751226924,
    "tau": 3.281596374901885
}