{
    "b0": 12.9043677269292,
    "b1": -1.6806460786313555,
    "b2": -2.5485522364886273,
    "tau": 31.450132910130783
}