{
    "b0": 12.424155723484827,
    "b1": -0.49427403178173324,
    "b2": -0.9333586447305635,
    "tau": 16.59199314932461
}