{
    "b0": 12.564159016291429,
    "b1": -1.7936944050851014,
    "b2": -1.9446732225337864,
    "tau": 23.35632124632473
}