{
    "b0": 10.851836498681816,
    "b1": -0.21254319375678188,
    "b2": 2.599066675759127,
    "tau": 1.0440832556236204
}