{
    "b0": 11.309050463340423,
    "b1": -8.422130283411061,
    "b2": 16.4727539962142,
    "tau": 0.6524438959176997
}