{
    "b0": 11.059787251225478,
    "b1": -19.429890232486667,
    "b2": 25.029938333922125,
    "tau": 0.8471902137950376
}