{
    "b0": 12.72605212002404,
    "b1": -1.0390332685053114,
    "b2": -1.3471685845126329,
    "tau": 36.33930250467218
}