{
    "b0": 12.334552285268243,
    "b1": -0.4265191394099298,
    "b2": -0.8753927739801581,
    "tau": 9.24483695218402
}