{
    "b0": 12.589213183522078,
    "b1": -0.8706328822594347,
    "b2": -1.7211224528168403,
    "tau": 21.852783261214174
}