{
    "b0": 10.67361308286756,
    "b1": 0.5942493815462921,
    "b2": 1.9104453907906676,
    "tau": 3.4628903984359374
}