{
    "b0": 10.395468681758345,
    "b1": 0.7692783553127003,
    "b2": 1.9106334877571098,
    "tau": 2.0367361654239127
}