{
    "b0": 12.675966283485051,
    "b1": -0.8227248844811537,
    "b2": -0.8767832491043093,
    "tau": 41.636148184302144
}