{
    "b0": 12.303303922224863,
    "b1": 5.5341238689828405,
    "b2": -6.936517081771977,
    "tau": 0.8697286250567708
}