{
    "b0": 12.37607839787273,
    "b1": -0.4696764118845177,
    "b2": -0.7316377015251792,
    "tau": 6.857623942961805
}