{
    "b0": 12.423922716686755,
    "b1": 1.112051440569829,
    "b2": -3.079622223520979,
    "tau": 0.7660404096637157
}