{
    "b0": 11.244278253967009,
    "b1": 1.0505348811538915,
    "b2": 1.9793098573625383,
    "tau": 19.597214666606074
}