{
    "b0": 12.772108832530716,
    "b1": -1.0696275095675054,
    "b2": -1.6878734243600912,
    "tau": 28.561855523767903
}