{
    "b0": 10.524961531775068,
    "b1": -282850.8988217776,
    "b2": 282869.94812017365,
    "tau": 0.08092771519729777
}