{
    "b0": 11.913807012220412,
    "b1": 0.17800878584716373,
    "b2": 1.6949099903747868,
    "tau": 299.2245617497684
}