{
    "b0": 11.090506839235605,
    "b1": 0.6592249637959899,
    "b2": 2.1030493920750106,
    "tau": 6.684434696704471
}