{
    "b0": 10.8740146402058,
    "b1": 0.8591121857986836,
    "b2": 2.274504714659127,
    "tau": 3.8896400710583117
}