{
    "b0": 12.44715231651236,
    "b1": -0.5162727617135157,
    "b2": -0.9633666283719131,
    "tau": 17.483764200266965
}