{
    "b0": 10.327032449482886,
    "b1": -1.0133543901910476,
    "b2": 6.136083623968292,
    "tau": 0.9429352748681131
}