{
    "b0": 12.754457397192688,
    "b1": -1.0482314412508864,
    "b2": -1.6931651109647912,
    "tau": 29.464650125718887
}