{
    "b0": 12.657476372516456,
    "b1": -0.935104760801579,
    "b2": -1.9778797361207574,
    "tau": 16.316423947006243
}