{
    "b0": 11.193868856194317,
    "b1": -4338.383094252785,
    "b2": 4351.4868645243905,
    "tau": 0.3511219782417485
}