{
    "b0": 12.042659296235708,
    "b1": -1.303498858484848,
    "b2": -1.9879953330107976,
    "tau": 16.788713675621036
}