{
    "b0": 12.560565034172129,
    "b1": -0.13606588008829767,
    "b2": -0.3240395961948812,
    "tau": 16.233074335618134
}