{
    "b0": 12.494342668800378,
    "b1": -1.7114909960996916,
    "b2": -1.7118156781277198,
    "tau": 21.127066681073867
}