{
    "b0": 12.701802759599124,
    "b1": -1.5252534426676982,
    "b2": -2.0075910636696817,
    "tau": 28.687922691600583
}