{
    "b0": 12.450926653939193,
    "b1": -0.32774410799822923,
    "b2": -0.1462430362959821,
    "tau": 2.817066598075906
}