{
    "b0": 12.586525123757383,
    "b1": -1.397734605785006,
    "b2": -1.826760993924279,
    "tau": 21.20335603279896
}