{
    "b0": 12.383688954421213,
    "b1": -0.4775593698649877,
    "b2": -0.8886143647176616,
    "tau": 10.592621476051828
}