{
    "b0": 12.703222966410749,
    "b1": -0.9665102783303599,
    "b2": -1.2206077061767675,
    "tau": 44.384617721800915
}