{
    "b0": 10.94677446464146,
    "b1": 0.21777541024659774,
    "b2": 1.3729757103622489,
    "tau": 1.7211521195642465
}