{
    "b0": 11.80018091193745,
    "b1": -1.2677160613243341,
    "b2": -5.595524569731378,
    "tau": 235.03718473207732
}