{
    "b0": 11.733651996750375,
    "b1": -1.4916737006675183,
    "b2": -5.761204061743969,
    "tau": 220.82614183570075
}