{
    "b0": 10.951135519580916,
    "b1": -2.1236370262199795,
    "b2": -6.039864050219922,
    "tau": 219.93532944933892
}