{
    "b0": 10.121344524343302,
    "b1": -2.738162595139941,
    "b2": -3.9796413661843895,
    "tau": 245.20960078224942
}