{
    "b0": 9.985170193161933,
    "b1": -2.8234344289460003,
    "b2": -3.7201383449517778,
    "tau": 314.645999128961
}