{
    "b0": 10.081095680535812,
    "b1": -2.691169923088628,
    "b2": -3.9243864968211897,
    "tau": 237.49459988198367
}