{
    "b0": 10.170962280056564,
    "b1": -3.054107816740533,
    "b2": -3.6857869778191072,
    "tau": 331.7733981315786
}