{
    "b0": 11.815452191819544,
    "b1": -1.5990362376588374,
    "b2": -6.110808290278053,
    "tau": 221.64700246181314
}