{
    "b0": 11.419358410310016,
    "b1": -0.503415963319195,
    "b2": -3.4624519869941723,
    "tau": 160.90553052084866
}