{
    "b0": 10.848519042379879,
    "b1": -2.0702029559882913,
    "b2": -6.047443452786497,
    "tau": 225.75795531359842
}