{
    "b0": 11.347796002107797,
    "b1": -2.471808183876411,
    "b2": -5.3205308056317895,
    "tau": 252.32131597621452
}