{
    "b0": 10.479101514681185,
    "b1": -3.1603104074012967,
    "b2": -4.016739503740947,
    "tau": 293.8679484192567
}