{
    "b0": 10.02648294003323,
    "b1": -2.8550691354614157,
    "b2": -3.923224823254868,
    "tau": 289.8042118305106
}