{
    "b0": 11.786727267984565,
    "b1": -1.787664626595432,
    "b2": -6.075086352744188,
    "tau": 227.89843442578288
}