{
    "b0": 11.19335269930579,
    "b1": -2.715767304798268,
    "b2": -6.868477774605304,
    "tau": 263.0475026301925
}