{
    "b0": 11.634618274168611,
    "b1": -1.0926891421100038,
    "b2": -4.7813450360398875,
    "tau": 210.3891062198264
}