{
    "b0": 10.768228998896879,
    "b1": -1.9543072467180433,
    "b2": -5.96225975246665,
    "tau": 237.15182109642683
}