{
    "b0": 10.28510911411462,
    "b1": -3.0905354557120397,
    "b2": -4.171374819791197,
    "tau": 312.28223440911415
}