{
    "b0": 11.583141530894538,
    "b1": -2.1088490581277837,
    "b2": -5.220714255599325,
    "tau": 213.02764465293396
}