{
    "b0": 10.23488137659019,
    "b1": -2.3283818178929865,
    "b2": -5.287174991217744,
    "tau": 232.66637706803039
}