{
    "b0": 9.729074163989146,
    "b1": -2.602728697682409,
    "b2": -3.224027375048284,
    "tau": 333.5579578907526
}