{
    "b0": 10.307116079696753,
    "b1": -3.0939683916376763,
    "b2": -4.356376148802246,
    "tau": 316.60879831350235
}