{
    "b0": 10.252197806523522,
    "b1": -2.3630201730364515,
    "b2": -5.134520396457461,
    "tau": 237.53437474264027
}