{
    "b0": 10.486900032468025,
    "b1": -2.5099379862893745,
    "b2": -5.559367215542645,
    "tau": 269.2634559293696
}