{
    "b0": 10.056543010258395,
    "b1": -2.8545789664846817,
    "b2": -4.552947329016736,
    "tau": 328.7978509286849
}