{
    "b0": 11.09260727671998,
    "b1": -2.248963356108262,
    "b2": -4.83790302667695,
    "tau": 262.3755879258233
}