{
    "b0": 11.129296693304788,
    "b1": -2.2412730521215094,
    "b2": -5.976548830019867,
    "tau": 259.3845609710805
}