{
    "b0": 11.022945566955642,
    "b1": -2.413347576868233,
    "b2": -5.534067729423274,
    "tau": 257.128542013114
}