{
    "b0": 11.483569664370613,
    "b1": -3.000010418755113,
    "b2": -6.539968871923035,
    "tau": 278.442259486741
}