{
    "b0": 10.40632006431265,
    "b1": -3.1422463860125553,
    "b2": -4.015999984148307,
    "tau": 308.39523885939207
}