{
    "b0": 10.317662044776826,
    "b1": -2.996967738839496,
    "b2": -3.8685696813817754,
    "tau": 283.9961974793564
}