{
    "b0": 11.145345720381746,
    "b1": -2.269589659271799,
    "b2": -5.176757743806147,
    "tau": 252.58988619583693
}