{
    "b0": 10.557032730767935,
    "b1": -2.432063898140596,
    "b2": -6.024851368413035,
    "tau": 267.47686717290503
}