{
    "b0": 9.755938428679055,
    "b1": -2.637363431470739,
    "b2": -3.2040842299463526,
    "tau": 339.71843204825
}