{
    "b0": 11.277842677114572,
    "b1": -2.2170444536792795,
    "b2": -4.716932466847448,
    "tau": 249.68620454376077
}