{
    "b0": 10.027055040843198,
    "b1": -2.956930161007529,
    "b2": -3.8203371168938123,
    "tau": 324.0498654523992
}