{
    "b0": 10.744860466917434,
    "b1": -1.8920884693394617,
    "b2": -6.078477890463879,
    "tau": 255.9252783418462
}