{
    "b0": 10.520923037652627,
    "b1": -3.153455336578876,
    "b2": -4.070846212453929,
    "tau": 273.1417822928827
}