{
    "b0": 11.780741679003771,
    "b1": -1.496388842985219,
    "b2": -5.627233191256453,
    "tau": 213.08940374826759
}