{
    "b0": 11.156786275448077,
    "b1": -2.698251453280678,
    "b2": -6.858806240375949,
    "tau": 268.52814801300025
}