{
    "b0": 10.169302920804476,
    "b1": -2.780547937618632,
    "b2": -4.0906311712911485,
    "tau": 238.2007156389465
}