{
    "b0": 10.971216261433826,
    "b1": -2.3387948675497237,
    "b2": -6.222885812867316,
    "tau": 243.97581746031318
}