{
    "b0": 11.989950368400445,
    "b1": -1.503768230962251,
    "b2": -6.0195434296338854,
    "tau": 242.93361740153622
}