{
    "b0": 11.77850240968713,
    "b1": -1.2562562663314316,
    "b2": -4.237695675351883,
    "tau": 197.324328396
}