{
    "b0": 11.64789024354532,
    "b1": -2.254156208726002,
    "b2": -5.396517070457758,
    "tau": 217.89512076710966
}