{
    "b0": 10.743080433495486,
    "b1": -2.0465317874770754,
    "b2": -6.589067010104209,
    "tau": 255.21122048920452
}