{
    "b0": 10.739866061331012,
    "b1": -2.518760232775274,
    "b2": -6.060506114295276,
    "tau": 254.15851438993906
}