{
    "b0": 11.81511726865706,
    "b1": -1.7508744241855947,
    "b2": -6.206782650737214,
    "tau": 227.60513032878822
}