{
    "b0": 10.090979720203812,
    "b1": -2.972326063709615,
    "b2": -3.995440838670296,
    "tau": 274.4900263913097
}