{
    "b0": 10.455633599666523,
    "b1": -3.05449884029714,
    "b2": -4.438675224728838,
    "tau": 252.28016180441878
}