{
    "b0": 9.748925789045547,
    "b1": -2.6088636031685004,
    "b2": -3.3002614480502666,
    "tau": 339.09022111948434
}