{
    "b0": 11.295920382750749,
    "b1": -0.3150160197348568,
    "b2": -3.6940864382018033,
    "tau": 166.88066493366784
}