{
    "b0": 10.079058111937186,
    "b1": -2.9071982544560697,
    "b2": -4.403992395114894,
    "tau": 328.4298549011215
}