{
    "b0": 10.35430309380407,
    "b1": -3.084003986800414,
    "b2": -3.8634320867968484,
    "tau": 312.2910786041583
}