{
    "b0": 11.657543956203337,
    "b1": -1.1102463681751038,
    "b2": -4.184579762998485,
    "tau": 195.0012540263591
}