{
    "b0": 10.078359161637556,
    "b1": -2.9334462311100307,
    "b2": -3.8361544356176234,
    "tau": 292.83771662616795
}