{
    "b0": 11.090682503731106,
    "b1": -2.650533457218189,
    "b2": -5.732958854102208,
    "tau": 285.28567705962547
}