{
    "b0": 10.5143476639209,
    "b1": -3.1856719522774064,
    "b2": -4.015508701947305,
    "tau": 288.8490755049448
}