{
    "b0": 10.076195004285957,
    "b1": -2.1484101521404684,
    "b2": -5.190223221141229,
    "tau": 261.4259521097214
}