{
    "b0": 10.447926372114582,
    "b1": -2.6410511557279115,
    "b2": -5.8628918131732926,
    "tau": 229.46053865905603
}