{
    "b0": 10.38423989664817,
    "b1": -2.621693457251915,
    "b2": -5.61816520254697,
    "tau": 231.5873233572329
}