{
    "b0": 10.557916512419672,
    "b1": -2.838750079592857,
    "b2": -5.509427987477738,
    "tau": 219.93634311271296
}