{
    "b0": 11.322375228767665,
    "b1": -0.37902394699418185,
    "b2": -3.619906337555478,
    "tau": 165.51796632533097
}