{
    "b0": 9.93113044302715,
    "b1": -2.798114908210281,
    "b2": -4.145755005208954,
    "tau": 332.8322151573254
}