{
    "b0": 11.753311659476926,
    "b1": -2.2181399940916595,
    "b2": -5.549848788668399,
    "tau": 221.8721031317263
}