{
    "b0": 11.82438155168198,
    "b1": -1.6893815642462462,
    "b2": -6.390777124174391,
    "tau": 222.9792048659047
}