{
    "b0": 12.882304292863406,
    "b1": -3.5717527473399993,
    "b2": -1.373025942726826,
    "tau": 181.00316493328924
}