{
    "b0": 11.621127882627718,
    "b1": -3.310959734884164,
    "b2": -2.2335113180358297,
    "tau": 240.64726409798317
}