{
    "b0": 10.397959226712183,
    "b1": -2.9207035157448455,
    "b2": -0.002724562663753538,
    "tau": 769.3579644789536
}