{
    "b0": 11.949093312133606,
    "b1": -3.566000104297565,
    "b2": -2.0782712356583617,
    "tau": 242.95941704615223
}