{
    "b0": 11.372957878399571,
    "b1": -3.441832950234292,
    "b2": -1.444089059717156,
    "tau": 190.056191288804
}