{
    "b0": 12.585558321246609,
    "b1": -3.8877700931325254,
    "b2": -2.7396650046141087,
    "tau": 159.00868741177473
}