{
    "b0": 9.905290327908428,
    "b1": -2.905243467721652,
    "b2": -3.6269637791132308,
    "tau": 324.5563320851729
}