{
    "b0": 12.229090135888,
    "b1": -3.8299009900621392,
    "b2": -1.9546178146541329,
    "tau": 174.57341662620257
}