{
    "b0": 12.17651342946366,
    "b1": -2.842687475511532,
    "b2": -0.43962045042030506,
    "tau": 250.49262121391524
}