{
    "b0": 12.419087597849252,
    "b1": -3.680715161181385,
    "b2": -2.366061948005975,
    "tau": 187.48013148555592
}