{
    "b0": 10.213164498476626,
    "b1": -3.3196090648862695,
    "b2": -1.489184893989312,
    "tau": 259.71755517279394
}