{
    "b0": 10.285020560633098,
    "b1": -3.383867469245194,
    "b2": -0.007080731482219882,
    "tau": 373.8552465127205
}