{
    "b0": 9.963887343749954,
    "b1": -2.9490033204337767,
    "b2": -3.5983640378855206,
    "tau": 327.9205335877142
}