{
    "b0": 13.072896082888791,
    "b1": -3.4881684126009542,
    "b2": -1.9141616518545255,
    "tau": 206.19904029052938
}