{
    "b0": 11.715337210396372,
    "b1": -3.7231724348772035,
    "b2": -1.880307900597579,
    "tau": 191.18979103403268
}