{
    "b0": 12.721104596112891,
    "b1": -3.3955481532945324,
    "b2": -1.0613574049035788,
    "tau": 218.38747689736968
}