{
    "b0": 12.217457253036844,
    "b1": -3.171205308317443,
    "b2": -1.8527391235906223,
    "tau": 202.71431440161552
}