{
    "b0": 13.678492752084638,
    "b1": -3.7425544241900077,
    "b2": -3.8254427839697156,
    "tau": 210.7331918392564
}