{
    "b0": 10.218344563873345,
    "b1": -2.8150057707873213,
    "b2": -0.0032305505319230043,
    "tau": 745.5151402488307
}