{
    "b0": 12.388490832227053,
    "b1": -3.6241422529791185,
    "b2": -2.4471826081001495,
    "tau": 172.34349155839863
}