{
    "b0": 11.717936286212923,
    "b1": -3.4741753125730916,
    "b2": -2.8552911794228,
    "tau": 195.8758180115261
}