{
    "b0": 10.043375498783146,
    "b1": -2.5099642095664705,
    "b2": -0.0001377684526706613,
    "tau": 463.7398401928121
}