{
    "b0": 12.884191541688153,
    "b1": -3.412600584351175,
    "b2": -1.4609609157872059,
    "tau": 195.87779056054018
}