{
    "b0": 10.160171298226084,
    "b1": -3.1799230907810485,
    "b2": -1.6652232965560492,
    "tau": 316.0970420480082
}