{
    "b0": 10.76069435032602,
    "b1": -3.1670110105804055,
    "b2": -0.008824259901459852,
    "tau": 694.0502160287265
}