{
    "b0": 10.07873910612354,
    "b1": -3.0734073507045157,
    "b2": -3.594957135378376,
    "tau": 312.98098521262256
}