{
    "b0": 11.913873228299941,
    "b1": -3.7900079128089788,
    "b2": -2.740412368019439,
    "tau": 204.26373579824838
}