{
    "b0": 10.235651326126295,
    "b1": -2.802279447523308,
    "b2": -0.016033101725749788,
    "tau": 795.3323027592238
}