{
    "b0": 10.21846468222321,
    "b1": -3.217806960372605,
    "b2": -3.6152752842845755,
    "tau": 307.09264058239216
}