{
    "b0": 10.257849057123432,
    "b1": -2.813272024274697,
    "b2": 0.005101719398756921,
    "tau": 828.979709399505
}