{
    "b0": 10.12562022237516,
    "b1": -2.9865099218198035,
    "b2": -2.674437036342958e-05,
    "tau": 448.8015108742454
}