{
    "b0": 10.445671543795935,
    "b1": -3.5429527397967524,
    "b2": -1.5874364634791533,
    "tau": 301.5214044745921
}