{
    "b0": 9.903687711018645,
    "b1": -2.910610069651323,
    "b2": -3.574764556346569,
    "tau": 335.5228685032587
}