{
    "b0": 12.619011547626936,
    "b1": -4.180588821585955,
    "b2": -2.4612508630926064,
    "tau": 170.40470983735293
}