{
    "b0": 10.196417697918218,
    "b1": -3.1800138001819143,
    "b2": -3.790230847016218,
    "tau": 308.11751711919374
}