{
    "b0": 11.666229434806432,
    "b1": -3.649340168787277,
    "b2": -1.8154749903619931,
    "tau": 186.55312224694788
}