{
    "b0": 9.963416500428876,
    "b1": -2.971403981356037,
    "b2": -3.600318407413834,
    "tau": 332.54358645273004
}