{
    "b0": 10.372870069336608,
    "b1": -3.3850040154607015,
    "b2": -0.010060554891961893,
    "tau": 466.50911332306754
}