{
    "b0": 9.95714621523362,
    "b1": -2.9649503400068458,
    "b2": -3.605152243178459,
    "tau": 336.9364625515064
}