{
    "b0": 13.250440114429763,
    "b1": -3.3514901196466136,
    "b2": -3.5923432207029076,
    "tau": 212.0753774268685
}