{
    "b0": 11.16050054982818,
    "b1": -3.5710575757929233,
    "b2": -0.12697911041513987,
    "tau": 740.0171131567421
}