{
    "b0": 11.281931193879776,
    "b1": -3.0283391413898992,
    "b2": -2.130945328213399,
    "tau": 226.65278513920367
}