{
    "b0": 11.454202817511284,
    "b1": -3.594212276470207,
    "b2": -1.0679504435114904,
    "tau": 195.10067127862084
}