{
    "b0": 12.103739297425983,
    "b1": -2.7977599345057733,
    "b2": -0.0030893938430134327,
    "tau": 352.3520640746207
}