{
    "b0": 12.10927326940921,
    "b1": -4.326662979283003,
    "b2": -2.31057247940152,
    "tau": 134.12050440413233
}