{
    "b0": 12.57340946335481,
    "b1": -3.866304957917203,
    "b2": -2.633463613234457,
    "tau": 158.40686880238002
}