{
    "b0": 11.503279898726753,
    "b1": -3.794456762974541,
    "b2": -0.03074843367375668,
    "tau": 308.32692199799567
}