{
    "b0": 11.204843848166213,
    "b1": -2.945739671326012,
    "b2": -1.7863319781043692,
    "tau": 246.0315012223543
}