{
    "b0": 12.558452235542,
    "b1": -3.856279402322672,
    "b2": -2.729174845289034,
    "tau": 157.3045821316621
}