{
    "b0": 10.111573646174262,
    "b1": -3.066893336379157,
    "b2": -3.730025017254743,
    "tau": 308.817347878391
}