{
    "b0": 10.128477758343715,
    "b1": -3.0507803718051933,
    "b2": -0.0012490001430540687,
    "tau": 446.8488241665456
}