{
    "b0": 9.831906513307295,
    "b1": -2.8737112252388375,
    "b2": -1.5991652334154387,
    "tau": 267.1722200277856
}