{
    "b0": 13.649832789316827,
    "b1": -3.642400346343691,
    "b2": -4.1326429087784655,
    "tau": 199.0342537678497
}