{
    "b0": 11.955186369872399,
    "b1": -3.111816159843035,
    "b2": -1.706887362190674,
    "tau": 203.31372570099933
}