{
    "b0": 10.044657018363866,
    "b1": -2.6036901781654267,
    "b2": -0.007575055916164142,
    "tau": 724.7630837945057
}