{
    "b0": 12.672514204548198,
    "b1": -3.2233168121862805,
    "b2": -1.1011011544864722,
    "tau": 216.65430334862833
}