{
    "b0": 12.531334439927132,
    "b1": -3.780637100057252,
    "b2": -2.373121285893891,
    "tau": 167.90439745385547
}