{
    "b0": 11.381556947138453,
    "b1": -3.6245518479752152,
    "b2": -0.017893969893730377,
    "tau": 269.8844558215646
}