{
    "b0": 12.15275985880823,
    "b1": -3.6747350054920442,
    "b2": -1.9082849774828476,
    "tau": 177.9138544441392
}