{
    "b0": 13.230806935287514,
    "b1": -3.4082061946566258,
    "b2": -3.52128904956089,
    "tau": 188.0798422218081
}