{
    "b0": 10.103637455987588,
    "b1": -3.141379807188407,
    "b2": -0.7273536398804227,
    "tau": 367.7490789306079
}