{
    "b0": 12.279908200679545,
    "b1": -3.8427008450676086,
    "b2": -2.7103598792551713,
    "tau": 186.56178567055233
}