{
    "b0": 10.995398960927593,
    "b1": -3.173399331267697,
    "b2": -0.005951233739510009,
    "tau": 559.8881457122866
}