{
    "b0": 11.027242588396641,
    "b1": -3.1747680267529144,
    "b2": 0.0021458207876261515,
    "tau": 613.7234894981731
}