{
    "b0": 13.343571500256601,
    "b1": -3.460166262606749,
    "b2": -3.9049023828549956,
    "tau": 176.59686720306442
}