{
    "b0": 12.106373619746634,
    "b1": -2.885262135583792,
    "b2": -1.7252723973841664,
    "tau": 262.53499718389816
}