{
    "b0": 10.06561235964661,
    "b1": -3.0320564574005777,
    "b2": -3.775208966373617,
    "tau": 314.59934387359954
}