{
    "b0": 10.19287825067636,
    "b1": -2.871928314358093,
    "b2": -0.00637088883350434,
    "tau": 646.8533192443513
}