{
    "b0": 12.938145884541715,
    "b1": -3.4239053928675953,
    "b2": -1.8330720338195945,
    "tau": 184.87329522831257
}