{
    "b0": 12.509739029434908,
    "b1": -3.734905218242985,
    "b2": -2.356066262250248,
    "tau": 170.24710570789165
}