{
    "b0": 12.089157365750287,
    "b1": -2.810076723975303,
    "b2": -0.3590532779753356,
    "tau": 330.10418386601856
}