{
    "b0": 12.228767912671902,
    "b1": -2.9354587096639837,
    "b2": -0.8197661945232461,
    "tau": 238.0877331282166
}