{
    "b0": 10.313671340872705,
    "b1": -2.8822649555607094,
    "b2": -0.018281532105479115,
    "tau": 833.0825918920913
}