{
    "b0": 13.241188496005703,
    "b1": -3.3507106410515606,
    "b2": -3.4496167672046756,
    "tau": 213.55962405053117
}