{
    "b0": 12.170330087593756,
    "b1": -2.905511019893608,
    "b2": -0.2828171014802684,
    "tau": 340.0076011107223
}