{
    "b0": 11.343323125848503,
    "b1": -3.061064732112308,
    "b2": -2.1063608702783143,
    "tau": 237.70793579035393
}