{
    "b0": 10.389677607695084,
    "b1": -3.491231872953336,
    "b2": -0.8949946171984993,
    "tau": 351.74111957484456
}