{
    "b0": 13.13183092273232,
    "b1": -2.61075639079351,
    "b2": -1.6312239056546498,
    "tau": 282.8972045562108
}