{
    "b0": 11.671525346326721,
    "b1": -0.8031132836924428,
    "b2": -1.3268695560314503,
    "tau": 113.20383541310306
}