{
    "b0": 12.930275956237537,
    "b1": -1.9958505667913697,
    "b2": -3.0488620149729284,
    "tau": 131.2012643732263
}