{
    "b0": 12.565706242546392,
    "b1": -1.651955370081025,
    "b2": -2.4693604166112513,
    "tau": 126.95339618479453
}