{
    "b0": 12.525451803208036,
    "b1": -1.6745103908681198,
    "b2": -2.1798510859174414,
    "tau": 175.57425165997847
}