{
    "b0": 11.807077302530653,
    "b1": 0.5629845542018117,
    "b2": -3.9804683751675767,
    "tau": 0.9625649571047744
}