{
    "b0": 12.208875049984545,
    "b1": -1.3134812572765346,
    "b2": -2.143734614821212,
    "tau": 108.27723018285431
}