{
    "b0": 11.649892839219095,
    "b1": -0.8055524847793991,
    "b2": -1.2607440166148556,
    "tau": 110.27527379716717
}