{
    "b0": 12.79310074263088,
    "b1": -1.8678328069895525,
    "b2": -2.9095573432426898,
    "tau": 130.62371154544869
}