{
    "b0": 12.020330265947297,
    "b1": -1.0560749254364166,
    "b2": -2.02033645817726,
    "tau": 27.435933397651922
}