{
    "b0": 13.412335062291561,
    "b1": -2.7767454554899347,
    "b2": -2.8062219071704626,
    "tau": 168.37985788928162
}