{
    "b0": 11.945804049675571,
    "b1": -1.0993084745965185,
    "b2": -1.7660135313729115,
    "tau": 194.69478957660593
}