{
    "b0": 11.247292334904127,
    "b1": -0.33975411929270594,
    "b2": -1.102455153294124,
    "tau": 42.32263353461426
}