{
    "b0": 12.518885416566311,
    "b1": -1.6618860998628069,
    "b2": -2.2396723125577784,
    "tau": 169.63737032467535
}