{
    "b0": 11.949070745370802,
    "b1": -0.9833882317827496,
    "b2": -2.151258733665298,
    "tau": 43.00235513702214
}