{
    "b0": 13.692153344904908,
    "b1": -3.369312654651221,
    "b2": -1.920443803933101,
    "tau": 165.44359885272823
}