{
    "b0": 13.226556593747498,
    "b1": -2.6134551697917328,
    "b2": -2.6394548726519256,
    "tau": 177.5217922314591
}