{
    "b0": 12.320545929918426,
    "b1": -1.4451007311277788,
    "b2": -2.1461536300096586,
    "tau": 118.88268432232383
}