{
    "b0": 12.051058486000379,
    "b1": -0.7306408590982747,
    "b2": -2.143293889841178,
    "tau": 8.120103106258421
}