{
    "b0": 11.838086262183849,
    "b1": -0.5622142239987671,
    "b2": -1.7003472639105446,
    "tau": 2.417154065140836
}