{
    "b0": 12.157742705918528,
    "b1": -1.2944407050016133,
    "b2": -2.073394896655616,
    "tau": 181.44272838833533
}