{
    "b0": 12.68871950540423,
    "b1": -1.7569153162731044,
    "b2": -2.7672123783461284,
    "tau": 112.83277723080948
}