{
    "b0": 12.377570019886548,
    "b1": -1.5216146538554831,
    "b2": -2.3183564768523732,
    "tau": 226.09579819656997
}