{
    "b0": 12.538321103804202,
    "b1": -1.3914802850424883,
    "b2": -1.7334016288887524,
    "tau": 26.579546477160328
}