{
    "b0": 13.266062607897007,
    "b1": -2.553603636716403,
    "b2": -2.652179559960257,
    "tau": 166.9127228562135
}