{
    "b0": 12.045554224743613,
    "b1": -1.2069586815423428,
    "b2": -1.6561446059776956,
    "tau": 131.59087532175096
}