{
    "b0": 12.505045677978773,
    "b1": -1.6102358420634393,
    "b2": -2.391038278610016,
    "tau": 143.39296849539767
}