{
    "b0": 11.726762879796256,
    "b1": -0.7487214148751768,
    "b2": -1.9440705520978268,
    "tau": 11.563124100408363
}