{
    "b0": 12.706183618724646,
    "b1": -1.5568168310062354,
    "b2": -2.055903258579418,
    "tau": 35.39986465810922
}