{
    "b0": 13.18330243824088,
    "b1": -2.2452978651069673,
    "b2": -3.3937267789167502,
    "tau": 135.6537185027602
}