{
    "b0": 11.786636931222732,
    "b1": -0.9399584750142185,
    "b2": -1.5013194368807243,
    "tau": 181.96979087295736
}