{
    "b0": 12.084577033822066,
    "b1": -1.1923679478624696,
    "b2": -1.8019480764801608,
    "tau": 47.45390298327872
}