{
    "b0": 12.670159599711962,
    "b1": -1.760111611319671,
    "b2": -2.71422507459919,
    "tau": 122.32396157105494
}