{
    "b0": 11.493459992866294,
    "b1": -0.6006708962206415,
    "b2": -1.4189716104472043,
    "tau": 31.86378216103716
}