{
    "b0": 12.311526665147573,
    "b1": -1.441278396768861,
    "b2": -2.3299217530941982,
    "tau": 224.61245120748939
}