{
    "b0": 13.143052935714856,
    "b1": -2.2571673189472814,
    "b2": -3.1149198280357737,
    "tau": 153.07058549812814
}