{
    "b0": 12.230745977434646,
    "b1": -1.3938166256246887,
    "b2": -1.9557923502080086,
    "tau": 243.13743301929725
}