{
    "b0": 13.427237564361683,
    "b1": -3.083781638177398,
    "b2": -2.901258525420752,
    "tau": 221.5902830706999
}