{
    "b0": 13.62228774089345,
    "b1": -2.93224833368295,
    "b2": -3.075785794110269,
    "tau": 160.9226743232075
}