{
    "b0": 11.944455619089194,
    "b1": -0.9525964489608962,
    "b2": -2.159294723343657,
    "tau": 18.19516759828414
}