{
    "b0": 11.793819615242837,
    "b1": -0.8378009974381533,
    "b2": -1.9641099002955138,
    "tau": 24.577402762632236
}