{
    "b0": 13.85257670431225,
    "b1": -3.476835868367753,
    "b2": -2.969415060790049,
    "tau": 186.1979887453175
}