{
    "b0": 13.685913292394744,
    "b1": -3.6049346484090323,
    "b2": -4.3725670208630465,
    "tau": 195.40168955160874
}