{
    "b0": 12.349748129016723,
    "b1": -1.5157812345353134,
    "b2": -1.9731402640586808,
    "tau": 177.160014250329
}