{
    "b0": 13.638509671635346,
    "b1": -3.4753034912214478,
    "b2": -3.549948750525976,
    "tau": 217.43538247423376
}