{
    "b0": 11.839330967757208,
    "b1": -1.0385597045886175,
    "b2": -1.431666781757269,
    "tau": 289.36465485962316
}