{
    "b0": 13.88166663319399,
    "b1": -3.7971334569437154,
    "b2": -4.411094609226486,
    "tau": 216.86677428569396
}