{
    "b0": 12.639717507245535,
    "b1": -1.7250095133940753,
    "b2": -2.59278083859224,
    "tau": 126.85308003691132
}