{
    "b0": 12.156269644120657,
    "b1": -0.4814883187843182,
    "b2": -1.2214932867231045,
    "tau": 7.052756876640594
}