{
    "b0": 11.468255407434041,
    "b1": -0.5390212858589505,
    "b2": -1.4411399954451296,
    "tau": 34.43879461989318
}