{
    "b0": 12.172271773657004,
    "b1": -1.330574288975535,
    "b2": -2.0829979725933674,
    "tau": 231.25507854183056
}