{
    "b0": 12.165499406103386,
    "b1": -1.21324011636234,
    "b2": -2.2759647659798983,
    "tau": 41.61970063534956
}