{
    "b0": 13.118051676077592,
    "b1": -2.2044089440325547,
    "b2": -3.2735529606431677,
    "tau": 127.14684894706055
}