{
    "b0": 11.933488629411286,
    "b1": -0.972317578145089,
    "b2": -2.178541742420718,
    "tau": 41.94701455009403
}