{
    "b0": 11.722662465497582,
    "b1": -0.7604200733344213,
    "b2": -1.9209200344707722,
    "tau": 12.646765489912339
}