{
    "b0": 12.299294701415661,
    "b1": -1.439667211498862,
    "b2": -2.2679839518524636,
    "tau": 235.56012023269508
}