{
    "b0": 12.440510224107015,
    "b1": -0.6868228121822588,
    "b2": -1.82548206578954,
    "tau": 13.360586343691834
}