{
    "b0": 12.082544415116308,
    "b1": -0.8378996686612852,
    "b2": -2.2404342255971903,
    "tau": 13.850944904440695
}