{
    "b0": 13.590116810789572,
    "b1": -3.18378460084813,
    "b2": -2.113328603760026,
    "tau": 176.68406905195596
}