{
    "b0": 12.247385176572147,
    "b1": -0.5527621548164117,
    "b2": -1.3967690795978576,
    "tau": 8.841907365702657
}