{
    "b0": 12.49017952715226,
    "b1": -1.544115065622389,
    "b2": -2.615972179152184,
    "tau": 55.973256286563306
}