{
    "b0": 13.339994502858415,
    "b1": -2.7158460929472343,
    "b2": -2.7485603045576528,
    "tau": 175.8617272064224
}