{
    "b0": 11.08478207786356,
    "b1": -0.18688929354098427,
    "b2": -0.6634267773259122,
    "tau": 13.617508988567215
}