{
    "b0": 13.522093172840604,
    "b1": -3.1740602495556183,
    "b2": -1.6335658670849225,
    "tau": 201.82325506509733
}