{
    "b0": 11.931145786298595,
    "b1": -0.7325903422637068,
    "b2": -1.6801539440538575,
    "tau": 5.0253378923041785
}