{
    "b0": 12.231066810929772,
    "b1": -1.2753096746618926,
    "b2": -2.162547349168956,
    "tau": 34.826123481871925
}