{
    "b0": 12.280535350521484,
    "b1": -1.0906356528254726,
    "b2": -2.138852996455795,
    "tau": 20.207156144182747
}