{
    "b0": 12.270590501824532,
    "b1": -1.4442867290217345,
    "b2": -1.8969486084780236,
    "tau": 222.74450577285708
}