{
    "b0": 12.358965940537459,
    "b1": -1.1900702490936559,
    "b2": -2.158182104893932,
    "tau": 21.980369049993307
}