{
    "b0": 11.065162145634229,
    "b1": -0.20387370141487293,
    "b2": -0.6292077794224459,
    "tau": 17.626325217565334
}