{
    "b0": 12.313853106392566,
    "b1": -1.464677410544652,
    "b2": -2.1074876606338693,
    "tau": 211.8797573119474
}