{
    "b0": 11.020556241232274,
    "b1": -0.1709274676105248,
    "b2": -0.482947414143498,
    "tau": 14.0596866052332
}