{
    "b0": 11.994816060188716,
    "b1": 2.3898068540148154,
    "b2": -8.278601084693644,
    "tau": 0.833948595103132
}