{
    "b0": 11.396933253930063,
    "b1": -0.2646523927286011,
    "b2": 3.7638664068645102,
    "tau": 198.57938202953042
}