{
    "b0": 13.375867534036333,
    "b1": -2.758992604778445,
    "b2": -2.624339936530128,
    "tau": 177.80427307788366
}