{
    "b0": 13.47294999066032,
    "b1": -0.545805169283075,
    "b2": -2.1296120566587775,
    "tau": 7.206731785072062
}