{
    "b0": 16.63017484811099,
    "b1": -2.345694898253467,
    "b2": -3.54207432531259,
    "tau": 40.671000141958125
}