{
    "b0": 15.361730186284515,
    "b1": -1.1099045555467422,
    "b2": -2.2230749164004697,
    "tau": 28.6653754191979
}