{
    "b0": 15.838100524766334,
    "b1": -1.3128514894636405,
    "b2": -3.7003522299518723,
    "tau": 23.362292066732586
}