{
    "b0": 16.376787894284796,
    "b1": -2.0189426750330357,
    "b2": -3.6502448680606756,
    "tau": 35.11716329124266
}