{
    "b0": 16.02069920050415,
    "b1": -1.6415650984543277,
    "b2": -3.650431149982497,
    "tau": 24.09045136410602
}