{
    "b0": 13.270656956976199,
    "b1": -0.08328334695191808,
    "b2": -2.540610171037438,
    "tau": 4.696717884564443
}