{
    "b0": 13.133316416847764,
    "b1": -0.45557066717330374,
    "b2": -1.0204153259724826,
    "tau": 4.214491573943531
}