{
    "b0": 14.201942492245328,
    "b1": -0.1265099518263996,
    "b2": 0.5734209211773037,
    "tau": 62.53057172805668
}