{
    "b0": 15.071002275233107,
    "b1": -0.864676972423462,
    "b2": -1.651452610300041,
    "tau": 27.1284375127096
}