{
    "b0": 12.95281563783942,
    "b1": -0.5726873850058298,
    "b2": -1.9826159744859093,
    "tau": 4.91963811133109
}