{
    "b0": 12.426188953597633,
    "b1": -0.11668744939838405,
    "b2": 2.681659249638665,
    "tau": 171.09381260822497
}