{
    "b0": 12.868753943026812,
    "b1": -0.1855358147081243,
    "b2": -0.7060826679034874,
    "tau": 2.5305803803406905
}