{
    "b0": 12.344911703482294,
    "b1": 1.1176428843733954,
    "b2": 4.01970693610624,
    "tau": 121.1068082489831
}