{
    "b0": 12.625851840846877,
    "b1": -0.1757481440162001,
    "b2": 2.6806551513111843,
    "tau": 153.28971223235004
}