{
    "b0": 13.586156921189945,
    "b1": 0.40614106284929985,
    "b2": 1.7950352054570524,
    "tau": 100.68200942248744
}