{
    "b0": 11.811122839214159,
    "b1": 0.09943368256193152,
    "b2": 2.9926575031453155,
    "tau": 180.22171302231013
}