{
    "b0": 12.345292039281311,
    "b1": 0.6777671884737457,
    "b2": 3.8892880528749965,
    "tau": 154.08797118209918
}