{
    "b0": 13.219652657478688,
    "b1": -0.44791054305472033,
    "b2": -1.4561597610998203,
    "tau": 3.483434098492595
}