{
    "b0": 12.832719248729923,
    "b1": -0.6188750885270318,
    "b2": -1.454515189999224,
    "tau": 3.062338255879172
}