{
    "b0": 13.426279414714724,
    "b1": 0.5275183251753048,
    "b2": 2.0233853401829673,
    "tau": 90.60487274098851
}