{
    "b0": 15.733780789279884,
    "b1": -1.412703837929124,
    "b2": -2.796933072083382,
    "tau": 34.31687370382703
}