{
    "b0": 11.660390081290986,
    "b1": 0.22237425222490592,
    "b2": 3.217771963651211,
    "tau": 189.01892050132548
}