{
    "b0": 15.74400970593377,
    "b1": -1.3572348401573229,
    "b2": -3.0406960767179467,
    "tau": 30.690477885450424
}