{
    "b0": 16.19898159270419,
    "b1": -1.8835939695401276,
    "b2": -3.634157644125305,
    "tau": 26.429361538681505
}