{
    "b0": 12.437570660746752,
    "b1": 1.0623592649061009,
    "b2": 3.7275116790064384,
    "tau": 108.18768793444454
}