{
    "b0": 11.971328174766885,
    "b1": 1.0918870328026116,
    "b2": 4.246163800957118,
    "tau": 151.733262765793
}