{
    "b0": 16.209886467884452,
    "b1": -1.8951770265698387,
    "b2": -3.722453667356657,
    "tau": 25.685210537795246
}