{
    "b0": 12.377895276186543,
    "b1": 0.9782854186582406,
    "b2": 4.783599654564808,
    "tau": 181.18026430754196
}