{
    "b0": 15.798971444437603,
    "b1": -1.4317330737796392,
    "b2": -3.203511051294461,
    "tau": 24.90501884521899
}