{
    "b0": 12.056217117430005,
    "b1": 1.1229531025112927,
    "b2": 4.150476835025481,
    "tau": 147.63375144511627
}