{
    "b0": 15.861556162549787,
    "b1": -1.5960923576243085,
    "b2": -2.72218295700971,
    "tau": 46.99245024368309
}