{
    "b0": 12.243928693477777,
    "b1": 0.7405684926189364,
    "b2": 3.910494305716277,
    "tau": 154.54453451865575
}