{
    "b0": 13.648079361779258,
    "b1": 0.3281963212828056,
    "b2": 2.1401530651209724,
    "tau": 117.82286190270285
}