{
    "b0": 15.40445545089632,
    "b1": -1.0903565781679556,
    "b2": -2.2637378409362605,
    "tau": 20.740322729692277
}