{
    "b0": 12.657307016710952,
    "b1": -0.24252494383770395,
    "b2": 2.7755916268812517,
    "tau": 157.24197992590743
}