{
    "b0": 11.866043275956004,
    "b1": -0.22722304420524075,
    "b2": 3.032007619592741,
    "tau": 188.6253638461487
}