{
    "b0": 12.978138574258763,
    "b1": 0.7634711765528581,
    "b2": 3.311067350925118,
    "tau": 106.1873032021569
}