{
    "b0": 15.967676150069003,
    "b1": -1.6944832186484566,
    "b2": -2.809070077488376,
    "tau": 47.957339878702534
}