{
    "b0": 12.85335127513514,
    "b1": -0.6377318983431803,
    "b2": -1.763315065356673,
    "tau": 3.778981435443709
}