{
    "b0": 11.370044175038213,
    "b1": 0.5073420491097247,
    "b2": 3.466432465655325,
    "tau": 198.14185169672828
}