{
    "b0": 15.779359351396533,
    "b1": -1.4682693630634773,
    "b2": -2.5658518071674647,
    "tau": 45.77799275709704
}