{
    "b0": 12.448079330828962,
    "b1": 0.09382102002763837,
    "b2": 2.6461835168591996,
    "tau": 158.12318688326442
}