{
    "b0": 15.717571050888782,
    "b1": -1.3786831517510185,
    "b2": -2.5266360117412847,
    "tau": 24.3257571460783
}