{
    "b0": 13.611503228793092,
    "b1": 0.3710022081124791,
    "b2": 2.0802454469669254,
    "tau": 116.48499700989964
}