{
    "b0": 13.069612556153112,
    "b1": -0.26994267898939295,
    "b2": -1.2851111471172545,
    "tau": 2.054851409765952
}