{
    "b0": 11.438946865633302,
    "b1": 0.46562431461527254,
    "b2": 3.309690986720844,
    "tau": 186.39495604974303
}