{
    "b0": 15.682949001646143,
    "b1": -1.3673650455775217,
    "b2": -2.554333380905946,
    "tau": 39.11259352006344
}