{
    "b0": 16.628460681458122,
    "b1": -2.303928112758496,
    "b2": -3.872139005118226,
    "tau": 35.56323297540516
}