{
    "b0": 16.58131427460735,
    "b1": -2.3259630135716605,
    "b2": -2.90106539747408,
    "tau": 49.21175201557068
}