{
    "b0": 12.321853050255324,
    "b1": 0.9925603364087876,
    "b2": 5.177352329938131,
    "tau": 163.63213008369206
}