{
    "b0": 16.218975843619262,
    "b1": -1.9710152297349848,
    "b2": -2.6962715856904356,
    "tau": 33.630532179269665
}