{
    "b0": 12.369964571758413,
    "b1": 0.9158836876866294,
    "b2": 5.000294138282966,
    "tau": 150.79502289811978
}