{
    "b0": 16.123116791518648,
    "b1": -1.8920363062428804,
    "b2": -2.7181241125138804,
    "tau": 62.534054831022225
}