{
    "b0": 12.405637054036228,
    "b1": 1.061280254581249,
    "b2": 3.890377200593087,
    "tau": 121.55356830971988
}