{
    "b0": 16.605787353859505,
    "b1": -2.313859399130559,
    "b2": -3.1467093637864263,
    "tau": 45.243499628383184
}