{
    "b0": 12.409677586240205,
    "b1": 0.9495777684443212,
    "b2": 4.504244518424375,
    "tau": 129.02034675283363
}