{
    "b0": 15.816954354193168,
    "b1": -1.3920020019211274,
    "b2": -3.414561016233121,
    "tau": 25.964446036856973
}