{
    "b0": 12.36538782137959,
    "b1": 0.6518876099285742,
    "b2": 3.814771421355323,
    "tau": 157.95632664899586
}