{
    "b0": 16.09450346926108,
    "b1": -1.8820507639711965,
    "b2": -2.4274707476333797,
    "tau": 42.84235215155915
}