{
    "b0": 15.467559189517328,
    "b1": -1.1802597513338373,
    "b2": -2.415715657287194,
    "tau": 32.13598829679225
}