{
    "b0": 12.110075076983122,
    "b1": 1.1167596851078487,
    "b2": 4.1820261905099505,
    "tau": 150.39273791499429
}