{
    "b0": 11.878960760588589,
    "b1": -0.14194349639692527,
    "b2": 2.699037671758057,
    "tau": 170.62219794129606
}