{
    "b0": 12.876024301980117,
    "b1": 0.8032232930431538,
    "b2": 3.6401076722404415,
    "tau": 114.73343337198602
}