{
    "b0": 12.671348251203613,
    "b1": 0.2975438107749584,
    "b2": 3.3471634246711064,
    "tau": 175.7630377477248
}