{
    "b0": 13.03936732201001,
    "b1": 0.14457904679052502,
    "b2": -2.0299603679438434,
    "tau": 3.1102986820365888
}