{
    "b0": 12.597133257623355,
    "b1": -0.13874710260797962,
    "b2": 2.5865695047260218,
    "tau": 149.5843683340495
}