{
    "b0": 11.438874837805143,
    "b1": 0.45331154265374796,
    "b2": 3.357742402467654,
    "tau": 186.45144586592392
}