{
    "b0": 12.168958717918985,
    "b1": 0.8863896150289183,
    "b2": 3.985246044977276,
    "tau": 149.28013722026364
}