{
    "b0": 13.615160355938691,
    "b1": 0.39190249466974714,
    "b2": 1.4446257151924695,
    "tau": 66.49560864546
}