{
    "b0": 12.870556442248201,
    "b1": -0.6601546467113597,
    "b2": -1.7318649461967173,
    "tau": 5.161777253397812
}