{
    "b0": 15.720557232843593,
    "b1": -1.352026561736559,
    "b2": -3.001314176420746,
    "tau": 31.037395790874015
}