{
    "b0": 11.296956927966997,
    "b1": 2.424735361234835,
    "b2": 3.868722282827301,
    "tau": 62.28951953855839
}