{
    "b0": 16.39895976734159,
    "b1": -2.090902084261957,
    "b2": -2.2156296364129204,
    "tau": 60.134418072360525
}