{
    "b0": 12.612860604169294,
    "b1": 1.2831930106460945,
    "b2": 3.070432092792786,
    "tau": 41.58548115169553
}