{
    "b0": 11.628516591765385,
    "b1": 1.8128604793577767,
    "b2": 3.329244425039394,
    "tau": 20.82645478954788
}