{
    "b0": 13.778133544964705,
    "b1": 0.3605954735773971,
    "b2": -5474.414827053928,
    "b3": 5475.151926728762,
    "t1": 8.380315747340608,
    "t2": 8.381317211792615
}