{
    "b0": 12.331364107395352,
    "b1": 1.65015107101823,
    "b2": 3.1037237674460165,
    "tau": 58.766750889250574
}