{
    "b0": 12.167987838745198,
    "b1": 1.2142163730135263,
    "b2": 3.0079124294647777,
    "tau": 18.431464341540213
}