{
    "b0": 11.898255073561794,
    "b1": 2.027890153705044,
    "b2": 3.917453829841626,
    "tau": 68.63416696655781
}