{
    "b0": 12.747619018601457,
    "b1": 1.2321206261463353,
    "b2": 2.621386110993412,
    "tau": 45.857451891921635
}