{
    "b0": 11.849347856779442,
    "b1": 1.9991826933732924,
    "b2": 4.219200973934715,
    "tau": 70.53298090975078
}