{
    "b0": 16.267725626418063,
    "b1": -1.9121381858696673,
    "b2": -2.690673540700235,
    "tau": 42.30155505383332
}