{
    "b0": 16.762658752391754,
    "b1": -2.5155286835290105,
    "b2": -3.3173594126722694,
    "tau": 191.90533413232586
}