{
    "b0": 11.34246847501426,
    "b1": 2.32854870414901,
    "b2": 3.839018576964704,
    "tau": 52.98178404179742
}