{
    "b0": 16.16908335744304,
    "b1": -1.905441247075757,
    "b2": -3.1590662503597406,
    "tau": 226.23113824259616
}