{
    "b0": 16.643524814098164,
    "b1": -2.3740402312074016,
    "b2": -3.408414683123106,
    "tau": 235.03912129496462
}