{
    "b0": 16.573552157116982,
    "b1": -2.1197335088839218,
    "b2": -2.3767712916600994,
    "tau": 63.91433719669644
}