{
    "b0": 12.430566921590176,
    "b1": 1.4935479638226976,
    "b2": 3.2730463847897564,
    "tau": 45.94783592314839
}