{
    "b0": 11.687146904689614,
    "b1": 2.2634348307807555,
    "b2": 3.8496607539991943,
    "tau": 44.51513561959697
}