{
    "b0": 11.975902123265179,
    "b1": 1.8833951214458495,
    "b2": 3.9410759839411016,
    "tau": 43.39720239615711
}