{
    "b0": 12.757709905828639,
    "b1": 1.2084596569397839,
    "b2": 2.6563886116932633,
    "tau": 43.90343447968671
}