{
    "b0": 11.429887185706411,
    "b1": 2.3900032850570554,
    "b2": 4.072408170931986,
    "tau": 48.8688222319909
}