{
    "b0": 12.30588372849503,
    "b1": 1.6344987700926468,
    "b2": 3.239652345042324,
    "tau": 58.364006360449594
}