{
    "b0": 11.789094967792382,
    "b1": 2.0864522961292358,
    "b2": 4.019519471639631,
    "tau": 43.39011454861765
}