{
    "b0": 15.17770730004017,
    "b1": -0.976590697828303,
    "b2": -2.4041950494507587,
    "tau": 384.1761516317107
}