{
    "b0": 16.422097086029474,
    "b1": -2.1714837471043564,
    "b2": -3.26973839632646,
    "tau": 251.47888308527394
}