{
    "b0": 12.305871713563485,
    "b1": 1.684058636788853,
    "b2": 2.2352397560036295,
    "b3": 5.238530509252088,
    "t1": 6.238670418490802,
    "t2": 56.04156167093559
}