{
    "b0": 12.037228242364185,
    "b1": 1.669055485850857,
    "b2": 2.4904258085394404,
    "tau": 28.786847340234292
}