{
    "b0": 16.625613921314507,
    "b1": -2.396631200249865,
    "b2": -3.037281351009016,
    "tau": 214.53106305125704
}