{
    "b0": 12.227593715106984,
    "b1": 1.7141554991882497,
    "b2": 3.3123562714377504,
    "tau": 60.512932118704605
}