{
    "b0": 14.950955397388674,
    "b1": -0.7060531818843923,
    "b2": -2.5430778840067427,
    "tau": 336.44837798676167
}