{
    "b0": 16.61412103180233,
    "b1": -2.3261452040423904,
    "b2": -3.648528997000722,
    "tau": 289.44781736434817
}