{
    "b0": 14.581730374031988,
    "b1": -0.25789236743158184,
    "b2": -2.7861788287226212,
    "tau": 299.3468443778839
}