{
    "b0": 16.425881391373196,
    "b1": -2.1013106223913383,
    "b2": -2.0681342165099528,
    "tau": 64.90535098686983
}