{
    "b0": 12.366428666029405,
    "b1": 1.6006815454207062,
    "b2": 3.203727577895557,
    "tau": 44.65504313667281
}