{
    "b0": 12.660862114436977,
    "b1": 1.8612010509346737,
    "b2": -3.8823112203792602,
    "tau": 532.0821355038854
}