{
    "b0": 12.480106425775864,
    "b1": 1.4042478688123614,
    "b2": 3.230115074168082,
    "tau": 41.77095974977652
}