{
    "b0": 12.2535283298074,
    "b1": 1.632915594631831,
    "b2": 3.6716033117376248,
    "tau": 42.882594680368975
}