{
    "b0": 16.58838087230711,
    "b1": -2.3651745902605517,
    "b2": -2.789993622145581,
    "tau": 207.72962928772802
}