{
    "b0": 12.667806805393242,
    "b1": 1.2594885755700487,
    "b2": 2.9644373055152258,
    "tau": 40.890206401670966
}