{
    "b0": 12.995991721340907,
    "b1": 0.94334230637546,
    "b2": 2.3203370433555186,
    "tau": 31.339008123387075
}