{
    "b0": 16.621276738834823,
    "b1": -2.3605234541301914,
    "b2": -3.5425325937309484,
    "tau": 267.6581303777712
}