{
    "b0": 11.92631172219407,
    "b1": 1.7986918945273058,
    "b2": 2.7577323623963474,
    "tau": 34.11456881559052
}