{
    "b0": 12.973468039255883,
    "b1": 0.9498071890159472,
    "b2": 2.4317729825504273,
    "tau": 30.454275765664168
}