{
    "b0": 11.569057796529778,
    "b1": 2.2718996078886944,
    "b2": 3.9156478689055865,
    "tau": 46.77976322928284
}