{
    "b0": 11.342956312604073,
    "b1": 2.472389315661804,
    "b2": 3.861979823831335,
    "tau": 49.703025944946766
}