{
    "b0": 12.405913106660075,
    "b1": 1.4609543482684493,
    "b2": 3.3795631450524577,
    "tau": 41.16636103540942
}