{
    "b0": 12.240824205877882,
    "b1": 1.5089359705480683,
    "b2": 2.473200291544992,
    "tau": 33.479937445400026
}