{
    "b0": 11.940026347735746,
    "b1": 1.7556261646742475,
    "b2": 2.7485359362843917,
    "tau": 32.994442563376104
}