{
    "b0": 16.624127759643287,
    "b1": -2.380135767032651,
    "b2": -3.4510775148078343,
    "tau": 253.8203600646959
}