{
    "b0": 12.209410421466721,
    "b1": 1.6654600810206488,
    "b2": 3.7664805571816977,
    "tau": 44.51480298780692
}