{
    "b0": 11.531650015712966,
    "b1": 2.160881393969199,
    "b2": 3.532867196693376,
    "tau": 46.98764834384221
}