{
    "b0": 11.83457740395574,
    "b1": 2.3158767343038296,
    "b2": -4.715700235737662,
    "tau": 498.19682839234264
}