{
    "b0": 11.846189352351614,
    "b1": 2.088106096190664,
    "b2": 3.795221863226697,
    "tau": 41.69769578933283
}