{
    "b0": 12.189388782125807,
    "b1": 2.307263794887554,
    "b2": -3.693144736063573,
    "tau": 608.7999809123841
}