{
    "b0": 16.661037480407376,
    "b1": -2.2746276612920506,
    "b2": -2.3041959596098747,
    "tau": 73.16244784517794
}