{
    "b0": 11.582685513006924,
    "b1": 2.053235634859266,
    "b2": 3.774673846442706,
    "tau": 45.95913619159765
}