{
    "b0": 12.848814376729157,
    "b1": 1.1283606073866572,
    "b2": 2.45985705647126,
    "tau": 35.520722302609855
}