{
    "b0": 11.467150054299985,
    "b1": 2.1611554474699717,
    "b2": 3.881774428907956,
    "tau": 49.54218969794875
}