{
    "b0": 16.435412597363513,
    "b1": -2.112023652529106,
    "b2": -2.1489160355784613,
    "tau": 59.22028626848452
}