{
    "b0": 12.898271690906853,
    "b1": 0.9660239428851747,
    "b2": 2.684176225131514,
    "tau": 29.578909733636802
}