{
    "b0": 13.982431409036858,
    "b1": -1.4535826165240409,
    "b2": 3.0066273012690425,
    "tau": 0.6495218517247743
}