{
    "b0": 12.70726818588882,
    "b1": 1.2800731287158196,
    "b2": 2.745882197761862,
    "tau": 38.751186662701535
}