{
    "b0": 11.975958061134847,
    "b1": 1.658690773261093,
    "b2": 2.6975654859835037,
    "tau": 29.027917713578272
}