{
    "b0": 11.406404586010861,
    "b1": 2.4129979311423053,
    "b2": 4.085273788334268,
    "tau": 47.60036104525088
}