{
    "b0": 12.58502149309763,
    "b1": 1.3007373523697598,
    "b2": 3.0544236505641713,
    "tau": 52.19418361393055
}