{
    "b0": 11.930386064946376,
    "b1": 1.9789879654138178,
    "b2": 3.8740222520401595,
    "tau": 76.58970594520272
}