{
    "b0": 11.943160030391413,
    "b1": 1.8935570446966081,
    "b2": 4.201063168566123,
    "tau": 51.45129188639777
}