{
    "b0": 13.147741607334378,
    "b1": 0.8456060156297527,
    "b2": 1.9183710686265216,
    "tau": 39.54039620857073
}