{
    "b0": 13.895591517610958,
    "b1": 0.16032373922772836,
    "b2": 0.6375495605363667,
    "tau": 4.170224851714184
}