{
    "b0": 11.364719997142107,
    "b1": 2.4788168715760124,
    "b2": 3.7450152341906118,
    "tau": 47.24469260228815
}