{
    "b0": 12.006346096045313,
    "b1": 1.4661486016775473,
    "b2": 3.037293543081264,
    "tau": 17.560270397673825
}