{
    "b0": 12.036012046252443,
    "b1": 1.85808126173016,
    "b2": 3.83598115896598,
    "tau": 66.16470639304978
}