{
    "b0": 11.487263219261578,
    "b1": 2.0321587803928254,
    "b2": 3.108879108643726,
    "tau": 23.961877822226775
}