{
    "b0": 12.367334502111737,
    "b1": 1.5588723091141135,
    "b2": 3.429811732012788,
    "tau": 40.875015035715585
}