{
    "b0": 16.349922399668614,
    "b1": -2.1570363176155842,
    "b2": -2.4205564400479345,
    "tau": 252.3912835316627
}