{
    "b0": 11.935653049883033,
    "b1": 1.9528409698954183,
    "b2": 4.0281159252470236,
    "tau": 67.19516547730434
}