{
    "b0": 11.472488401256602,
    "b1": 2.0352938284132307,
    "b2": 3.1690964465873463,
    "tau": 23.532781831748412
}