{
    "b0": 11.694840530665331,
    "b1": -4.48370455042953,
    "b2": -8.389718805161873,
    "tau": 217.7811658568549
}