{
    "b0": 10.496704037504532,
    "b1": 2.2046625681391387,
    "b2": 3.1784995813726624,
    "tau": 25.03609153826445
}