{
    "b0": 10.717198105791036,
    "b1": -2.3378813999467276,
    "b2": -7.386804244952955,
    "tau": 224.84381853794142
}