{
    "b0": 11.767158641642819,
    "b1": -0.9180630254931632,
    "b2": -7.402385558400131,
    "tau": 235.77179908763478
}