{
    "b0": 9.99435863068647,
    "b1": 1.8823320459824342,
    "b2": 1.6721051186925355,
    "tau": 9.524091886595912
}