{
    "b0": 10.143440709666166,
    "b1": 1.7959940141691995,
    "b2": 3.657519259098054,
    "tau": 12.426998404867897
}