{
    "b0": 10.131518561765986,
    "b1": -2.2163292744641567,
    "b2": 11.381731049810549,
    "tau": 1.385227852154685
}