{
    "b0": 10.892714985190493,
    "b1": -2.814793082941934,
    "b2": -7.9877583804358885,
    "tau": 213.9662964854613
}