{
    "b0": 10.21186901396423,
    "b1": 0.6820560941548461,
    "b2": 2.4230423011864417,
    "tau": 4.350971725727938
}