{
    "b0": 10.667093971217358,
    "b1": -2.296385627069551,
    "b2": -7.208583862559209,
    "tau": 227.937160803119
}