{
    "b0": 10.992672180674122,
    "b1": 1.5919634897179802,
    "b2": 3.9223330709154425,
    "tau": 18.954987623331423
}