{
    "b0": 11.380843082616272,
    "b1": -3.825603936135379,
    "b2": -8.026281941024894,
    "tau": 207.57449524871794
}