{
    "b0": 10.734205174859792,
    "b1": -2.971418893274741,
    "b2": -7.228490620973901,
    "tau": 216.62168458046995
}