{
    "b0": 11.56224914084803,
    "b1": -1.1200932092546796,
    "b2": -6.57039630276406,
    "tau": 235.13290936825794
}