{
    "b0": 10.38145945563582,
    "b1": 2.314199162168374,
    "b2": 2.8499445903060003,
    "tau": 24.28523102630347
}