{
    "b0": 10.772728251568122,
    "b1": -2.1919274439805125,
    "b2": -7.049593750647439,
    "tau": 226.7374501798002
}