{
    "b0": 10.776904800930373,
    "b1": -2.483022731798502,
    "b2": -7.94061582351227,
    "tau": 240.88426192833793
}