{
    "b0": 10.799530638371612,
    "b1": -1.3333805362480886,
    "b2": -7.120797389764673,
    "tau": 225.97182589033304
}