{
    "b0": 11.618867693322741,
    "b1": -4.2259286429078875,
    "b2": -8.359915823517463,
    "tau": 207.79004510629605
}