{
    "b0": 10.951249804991509,
    "b1": 1.6657749203729524,
    "b2": 3.9650263048617145,
    "tau": 20.238521173197046
}