{
    "b0": 10.97421472344684,
    "b1": -1.9721627875959769,
    "b2": -8.07096719791151,
    "tau": 208.6753924464774
}