{
    "b0": 10.028444161040852,
    "b1": 1.757393037188467,
    "b2": 3.899391826601317,
    "tau": 11.699318891102555
}