{
    "b0": 12.769440879516184,
    "b1": -1.5835325367990531,
    "b2": -7.4498291647154185,
    "tau": 193.8601629993137
}