{
    "b0": 10.103529721917596,
    "b1": 0.1294288576728384,
    "b2": 3.67067958151022,
    "tau": 5.664776171634036
}