{
    "b0": 11.598580490184512,
    "b1": -4.407918259958297,
    "b2": -8.16084926268629,
    "tau": 217.57476800217296
}