{
    "b0": 11.000049482621085,
    "b1": -1.4282105735448143,
    "b2": -6.764737009452154,
    "tau": 241.44334005160286
}