{
    "b0": 11.56960304280834,
    "b1": -1.2503034789647378,
    "b2": -7.120433955375412,
    "tau": 227.07307322626474
}