{
    "b0": 10.03110980759824,
    "b1": 0.8938602295819544,
    "b2": 2.717964248166269,
    "tau": 7.245547092538811
}