{
    "b0": 10.039425084347332,
    "b1": 1.873903702198021,
    "b2": 1.3457893401991632,
    "tau": 9.214954039705571
}