{
    "b0": 11.675864844907776,
    "b1": -1.2050094275571404,
    "b2": -6.736308120706811,
    "tau": 237.29043655970125
}