{
    "b0": 12.58461500968656,
    "b1": -1.451554028322887,
    "b2": -5.774976612566892,
    "tau": 236.85491227117905
}