{
    "b0": 11.847052646347938,
    "b1": -0.8640672846829598,
    "b2": -6.57749914994,
    "tau": 222.5715280121859
}