{
    "b0": 10.6758540952905,
    "b1": -2.298780925297918,
    "b2": -7.580513500369575,
    "tau": 228.2210606087103
}