{
    "b0": 11.321599461569711,
    "b1": 1.841106767512164,
    "b2": 3.145714283170052,
    "tau": 22.185283730240137
}