{
    "b0": 10.212152082439427,
    "b1": 0.6892492049185084,
    "b2": 2.28388780290293,
    "tau": 4.513667613657024
}