{
    "b0": 11.73308933657678,
    "b1": -1.3884258590510736,
    "b2": -7.397416852462657,
    "tau": 229.3990522307004
}