{
    "b0": 10.179951539337978,
    "b1": -1.32277583535096,
    "b2": 8.794487502905909,
    "tau": 1.4872805189200038
}