{
    "b0": 10.12460512999184,
    "b1": 1.694740962019154,
    "b2": 4.041508834936011,
    "tau": 17.302103353676724
}