{
    "b0": 11.00904067276577,
    "b1": -2.1193153895079444,
    "b2": -8.118938577768851,
    "tau": 213.84578816843666
}