{
    "b0": 11.463729333037042,
    "b1": -1.24418277205696,
    "b2": -7.621432596168475,
    "tau": 229.1379420006435
}