{
    "b0": 11.22107151154584,
    "b1": -3.61557925768897,
    "b2": -7.718283846479273,
    "tau": 205.20537611273969
}