{
    "b0": 10.646589314663375,
    "b1": -4.083538246439092,
    "b2": 5.118074061005314,
    "tau": 1456.9002261391934
}