{
    "b0": 10.851363844622965,
    "b1": 1.8562612055003154,
    "b2": 3.5169933347273,
    "tau": 17.663316064954042
}