{
    "b0": 10.826998859074367,
    "b1": -1.3620173492360816,
    "b2": -7.4671663952489205,
    "tau": 228.1626979540925
}