{
    "b0": 10.930625519747228,
    "b1": 1.7522065632738744,
    "b2": 3.779530719758439,
    "tau": 17.50960956368717
}