{
    "b0": 10.6344093238722,
    "b1": -1.2118222219003707,
    "b2": -7.260104486203786,
    "tau": 224.7715317375579
}