{
    "b0": 10.829693924857215,
    "b1": -2.716529258565223,
    "b2": -7.9963166781111985,
    "tau": 215.27155930536654
}