{
    "b0": 11.26893862465731,
    "b1": -3.7899213990636103,
    "b2": -7.7721004265466185,
    "tau": 205.86569222584654
}