{
    "b0": 11.235717158072633,
    "b1": -1.153152903292196,
    "b2": -7.356218143224716,
    "tau": 222.89221366267256
}