{
    "b0": 10.769305616778293,
    "b1": -2.943012264548469,
    "b2": -7.375857778766795,
    "tau": 211.47646573652816
}