{
    "b0": 10.155980945907837,
    "b1": -229.40001444993842,
    "b2": 245.77663678977478,
    "tau": 0.8780790278067463
}