{
    "b0": 10.064791845393147,
    "b1": 0.7546935805442017,
    "b2": 3.003516117240585,
    "tau": 2.9534935125555166
}