{
    "b0": 10.92690243182465,
    "b1": -1.6804659828563375,
    "b2": -7.504610739337947,
    "tau": 215.7499296656196
}