{
    "b0": 9.882034724456323,
    "b1": -0.6475493709614311,
    "b2": 5.592700943147112,
    "tau": 2.517780099474774
}