{
    "b0": 10.091875450760313,
    "b1": 1.8343066319804295,
    "b2": 3.925150772558039,
    "tau": 14.210047902617157
}