{
    "b0": 10.821060053355813,
    "b1": -2.576335849093258,
    "b2": -7.9753339988746355,
    "tau": 229.9272768334652
}