{
    "b0": 10.940562716810012,
    "b1": 1.7240162365880476,
    "b2": 3.7866183874754658,
    "tau": 20.446149347310257
}