{
    "b0": 11.494155185999583,
    "b1": -1.2157838093156608,
    "b2": -7.614815321829771,
    "tau": 226.59477733451078
}