{
    "b0": 10.17491332038643,
    "b1": 1.7441143149661293,
    "b2": 3.5686673767747363,
    "tau": 10.935050473093662
}