{
    "b0": 10.887373514442725,
    "b1": -3.2366580049496276,
    "b2": -7.097949187878255,
    "tau": 209.26696526672796
}