{
    "b0": 10.74546644210337,
    "b1": -2.370469564939537,
    "b2": -7.093360966174416,
    "tau": 226.35061840928682
}