{
    "b0": 10.589306779943534,
    "b1": 2.0203710162351016,
    "b2": 3.648394126315736,
    "tau": 22.337066148526713
}