{
    "b0": 11.64124690563872,
    "b1": -4.448731210499278,
    "b2": -8.278191091763166,
    "tau": 221.57236266168314
}