{
    "b0": 10.858069175438896,
    "b1": 1.8161682503379364,
    "b2": 3.8786434951829243,
    "tau": 18.714609164216547
}