{
    "b0": 10.131856442019057,
    "b1": 1.6292122008056453,
    "b2": 4.21510608623721,
    "tau": 12.116340080588907
}