{
    "b0": 10.929711915630582,
    "b1": -1.5940399437887054,
    "b2": -7.57932393767699,
    "tau": 214.99780659692883
}