{
    "b0": 11.06490286945847,
    "b1": -1.8856397861960534,
    "b2": -7.763553316742359,
    "tau": 203.7424897726716
}