{
    "b0": 11.288852696232933,
    "b1": 1.9334160007372043,
    "b2": 3.364477806966094,
    "tau": 25.320707578195133
}