{
    "b0": 10.93204447927876,
    "b1": -2.2041706016338845,
    "b2": -7.5623276569265965,
    "tau": 221.0697934780933
}