{
    "b0": 10.794959168116657,
    "b1": -2.488271887190619,
    "b2": -7.975011700900143,
    "tau": 233.18082774006785
}