{
    "b0": 9.974907730400743,
    "b1": 1.8826064618793708,
    "b2": 2.7525593121533367,
    "tau": 12.35744829219448
}