{
    "b0": 11.900236090686922,
    "b1": -4.688081281626538,
    "b2": -8.746141696978357,
    "tau": 219.88168478574252
}