{
    "b0": 10.688284040250496,
    "b1": -2.3294562383090147,
    "b2": -7.576111113808122,
    "tau": 236.18600504534015
}