{
    "b0": 10.99268396219802,
    "b1": -2.0234888446624906,
    "b2": -8.21325405123752,
    "tau": 208.09744176972538
}