{
    "b0": 10.335616443448666,
    "b1": 1.5055166448659003,
    "b2": 3.720743553726372,
    "tau": 14.200891167235923
}