{
    "b0": 10.731458777876481,
    "b1": -2.419846271413146,
    "b2": -7.990715398649182,
    "tau": 232.4548568521298
}