{
    "b0": 10.059191793635877,
    "b1": 0.7616507904466037,
    "b2": 2.9223913801261467,
    "tau": 5.863503308653792
}