{
    "b0": 10.085124215264505,
    "b1": -0.3260052828941724,
    "b2": 7.443991450070384,
    "tau": 2.087857939908273
}