{
    "b0": 10.295155588480691,
    "b1": 2.252273675463946,
    "b2": 2.5147918478032465,
    "tau": 23.288363467677133
}