{
    "b0": 12.590253086280137,
    "b1": -6.215530127576741,
    "b2": -5.76828384428253,
    "tau": 269.4545227727788
}