{
    "b0": 11.069819286656768,
    "b1": -4.6953379865563205,
    "b2": -4.114190832925342,
    "tau": 280.3276386204877
}