{
    "b0": 10.479954798281991,
    "b1": -3.7801344920744393,
    "b2": -6.409494595617435,
    "tau": 241.14716871787002
}