{
    "b0": 13.937390832716723,
    "b1": -7.534718711919162,
    "b2": -5.691362824653137,
    "tau": 271.4315026957297
}