{
    "b0": 10.973205790864645,
    "b1": -4.4149183973726975,
    "b2": -6.346990741694315,
    "tau": 250.67706787767287
}