{
    "b0": 10.583855670572154,
    "b1": -3.938713427375509,
    "b2": -7.260617814232901,
    "tau": 254.32437550736066
}