{
    "b0": 10.813049158313754,
    "b1": -3.950380717857758,
    "b2": -6.550513339517732,
    "tau": 205.8650451790781
}