{
    "b0": 10.59133801564985,
    "b1": -3.7835023216302686,
    "b2": -6.622649426966545,
    "tau": 227.05146033745547
}