{
    "b0": 13.645217130092819,
    "b1": -7.253355006930704,
    "b2": -5.357190621196695,
    "tau": 286.6391942780052
}