{
    "b0": 10.870502904931175,
    "b1": -4.367607861563834,
    "b2": -5.6558104365209125,
    "tau": 250.9267374505417
}