{
    "b0": 10.471870987615805,
    "b1": -3.775522186466212,
    "b2": -6.347843398523368,
    "tau": 238.55245898229052
}