{
    "b0": 10.577860475974163,
    "b1": -4.079939689969932,
    "b2": -5.224670843727143,
    "tau": 244.68001475084995
}