{
    "b0": 10.934339713054841,
    "b1": -4.479020380684318,
    "b2": -6.942064920637494,
    "tau": 252.64179493028814
}