{
    "b0": 12.704573672463614,
    "b1": -6.369185092494153,
    "b2": -5.313414331814873,
    "tau": 283.10373062559006
}