{
    "b0": 13.286480899070012,
    "b1": -6.924598740861288,
    "b2": -3.993431583261837,
    "tau": 300.3674570140702
}