{
    "b0": 13.625695490805624,
    "b1": -7.273259196616062,
    "b2": -4.445145814620405,
    "tau": 288.65012210533416
}