{
    "b0": 12.8334687683723,
    "b1": -6.482400161578168,
    "b2": -4.914400022913835,
    "tau": 265.10411604731803
}