{
    "b0": 10.680573540103765,
    "b1": -4.070496549506994,
    "b2": -7.227674162854184,
    "tau": 253.66006925175085
}