{
    "b0": 11.09208481287412,
    "b1": -4.070924402719547,
    "b2": -6.903402284030041,
    "tau": 227.4343884182571
}