{
    "b0": 11.794748543407914,
    "b1": -5.215938582394904,
    "b2": -7.21705962139724,
    "tau": 263.5584298293393
}