{
    "b0": 11.067637398659755,
    "b1": -4.0363173652263615,
    "b2": -6.779859514414071,
    "tau": 232.59307863913082
}