{
    "b0": 13.471033244543317,
    "b1": -7.128451104215694,
    "b2": -4.3359793484475135,
    "tau": 300.44858060389566
}