{
    "b0": 12.880280882339509,
    "b1": -6.275490081402747,
    "b2": -8.035548178839543,
    "tau": 292.3899791884591
}