{
    "b0": 13.686305301170261,
    "b1": -7.2859620058676295,
    "b2": -5.681006944075855,
    "tau": 273.90764949679567
}