{
    "b0": 13.544183108667774,
    "b1": -7.04303115793481,
    "b2": -3.6988023296822985,
    "tau": 292.8598946357966
}