{
    "b0": 11.065166954379574,
    "b1": -4.056321128931383,
    "b2": -6.8191733436838735,
    "tau": 224.17389038326166
}