{
    "b0": 13.48628619327997,
    "b1": -6.89750333712521,
    "b2": -7.838496324761928,
    "tau": 309.8732052151949
}