{
    "b0": 11.102929538600955,
    "b1": -4.695908494369928,
    "b2": -4.439284505160822,
    "tau": 293.4025890737242
}