{
    "b0": 13.404600746631777,
    "b1": -7.051617801516548,
    "b2": -5.096211704886831,
    "tau": 293.67612991697416
}