{
    "b0": 10.840892223822637,
    "b1": -4.289761831856418,
    "b2": -7.226543197524479,
    "tau": 253.11492710063493
}