{
    "b0": 10.536925013895173,
    "b1": -3.7712761336235676,
    "b2": -6.692186509621593,
    "tau": 236.46150025766198
}