{
    "b0": 10.909699411007027,
    "b1": -4.403009993558581,
    "b2": -7.224388566758089,
    "tau": 262.67727340527097
}