{
    "b0": 11.030954428631276,
    "b1": -4.641508056702745,
    "b2": -4.3809502265594285,
    "tau": 274.9689815317854
}