{
    "b0": 12.127793987417197,
    "b1": -5.7515358250434785,
    "b2": -5.490584518489575,
    "tau": 280.5293504769458
}