{
    "b0": 13.187802621509961,
    "b1": -6.8660218578686205,
    "b2": -5.121556003886236,
    "tau": 304.14601269967545
}