{
    "b0": 10.948034367899607,
    "b1": -4.133278897796369,
    "b2": -6.718725231758659,
    "tau": 224.9875371092854
}