{
    "b0": 11.584421715435571,
    "b1": -5.146482064047062,
    "b2": -5.161144496800423,
    "tau": 264.04210833364453
}