{
    "b0": 10.787650255116906,
    "b1": -3.901013122675139,
    "b2": -6.545226164985657,
    "tau": 201.19953834089935
}