{
    "b0": 10.630118075601946,
    "b1": -4.078307248217764,
    "b2": -6.03462162558278,
    "tau": 278.34670977864204
}