{
    "b0": 12.573650496332277,
    "b1": -6.199868639265492,
    "b2": -4.999459442614045,
    "tau": 252.15000696714242
}