{
    "b0": 10.157159887313647,
    "b1": -3.6006510243699754,
    "b2": -5.385155042818958,
    "tau": 272.98496775299384
}