{
    "b0": 10.848878421220446,
    "b1": -4.285662229535784,
    "b2": -7.438389815610865,
    "tau": 265.89626847261434
}