{
    "b0": 10.966776572631671,
    "b1": -4.442311328563794,
    "b2": -7.476703901365478,
    "tau": 269.3735785428707
}