{
    "b0": 13.133809354171008,
    "b1": -6.7896550895561845,
    "b2": -5.776156671847745,
    "tau": 303.55953819801346
}