{
    "b0": 10.785604979307058,
    "b1": -4.255106904002115,
    "b2": -5.595954668728707,
    "tau": 260.6669523882827
}