{
    "b0": 10.62301796215892,
    "b1": -4.00672119494932,
    "b2": -7.129751704481231,
    "tau": 255.4108714118414
}