{
    "b0": 11.02475205539505,
    "b1": -4.042796792117478,
    "b2": -6.962381552828684,
    "tau": 224.98194578477558
}