{
    "b0": 12.279935874681494,
    "b1": -5.930601455486983,
    "b2": -5.288116048134196,
    "tau": 279.0231439619161
}