{
    "b0": 10.593110740672776,
    "b1": -3.8478632524929095,
    "b2": -6.738101817192623,
    "tau": 241.33636535254468
}