{
    "b0": 11.971221413301002,
    "b1": -5.5318792344083985,
    "b2": -5.5596630052695435,
    "tau": 262.9649275503332
}