{
    "b0": 10.900587386907693,
    "b1": -3.95694940411373,
    "b2": -6.772365186196049,
    "tau": 222.61449147155122
}