{
    "b0": 11.122784563819478,
    "b1": -4.103186042446865,
    "b2": -6.9110685016624,
    "tau": 232.17984683353902
}