{
    "b0": 10.610207306896816,
    "b1": -4.053505650567084,
    "b2": -6.072814654293601,
    "tau": 272.13310354520365
}