{
    "b0": 10.293290533542654,
    "b1": -3.7480835639106145,
    "b2": -5.447702663665925,
    "tau": 275.8376869916897
}