{
    "b0": 12.569341212433441,
    "b1": -6.227414321411647,
    "b2": -4.9306554028099345,
    "tau": 273.2113439124922
}