{
    "b0": 12.566281902020748,
    "b1": -6.206698923089022,
    "b2": -5.114787644942042,
    "tau": 276.1737122219545
}