{
    "b0": 12.047401863222156,
    "b1": -5.6941527991109995,
    "b2": -5.107489032078025,
    "tau": 264.5036010949614
}