{
    "b0": 11.21924751634665,
    "b1": -4.814631269471135,
    "b2": -4.645340168305779,
    "tau": 258.67173747499794
}