{
    "b0": 11.078221692079689,
    "b1": -4.619665553241778,
    "b2": -6.964847854035203,
    "tau": 246.86789066695314
}