{
    "b0": 11.278849823562817,
    "b1": -4.134257331880702,
    "b2": -7.909546931389906,
    "tau": 232.07745335533596
}