{
    "b0": 13.238767031067939,
    "b1": -6.926222066379665,
    "b2": -5.102031562905558,
    "tau": 307.3109323536902
}