{
    "b0": 12.07500542610933,
    "b1": -5.689336637909892,
    "b2": -5.595428739276711,
    "tau": 267.1721288507633
}