{
    "b0": 11.03653314790334,
    "b1": -4.009747455147524,
    "b2": -6.859562702968836,
    "tau": 220.25055149631234
}