{
    "b0": 11.046702058087341,
    "b1": -4.58806384535755,
    "b2": -5.451251763579741,
    "tau": 261.8008451106987
}