{
    "b0": 13.163278271930077,
    "b1": -6.833111346100491,
    "b2": -5.279577825265816,
    "tau": 315.19176702189225
}