{
    "b0": 10.417803177621193,
    "b1": -3.7967112054717775,
    "b2": -6.901874518195576,
    "tau": 238.1616437599007
}