{
    "b0": 10.884540661705092,
    "b1": -4.434612413077849,
    "b2": -5.150988828217421,
    "tau": 266.1974716829996
}