{
    "b0": 13.122113759709192,
    "b1": -6.779092135182914,
    "b2": -4.849942007954167,
    "tau": 268.2743196253776
}