{
    "b0": 12.406344585894471,
    "b1": -6.036932282709236,
    "b2": -5.108089589186596,
    "tau": 282.16362140057885
}