{
    "b0": 10.485437484644235,
    "b1": -3.822545205466655,
    "b2": -6.4247742820456395,
    "tau": 230.09682223199712
}