{
    "b0": 11.141411272120267,
    "b1": -4.728961704712031,
    "b2": -6.909727949982603,
    "tau": 232.73581268616385
}