{
    "b0": 10.813650441219355,
    "b1": -4.276612814298236,
    "b2": -7.320101617669788,
    "tau": 264.1815374940828
}