{
    "b0": 11.912534332162277,
    "b1": -5.527737693618249,
    "b2": -5.505452605092472,
    "tau": 253.7856282870001
}