{
    "b0": 7.7391825570462665,
    "b1": -2.255219679782342,
    "b2": -6.157474378630382,
    "tau": 256.8406881274982
}