{
    "b0": 9.627358814282589,
    "b1": -3.1010526654690125,
    "b2": -4.715630912090681,
    "tau": 283.1650026766116
}