{
    "b0": 9.952859973281697,
    "b1": -3.4569743201633996,
    "b2": -4.7132582049324085,
    "tau": 267.41615119280385
}