{
    "b0": 7.720859492585042,
    "b1": -3.253744183801108,
    "b2": -4.643181477670209,
    "tau": 256.3076577681158
}