{
    "b0": 7.566483560131888,
    "b1": -2.924516709180537,
    "b2": -4.47926553822289,
    "tau": 273.41932145417746
}