{
    "b0": 7.729276595662669,
    "b1": -2.2117906236866194,
    "b2": -6.073921780259887,
    "tau": 257.1116792830883
}