{
    "b0": 9.869546501391131,
    "b1": -3.3298259851510323,
    "b2": -5.012284942625431,
    "tau": 272.4637129217194
}