{
    "b0": 9.806195004242731,
    "b1": -3.2474252783205815,
    "b2": -5.006651920982277,
    "tau": 272.16031372864
}