{
    "b0": 9.883219396768006,
    "b1": -3.3508662271072867,
    "b2": -5.09610677567,
    "tau": 288.1423183786258
}