{
    "b0": 9.541448769580654,
    "b1": -2.990454260830444,
    "b2": -5.101291493570619,
    "tau": 310.7999684049551
}