{
    "b0": 7.890493876403516,
    "b1": -1.8534464068252108,
    "b2": -5.420654202872546,
    "tau": 278.65607607368815
}