{
    "b0": 7.649992890778234,
    "b1": -2.173697667784915,
    "b2": -6.346738083561043,
    "tau": 261.55794918461237
}