{
    "b0": 9.902265406015042,
    "b1": -3.393617143084075,
    "b2": -4.781673211223421,
    "tau": 273.19444973611894
}