{
    "b0": 10.085507831655649,
    "b1": -3.5607392330056804,
    "b2": -4.92526207506674,
    "tau": 270.7391652492737
}