{
    "b0": 8.072556058077192,
    "b1": -2.305826037989883,
    "b2": -5.4314854278451925,
    "tau": 272.1748681909787
}