{
    "b0": 9.915309891105126,
    "b1": -3.39466353957231,
    "b2": -4.980278373494727,
    "tau": 268.45233380260333
}