{
    "b0": 9.605324295721417,
    "b1": -3.082155031823456,
    "b2": -4.697850607497151,
    "tau": 274.66447865731357
}