{
    "b0": 9.762985156440227,
    "b1": -3.227725196823055,
    "b2": -5.026315617417339,
    "tau": 278.7904723668575
}