{
    "b0": 7.300717861990506,
    "b1": -1.9203968791858923,
    "b2": -6.393921379296804,
    "tau": 275.1106874278943
}