{
    "b0": 9.642088317297011,
    "b1": -3.0957029792521364,
    "b2": -5.019262120240549,
    "tau": 294.8498823211146
}