{
    "b0": 10.027846170495149,
    "b1": -3.5006934927278417,
    "b2": -5.027594604532823,
    "tau": 270.1742290906811
}