{
    "b0": 9.833711756786917,
    "b1": -3.3017547821304047,
    "b2": -4.9223160763886735,
    "tau": 272.3699884288032
}