{
    "b0": 8.789769481148927,
    "b1": -2.221758269415812,
    "b2": -4.940462658791294,
    "tau": 339.3898899165269
}