{
    "b0": 7.546794294046469,
    "b1": -2.588890311938714,
    "b2": -5.551756792936418,
    "tau": 275.7314353934931
}