{
    "b0": 8.236115551726645,
    "b1": -2.322239489167771,
    "b2": -5.261023427635089,
    "tau": 255.18272746711696
}