{
    "b0": 9.312167164652243,
    "b1": -2.7515314512250084,
    "b2": -4.841889376198834,
    "tau": 309.58553023709203
}