{
    "b0": 7.795101514005682,
    "b1": -2.2719232557113758,
    "b2": -5.854795263017184,
    "tau": 265.39072891832336
}