{
    "b0": 8.048137322390595,
    "b1": -1.4555811202833033,
    "b2": -5.046394753310924,
    "tau": 317.10191620618696
}