{
    "b0": 7.8098460384398,
    "b1": -2.275139109126796,
    "b2": -5.815472012056885,
    "tau": 264.2185358490797
}