{
    "b0": 8.150829836048109,
    "b1": -2.275883779160381,
    "b2": -5.241727188216867,
    "tau": 266.262525139313
}