{
    "b0": 9.68225310896309,
    "b1": -3.172015170907308,
    "b2": -4.5481013361320315,
    "tau": 273.5897259370643
}