{
    "b0": 7.475969233292207,
    "b1": -2.5702695328360132,
    "b2": -5.187828537850502,
    "tau": 254.9572246493703
}