{
    "b0": 7.999969093097145,
    "b1": -1.9270410847484163,
    "b2": -5.426564223239233,
    "tau": 295.8479843887965
}