{
    "b0": 9.977522493108024,
    "b1": -3.4522367312214115,
    "b2": -5.165885038196993,
    "tau": 279.33315649919166
}