{
    "b0": 7.932394376230626,
    "b1": -1.955924964180106,
    "b2": -5.553257108564006,
    "tau": 265.623735073065
}