{
    "b0": 7.845953443868214,
    "b1": -2.310246761826738,
    "b2": -5.721263323664554,
    "tau": 268.7622784940413
}