{
    "b0": 7.790415865330524,
    "b1": -3.3006608683139973,
    "b2": -4.879274255342853,
    "tau": 252.73480540338272
}