{
    "b0": 8.986816804468104,
    "b1": -2.4429320989243255,
    "b2": -4.767179440595228,
    "tau": 324.86591474271427
}