{
    "b0": 8.12163744796885,
    "b1": -2.084358579708737,
    "b2": -5.122685591754385,
    "tau": 289.4560222093314
}