{
    "b0": 7.942025130939863,
    "b1": -1.8982820288338735,
    "b2": -5.268853039811381,
    "tau": 291.21219656448665
}