{
    "b0": 9.810798998668737,
    "b1": -3.268846672396487,
    "b2": -4.974279318981304,
    "tau": 275.5155091036514
}