{
    "b0": 9.692064633666984,
    "b1": -3.1608013728317585,
    "b2": -4.81456806829895,
    "tau": 284.8165901658005
}