{
    "b0": 9.463418804658701,
    "b1": -2.9294731342517553,
    "b2": -4.81983881604784,
    "tau": 292.90467847711307
}