{
    "b0": 7.74029038935277,
    "b1": -2.217943523410292,
    "b2": -5.866612575146213,
    "tau": 257.4615639361099
}