{
    "b0": 7.626614894702855,
    "b1": -3.1469200716030237,
    "b2": -4.631316530398351,
    "tau": 260.62390747722304
}