{
    "b0": 8.230154660880766,
    "b1": -1.604291829179183,
    "b2": -5.268547440389279,
    "tau": 321.5621033668548
}