{
    "b0": 8.063647078501099,
    "b1": -2.389552315901387,
    "b2": -5.57776442004508,
    "tau": 264.4382656697615
}