{
    "b0": 7.181963173420169,
    "b1": -2.196732212527877,
    "b2": -5.221271300346798,
    "tau": 285.66070874609204
}