{
    "b0": 9.809158535533552,
    "b1": -3.2640475548745496,
    "b2": -4.876784086041598,
    "tau": 263.83472108279886
}