{
    "b0": 7.512282444636169,
    "b1": -2.971704971757828,
    "b2": -4.369269377999605,
    "tau": 286.22994940478935
}