{
    "b0": 7.930100626941837,
    "b1": -1.9041338820036886,
    "b2": -5.43000687916393,
    "tau": 275.86020672928197
}