{
    "b0": 9.693255957925546,
    "b1": -3.1487013262562726,
    "b2": -5.024036674170092,
    "tau": 292.9720782742302
}