{
    "b0": 7.935685634410147,
    "b1": -2.3505725155273183,
    "b2": -5.901437924167056,
    "tau": 267.1041981662999
}