{
    "b0": 8.249062482181117,
    "b1": -2.320725668158259,
    "b2": -5.262609650670498,
    "tau": 250.29080646340483
}