{
    "b0": 9.814707827304455,
    "b1": -3.2849129776849315,
    "b2": -4.721638896369514,
    "tau": 287.53625087596396
}