{
    "b0": 8.042289962913296,
    "b1": -2.2267530293534517,
    "b2": -5.309339138721226,
    "tau": 271.77069138535546
}