{
    "b0": 7.997823865174367,
    "b1": -1.5061971584773541,
    "b2": -5.58471937718442,
    "tau": 323.6698620098254
}