{
    "b0": 9.814479224825783,
    "b1": -3.289531240275913,
    "b2": -4.904761343271264,
    "tau": 286.7500203450179
}