{
    "b0": 7.45206563389426,
    "b1": -2.0485432617079162,
    "b2": -6.453744667747698,
    "tau": 282.7302457964763
}