{
    "b0": 9.389817455506906,
    "b1": -5.560738757199712,
    "b2": -9.961977856674721,
    "tau": 302.9810063008089
}