{
    "b0": 9.962532295101303,
    "b1": -6.107836597216513,
    "b2": -11.223051876911658,
    "tau": 285.5572434139061
}