{
    "b0": 9.468504261227116,
    "b1": -7.560873497232393,
    "b2": -7.7540998852628915,
    "tau": 257.3410113659377
}