{
    "b0": 11.139496157040115,
    "b1": -7.286959885894058,
    "b2": -11.306425239726742,
    "tau": 226.94858672913958
}