{
    "b0": 9.137553194813396,
    "b1": -7.1548095028421805,
    "b2": -8.324950389935513,
    "tau": 334.72649582097193
}