{
    "b0": 7.9163899318795,
    "b1": -3.544907576916926,
    "b2": -4.312753695315731,
    "tau": 342.2973379108478
}