{
    "b0": 8.996594288709511,
    "b1": -6.38359315541916,
    "b2": -9.783175295435683,
    "tau": 342.952527151189
}