{
    "b0": 9.150743680666865,
    "b1": -7.165424146117184,
    "b2": -8.374202750355586,
    "tau": 331.0862154014969
}