{
    "b0": 9.049380924954788,
    "b1": -7.182125939490623,
    "b2": -7.203419937979611,
    "tau": 260.57575182197326
}