{
    "b0": 8.70372413401222,
    "b1": -6.72512061138665,
    "b2": -8.494235096490089,
    "tau": 342.19233176614085
}