{
    "b0": 8.220476974259276,
    "b1": -6.211164747764174,
    "b2": -7.644750302609768,
    "tau": 365.97289487732394
}