{
    "b0": 9.476677383443661,
    "b1": -5.690083615733874,
    "b2": -9.027175051348276,
    "tau": 291.911350279903
}