{
    "b0": 9.600393383022992,
    "b1": -7.682406002662278,
    "b2": -8.178759542881995,
    "tau": 249.29397905942713
}