{
    "b0": 8.516416011362947,
    "b1": -6.670493682892706,
    "b2": -6.581090987072521,
    "tau": 289.9663910386546
}