{
    "b0": 8.454770469030862,
    "b1": -6.2666184474997255,
    "b2": -7.778630478632383,
    "tau": 329.4321654301794
}