{
    "b0": 9.28630594258592,
    "b1": -6.407656225803203,
    "b2": -10.316776957318385,
    "tau": 329.30533334571646
}