{
    "b0": 8.39057611847674,
    "b1": -6.226877461467421,
    "b2": -7.541447497359028,
    "tau": 331.32178018682214
}