{
    "b0": 9.02369485073031,
    "b1": -7.039687029474562,
    "b2": -8.020882604065159,
    "tau": 346.24707821357396
}