{
    "b0": 8.666290196946695,
    "b1": -6.4211495924956346,
    "b2": -8.741663909076241,
    "tau": 338.920120148172
}