{
    "b0": 9.67578665990038,
    "b1": -5.832050211798277,
    "b2": -10.509403268807933,
    "tau": 297.7148395261246
}