{
    "b0": 9.75352541749691,
    "b1": -5.930303356525593,
    "b2": -10.347138131393859,
    "tau": 294.3659164715047
}