{
    "b0": 8.127341326781544,
    "b1": -3.9271555254272936,
    "b2": -4.180341844661594,
    "tau": 452.77391609969646
}