{
    "b0": 9.758778459985042,
    "b1": -7.798776820963308,
    "b2": -8.28573062108017,
    "tau": 311.20183937973826
}