{
    "b0": 9.387498242478953,
    "b1": -7.532460019482988,
    "b2": -7.030169909916459,
    "tau": 285.0707142855574
}