{
    "b0": 8.47521865255471,
    "b1": -6.685512435003227,
    "b2": -5.994496619901025,
    "tau": 303.460329256741
}