{
    "b0": 9.173999267389839,
    "b1": -6.366956229215038,
    "b2": -9.832338364791315,
    "tau": 337.617525753327
}