{
    "b0": 8.816255037889006,
    "b1": -4.7564329174746085,
    "b2": -6.220153704451894,
    "tau": 407.7858125761178
}