{
    "b0": 10.627113353947951,
    "b1": -6.972426171270053,
    "b2": -11.530772213508639,
    "tau": 299.1934513903389
}