{
    "b0": 9.73408650600301,
    "b1": -5.790957140112364,
    "b2": -5.73412819213957,
    "tau": 387.63134478387644
}