{
    "b0": 8.66422809077392,
    "b1": -6.86639542314208,
    "b2": -5.84774091450385,
    "tau": 322.7116827035547
}