{
    "b0": 8.287554850119214,
    "b1": -6.290156706378307,
    "b2": -7.523657612840477,
    "tau": 361.0238962303902
}