{
    "b0": 9.144850237366224,
    "b1": -6.399618701398749,
    "b2": -10.021122439052595,
    "tau": 333.2734132294143
}