{
    "b0": 9.017340246272306,
    "b1": -6.791012564035652,
    "b2": -8.964393823230239,
    "tau": 347.2058999748687
}