{
    "b0": 9.660642612690168,
    "b1": -5.848963592484109,
    "b2": -10.403972340199605,
    "tau": 297.2747592309216
}