{
    "b0": 9.229932947118566,
    "b1": -7.22302691676961,
    "b2": -8.68824406393467,
    "tau": 338.72663411369683
}