{
    "b0": 8.264215062957577,
    "b1": -6.121539822935466,
    "b2": -7.707276009765163,
    "tau": 331.36796953845493
}