{
    "b0": 9.43946248370568,
    "b1": -7.467718440024832,
    "b2": -8.395849419346845,
    "tau": 319.499539394733
}