{
    "b0": 8.967020016301312,
    "b1": -6.971358765833315,
    "b2": -8.203380784439823,
    "tau": 342.4447151568422
}