{
    "b0": 7.811119515212452,
    "b1": -3.7067772717149428,
    "b2": -3.8938271135334794,
    "tau": 398.6001569509167
}