{
    "b0": 8.633062557276144,
    "b1": -6.813102969328035,
    "b2": -6.346549462322509,
    "tau": 295.70573121865954
}