{
    "b0": 8.856244686131376,
    "b1": -7.012939592683448,
    "b2": -6.558650379811516,
    "tau": 303.23612823831377
}