{
    "b0": 9.42496842351613,
    "b1": -7.445872847131449,
    "b2": -8.60214285969628,
    "tau": 314.0693476912792
}