{
    "b0": 10.516918257145354,
    "b1": -6.922556142379472,
    "b2": -10.618685567612129,
    "tau": 303.73228392305543
}