{
    "b0": 9.415011722034686,
    "b1": -7.550478466468208,
    "b2": -7.389567108571189,
    "tau": 266.0979358413733
}