{
    "b0": 8.941333238663812,
    "b1": -7.099594522074165,
    "b2": -6.542718636685727,
    "tau": 307.4837407905096
}