{
    "b0": 9.061432032887986,
    "b1": -7.084517240293533,
    "b2": -8.468432173470754,
    "tau": 348.1542034503694
}