{
    "b0": 10.418178893545722,
    "b1": -7.411175924731264,
    "b2": -11.191691082131126,
    "tau": 348.8736346509371
}