{
    "b0": 7.916551232270678,
    "b1": -3.810292080153583,
    "b2": -3.9781639266441386,
    "tau": 401.25115956361844
}