{
    "b0": 9.828527277844666,
    "b1": -6.320314678561216,
    "b2": -10.992598540639612,
    "tau": 324.0344597009651
}