{
    "b0": 7.95956016204669,
    "b1": -3.827536124616959,
    "b2": -3.8096349610491327,
    "tau": 458.0579393610277
}