{
    "b0": 9.428372807430916,
    "b1": -7.527228213078688,
    "b2": -7.57455834485603,
    "tau": 250.41168879414417
}