{
    "b0": 8.667116678923358,
    "b1": -6.424371765130358,
    "b2": -8.651591518308715,
    "tau": 337.56179559831145
}