{
    "b0": 9.232320055180864,
    "b1": -7.3834769817265045,
    "b2": -7.05323801775582,
    "tau": 264.8250766303732
}