{
    "b0": 9.619054357279348,
    "b1": -6.336812487235473,
    "b2": -10.534688737717168,
    "tau": 333.37041589410785
}