{
    "b0": 8.740472273342263,
    "b1": -6.931239274423062,
    "b2": -6.089147423748017,
    "tau": 306.0245346947318
}