{
    "b0": 8.495282020510246,
    "b1": -6.6894974359709956,
    "b2": -6.185006161432181,
    "tau": 312.0176902824573
}