{
    "b0": 9.04394695749656,
    "b1": -6.448120965280621,
    "b2": -9.744295809160398,
    "tau": 336.2321790540749
}