{
    "b0": 9.627796808574642,
    "b1": -7.702830551418048,
    "b2": -8.227246806846244,
    "tau": 239.22198971423546
}