{
    "b0": 8.194731456806466,
    "b1": -3.882116887746851,
    "b2": -4.606935119280403,
    "tau": 397.3368374506649
}