{
    "b0": 9.008599877785164,
    "b1": -5.476051570880946,
    "b2": -10.99402300274783,
    "tau": 337.4265577422484
}