{
    "b0": 9.364084636627293,
    "b1": -7.335744212716165,
    "b2": -8.909294953555804,
    "tau": 312.86351121320536
}