{
    "b0": 7.73953959700901,
    "b1": -3.6096907260019453,
    "b2": -3.9453234622727833,
    "tau": 407.98719301854896
}