{
    "b0": 9.001165823088435,
    "b1": -5.322472467456613,
    "b2": -9.593388256192668,
    "tau": 344.31590161419444
}