{
    "b0": 9.68691746659908,
    "b1": -7.755676071376461,
    "b2": -7.885281266810601,
    "tau": 315.9330860602229
}