{
    "b0": 9.312765635382322,
    "b1": -7.448320108169902,
    "b2": -6.79672065580173,
    "tau": 322.4856188864632
}