{
    "b0": 8.6583634321452,
    "b1": -6.852450552674849,
    "b2": -6.166549134721164,
    "tau": 307.536272734337
}