{
    "b0": 8.980912496518494,
    "b1": -7.000965457471237,
    "b2": -8.078414095067536,
    "tau": 345.33461892589065
}