{
    "b0": 7.746120671020311,
    "b1": -3.6161447978798114,
    "b2": -4.002845546397031,
    "tau": 420.01127304983106
}