{
    "b0": 9.293423391553834,
    "b1": -7.314959126692218,
    "b2": -8.78003286909061,
    "tau": 343.87927760741627
}