{
    "b0": 9.49443037098369,
    "b1": -5.375954257075295,
    "b2": -6.301744494359555,
    "tau": 390.8315503479276
}