{
    "b0": 8.532709526257838,
    "b1": -6.719974289116394,
    "b2": -6.338211935328353,
    "tau": 286.1784214201112
}