{
    "b0": 8.905264371263788,
    "b1": -6.254443157811734,
    "b2": -9.768248122823376,
    "tau": 342.1032389752463
}