{
    "b0": 9.102680864511491,
    "b1": -7.140549072080535,
    "b2": -8.537599427007432,
    "tau": 346.80005231304415
}