{
    "b0": 8.447943388601248,
    "b1": -6.3172914326880605,
    "b2": -7.760184323033956,
    "tau": 335.29908162248074
}