{
    "b0": 9.602760303725299,
    "b1": -7.669615627021328,
    "b2": -7.671409242044545,
    "tau": 304.1300968713314
}