{
    "b0": 8.916828730733064,
    "b1": -6.9541595590489145,
    "b2": -8.515549770285233,
    "tau": 341.7954510592304
}