{
    "b0": 8.025257434470731,
    "b1": -3.88007256725881,
    "b2": -4.478064442774727,
    "tau": 452.1031494428241
}