{
    "b0": 8.757410729273378,
    "b1": -6.270991778328874,
    "b2": -9.001647609303747,
    "tau": 337.5499565553597
}