{
    "b0": 9.667753747678471,
    "b1": -7.7620843304111435,
    "b2": -7.742602609385852,
    "tau": 316.3140872338305
}