{
    "b0": 8.23600839727632,
    "b1": -3.9482387082023562,
    "b2": -4.473121746494345,
    "tau": 409.3022389246432
}