{
    "b0": 9.585173047201428,
    "b1": -6.197142896225312,
    "b2": -10.697462551763685,
    "tau": 306.7616786768817
}