{
    "b0": 9.391862750819934,
    "b1": -7.3821545444854095,
    "b2": -8.809219043270312,
    "tau": 316.21082151281996
}