{
    "b0": 8.828837306290593,
    "b1": -6.485383596712378,
    "b2": -8.897354268376645,
    "tau": 340.2438669349217
}