{
    "b0": 8.135211016929361,
    "b1": -4.01711667524944,
    "b2": -6.199961110214579,
    "tau": 422.1463494152503
}