{
    "b0": 9.0039840603758,
    "b1": -7.12417432931055,
    "b2": -7.300789435675673,
    "tau": 259.8127312760082
}