{
    "b0": 9.914585547373765,
    "b1": -6.852040564654782,
    "b2": -11.413375506952761,
    "tau": 341.3037918880526
}