{
    "b0": 9.059350928622715,
    "b1": -6.817673006189402,
    "b2": -9.22568812049698,
    "tau": 338.58412152222223
}