{
    "b0": 9.847070760319848,
    "b1": -6.255360110238918,
    "b2": -0.0011370114765565376,
    "tau": 413.09881196064373
}