{
    "b0": 8.485786082819965,
    "b1": -6.681940732896351,
    "b2": -6.075087571113138,
    "tau": 286.304071444358
}