{
    "b0": 10.766098724639845,
    "b1": -5.564546569163199,
    "b2": -2.628743489552221e-07,
    "tau": 277.5029883491851
}