{
    "b0": 10.021334397021478,
    "b1": -7.427697796433722,
    "b2": -2.723578065618277,
    "tau": 258.90183835651743
}