{
    "b0": 8.372801043189282,
    "b1": -6.650479082914686,
    "b2": -4.4497217870634795,
    "tau": 265.47221901851185
}