{
    "b0": 8.474941649017435,
    "b1": -6.736282494588579,
    "b2": -4.926051405510845,
    "tau": 250.77044135117129
}