{
    "b0": 11.640020402468455,
    "b1": -5.20446910895094,
    "b2": -0.000491728052124607,
    "tau": 282.09855780503153
}