{
    "b0": 9.2308191464594,
    "b1": -7.2463160118555905,
    "b2": -5.393423195750816,
    "tau": 217.96410307112322
}