{
    "b0": 11.113392233912572,
    "b1": -5.468129426641457,
    "b2": 0.00010738327364023803,
    "tau": 287.4640470840768
}