{
    "b0": 9.06333335072447,
    "b1": -6.8853818962288,
    "b2": -3.2735753887579806,
    "tau": 223.30729374782914
}