{
    "b0": 10.110477598071952,
    "b1": -7.44401450069156,
    "b2": -3.264203212970499,
    "tau": 236.4936707323437
}