{
    "b0": 8.271324463566295,
    "b1": -6.453447284908396,
    "b2": -5.924786026842044,
    "tau": 289.5472876978279
}