{
    "b0": 9.955269854753299,
    "b1": -6.422790169013385,
    "b2": -0.0007989004747415152,
    "tau": 413.44937793941904
}