{
    "b0": 12.028040864818928,
    "b1": -4.063895052373923,
    "b2": -6.941346370906025,
    "tau": 20.37139026434844
}