{
    "b0": 11.693264136368729,
    "b1": -5.743435600551819,
    "b2": -1.9769817071857432e-05,
    "tau": 275.6188602483291
}