{
    "b0": 9.895543198681432,
    "b1": -7.037280055612783,
    "b2": -0.0009236737473594658,
    "tau": 419.32543900307024
}