{
    "b0": 9.718188324050809,
    "b1": -5.123814754401467,
    "b2": -0.00025919414931463436,
    "tau": 273.4305660313039
}