{
    "b0": 10.286808735810432,
    "b1": -7.002098139758461,
    "b2": 0.0011145080428227594,
    "tau": 372.45838040680457
}