{
    "b0": 12.077406801899027,
    "b1": -4.185411964298374,
    "b2": -4.415796420696493,
    "tau": 23.648563368375974
}