{
    "b0": 10.4277677762515,
    "b1": -5.381038463095881,
    "b2": -5.458726393259283e-05,
    "tau": 257.1645126864536
}