{
    "b0": 10.08128347530477,
    "b1": -7.3159194739772175,
    "b2": -0.003518041012999351,
    "tau": 397.9124046247406
}