{
    "b0": 10.084082848308768,
    "b1": -6.62020882364714,
    "b2": -0.0007001688608165857,
    "tau": 402.04228367839033
}