{
    "b0": 11.040449579107431,
    "b1": -2.5721001909896137,
    "b2": -2.2433555559853713,
    "tau": 17.77609472549306
}