{
    "b0": 11.567903244542432,
    "b1": -5.140314621260047,
    "b2": -3.318371869731607e-05,
    "tau": 274.03450101976557
}