{
    "b0": 9.876757835525307,
    "b1": -6.835850930095406,
    "b2": -0.002009364071708486,
    "tau": 429.18294297691676
}