{
    "b0": 9.011431945481428,
    "b1": -7.176726692833412,
    "b2": -6.962823621669999,
    "tau": 214.77105605469455
}