{
    "b0": 11.506879773035246,
    "b1": -5.140497458422599,
    "b2": -1.2753655306951828e-05,
    "tau": 309.3049056944267
}