{
    "b0": 10.132701503820234,
    "b1": -6.712097234855853,
    "b2": -0.0028087067074777927,
    "tau": 390.1997079994687
}