{
    "b0": 8.735627977315444,
    "b1": -6.8980513131210355,
    "b2": -5.249900374043516,
    "tau": 237.7077965274641
}