{
    "b0": 11.22040720678088,
    "b1": -2.64021021188125,
    "b2": -3.05303277283099,
    "tau": 19.55203931719032
}