{
    "b0": 10.064290234702057,
    "b1": -6.991707427953192,
    "b2": -0.0002029379835821743,
    "tau": 394.745510329836
}