{
    "b0": 11.328140215673873,
    "b1": -5.734462703241789,
    "b2": -0.00015862755407702878,
    "tau": 274.49326850228596
}