{
    "b0": 10.848231242390973,
    "b1": -5.488055102941832,
    "b2": -2.1451062750976746e-05,
    "tau": 250.3752085218483
}