{
    "b0": 11.599261332267398,
    "b1": -5.211547539903632,
    "b2": -5.0162747637472194e-05,
    "tau": 306.2762044009482
}