{
    "b0": 9.809763527545229,
    "b1": -6.919213408949885,
    "b2": -0.0011843284576826818,
    "tau": 423.74304959823786
}