{
    "b0": 9.774635742094887,
    "b1": -6.8353329490042585,
    "b2": -0.00045019281447000736,
    "tau": 424.0103781597236
}