{
    "b0": 11.476012376208358,
    "b1": -5.835536707319668,
    "b2": 9.36780442848395e-05,
    "tau": 292.34015104854956
}