{
    "b0": 9.856322646164715,
    "b1": -6.033593460945963,
    "b2": -0.00013341471883432376,
    "tau": 356.79983127716264
}