{
    "b0": 11.728786387649846,
    "b1": -5.749933353487953,
    "b2": 9.193674975893629e-05,
    "tau": 267.86362861773506
}