{
    "b0": 9.754130493069757,
    "b1": -5.917545518128781,
    "b2": 0.00029237033197526685,
    "tau": 358.67428585013386
}