{
    "b0": 12.496064780362712,
    "b1": -4.506668739203215,
    "b2": -7.464305453337427,
    "tau": 28.37096474038395
}