{
    "b0": 12.197873375006091,
    "b1": -4.339208883831382,
    "b2": -5.7414182460534615,
    "tau": 22.757578926664614
}