{
    "b0": 9.686059035614257,
    "b1": -5.028345385823822,
    "b2": -0.00033339590044345613,
    "tau": 238.81929768578252
}