{
    "b0": 9.926044842903698,
    "b1": -7.332692473287178,
    "b2": -3.94923008307565,
    "tau": 216.4962263527182
}