{
    "b0": 9.1426446800725,
    "b1": -6.712751476914098,
    "b2": -2.4360040284326017,
    "tau": 232.93261321033438
}