{
    "b0": 8.845139648369367,
    "b1": -7.066652906122357,
    "b2": -6.1579718277678825,
    "tau": 278.0006002527596
}