{
    "b0": 8.702014386076996,
    "b1": -6.954347102284634,
    "b2": -5.253130961252152,
    "tau": 253.29827214592447
}