{
    "b0": 11.259737104777894,
    "b1": -5.958526308451197,
    "b2": -9.803062781577054e-05,
    "tau": 307.15600449623327
}