{
    "b0": 9.799111324770173,
    "b1": -6.794033757633239,
    "b2": -0.002854029273620995,
    "tau": 433.4512719922838
}