{
    "b0": 9.94162988490479,
    "b1": -5.650652517189334,
    "b2": -8.770511314004636e-05,
    "tau": 284.765411547183
}