{
    "b0": 11.466645445725437,
    "b1": -5.750097128532824,
    "b2": -2.298784823118183e-05,
    "tau": 300.7483404621388
}