{
    "b0": 9.306347136934766,
    "b1": -7.253034338453141,
    "b2": -5.8749399520819825,
    "tau": 202.1002752621461
}