{
    "b0": 9.148490301597345,
    "b1": -7.047248320149269,
    "b2": -4.00606980846332,
    "tau": 219.96974485871092
}