{
    "b0": 10.210429997036949,
    "b1": -6.946624812991935,
    "b2": 0.008346623700916656,
    "tau": 372.7201424741664
}