{
    "b0": 9.664848408721674,
    "b1": -5.564282964759572,
    "b2": 2.7407597920081628e-06,
    "tau": 297.8638008061642
}