{
    "b0": 11.717087715001682,
    "b1": -5.3348801270006625,
    "b2": -0.000125642286364247,
    "tau": 268.15993138118074
}