{
    "b0": 9.601445634642445,
    "b1": -5.848826521167468,
    "b2": -0.00032256790518347955,
    "tau": 375.2646033786822
}