{
    "b0": 11.53790830283405,
    "b1": -4.71238051467564,
    "b2": -0.0003723240557378382,
    "tau": 306.6453457500724
}