{
    "b0": 11.510056501253745,
    "b1": -4.772766773301912,
    "b2": -0.00037903982160081284,
    "tau": 310.3731050758272
}