{
    "b0": 9.834021938865368,
    "b1": -5.776564811451209,
    "b2": -0.00024958336856517604,
    "tau": 330.89737717120386
}