{
    "b0": 11.643179187902945,
    "b1": -5.216422271571987,
    "b2": 0.00010455852608348692,
    "tau": 266.5561320624404
}