{
    "b0": 11.698544453969246,
    "b1": -3.1991575586225895,
    "b2": -4.224276635022051,
    "tau": 21.648283147607692
}