{
    "b0": 11.381639046672715,
    "b1": -5.998337981025829,
    "b2": 8.680156866747168e-05,
    "tau": 289.0893980895129
}