{
    "b0": 12.094658500168013,
    "b1": -5.412868747892873,
    "b2": -0.00015373788917116826,
    "tau": 208.28184640895213
}