{
    "b0": 9.00875786476262,
    "b1": -7.096031260827868,
    "b2": -5.6298710766296445,
    "tau": 223.07617965565677
}