{
    "b0": 11.53301961030782,
    "b1": 1.8420805740266397,
    "b2": 4.414862522743963,
    "tau": 82.05998690692415
}