{
    "b0": 11.5953222586855,
    "b1": 1.6992577065395178,
    "b2": 4.504189084308861,
    "tau": 84.07699813588383
}