{
    "b0": 11.624424658664982,
    "b1": 1.7349887502512518,
    "b2": 4.527630367282045,
    "tau": 89.52789038433758
}