{
    "b0": 11.955496889887167,
    "b1": 0.4896605071310023,
    "b2": 3.7360275829141107,
    "tau": 123.72711154289068
}