{
    "b0": 11.805679012709179,
    "b1": -1.007506701612853,
    "b2": -2.2588544090800715,
    "tau": 3.2465276841664705
}