{
    "b0": 12.328581193133896,
    "b1": 100.46961496894228,
    "b2": -111.81883613018178,
    "tau": 0.2525742330426036
}