{
    "b0": 12.630045941543532,
    "b1": -1.640645074225398,
    "b2": -1.818704023439428,
    "tau": 9.503774919952633
}