{
    "b0": 11.256256981713504,
    "b1": -1.7763348954897982,
    "b2": -4.925807075447814,
    "tau": 8.958233415351176
}