{
    "b0": 12.252306668332725,
    "b1": -0.08387360063134475,
    "b2": -2.0239591686928775,
    "tau": 0.9735326584531759
}