{
    "b0": 12.337121481162463,
    "b1": -0.5455836573216291,
    "b2": -1.7237628142586383,
    "tau": 3.581963519427919
}