{
    "b0": 12.613035571850236,
    "b1": 0.12305626511919643,
    "b2": 2.3408449839981813,
    "tau": 86.42774510533674
}