{
    "b0": 12.9488813933982,
    "b1": -0.08273023253842293,
    "b2": 2.8692234365205707,
    "tau": 98.82220809403157
}