{
    "b0": 11.867208309818084,
    "b1": -2.55491344001406,
    "b2": -4.36637912690548,
    "tau": 10.434214574395094
}