{
    "b0": 11.542441138459836,
    "b1": 1.8703633149970122,
    "b2": 4.725387489632081,
    "tau": 106.03026639663592
}