{
    "b0": 11.479333090889588,
    "b1": 1.8666344192215445,
    "b2": 4.67473595890655,
    "tau": 93.1763749438463
}