{
    "b0": 12.939249957470258,
    "b1": 0.5310289905434327,
    "b2": 2.736758782688595,
    "tau": 145.43899456837917
}