{
    "b0": 10.920511942412919,
    "b1": 0.3359009121026184,
    "b2": 5.218158356464058,
    "tau": 106.93159070617617
}