{
    "b0": 11.520942845090191,
    "b1": 1.7885929414409878,
    "b2": 4.609834479180655,
    "tau": 80.77395734838834
}