{
    "b0": 12.395415394759153,
    "b1": 0.2734975075849144,
    "b2": 3.078905750321008,
    "tau": 109.0553923918102
}