{
    "b0": 11.93458044017337,
    "b1": 0.0551928262753274,
    "b2": 3.657565039208748,
    "tau": 101.67363090867379
}