{
    "b0": 12.674903789485187,
    "b1": 0.8047865572896034,
    "b2": 2.9525474750015555,
    "tau": 144.59040286453734
}