{
    "b0": 12.469150288647683,
    "b1": 0.395388002030415,
    "b2": 3.0845827732355575,
    "tau": 105.38176224839303
}