{
    "b0": 11.617661553802753,
    "b1": -2.1172304087678,
    "b2": -5.231190370661719,
    "tau": 10.556354330826382
}