{
    "b0": 12.289097375136318,
    "b1": 0.25120359485665333,
    "b2": 3.351118323149898,
    "tau": 110.36282132971387
}