{
    "b0": 12.623958292470146,
    "b1": 0.5521175637911027,
    "b2": 3.227361687312797,
    "tau": 93.65885998689137
}