{
    "b0": 11.573607253761137,
    "b1": 1.816213390135709,
    "b2": 4.3675873620632695,
    "tau": 82.39314794000266
}