{
    "b0": 12.513635831540032,
    "b1": 0.363983165919062,
    "b2": 2.9565605717117815,
    "tau": 101.9435098701373
}