{
    "b0": 12.366361269639748,
    "b1": 0.027700111102493707,
    "b2": 2.9298369915834663,
    "tau": 113.90913399131571
}