{
    "b0": 13.035077692392521,
    "b1": -0.2268938906384944,
    "b2": 2.7293643136067707,
    "tau": 122.20617159039185
}