{
    "b0": 13.141793926161348,
    "b1": 0.3281474400437596,
    "b2": 2.6571784366203923,
    "tau": 151.363016812285
}