{
    "b0": 12.798081542227692,
    "b1": -0.02287716756683511,
    "b2": 2.5034638661172726,
    "tau": 100.18788516786339
}