{
    "b0": 12.132235463455684,
    "b1": 0.31928325288387027,
    "b2": 3.52906680298534,
    "tau": 128.02182740162985
}