{
    "b0": 11.897893316802639,
    "b1": -0.5004957130225267,
    "b2": 4.787907651960827,
    "tau": 119.10238372369317
}