{
    "b0": 11.82422728075059,
    "b1": -2.3704073937526076,
    "b2": -4.966598238249031,
    "tau": 11.497732594139459
}