{
    "b0": 12.711015063637706,
    "b1": 0.5495593655348905,
    "b2": 2.93217414212707,
    "tau": 83.68089756118987
}