{
    "b0": 11.477600614109113,
    "b1": 1.9176026057064193,
    "b2": 4.590663014448577,
    "tau": 93.33902150369555
}