{
    "b0": 11.95011387827504,
    "b1": -0.05916127415692585,
    "b2": 3.747055317274783,
    "tau": 99.82304901359355
}