{
    "b0": 12.507698012487715,
    "b1": 0.3246567275359096,
    "b2": 3.3453366628203383,
    "tau": 104.73047292750772
}