{
    "b0": 12.934157620082956,
    "b1": 0.5284844535450024,
    "b2": 2.325760011044374,
    "tau": 91.19205881710036
}