{
    "b0": 12.433594159713452,
    "b1": -1.51045418742134,
    "b2": -1.3217401985122776,
    "tau": 8.275634370607245
}