{
    "b0": 11.43156862807744,
    "b1": 1.907644245567182,
    "b2": 4.688376920162325,
    "tau": 82.95901830111232
}