{
    "b0": 11.812280200253582,
    "b1": 1.5180495939683665,
    "b2": 4.163725072837243,
    "tau": 82.19467089275656
}