{
    "b0": 11.901555806046792,
    "b1": -0.22430362557741246,
    "b2": 3.9051245046394363,
    "tau": 101.21007292143393
}