{
    "b0": 11.684914589418117,
    "b1": -0.6890467612797444,
    "b2": -2.56370097538236,
    "tau": 8.741853471796675
}