{
    "b0": 12.266337894257807,
    "b1": 1.110601159388338,
    "b2": 3.36424996399371,
    "tau": 79.23521107678079
}