{
    "b0": 12.236621392430083,
    "b1": 0.15286628408433756,
    "b2": 2.978153156669287,
    "tau": 117.93760107997743
}