{
    "b0": 12.381338775808727,
    "b1": 0.020806660074739858,
    "b2": 3.084173299447794,
    "tau": 118.55969599865689
}