{
    "b0": 11.607066138867266,
    "b1": -2.4247895945267803,
    "b2": -3.0495812789665697,
    "tau": 6.310814920613611
}