{
    "b0": 11.745895790973638,
    "b1": 0.6979322695332852,
    "b2": 4.03770803412222,
    "tau": 119.37226254768528
}