{
    "b0": 11.779964354428355,
    "b1": -0.8706664239660804,
    "b2": -2.54572161119244,
    "tau": 3.370847755521265
}