{
    "b0": 11.591187431502979,
    "b1": -2.1165555028929557,
    "b2": -4.794798581341597,
    "tau": 9.615445324099216
}