{
    "b0": 13.58163365118336,
    "b1": -0.19583291510336742,
    "b2": -1.3074303931931046,
    "tau": 1.5335448013559783
}