{
    "b0": 11.619576255392449,
    "b1": 1.798165011958754,
    "b2": 4.511906697342322,
    "tau": 101.40317636415159
}