{
    "b0": 11.883349716949285,
    "b1": 1.516199510854924,
    "b2": 4.003264991508026,
    "tau": 101.5138376411207
}