{
    "b0": 13.05099926231902,
    "b1": -0.18592897993153157,
    "b2": 3.513004119073541,
    "tau": 118.2985508951751
}