{
    "b0": 11.652305852181382,
    "b1": 1.7039911093926454,
    "b2": 4.468509597682638,
    "tau": 100.68189999786384
}