{
    "b0": 12.981062184592545,
    "b1": 0.514127727366062,
    "b2": 1.9299148145661675,
    "tau": 120.86181430403381
}