{
    "b0": 11.725348980002174,
    "b1": 1.6371270220109508,
    "b2": 4.168992226216187,
    "tau": 77.4118625946145
}