{
    "b0": 12.326573725050142,
    "b1": 0.5275692464640511,
    "b2": 3.210767138651934,
    "tau": 94.83096246408671
}