{
    "b0": 11.694389587929985,
    "b1": 1.6704421423336484,
    "b2": 4.372227368877102,
    "tau": 103.54701097871018
}