{
    "b0": 11.714627789993425,
    "b1": 1.6396374160311193,
    "b2": 4.318021487413347,
    "tau": 99.68561085690843
}