{
    "b0": 12.631102433542667,
    "b1": 0.8280993992410548,
    "b2": 2.445557552007931,
    "tau": 82.01034999959683
}