{
    "b0": 12.549401382175406,
    "b1": -1.673634559264448,
    "b2": -1.370137641402143,
    "tau": 8.199598871668625
}