{
    "b0": 13.250667288242338,
    "b1": 0.27377493782320095,
    "b2": 1.6149627295851308,
    "tau": 161.1284020626631
}