{
    "b0": 11.549213926245379,
    "b1": -0.1636099215837703,
    "b2": 5.384654352508312,
    "tau": 128.01304722286818
}