{
    "b0": 13.151391759402957,
    "b1": 0.3154953503211111,
    "b2": 2.9382573850667972,
    "tau": 170.59060568891059
}