{
    "b0": 12.884720868994929,
    "b1": 0.6229798544737744,
    "b2": 1.9492521300434247,
    "tau": 85.86630496010031
}