{
    "b0": 12.50330120280303,
    "b1": 0.9199732680867472,
    "b2": 3.3864629028416653,
    "tau": 141.20806256267855
}