{
    "b0": 11.51056979610428,
    "b1": 1.819026512043465,
    "b2": 4.58380697764053,
    "tau": 81.91293536135476
}