{
    "b0": 11.66933553212927,
    "b1": -2.341571020774057,
    "b2": -4.2631555522708835,
    "tau": 8.41572429452773
}