{
    "b0": 12.250533585891334,
    "b1": 1.1552965161882658,
    "b2": 3.5964690503769576,
    "tau": 139.1413732634993
}