{
    "b0": 12.985705280214866,
    "b1": -0.08507539511443851,
    "b2": 3.3512381473568715,
    "tau": 113.2240183956102
}