{
    "b0": 12.055146303538598,
    "b1": -0.4508604748032936,
    "b2": 3.9196980698152757,
    "tau": 102.83311999849418
}