{
    "b0": 11.354198348109094,
    "b1": 1.953946544315559,
    "b2": 4.888069142290163,
    "tau": 85.12149194727625
}