{
    "b0": 12.639479392466253,
    "b1": -1.6999429612969825,
    "b2": -1.669852192970835,
    "tau": 7.394097658233366
}