{
    "b0": 11.803146918068524,
    "b1": -0.9773449191621766,
    "b2": -2.3837090317329954,
    "tau": 9.25069611449069
}