{
    "b0": 12.993512361019755,
    "b1": -0.09334633275483939,
    "b2": 3.2046542304624017,
    "tau": 109.25897582703874
}