{
    "b0": 11.688748815572845,
    "b1": 1.683696926534466,
    "b2": 4.290745262422222,
    "tau": 88.28395016575773
}