{
    "b0": 11.649354845925007,
    "b1": 1.728811928644669,
    "b2": 4.785455305981724,
    "tau": 104.41912683659119
}