{
    "b0": 12.58986340723989,
    "b1": 0.10940245496237422,
    "b2": 2.8624696243557928,
    "tau": 111.84136492385001
}