{
    "b0": 13.260716286430275,
    "b1": 0.15249470035733936,
    "b2": 2.904180390544329,
    "tau": 159.48278156124115
}