{
    "b0": 11.690372332307208,
    "b1": 1.635213195171651,
    "b2": 4.475782833230243,
    "tau": 95.6681240608423
}