{
    "b0": 12.306864747440386,
    "b1": 0.2626881667234098,
    "b2": 3.2825861472200795,
    "tau": 106.05463757247533
}