{
    "b0": 10.510629199904793,
    "b1": 2.798698165141592,
    "b2": 5.415799160421079,
    "tau": 46.23096514820507
}