{
    "b0": 10.592731436832409,
    "b1": 2.2463962021088415,
    "b2": 4.743434087575736,
    "tau": 35.30662901447267
}