{
    "b0": 11.359172953699195,
    "b1": 1.1181810145439646,
    "b2": 2.7905402391250673,
    "tau": 13.420667961498125
}