{
    "b0": 11.019870327211738,
    "b1": 1.8541090088496777,
    "b2": 3.8508351787386377,
    "tau": 24.848030510311673
}