{
    "b0": 11.53369635086701,
    "b1": 0.9771614842853402,
    "b2": 1.022346768921118,
    "tau": 8.600232514359423
}