{
    "b0": 12.377295197308607,
    "b1": 1.0700497261796689,
    "b2": 2.8522386471691537,
    "tau": 84.1156572843554
}