{
    "b0": 12.860151268965993,
    "b1": 0.5827047790322784,
    "b2": 1.8833983250164135,
    "tau": 17.52742931269396
}