{
    "b0": 11.485225053552666,
    "b1": 1.069706584538368,
    "b2": 2.0982280831121214,
    "tau": 10.381292382082608
}