{
    "b0": 10.922283598013767,
    "b1": 1.940853563545788,
    "b2": 4.0429998721705225,
    "tau": 25.546907194697802
}