{
    "b0": 12.153776064420894,
    "b1": 1.2297964748380235,
    "b2": 3.203544257999803,
    "tau": 45.49311376645932
}