{
    "b0": 10.855422665699631,
    "b1": 1.8926067039229113,
    "b2": 3.969691586509386,
    "tau": 25.741948864735644
}