{
    "b0": 10.975990579645822,
    "b1": 2.3594298463243843,
    "b2": 5.06022775781039,
    "tau": 50.23978346877484
}