{
    "b0": 10.420605299248539,
    "b1": 2.8750702262236496,
    "b2": 5.63538948527743,
    "tau": 50.73209490809165
}