{
    "b0": 12.51804133860616,
    "b1": 0.9112442714292852,
    "b2": 2.501825214536727,
    "tau": 33.87182691636296
}