{
    "b0": 12.438456729489568,
    "b1": 0.9834841873695677,
    "b2": 2.656812795669882,
    "tau": 38.134242935828524
}