{
    "b0": 12.760765671600979,
    "b1": 0.7037482984046577,
    "b2": 2.071069075664823,
    "tau": 22.274269921441903
}