{
    "b0": 13.122817555538564,
    "b1": 0.38835316739287307,
    "b2": 1.4265226677600058,
    "tau": 54.99798022498958
}