{
    "b0": 11.06940604366981,
    "b1": 1.3007262362672436,
    "b2": 3.443491198341838,
    "tau": 18.37744100925356
}