{
    "b0": 13.175379498054394,
    "b1": 0.3792575464800454,
    "b2": 1.1185018025208222,
    "tau": 27.793116385505655
}