{
    "b0": 12.220303797191617,
    "b1": 1.2021452658788507,
    "b2": 3.0266445006456095,
    "tau": 38.1489285181203
}