{
    "b0": 10.79021537655,
    "b1": 2.101359935944649,
    "b2": 4.018968731666,
    "tau": 28.523374747991696
}