{
    "b0": 11.26158937458874,
    "b1": 2.024452235619057,
    "b2": 4.824581943935678,
    "tau": 53.41723646610627
}