{
    "b0": 10.40007119583653,
    "b1": 2.9597040085247555,
    "b2": 5.300284114375461,
    "tau": 51.2973971460436
}