{
    "b0": 10.812496604143002,
    "b1": 2.07241544748209,
    "b2": 4.223157050032292,
    "tau": 29.02955158512372
}