{
    "b0": 10.18825651003302,
    "b1": 1.2645327770370707,
    "b2": 3.071289578160315,
    "tau": 20.011768863255565
}