{
    "b0": 10.902563970998333,
    "b1": 2.4508092857090347,
    "b2": 5.158066446161781,
    "tau": 57.749798359753505
}