{
    "b0": 10.308897055304625,
    "b1": 1.105766958358577,
    "b2": 2.9876048654506886,
    "tau": 18.011715606090178
}