{
    "b0": 13.20713311624663,
    "b1": 0.28969528138661405,
    "b2": 1.6063469050221983,
    "tau": 105.41178923847238
}