{
    "b0": 13.140180259400434,
    "b1": 0.42350231456475773,
    "b2": 1.1248379921064366,
    "tau": 14.142135030128948
}