{
    "b0": 11.010163843352466,
    "b1": 1.8349047804913954,
    "b2": 3.3959883360229846,
    "tau": 24.284796047816467
}