{
    "b0": 10.748353191692834,
    "b1": 2.114299855292643,
    "b2": 4.223036557659697,
    "tau": 27.66568424248788
}