{
    "b0": 10.982963558084721,
    "b1": 0.9608553819999104,
    "b2": 2.403191455657589,
    "tau": 15.363548154236586
}