{
    "b0": 13.064302159996492,
    "b1": 0.458967703256548,
    "b2": 1.5254888340562016,
    "tau": 57.7867778917412
}