{
    "b0": 10.039110434700776,
    "b1": 1.4364714680046946,
    "b2": 3.090146361923794,
    "tau": 23.138996923774375
}