{
    "b0": 11.274472266096234,
    "b1": 0.7058735550002435,
    "b2": 1.9912609195673305,
    "tau": 10.955650848514853
}