{
    "b0": 13.477134518951747,
    "b1": 0.06732409137218792,
    "b2": 0.5525570244673682,
    "tau": 5.1059803506312855
}