{
    "b0": 12.11591257555065,
    "b1": 1.3194901400492385,
    "b2": 3.1209020181344886,
    "tau": 47.213225889826425
}