{
    "b0": 10.872899372401585,
    "b1": 2.4315012806353646,
    "b2": 5.297965748187486,
    "tau": 51.0345805493806
}