{
    "b0": 10.558226784043097,
    "b1": 2.7845690155156397,
    "b2": 4.5558935098364435,
    "tau": 44.736116893197554
}