{
    "b0": 13.028684606092659,
    "b1": 0.4756517327702259,
    "b2": 1.7837129754894891,
    "tau": 103.21236878005625
}