{
    "b0": 10.90114541229303,
    "b1": 1.8943765022467947,
    "b2": 4.312890991180792,
    "tau": 25.464186100578907
}