{
    "b0": 13.049921750317102,
    "b1": 0.4333791213326381,
    "b2": 1.6282015610045197,
    "tau": 61.59468057672601
}