{
    "b0": 11.705947075109425,
    "b1": 0.790975886211778,
    "b2": 2.1297794392967795,
    "tau": 9.01422967177514
}