{
    "b0": 11.148552384188601,
    "b1": 0.7300935055738127,
    "b2": 2.4339419097748696,
    "tau": 12.812414163759804
}