{
    "b0": 11.035612923174574,
    "b1": 1.7393561952996128,
    "b2": 3.479226430855988,
    "tau": 22.455323129415415
}