{
    "b0": 12.930051931380298,
    "b1": 0.614862116365579,
    "b2": 1.4909431293510558,
    "tau": 20.304002390473716
}