{
    "b0": 12.803414002565237,
    "b1": 0.7285028400557532,
    "b2": 1.7658009414419515,
    "tau": 23.604450000825153
}