{
    "b0": 10.60828021836679,
    "b1": 2.73906759782564,
    "b2": 5.379657005647903,
    "tau": 50.40149565868786
}