{
    "b0": 11.50468757045536,
    "b1": 0.9746975980386212,
    "b2": 2.530196064886753,
    "tau": 11.755008259105937
}