{
    "b0": 12.883322478451538,
    "b1": 0.6366673313845137,
    "b2": 1.826769484937059,
    "tau": 62.58474642154385
}