{
    "b0": 12.307213747794254,
    "b1": 1.1413877926533185,
    "b2": 2.788213083886479,
    "tau": 39.34585743454817
}