{
    "b0": 13.285700275793184,
    "b1": 0.2238393399541877,
    "b2": 1.2583909696610096,
    "tau": 78.08994046114893
}