{
    "b0": 12.188765998051688,
    "b1": 1.2300453823788766,
    "b2": 3.2270108765106866,
    "tau": 88.78993999058933
}