{
    "b0": 12.869914246473167,
    "b1": 0.6507218510858415,
    "b2": 1.6461384713232485,
    "tau": 18.517532561251258
}