{
    "b0": 12.073741002414813,
    "b1": 1.3320123147026228,
    "b2": 3.2520043618393926,
    "tau": 45.38082602047149
}