{
    "b0": 11.54636370143153,
    "b1": 0.7318737757164566,
    "b2": 2.802841350319944,
    "tau": 9.918472780328164
}