{
    "b0": 10.912280033670882,
    "b1": 1.7697693245030757,
    "b2": 3.6172682196901658,
    "tau": 19.992128214202477
}