{
    "b0": 12.569266821206767,
    "b1": 0.8892916998900837,
    "b2": 2.427832194328542,
    "tau": 30.644605084044354
}