{
    "b0": 10.513000289273371,
    "b1": 1.3005636181127396,
    "b2": 2.5769586080910827,
    "tau": 18.985746141481552
}