{
    "b0": 12.468470019504739,
    "b1": 0.9845039164899934,
    "b2": 2.7457183565088514,
    "tau": 97.88891368518527
}