{
    "b0": 10.987078321636993,
    "b1": 1.0449964276984294,
    "b2": 2.151535489194476,
    "tau": 15.297668034469462
}