{
    "b0": 11.604860152962763,
    "b1": 1.7467974324733233,
    "b2": 4.182358354583932,
    "tau": 58.35736187435153
}