{
    "b0": 12.943952221053845,
    "b1": 0.5542767461696654,
    "b2": 1.9383593862703181,
    "tau": 105.14540135502271
}