{
    "b0": 10.859291368824318,
    "b1": 2.3977002656079476,
    "b2": 5.383383155105923,
    "tau": 50.972086015025006
}