{
    "b0": 11.282803227446205,
    "b1": 2.0802064082087153,
    "b2": 4.663055086244582,
    "tau": 54.026058121386676
}