{
    "b0": 11.406522590227963,
    "b1": 1.1626896550004315,
    "b2": 1.851642605743463,
    "tau": 10.35177654717534
}