{
    "b0": 10.640706633320665,
    "b1": 2.670754040968009,
    "b2": 4.313072788980573,
    "tau": 39.47226761825696
}