{
    "b0": 11.120390815184635,
    "b1": 0.8577860893657769,
    "b2": 2.1686920966484324,
    "tau": 13.798241987037905
}