{
    "b0": 10.667555842360219,
    "b1": 2.2056348652407474,
    "b2": 4.052388725680193,
    "tau": 28.8677615454467
}