{
    "b0": 11.502919778889487,
    "b1": 1.0218013012840435,
    "b2": 2.2036104008083695,
    "tau": 9.751927617763386
}