{
    "b0": 11.537251262615168,
    "b1": 1.818134776574762,
    "b2": 4.302999426065256,
    "tau": 58.37066174352353
}