{
    "b0": 12.169698841188639,
    "b1": -1.7299136726273598,
    "b2": -2.1377324368020187,
    "tau": 151.35467934917108
}