{
    "b0": 14.874091148920504,
    "b1": -2.4433271646926267,
    "b2": -5.373905370353929,
    "tau": 19.166901028290503
}