{
    "b0": 12.70464485421416,
    "b1": -1.9461376593313355,
    "b2": -2.9390730580079163,
    "tau": 28.09665052888374
}