{
    "b0": 10.328415947255637,
    "b1": 0.6764693919287257,
    "b2": 1.3871125081167182,
    "tau": 6.271349948722475
}