{
    "b0": 11.956353890129924,
    "b1": -1.5047634853590357,
    "b2": -2.3692235427600616,
    "tau": 211.93304612651576
}