{
    "b0": 10.362116756101917,
    "b1": 0.6584738659723717,
    "b2": 1.6814097318036194,
    "tau": 7.454186995875611
}