{
    "b0": 11.75796638668146,
    "b1": -1.2417105617610047,
    "b2": -2.923969803039804,
    "tau": 238.42057517824034
}