{
    "b0": 12.225949391749964,
    "b1": -1.8000378155939347,
    "b2": -2.1017421662668356,
    "tau": 136.14026706761172
}