{
    "b0": 11.974942603959004,
    "b1": -1.3806356333937186,
    "b2": -1.9510710819308223,
    "tau": 33.462063551682974
}