{
    "b0": 11.750069443656162,
    "b1": -1.0353542788844563,
    "b2": -3.945678989193725,
    "tau": 236.5161288075224
}