{
    "b0": 10.414727790973826,
    "b1": 0.6057755088129797,
    "b2": 1.790256308132916,
    "tau": 6.773342162777158
}