{
    "b0": 12.8167280919334,
    "b1": -2.082235260517264,
    "b2": -2.8932059791911566,
    "tau": 31.15261536660053
}