{
    "b0": 10.336820328036692,
    "b1": 0.6298295468166086,
    "b2": 1.9739838236528866,
    "tau": 9.333673685736935
}