{
    "b0": 13.085465954904942,
    "b1": -1.6945937238382824,
    "b2": -3.2850005170429686,
    "tau": 21.381612192669095
}