{
    "b0": 12.003238665532507,
    "b1": -1.5556388655426439,
    "b2": -2.0493656217080227,
    "tau": 124.52144631549527
}