{
    "b0": 10.379108735761905,
    "b1": 0.4577509884430364,
    "b2": 1.630257856774946,
    "tau": 3.5834552428914455
}