{
    "b0": 11.82044465283967,
    "b1": -1.3509261259457546,
    "b2": -2.4188526218594655,
    "tau": 245.14748877926453
}