{
    "b0": 12.492099824165889,
    "b1": -1.9841976530813539,
    "b2": -2.831936450194003,
    "tau": 83.05921024615017
}