{
    "b0": 11.245854581317825,
    "b1": -0.43448963632247684,
    "b2": -3.966475540172828,
    "tau": 271.89656322061256
}