{
    "b0": 10.31602902474969,
    "b1": 0.6652343001065502,
    "b2": 1.9317312886940936,
    "tau": 10.537478663612143
}