{
    "b0": 11.81961777429776,
    "b1": -1.3820840302994983,
    "b2": -1.809699562702579,
    "tau": 132.07464381285973
}