{
    "b0": 11.420876984019639,
    "b1": -0.6006893054791864,
    "b2": -4.257739573846542,
    "tau": 259.1688100331336
}