{
    "b0": 10.312536633464584,
    "b1": 0.7296028529752809,
    "b2": 1.1729517384470876,
    "tau": 3.6842390534585525
}