{
    "b0": 10.324764017676106,
    "b1": 1.1317643793184313,
    "b2": 2.6380251647873836,
    "tau": 14.242721622002762
}