{
    "b0": 13.225775384536309,
    "b1": -2.1416969630062126,
    "b2": -3.25058993639696,
    "tau": 29.054094057839833
}