{
    "b0": 12.697110807881716,
    "b1": -1.9616575106051317,
    "b2": -2.2358773119514526,
    "tau": 30.173214851005223
}