{
    "b0": 11.97546510439656,
    "b1": -1.5646221295285727,
    "b2": -1.7076633930959684,
    "tau": 133.57784863904212
}