{
    "b0": 13.110206634061084,
    "b1": -1.8015686193391218,
    "b2": -2.7163830733128966,
    "tau": 20.737577329239056
}