{
    "b0": 12.116830325842958,
    "b1": -1.5157537218666257,
    "b2": -2.399158840523871,
    "tau": 35.98569112113095
}