{
    "b0": 11.881427731954247,
    "b1": -1.354891938123572,
    "b2": -2.4455554363421452,
    "tau": 51.443048062792315
}