{
    "b0": 12.034980202095994,
    "b1": -1.6072983399783607,
    "b2": -2.1541822242916573,
    "tau": 189.1481987690945
}