{
    "b0": 10.250646762929362,
    "b1": 0.7132513924044721,
    "b2": 2.0665374399543506,
    "tau": 11.516234751107442
}