{
    "b0": 10.379170529814708,
    "b1": 1.1551903703141435,
    "b2": 2.2628874217107318,
    "tau": 10.961244985719155
}