{
    "b0": 11.62067015735717,
    "b1": -1.1256215946034942,
    "b2": -2.0958783120719464,
    "tau": 34.52096693014109
}