{
    "b0": 12.236944107737244,
    "b1": -1.475584123165266,
    "b2": -2.644315299357779,
    "tau": 31.507675197513503
}