{
    "b0": 11.65110303091988,
    "b1": -0.917910424914909,
    "b2": -3.9875160098320634,
    "tau": 237.93915602266551
}