{
    "b0": 11.306416642528822,
    "b1": -0.3260540322088967,
    "b2": -4.189605231018799,
    "tau": 265.556439560774
}