{
    "b0": 10.4435997472102,
    "b1": 0.6014695247793083,
    "b2": 1.3941450432874654,
    "tau": 4.059559365051511
}