{
    "b0": 11.417918430160013,
    "b1": -0.9150360214584152,
    "b2": -1.8202255179367188,
    "tau": 29.13006292256892
}