{
    "b0": 10.365221457892023,
    "b1": 1.1624775773417642,
    "b2": 2.369924928941014,
    "tau": 11.74894899840177
}