{
    "b0": 13.004289898285876,
    "b1": -1.757394877780397,
    "b2": -2.2506890261014463,
    "tau": 18.03090120777807
}