{
    "b0": 12.4123595413577,
    "b1": -1.9853366040179097,
    "b2": -2.100861905839535,
    "tau": 156.81931690131026
}