{
    "b0": 13.94394139235968,
    "b1": -2.196004714785659,
    "b2": -2.858253801315418,
    "tau": 18.104354627702822
}