{
    "b0": 10.151786768415882,
    "b1": 1.28707289642175,
    "b2": 2.9703922669968676,
    "tau": 18.23920123478033
}