{
    "b0": 11.913949127157595,
    "b1": -1.4056895311717001,
    "b2": -2.3635116350442633,
    "tau": 55.36300284437556
}