{
    "b0": 12.161540177025248,
    "b1": -1.7205505684120936,
    "b2": -2.0478058778616512,
    "tau": 129.61364519300315
}