{
    "b0": 14.371595064199948,
    "b1": -1.6135945421284053,
    "b2": -5.155414217131144,
    "tau": 12.386343371878361
}