{
    "b0": 11.970452538443773,
    "b1": -1.5487467581575118,
    "b2": -2.0946240928998967,
    "tau": 201.63378217003438
}