{
    "b0": 12.608654128499497,
    "b1": -1.8554425002131825,
    "b2": -2.8805541705996616,
    "tau": 26.94761700175155
}