{
    "b0": 12.907254171271635,
    "b1": -2.1048937241318426,
    "b2": -2.3013759245685437,
    "tau": 32.74183720224999
}