{
    "b0": 11.756926350853366,
    "b1": -1.1126931419853516,
    "b2": -2.960244171391257,
    "tau": 229.09453865142194
}