{
    "b0": 15.37740274654783,
    "b1": -2.874247004630427,
    "b2": -6.006039133258438,
    "tau": 20.272728069858072
}