{
    "b0": 11.785831133117673,
    "b1": -1.1234632925875214,
    "b2": -3.032813891713775,
    "tau": 239.11880941800123
}