{
    "b0": 15.404434566567268,
    "b1": -2.9264383377267276,
    "b2": -5.511409663726655,
    "tau": 20.189521227039606
}