{
    "b0": 10.427184982644903,
    "b1": 0.3190264978439621,
    "b2": 2.1031782635213956,
    "tau": 5.0214798690091875
}