{
    "b0": 12.19902519391005,
    "b1": -1.7586837976673508,
    "b2": -2.195173305753768,
    "tau": 128.07698318283866
}