{
    "b0": 12.766576196604886,
    "b1": -2.0157903553366645,
    "b2": -2.3309144014100207,
    "tau": 29.349022525275767
}