{
    "b0": 11.80692382444907,
    "b1": -1.311528226934826,
    "b2": -2.9501255810084954,
    "tau": 228.8126989806876
}