{
    "b0": 12.29632361595901,
    "b1": -1.5265241180692444,
    "b2": -2.723510194311908,
    "tau": 32.229547898428486
}