{
    "b0": 11.722675521582248,
    "b1": -1.013182365477574,
    "b2": -3.892089574273322,
    "tau": 244.5546900740897
}