{
    "b0": 13.027661936867155,
    "b1": -1.7705180711076207,
    "b2": -2.4156762651643753,
    "tau": 18.03512344362831
}