{
    "b0": 11.834782569894289,
    "b1": -1.2588349636994227,
    "b2": -1.9996745390411728,
    "tau": 34.01250992189367
}