{
    "b0": 10.291575176291273,
    "b1": 1.3096058215973878,
    "b2": 1.4483803949853171,
    "tau": 11.530677107263468
}