{
    "b0": 10.306207417456466,
    "b1": 0.7513592942288914,
    "b2": 1.1941683676670185,
    "tau": 5.649793377131219
}