{
    "b0": 12.1479823340086,
    "b1": -1.7247012323770012,
    "b2": -1.9429190569692623,
    "tau": 154.5247478466592
}