{
    "b0": 11.7901752101399,
    "b1": -1.125883675887171,
    "b2": -2.607471412562301,
    "tau": 200.0644961963571
}