{
    "b0": 12.406170236898165,
    "b1": -1.5850580529146323,
    "b2": -2.985344029867637,
    "tau": 30.470539408094098
}