{
    "b0": 11.717994971390251,
    "b1": -1.1812915955114054,
    "b2": -2.1100672800635505,
    "tau": 31.74392157496189
}