{
    "b0": 13.10225004854391,
    "b1": -1.7853458929534716,
    "b2": -2.8998262982834238,
    "tau": 21.24398576884342
}