{
    "b0": 11.546087950763088,
    "b1": -0.9946345264278738,
    "b2": -2.0873337810988146,
    "tau": 28.133424752075225
}