{
    "b0": 10.427348887323205,
    "b1": 0.3914021472432372,
    "b2": 2.040794188961212,
    "tau": 6.069256279679759
}