{
    "b0": 0.16016318158568088,
    "b1": 0.03241056334073272,
    "b2": 0.016492254942014114,
    "b3": 0.10191478151656293,
    "t1": 28.90113530854873,
    "t2": 150.8026431347775
}