{
    "b0": 13.837450302560674,
    "b1": 5.274938913379955,
    "b2": 5.963207126947768,
    "b3": 7.43166930497705,
    "t1": 162.97171821387457,
    "t2": 691.4045741296882
}