{
    "b0": 15.198862544491572,
    "b1": 4.466879647129105,
    "b2": 3.461912394686368,
    "b3": 5.817670885118295,
    "t1": 55.932863173505005,
    "t2": 264.4317240037058
}