{
    "b0": 0.1949324623142559,
    "b1": 0.0038449543010503698,
    "b2": -0.010636459864322692,
    "b3": -0.11933870419462743,
    "t1": 0.6634186575881598,
    "t2": 4.762362193058692
}