{
    "b0": 0.14788462137756622,
    "b1": -0.5193764762660349,
    "b2": 1.1614496231360398,
    "b3": 0.11579220368041371,
    "t1": 2.2542643146123735,
    "t2": 124.39580908880453
}