{
    "b0": 0.16350100421222058,
    "b1": 0.01433194016369424,
    "b2": 0.1758385367497355,
    "b3": 0.07846331691343857,
    "t1": 3.5052463355423917,
    "t2": 87.72568816986153
}