{
    "b0": 0.2328983505210287,
    "b1": -0.047839057044510386,
    "b2": -0.06463394973129202,
    "b3": -0.22989056455467408,
    "t1": 0.5512001968256474,
    "t2": 4.582424317948615
}