{
    "b0": 0.16774124173311933,
    "b1": 0.024071306139180834,
    "b2": -0.008333965741154315,
    "b3": 0.057629632027670116,
    "t1": 3.607085798481421,
    "t2": 19.469514575914218
}