{
    "b0": 0.14508896303228055,
    "b1": 0.0512280800405107,
    "b2": 0.05532213546421336,
    "b3": 0.051786841788626914,
    "t1": 0.2493058936230439,
    "t2": 1.155766936444901
}