{
    "b0": 0.16000869443607482,
    "b1": 0.03478451763351953,
    "b2": 0.040947900461250054,
    "b3": 0.038165048987399953,
    "t1": 0.20094407399738695,
    "t2": 0.589422825592891
}