{
    "b0": 15.0731204588007,
    "b1": 4.337388632842893,
    "b2": 3.436443385068457,
    "b3": 6.3859166992683045,
    "t1": 109.644935925679,
    "t2": 280.5125067853293
}