{
    "b0": 13.814602808311834,
    "b1": 5.515782474286379,
    "b2": 5.686595723874535,
    "b3": 7.998468482244009,
    "t1": 150.66168096981735,
    "t2": 547.922070800755
}