{
    "b0": 0.1866746276520032,
    "b1": 0.010374135208429574,
    "b2": -0.13456068589953593,
    "b3": -0.009100131739862375,
    "t1": 4.179686078409999,
    "t2": 0.4319805594928852
}