{
    "b0": 13.99062711393486,
    "b1": 5.702866314715967,
    "b2": 5.310079339914431,
    "b3": 5.535388592559494,
    "t1": 95.81623690973636,
    "t2": 373.26925600501016
}