{
    "b0": 0.1448983299561507,
    "b1": 0.05157443095687683,
    "b2": 0.061332147867658365,
    "b3": 0.054277081535312834,
    "t1": 0.29843070775934283,
    "t2": 1.4396385411996326
}