{
    "b0": 0.38099811601273,
    "b1": -0.19421840498497822,
    "b2": -0.38339877351766544,
    "b3": -0.029183185915278867,
    "t1": 10.477248506212415,
    "t2": 0.34534619697160374
}