{
    "b0": 0.43292718646623113,
    "b1": -0.25264237126695616,
    "b2": -0.3564843041440283,
    "b3": 0.02833265009912945,
    "t1": 10.160615376066321,
    "t2": 0.329137784992457
}