{
    "b0": 0.15987785828344447,
    "b1": 0.021687947919497755,
    "b2": 0.06897456454249638,
    "b3": -0.00031916198537896776,
    "t1": 0.45411883565442124,
    "t2": -3.4753180650755944
}