{
    "b0": 0.1784833192240655,
    "b1": -0.0025989291963187102,
    "b2": -0.03441351611808532,
    "b3": 0.04058886113048085,
    "t1": 1.9513262110498295,
    "t2": 0.3149933756046517
}