{
    "b0": 0.15012046362294396,
    "b1": 0.03833655331466327,
    "b2": -0.2683143142019183,
    "b3": 0.282773286048266,
    "t1": 0.5894990454051192,
    "t2": 0.6767214083519715
}