{
    "b0": 0.15702889142682006,
    "b1": 0.018918287500999983,
    "b2": 0.07316178559430991,
    "b3": 0.06398798541124291,
    "t1": 2.6744081692477453,
    "t2": 40.09324699302765
}