{
    "b0": 14.833751312717146,
    "b1": 4.801904100613107,
    "b2": 4.772914680300455,
    "b3": 4.557791802905769,
    "t1": 75.30782410336954,
    "t2": 261.76401969846466
}