{
    "b0": 0.15985838008804,
    "b1": 0.032809273011106845,
    "b2": 0.05527640745352183,
    "b3": -0.009851727856836346,
    "t1": 0.8538355879893369,
    "t2": 2.243129301432935
}