{
    "b0": 0.1426866313945321,
    "b1": 0.05066569599759646,
    "b2": 0.054873330449498874,
    "b3": 0.05829598936546883,
    "t1": 0.41678484705859997,
    "t2": 1.375328693216682
}