{
    "b0": 0.15759371070417547,
    "b1": 0.03218675596003147,
    "b2": 0.10337255037865203,
    "b3": 0.10542019446542644,
    "t1": 4.749027491141021,
    "t2": 74.31662446906392
}