{
    "b0": 13.72428900084844,
    "b1": 5.653254624416823,
    "b2": 3.145061056963567,
    "b3": 9.272108408899353,
    "t1": 64.34937025595406,
    "t2": 302.823000490353
}