{
    "b0": 0.16103540054364116,
    "b1": 0.03554734268893832,
    "b2": 0.027072009189244465,
    "b3": 0.08754126732058534,
    "t1": 17.74772640605419,
    "t2": 92.32558666465611
}