{
    "b0": 0.15800182156910061,
    "b1": -0.023047309887146372,
    "b2": 0.2715363386829836,
    "b3": 0.10858897243440283,
    "t1": 2.447002824242174,
    "t2": 115.94335578966542
}