{
    "b0": 0.15572321820985113,
    "b1": 0.039675249985866745,
    "b2": -0.043369112745343726,
    "b3": 0.025240567982759143,
    "t1": 3.038698378690805,
    "t2": 0.2738896892634004
}