{
    "b0": 0.1592771244661993,
    "b1": 0.03837492576762769,
    "b2": 0.013029716059751933,
    "b3": 0.10361845537082803,
    "t1": 16.82336324441848,
    "t2": 79.18418936168658
}