{
    "b0": 0.13371616426785318,
    "b1": 0.05744432034478694,
    "b2": 0.06172999376623069,
    "b3": 0.08580951884416387,
    "t1": 0.47096902936366836,
    "t2": 2.039329347300964
}