{
    "b0": 0.157763181599379,
    "b1": 0.017263057529551318,
    "b2": 0.11379792962745329,
    "b3": 0.12532776678062052,
    "t1": 5.347886199970129,
    "t2": 105.33747748523746
}