{
    "b0": 0.15496927788603956,
    "b1": 0.03862661337138196,
    "b2": 0.07802662035988031,
    "b3": 0.11536743132790063,
    "t1": 6.597304892789569,
    "t2": 80.70492254519138
}