{
    "b0": 12.699616410076466,
    "b1": 5.275890623326821,
    "b2": 1.205748373289044,
    "b3": 6.333350794238571,
    "t1": 146.2205182605888,
    "t2": 532.0063253447822
}