{
    "b0": 0.15770275812561874,
    "b1": 0.02103253659776759,
    "b2": 0.10484018218273682,
    "b3": 0.099351477639763,
    "t1": 4.966309187907503,
    "t2": 71.97592987195301
}