{
    "b0": 0.130119361092944,
    "b1": 0.06110202465419627,
    "b2": 0.06561517035246303,
    "b3": 0.09625298344362172,
    "t1": 0.4895983542201976,
    "t2": 2.0220250486799847
}