{
    "b0": 0.10944608021301515,
    "b1": 0.09074981356124756,
    "b2": -0.05396863824987706,
    "b3": 0.11983314910429406,
    "t1": 2.0,
    "t2": 5.0
}