{
    "b0": 0.14412539375915917,
    "b1": 0.0499540940046733,
    "b2": 0.0031334777654105916,
    "b3": 0.025241105101618734,
    "t1": 2.0009039003658082,
    "t2": 0.24237827741559137
}