{
    "b0": 0.15785122932125317,
    "b1": 0.024834038569888136,
    "b2": 0.06555633258486335,
    "b3": -3.791082902941667e-05,
    "t1": 0.4275483148487167,
    "t2": -3.5047158917179715
}