{
    "b0": 0.17925397838030502,
    "b1": 39.49816813919,
    "b2": -81.03041650376898,
    "b3": 16.944600154032077,
    "t1": 2.0,
    "t2": 5.0
}