{
    "b0": 0.12723075279858836,
    "b1": 0.07170437729602834,
    "b2": -0.0377243923430951,
    "b3": 0.08522116436261838,
    "t1": 1.1174954691593462,
    "t2": 1.7929997318334108
}