{
    "b0": 15.828847911526449,
    "b1": 2.373806541835764,
    "b2": 2.149095479040716,
    "b3": 8.94458809466817,
    "t1": 25.96349264888135,
    "t2": 136.50911605210499
}