{
    "b0": 0.11925972988701115,
    "b1": 0.07686804872633277,
    "b2": 0.002945412315758386,
    "b3": 0.07026856222598199,
    "t1": 1.2204116978177608,
    "t2": 3.8300163731691215
}