{
    "b0": 14.37812582673445,
    "b1": 3.565414098543944,
    "b2": 2.7575956580094596,
    "b3": 3.819150093752877,
    "t1": 52.17555437516394,
    "t2": 273.50622244890485
}