{
    "b0": 0.12840878305437503,
    "b1": 0.06856243428014815,
    "b2": 0.005613139588983518,
    "b3": 0.06399085484591767,
    "t1": 1.1850213863855927,
    "t2": 3.986828366634484
}