{
    "b0": 0.8582044383907408,
    "b1": -0.6649594852733144,
    "b2": -0.9758420810585767,
    "b3": 0.02305493230692847,
    "t1": 15.918987255049323,
    "t2": 0.28109921905406454
}