{
    "b0": 0.16751829157677742,
    "b1": 0.022932014736347008,
    "b2": -0.04568562021999311,
    "b3": 0.023022125986024666,
    "t1": 3.156302859815969,
    "t2": 0.06439783037025348
}