{
    "b0": 0.14856813523760293,
    "b1": 0.04020497614855295,
    "b2": 0.034845292618396626,
    "b3": 0.0659243005308977,
    "t1": 0.11863416855303166,
    "t2": 0.8118537908439123
}