{
    "b0": 0.1507606002857816,
    "b1": 0.0396528727140793,
    "b2": 0.06986263414206995,
    "b3": 0.10246614926339043,
    "t1": 9.251719755315847,
    "t2": 120.34240650719988
}