{
    "b0": 0.28955131366110853,
    "b1": -0.09699154997423866,
    "b2": -0.04212505946412949,
    "b3": 0.016591462468110132,
    "t1": -5.1019518160838455,
    "t2": 0.3450631476088697
}