{
    "b0": 0.16422787665816782,
    "b1": 0.031585524285444005,
    "b2": 0.02849772272485364,
    "b3": 0.08695484722210241,
    "t1": 8.788409839849919,
    "t2": 63.41380443243543
}