{
    "b0": 0.1727682027401677,
    "b1": 88.46932843920546,
    "b2": -129.37666176773388,
    "b3": 16.687904989516902,
    "t1": 2.0,
    "t2": 5.0
}