{
    "b0": 0.1598702648525012,
    "b1": 0.023091078592721206,
    "b2": 0.13704803200764817,
    "b3": 0.09416147747671502,
    "t1": 3.49278158126726,
    "t2": 66.33671286527107
}