{
    "b0": 0.13552295575212578,
    "b1": 0.05592305960130743,
    "b2": 0.043463119045873105,
    "b3": 0.11196204068151323,
    "t1": 0.29457217972394645,
    "t2": 1.0079151285255237
}