{
    "b0": 0.1361090142596192,
    "b1": 0.053786844806026066,
    "b2": 0.06579600769779193,
    "b3": 0.077370210567015,
    "t1": 0.42674784678562044,
    "t2": 1.8376853757708078
}