{
    "b0": 0.13048625203503572,
    "b1": 0.060780500698315115,
    "b2": 0.07485787080365483,
    "b3": 0.11972708230957316,
    "t1": 38.07561650842357,
    "t2": 257.3057873118188
}