{
    "b0": 0.18335073402633684,
    "b1": -0.007495019292088951,
    "b2": -0.049795863181065554,
    "b3": 0.03727154143724171,
    "t1": 2.400845729311729,
    "t2": 0.3019141014347486
}