{
    "b0": 0.16105342022874403,
    "b1": 0.03597591114470304,
    "b2": 0.020922369251971253,
    "b3": 0.09513480202478768,
    "t1": 11.801877545862226,
    "t2": 67.59768201565021
}