{
    "b0": 0.14906302494462967,
    "b1": 0.030404663670474258,
    "b2": 0.18413552949534512,
    "b3": 0.10953578728348551,
    "t1": 4.5968970317627065,
    "t2": 119.94436172327359
}