{
    "b0": 15.980964510120076,
    "b1": 2.13524633865104,
    "b2": 2.497781970000502,
    "b3": 8.525345709150164,
    "t1": 21.298991036371824,
    "t2": 130.0165701310621
}