{
    "b0": 0.1467724049067087,
    "b1": 0.04993979440381871,
    "b2": 0.05927158092256372,
    "b3": 0.042463586771531135,
    "t1": 0.2921041054218742,
    "t2": 1.2508197950257944
}