{
    "b0": 14.233549603501018,
    "b1": 4.74159207316384,
    "b2": 2.6143604859670786,
    "b3": 7.334176270774584,
    "t1": 60.37249154587833,
    "t2": 345.2058661532844
}