{
    "b0": 0.2550797813910149,
    "b1": -0.07359988272506723,
    "b2": -0.21191755186066136,
    "b3": -0.02872408488000392,
    "t1": 7.9544393782316645,
    "t2": 0.48670550116073463
}