{
    "b0": 0.17314154532060735,
    "b1": 0.0040745657290385895,
    "b2": -0.024933805243735584,
    "b3": 0.04123047581372352,
    "t1": 1.5693129855562533,
    "t2": 0.33691130477668274
}