{
    "b0": 0.16922421279829788,
    "b1": 0.00804916492444957,
    "b2": 0.011491673268819641,
    "b3": 0.05450068076432393,
    "t1": 15.88150958926417,
    "t2": 104.62279679639323
}