{
    "b0": 0.14817460245350775,
    "b1": 0.03317926207696298,
    "b2": 0.09604705024273988,
    "b3": 0.13378801133405124,
    "t1": 6.46467128608224,
    "t2": 117.34119619551984
}