{
    "b0": 0.15572364972563124,
    "b1": -0.04008676117475404,
    "b2": 0.40215991410784335,
    "b3": 0.10318847686277924,
    "t1": 2.632859632407116,
    "t2": 172.366737860793
}