{
    "b0": 14.869029283078314,
    "b1": 3.8981034441223787,
    "b2": 1.1930962434160204,
    "b3": 5.0482243488413925,
    "t1": 58.55080972777918,
    "t2": 341.6148584506112
}