{
    "b0": 0.07853973747592811,
    "b1": 0.1217132365477118,
    "b2": -0.05107283056193947,
    "b3": 0.18811287585889755,
    "t1": 2.0,
    "t2": 5.0
}