{
    "b0": 14.399538078903374,
    "b1": 5.2922245288361225,
    "b2": 5.147163355348905,
    "b3": 5.052013007721808,
    "t1": 91.89457954164668,
    "t2": 352.0021289405951
}