{
    "b0": 0.1320891182495282,
    "b1": 0.05420919844976478,
    "b2": 0.06611453473004722,
    "b3": 0.05821727369180259,
    "t1": 0.4067992315287521,
    "t2": 1.4345090243351866
}