{
    "b0": 0.14638443951450308,
    "b1": 0.05013934775233636,
    "b2": 0.057845807400528894,
    "b3": 0.043781014916119056,
    "t1": 0.30990075999759276,
    "t2": 1.2363052452830363
}