{
    "b0": 0.14708037694774598,
    "b1": 0.032073314352010926,
    "b2": 0.02853059078514241,
    "b3": 0.03644168869782138,
    "t1": 0.12732242447701614,
    "t2": 0.7685546090466637
}