{
    "b0": 0.16239441777165098,
    "b1": 0.02965095023016384,
    "b2": 0.07767349887784503,
    "b3": 0.09294845182382747,
    "t1": 4.918219492372719,
    "t2": 70.1023262953266
}