{
    "b0": 0.1427437488005095,
    "b1": 0.053604521701618155,
    "b2": 0.06174387008741515,
    "b3": 0.05764232335895944,
    "t1": 0.23905213659870506,
    "t2": 1.2035882896874437
}