{
    "b0": 0.17269592534192058,
    "b1": 0.003235050874446992,
    "b2": -0.6188171600145708,
    "b3": 0.644534175421749,
    "t1": 0.5650724368415829,
    "t2": 0.5362937331056118
}