{
    "b0": 0.05831063975656581,
    "b1": 0.12800972753543577,
    "b2": 0.12270929029777955,
    "b3": 0.25570960328401066,
    "t1": 0.6059253273252132,
    "t2": 3.4923832723203727
}