{
    "b0": 15.217674527673507,
    "b1": 2.951352343091383,
    "b2": -0.011006028596430628,
    "b3": 8.716225167899779,
    "t1": 94.11769371651394,
    "t2": 180.1477308001511
}