{
    "b0": 13.263038987500774,
    "b1": 6.172128505357419,
    "b2": 4.3171060526796925,
    "b3": 10.64056721515535,
    "t1": 57.30606093478399,
    "t2": 251.02170506986243
}