{
    "b0": 15.89385951630705,
    "b1": 2.287327190583552,
    "b2": 2.729511892997702,
    "b3": 9.327530205041313,
    "t1": 23.27857106230113,
    "t2": 142.84319864750094
}