{
    "b0": 16.91633960519228,
    "b1": 0.7461864088727284,
    "b2": 1.6730866837862006,
    "b3": 5.5734835104178515,
    "t1": 10.55605412612894,
    "t2": 104.30620511436886
}