{
    "b0": 0.173700244143837,
    "b1": 11.678065278901123,
    "b2": -60.594151715821695,
    "b3": 19.979910284046124,
    "t1": 2.0,
    "t2": 5.0
}