{
    "b0": -0.022459727484590002,
    "b1": 0.2237473582069871,
    "b2": -0.1461211940305162,
    "b3": 0.4984081411040235,
    "t1": 3.166391233401445,
    "t2": 6.120017883429311
}