{
    "b0": 13.436415289392137,
    "b1": 6.002272676924687,
    "b2": 3.8303922349584596,
    "b3": 9.54665587963969,
    "t1": 64.8261872702087,
    "t2": 278.6826961150213
}