{
    "b0": 14.50784664915864,
    "b1": 5.1378331301535525,
    "b2": 5.089107368801887,
    "b3": 5.001268911257585,
    "t1": 80.14257153711137,
    "t2": 307.7169936115057
}