{
    "b0": 0.15707704143817222,
    "b1": 0.03401843850771498,
    "b2": 0.026520520232859737,
    "b3": 0.08948581799285787,
    "t1": 46.260136022635415,
    "t2": 211.08780298416602
}