{
    "b0": 0.1549666153664497,
    "b1": 0.03972548788381579,
    "b2": 0.05787202633770052,
    "b3": -3.524820948081625e-05,
    "t1": 0.5826452886040787,
    "t2": -2.466839258634135
}