{
    "b0": 14.463536035567357,
    "b1": 4.00596381165215,
    "b2": -2.641947603408698,
    "b3": 5.365884775352727,
    "t1": 177.232499213908,
    "t2": 423.15575635256823
}