{
    "b0": 0.07228574384192808,
    "b1": 0.128133155421953,
    "b2": -0.042067130938521435,
    "b3": 0.1947649131061551,
    "t1": 2.0,
    "t2": 5.0
}