{
    "b0": 8.630150491500638,
    "b1": 9.988808297967452,
    "b2": 11.144997933689172,
    "b3": 17.466666989199997,
    "t1": 216.3108273292092,
    "t2": 1369.6973255211574
}