{
    "b0": 0.3295756164406192,
    "b1": -0.14365563989347468,
    "b2": -0.31916468966638034,
    "b3": -0.02914206019744627,
    "t1": 10.473485473107454,
    "t2": 0.3880949709409071
}