{
    "b0": 0.14963757523553328,
    "b1": 0.04293937593345745,
    "b2": 0.039626344480210296,
    "b3": 0.10158925282739434,
    "t1": 57.564681061106064,
    "t2": 258.0500972156138
}