{
    "b0": 0.16366167362887604,
    "b1": 0.027034045305453044,
    "b2": -0.006712178572185933,
    "b3": 0.07017070746546658,
    "t1": 11.833072552965092,
    "t2": 53.16065280364206
}