{
    "b0": 0.8650137669566452,
    "b1": -0.6747226780516284,
    "b2": -0.9961928564724873,
    "b3": -0.022318555337715457,
    "t1": 19.08773667437016,
    "t2": 0.34493866225604086
}