{
    "b0": 15.346935239752735,
    "b1": 4.290122490312301,
    "b2": 5.050016397713279,
    "b3": 3.994699892463088,
    "t1": 77.80194926520548,
    "t2": 320.2391520504165
}