{
    "b0": 0.1513446890991527,
    "b1": 0.0470430489292918,
    "b2": 0.007156342050907195,
    "b3": 0.047346348034495146,
    "t1": 0.33448478870633336,
    "t2": 0.8679312900009055
}