{
    "b0": 0.17776448210671283,
    "b1": 0.022357631717301114,
    "b2": -0.03999272707289117,
    "b3": -0.061735596130788585,
    "t1": 2.0,
    "t2": 5.0
}