{
    "b0": 0.1582655796959469,
    "b1": 0.02508768530276551,
    "b2": 0.06839063604146983,
    "b3": -0.0002355448121445572,
    "t1": 0.4504118164862385,
    "t2": -3.002883329263735
}