{
    "b0": 14.45000765789052,
    "b1": 4.949403200410478,
    "b2": 4.726180453433621,
    "b3": 6.0899049772996054,
    "t1": 125.03656428810717,
    "t2": 352.5104219716856
}