{
    "b0": 0.17920747738959425,
    "b1": 0.017574830676935518,
    "b2": 0.03270322895916715,
    "b3": -0.09666681678509417,
    "t1": 0.20645316156460747,
    "t2": 5.104335106595495
}