{
    "b0": 16.5258333778146,
    "b1": -0.6475940043751827,
    "b2": 9.266287598386471,
    "b3": 5.805049927616978,
    "t1": 2.0040624619755647,
    "t2": 83.1772247517855
}