{
    "b0": 6.063221811028056,
    "b1": 12.555337562100764,
    "b2": 12.106357734272205,
    "b3": 24.7973608099917,
    "t1": 213.61079890927965,
    "t2": 1168.3462113535518
}