{
    "b0": 13.22886640816294,
    "b1": 5.4983834547890424,
    "b2": 6.235363567410305,
    "b3": 8.039721009089206,
    "t1": 134.37008771808956,
    "t2": 550.2555175227507
}