{
    "b0": 0.3297509856707316,
    "b1": -0.13676161446476087,
    "b2": -0.3458079525481549,
    "b3": 0.030339668502152094,
    "t1": 9.941113948169992,
    "t2": 0.5908898193357823
}