{
    "b0": 0.13999236893784392,
    "b1": 0.052019991374122554,
    "b2": 0.04381589554359497,
    "b3": 0.09306189712701904,
    "t1": 0.3491448592459665,
    "t2": 1.2383613491926848
}