{
    "b0": 16.755821161136577,
    "b1": 0.8942962950373596,
    "b2": 1.5343269303443101,
    "b3": 5.5643619910128805,
    "t1": 6.876828895380481,
    "t2": 91.55915705128527
}