{
    "b0": 0.14754010770364576,
    "b1": 0.04885822579064139,
    "b2": 0.054968668943417995,
    "b3": 0.0482415048973086,
    "t1": 0.23638847603867408,
    "t2": 1.1463504903897137
}