{
    "b0": 0.15249833598947274,
    "b1": 0.026826459958782106,
    "b2": 0.1757685036066346,
    "b3": 0.10216022013949869,
    "t1": 4.443956564350394,
    "t2": 119.98876317057471
}