{
    "b0": 0.14168958029813708,
    "b1": 0.04373894603132084,
    "b2": 0.0012026220814380824,
    "b3": 0.021843321604305948,
    "t1": 1.6058468170844624,
    "t2": 4.700040981274659
}