{
    "b0": 0.26754575887105675,
    "b1": -0.0724005825098718,
    "b2": -0.06632813917086407,
    "b3": -0.3651353814303628,
    "t1": 0.8216614746893046,
    "t2": 5.702461886392526
}