{
    "b0": 0.16315371870417048,
    "b1": 0.013096247795246187,
    "b2": 0.04931127013921919,
    "b3": -0.09325314028624324,
    "t1": 0.3345557402189161,
    "t2": -54.9244551202832
}