{
    "b0": 0.2168039015065392,
    "b1": -0.016992892732069907,
    "b2": -0.18317443406536874,
    "b3": -0.020752805665427986,
    "t1": 6.075944758937709,
    "t2": 0.7191109520164888
}