{
    "b0": 0.141483261153895,
    "b1": 0.03994017773939379,
    "b2": 0.03743484700886232,
    "b3": -0.04046047812129332,
    "t1": 1.0000001102030933,
    "t2": 0.5751325900294645
}