{
    "b0": 0.16772911548682193,
    "b1": 0.015837795113150692,
    "b2": -0.048973146341234126,
    "b3": 0.0519225969200479,
    "t1": 2.4802523670872882,
    "t2": 0.40514411007357604
}