{
    "b0": 0.14960813002558643,
    "b1": 0.029397305020340853,
    "b2": 0.11449467131650583,
    "b3": 0.13113994898257653,
    "t1": 5.23785433810133,
    "t2": 113.94875764822262
}