{
    "b0": 15.158613712837521,
    "b1": 4.919472866016695,
    "b2": -3.051627834248361,
    "b3": -2.3156950926830735,
    "t1": 800.531432531806,
    "t2": 624.6590215873326
}