{
    "b0": 0.16774578270070203,
    "b1": 0.029591532721410338,
    "b2": 0.012568210746976751,
    "b3": 0.07470657387825898,
    "t1": 16.716508675688154,
    "t2": 86.83068052330108
}