{
    "b0": 0.20863543113347816,
    "b1": -0.009501191728572056,
    "b2": -0.155338319132416,
    "b3": -0.023818770768191107,
    "t1": 5.528636915060225,
    "t2": 0.4982632799263664
}