{
    "b0": 14.07379961410351,
    "b1": 5.56227213442709,
    "b2": 5.401815785679666,
    "b3": 6.21385864057373,
    "t1": 84.42871833511374,
    "t2": 356.8495652104738
}