{
    "b0": 14.676797902308875,
    "b1": 4.994363313988323,
    "b2": 5.928104843656214,
    "b3": 4.247168391464812,
    "t1": 105.15919516969976,
    "t2": 450.4277706492245
}