{
    "b0": 14.402237812340154,
    "b1": 3.893115812932649,
    "b2": 1.3367586279926784,
    "b3": 4.356660919718848,
    "t1": 75.03007115467409,
    "t2": 376.63693202614877
}