{
    "b0": 0.15944163781353057,
    "b1": 0.0353331238730108,
    "b2": 0.026090314018531603,
    "b3": 0.11597243191956284,
    "t1": 12.61548742723895,
    "t2": 95.31438191823592
}