{
    "b0": 14.235914854657496,
    "b1": 5.4510131033636995,
    "b2": 5.184662370703007,
    "b3": 5.435479725345524,
    "t1": 91.75793511926526,
    "t2": 369.7588350569219
}