{
    "b0": 15.101355262527678,
    "b1": 4.465663407292151,
    "b2": 4.582815432393058,
    "b3": 6.6285897167729315,
    "t1": 47.19835991775188,
    "t2": 267.66512527861573
}