{
    "b0": 0.2406594357556646,
    "b1": -0.04161814957276551,
    "b2": -0.19069920257298703,
    "b3": -0.018928951460978793,
    "t1": 6.561111617803934,
    "t2": 0.45464266950497495
}