{
    "b0": 0.15627528963376466,
    "b1": 0.026401411010877618,
    "b2": 0.033158582144430376,
    "b3": 0.0645175029268724,
    "t1": 3.9527668440756942,
    "t2": 42.09401589405924
}