{
    "b0": 0.14960589291239484,
    "b1": 0.040953167471031074,
    "b2": 0.04759961985685725,
    "b3": 0.061650458539017725,
    "t1": 0.3914501292139033,
    "t2": 1.2209119432487046
}