{
    "b0": 0.13051760698288842,
    "b1": 0.055796976572098395,
    "b2": 0.0689620806917301,
    "b3": 0.06288225029782839,
    "t1": 0.40433459361702573,
    "t2": 1.5444675193717554
}