{
    "b0": 0.2559525678687204,
    "b1": -0.06813456218083083,
    "b2": -0.22025150436951513,
    "b3": 0.034078621428656454,
    "t1": 7.272649589141356,
    "t2": 0.07673282978983506
}