{
    "b0": 15.069449201707478,
    "b1": 4.542282139647467,
    "b2": 4.055217146893512,
    "b3": 6.899121242441074,
    "t1": 51.77815601010718,
    "t2": 237.09685967496776
}