{
    "b0": 0.13938110629845737,
    "b1": 0.040270772062199575,
    "b2": 0.026534865936871363,
    "b3": 0.046150697020982206,
    "t1": 0.1686583177634331,
    "t2": 0.7657837920894099
}