{
    "b0": 14.808545963979903,
    "b1": 3.6094483678856912,
    "b2": 2.340068950547762,
    "b3": 3.84777209205239,
    "t1": 50.465509334087926,
    "t2": 331.462885754815
}