{
    "b0": 14.948775758063482,
    "b1": 3.918676319695953,
    "b2": 3.648804124426336,
    "b3": 6.6144251086416475,
    "t1": 38.943172726530214,
    "t2": 274.9347398914405
}