{
    "b0": 14.646582742209427,
    "b1": 3.2790386931976006,
    "b2": 2.84139146576363,
    "b3": 3.562916697095148,
    "t1": 45.71038275043737,
    "t2": 260.37997156111817
}