{
    "b0": 0.14567892613189162,
    "b1": 0.04862617957426163,
    "b2": 0.03671123822414492,
    "b3": 0.11113338626986771,
    "t1": 21.353419774674407,
    "t2": 130.5128008594039
}