{
    "b0": 0.15653058510349277,
    "b1": 0.028908523335391387,
    "b2": 0.03791208900235256,
    "b3": 0.10880582107850835,
    "t1": 12.170865022375924,
    "t2": 115.43168525161057
}