{
    "b0": 0.2422746936286165,
    "b1": -0.04863859434514278,
    "b2": -0.05435249520924404,
    "b3": -0.29535620554469993,
    "t1": 0.579127611074367,
    "t2": 5.401158632244215
}