{
    "b0": 0.21772483691124234,
    "b1": -0.02279901350726171,
    "b2": -0.0350828306724355,
    "b3": -0.21863203251960975,
    "t1": 0.4798028579569449,
    "t2": 5.189845325033393
}