{
    "b0": 0.14457220310406324,
    "b1": 0.05013699211821733,
    "b2": 0.055258164934567325,
    "b3": 0.05928936231925385,
    "t1": 0.19461880766180736,
    "t2": 0.8111493323992468
}