{
    "b0": 0.3400201869783712,
    "b1": -0.14690905116456796,
    "b2": -0.06869395975059864,
    "b3": 0.022536661635897747,
    "t1": -6.984082450670867,
    "t2": 0.6129836164550264
}