{
    "b0": 13.549436216833309,
    "b1": 5.595650660327845,
    "b2": 4.347387620147028,
    "b3": 11.187282539622636,
    "t1": 106.36199467353866,
    "t2": 363.41678319482907
}