{
    "b0": 13.830138216361705,
    "b1": 5.567287308706419,
    "b2": 3.6201638350936003,
    "b3": 8.750747337346736,
    "t1": 59.65291991827321,
    "t2": 280.8621432378706
}