{
    "b0": 0.15984848219543157,
    "b1": 30.666497314815857,
    "b2": -62.90886664992558,
    "b3": 13.221682211142106,
    "t1": 2.0,
    "t2": 5.0
}