{
    "b0": 10.413927649522018,
    "b1": 8.203063803091947,
    "b2": 9.753141238054138,
    "b3": 13.075097965391581,
    "t1": 201.97454958004613,
    "t2": 1109.2854167471198
}