{
    "b0": 0.1422021598658316,
    "b1": 0.052105980600303664,
    "b2": 0.038762874014132906,
    "b3": 0.11912031009708575,
    "t1": 22.849805457780498,
    "t2": 137.15149299845913
}