{
    "b0": 14.489709946829864,
    "b1": 3.915066209890221,
    "b2": 2.2533807169483295,
    "b3": 5.577144782985185,
    "t1": 60.89580254858519,
    "t2": 391.2143326758538
}