{
    "b0": 0.22167771394668703,
    "b1": -0.02255255060497527,
    "b2": -0.03164837425590946,
    "b3": -0.2047659840888975,
    "t1": 0.7228320436569169,
    "t2": 4.7398063434369435
}