{
    "b0": 14.140028762665555,
    "b1": 5.055689609917238,
    "b2": 4.83913423055543,
    "b3": 8.586497917207797,
    "t1": 124.83030649404914,
    "t2": 447.54656074446007
}