{
    "b0": 14.850822544545409,
    "b1": 4.7179736286847085,
    "b2": 4.328090822583634,
    "b3": 6.759142483169636,
    "t1": 49.20841293366782,
    "t2": 265.5059503526621
}