{
    "b0": 0.15043753686782,
    "b1": 0.04172623950712745,
    "b2": 0.03385370343858861,
    "b3": 0.07835225264061302,
    "t1": 0.27793137374665966,
    "t2": 0.873567721577499
}