{
    "b0": 0.5310630892281996,
    "b1": -0.33779969415043076,
    "b2": -0.5722874101814183,
    "b3": 0.024575012846475494,
    "t1": 11.880939198401936,
    "t2": 0.30140437884479704
}