{
    "b0": 16.004778947606134,
    "b1": 2.227632983401957,
    "b2": 1.4246059858321813,
    "b3": 9.762226257504814,
    "t1": 17.865404273125492,
    "t2": 125.27295496867032
}