{
    "b0": 11.15598639472006,
    "b1": 7.877958907050164,
    "b2": 9.353302451074331,
    "b3": 11.797561459087099,
    "t1": 191.88635067837436,
    "t2": 915.1883994933431
}