{
    "b0": 0.3099995085386389,
    "b1": -0.11428000053111606,
    "b2": -0.35092165149987553,
    "b3": -0.015006126440143132,
    "t1": 8.651688996312238,
    "t2": 0.5519083939059796
}