{
    "b0": 0.14749519181795948,
    "b1": 0.04693730156493625,
    "b2": 0.052038972677491024,
    "b3": 0.05515710500988983,
    "t1": 0.1787553391394489,
    "t2": 0.6738603754044142
}