{
    "b0": 0.13593798925711822,
    "b1": 0.05528378619087369,
    "b2": 0.04418008115941508,
    "b3": 0.12109197870224502,
    "t1": 0.27515573564744433,
    "t2": 1.0206383905917613
}