{
    "b0": 13.884742636346942,
    "b1": 4.099601063748076,
    "b2": 0.2134458046917036,
    "b3": 3.362036189501798,
    "t1": 149.47958810967606,
    "t2": 384.7433312341067
}