{
    "b0": 15.65977766104632,
    "b1": 3.9601565481669585,
    "b2": 0.023694756592438936,
    "b3": -4.76364562729259e-05,
    "t1": 425.1539391471622,
    "t2": -437.6704967557737
}