{
    "b0": 0.1524713272976386,
    "b1": 0.04268225701541896,
    "b2": 0.05546838800373179,
    "b3": 0.04208034531598496,
    "t1": 0.2546048532828592,
    "t2": 0.9606540841771196
}