{
    "b0": 0.13810267280606076,
    "b1": 0.055200182535540446,
    "b2": 0.05693102058424387,
    "b3": 0.08004528881759138,
    "t1": 0.41873084534308314,
    "t2": 1.5242832654437306
}