{
    "b0": 0.18155251367811187,
    "b1": 0.01466223193813954,
    "b2": 0.03808547613913676,
    "b3": -0.11515535017917328,
    "t1": 0.3074704015386058,
    "t2": 9.007650386039233
}