{
    "b0": 14.629120427403175,
    "b1": 3.263964194738195,
    "b2": 2.9821138492071833,
    "b3": 3.6635157235967646,
    "t1": 47.95606616985726,
    "t2": 288.35587109482043
}