{
    "b0": 14.619748449892722,
    "b1": 3.7853050516428084,
    "b2": 2.785775946823499,
    "b3": 5.417217691724599,
    "t1": 49.79560640688499,
    "t2": 339.0168562485472
}