{
    "b0": 0.1454025740065613,
    "b1": 0.03923071081385463,
    "b2": 0.9666449756199145,
    "b3": -0.9519894106302248,
    "t1": 0.7623573301861308,
    "t2": 0.7357640697963664
}