{
    "b0": 0.15519071712525723,
    "b1": 0.034522627773994424,
    "b2": 0.09722822907411753,
    "b3": 0.12561907744879341,
    "t1": 6.312383659166397,
    "t2": 113.93074794433862
}