{
    "b0": 0.14773558815857543,
    "b1": 0.046966601258534676,
    "b2": 0.05288756807981101,
    "b3": 0.050375659831520314,
    "t1": 0.2094453262528808,
    "t2": 0.7294255680564576
}