{
    "b0": 13.908735706319098,
    "b1": 4.550326923140157,
    "b2": -0.13590421619311277,
    "b3": 6.1932383460577505,
    "t1": 127.13939372753975,
    "t2": 515.7665207658617
}