{
    "b0": 0.15192354488485926,
    "b1": 0.04275526976379332,
    "b2": 0.033768061003759495,
    "b3": 0.056284104570741844,
    "t1": 0.2777140264366441,
    "t2": 0.6639732117303985
}