{
    "b0": 0.14767687328853382,
    "b1": 0.046277638241888006,
    "b2": 0.05192858590704093,
    "b3": 0.009980869497828754,
    "t1": 0.7514872433462667,
    "t2": 0.17678426553715987
}