{
    "b0": 0.14038228815981288,
    "b1": 0.04593350232053139,
    "b2": 0.03689426003051656,
    "b3": 0.024634519347339196,
    "t1": 0.8806565213124165,
    "t2": 0.2942000509891054
}