{
    "b0": 0.15911479634519998,
    "b1": 0.0361800872748525,
    "b2": -0.059505980641932486,
    "b3": 0.02474877630852682,
    "t1": 3.2560118824306543,
    "t2": 0.2549311030270628
}