{
    "b0": 0.2150833824544708,
    "b1": -0.024728993260090343,
    "b2": -0.05312606076572231,
    "b3": -0.18830972953986236,
    "t1": 0.47892995732001364,
    "t2": 5.137150835598497
}