{
    "b0": 0.17505029526352164,
    "b1": 0.001858582557990633,
    "b2": -0.027729132323996104,
    "b3": 0.03895275563475303,
    "t1": 1.6997226863835948,
    "t2": 0.32540363753017765
}