{
    "b0": 13.19407083790474,
    "b1": 6.233386195854468,
    "b2": 4.225014691836547,
    "b3": 10.08089589198951,
    "t1": 66.0612856382082,
    "t2": 294.8576577442992
}