{
    "b0": 13.296846416299223,
    "b1": 6.164385420748616,
    "b2": 3.243141819401105,
    "b3": 8.904865021526147,
    "t1": 87.60345879815804,
    "t2": 336.54885562455183
}