{
    "b0": 0.14468199865754214,
    "b1": 0.0400166827428083,
    "b2": -0.22968616953412135,
    "b3": 0.2512632947432138,
    "t1": 0.7084086631902351,
    "t2": 0.8261469857532262
}