{
    "b0": 0.16214416381399835,
    "b1": 0.034763708596724785,
    "b2": 0.02307040993694352,
    "b3": 0.06674601976492844,
    "t1": 23.572034518812938,
    "t2": 113.30773661344304
}