{
    "b0": 0.17087413667123563,
    "b1": 0.02524373298705314,
    "b2": 0.04884459592988339,
    "b3": -0.062342704785534234,
    "t1": 0.2674304541603179,
    "t2": 8.454101911003992
}