{
    "b0": -0.09609242306776533,
    "b1": 0.2961564352882102,
    "b2": -0.19432898859126355,
    "b3": 0.6762366431877429,
    "t1": 3.296026211793369,
    "t2": 6.331820234706026
}