{
    "b0": 0.15708858203086942,
    "b1": 0.034746559590809245,
    "b2": 0.07178211468607855,
    "b3": 0.12041224865212824,
    "t1": 7.691504351437138,
    "t2": 112.79644885422006
}