{
    "b0": 0.15705177439079498,
    "b1": 0.026510415914156853,
    "b2": 0.06976029177108617,
    "b3": -0.00014932408528244706,
    "t1": 0.4691874169165262,
    "t2": -2.5184717246715085
}