{
    "b0": 0.1543193736017561,
    "b1": 0.04037080044529476,
    "b2": 0.050963001864842,
    "b3": 0.03683808470232533,
    "t1": 0.20723950785220815,
    "t2": 0.6666110498618736
}