{
    "b0": 0.15179356017358694,
    "b1": 0.04816578588181366,
    "b2": 0.1354942784977439,
    "b3": -0.12936636745519264,
    "t1": 1.0311028821080044,
    "t2": 0.9385849395150067
}