{
    "b0": 0.23088145885622663,
    "b1": -0.04588243318076743,
    "b2": -0.06907864242928545,
    "b3": -0.24683925293247502,
    "t1": 0.6048700293984248,
    "t2": 6.11403151202598
}