{
    "b0": 14.097547492478736,
    "b1": 3.797513452810424,
    "b2": 3.3330552566462344,
    "b3": 4.759516224187539,
    "t1": 53.60401179728058,
    "t2": 335.96835220174853
}