{
    "b0": 14.779787660661432,
    "b1": 4.254546210957409,
    "b2": -2527.963775262075,
    "b3": 2529.85785015727,
    "t1": 223.23864316136923,
    "t2": 223.53904700885576
}