{
    "b0": 12.98807611041751,
    "b1": 5.600469022712257,
    "b2": 6.970118866575529,
    "b3": 6.996284822956352,
    "t1": 148.3653967872315,
    "t2": 561.4926009721089
}