{
    "b0": 0.28832777356600947,
    "b1": -0.09715466354556906,
    "b2": -0.2679351261437561,
    "b3": -0.026358924909329676,
    "t1": 8.219438382657659,
    "t2": 0.3574416684460038
}