{
    "b0": 0.12509531454717268,
    "b1": 0.062251136832082915,
    "b2": 0.08265422045255132,
    "b3": 0.16388164458505183,
    "t1": 62.27495473941063,
    "t2": 395.50354656547944
}