{
    "b0": 0.12369137934850921,
    "b1": 0.07282168016663558,
    "b2": 0.009266095182925864,
    "b3": 0.06527872298531309,
    "t1": 1.1365937227912428,
    "t2": 3.692108004579022
}