{
    "b0": 0.1700536699344313,
    "b1": 3.2332159913697005,
    "b2": -16.10762259744889,
    "b3": 4.641800332345552,
    "t1": 2.0126602961463504,
    "t2": 5.874210837500868
}