{
    "b0": 14.089641108366054,
    "b1": 5.575441460901752,
    "b2": 4.687998333665228,
    "b3": 7.438124252235194,
    "t1": 72.74988316175651,
    "t2": 333.48381288243075
}