{
    "b0": 13.054186051299622,
    "b1": 5.578453678586982,
    "b2": 6.889459061150451,
    "b3": 6.2741924764427806,
    "t1": 145.78909967346777,
    "t2": 556.0776752826054
}