{
    "b0": 15.357580135454466,
    "b1": 4.272322128045186,
    "b2": 3.6273785693628446,
    "b3": 6.390092638874426,
    "t1": 49.23152314408814,
    "t2": 249.3252620403586
}