{
    "b0": 0.11279423889655421,
    "b1": 0.07334182914417373,
    "b2": 0.08468411014162984,
    "b3": 0.10851593984645114,
    "t1": 0.4544869246801481,
    "t2": 2.0842977228383384
}