{
    "b0": 0.16629267007340945,
    "b1": 0.030622613942807325,
    "b2": 0.016675633681448768,
    "b3": 0.06501969064142299,
    "t1": 21.936640695770716,
    "t2": 101.35265609315749
}