{
    "b0": 0.20592938896435456,
    "b1": -0.015532226043764322,
    "b2": -0.02932882593736425,
    "b3": -0.16563815163947557,
    "t1": 0.48135456278362604,
    "t2": 5.230565861435987
}