{
    "b0": 0.16447470327325592,
    "b1": 0.02174349916661901,
    "b2": 0.09425501753360604,
    "b3": 0.09819239367012216,
    "t1": 5.765106455118923,
    "t2": 152.33310078544284
}