{
    "b0": 0.13545530780072795,
    "b1": 0.0557225809021796,
    "b2": 0.06938678006096935,
    "b3": 0.13855515609215358,
    "t1": 19.695056804654826,
    "t2": 158.53933598374851
}