{
    "b0": 0.16448630593254804,
    "b1": 0.030588617184397524,
    "b2": -0.11770808343842512,
    "b3": 0.18950096784313178,
    "t1": 2.0,
    "t2": 5.0
}