{
    "b0": 15.07085609301535,
    "b1": 3.9147615540133156,
    "b2": 1.118764111651484,
    "b3": 4.6935991602611615,
    "t1": 59.66693480976097,
    "t2": 300.55418527821513
}