{
    "b0": 0.1634675101026335,
    "b1": 0.0335881311873161,
    "b2": 0.015905347468851305,
    "b3": 0.08220509408869892,
    "t1": 17.519757945246887,
    "t2": 87.71606018375329
}