{
    "b0": 17.461416502330298,
    "b1": 1.6569440395305661,
    "b2": 4.33378613280183,
    "b3": 14.43294556573202,
    "t1": 170.3332322347907,
    "t2": -14456.071128442427
}