{
    "b0": 0.25144785985503176,
    "b1": -0.06272529210778909,
    "b2": -0.19419718051533022,
    "b3": -0.030494680259560016,
    "t1": 8.516094970636557,
    "t2": 0.3468559212418757
}