{
    "b0": 0.15468477967946873,
    "b1": 0.04067775189378896,
    "b2": 0.054196389835522524,
    "b3": 0.03755798609212671,
    "t1": 0.2594635212478321,
    "t2": 1.0711608058667212
}