{
    "b0": 0.16499157198685122,
    "b1": 29.745419463791524,
    "b2": -61.02645928518636,
    "b3": 12.839209911870071,
    "t1": 2.0,
    "t2": 5.0
}