{
    "b0": 0.15778532146434848,
    "b1": 0.02506186170656291,
    "b2": 0.06312501548580153,
    "b3": -0.0009934041666505578,
    "t1": 0.4315433590934221,
    "t2": -5.134709342143832
}