{
    "b0": 0.15725618625647947,
    "b1": 0.040855850197478435,
    "b2": 0.006367927662408034,
    "b3": 0.11386252481271114,
    "t1": 17.16560510819545,
    "t2": 76.44724859064445
}