{
    "b0": 0.1500322754335835,
    "b1": 0.04340513737817962,
    "b2": 0.02675439416667623,
    "b3": 0.08969695303087052,
    "t1": 25.766206691928808,
    "t2": 164.9669042561491
}