{
    "b0": 0.5396484272516465,
    "b1": -0.3536753273998502,
    "b2": -0.5774407015359624,
    "b3": -0.028830365563839278,
    "t1": 12.855306969734059,
    "t2": 0.36955306508308233
}