{
    "b0": 13.209414176663026,
    "b1": 5.419888627520191,
    "b2": 6.611440028657901,
    "b3": 5.8273568978512165,
    "t1": 146.2900358553001,
    "t2": 515.9327202291068
}