{
    "b0": 14.685566161623681,
    "b1": 4.953112515954615,
    "b2": 3.2837502829997107,
    "b3": 6.63382665090658,
    "t1": 58.10149888832095,
    "t2": 243.95091115406882
}