{
    "b0": 10.492269110166061,
    "b1": 8.55622689770756,
    "b2": 9.854018713257068,
    "b3": 11.330413821055236,
    "t1": 222.7203102233019,
    "t2": 1283.72776543843
}