{
    "b0": 0.1605628285866061,
    "b1": 0.02981368781097242,
    "b2": -0.0006465953066358381,
    "b3": 0.0599163844483515,
    "t1": 9.223288876410962,
    "t2": 45.10662688384063
}