{
    "b0": -3.715228277186942,
    "b1": 21.90130019876873,
    "b2": 17.751777039901498,
    "b3": 50.21592458088162,
    "t1": 276.84123236370505,
    "t2": 1623.173949587561
}