{
    "b0": 14.439035213221795,
    "b1": 3.965658576159832,
    "b2": 2.539838544086184,
    "b3": 5.971783089014277,
    "t1": 57.70627440364652,
    "t2": 400.7379254854054
}