{
    "b0": 13.863156503361994,
    "b1": 5.635812546165555,
    "b2": 3.235795106314213,
    "b3": 8.837457037092182,
    "t1": 60.39050692858842,
    "t2": 256.3898187110087
}