{
    "b0": 0.1516599268569262,
    "b1": 0.0404992609067277,
    "b2": 0.04463059352573236,
    "b3": 0.09231534558219578,
    "t1": 16.0729441209533,
    "t2": 141.2274795766543
}