{
    "b0": 0.14679186062211177,
    "b1": 0.037006671327711405,
    "b2": -0.07279028036030792,
    "b3": 0.08766687160651221,
    "t1": 0.4995812796328669,
    "t2": 0.6838049995058313
}