{
    "b0": 0.06827955483933969,
    "b1": 0.11785652351532169,
    "b2": 0.11640890695772209,
    "b3": 0.2284217210852593,
    "t1": 0.5785052469111776,
    "t2": 3.1423052630355546
}