{
    "b0": 0.15520558476565166,
    "b1": 0.04336564401220418,
    "b2": 0.09097189108066676,
    "b3": -0.07080679595878875,
    "t1": 0.6700512007670905,
    "t2": 0.5339201560877127
}