{
    "b0": 0.13633712347745516,
    "b1": 0.04427531015506165,
    "b2": 0.051635566618992386,
    "b3": -0.04989023215381287,
    "t1": 1.0000001056653223,
    "t2": 0.6650537078239325
}