{
    "b0": 0.18264304878443063,
    "b1": -0.006659678645515281,
    "b2": -0.04197269033844503,
    "b3": 0.03628498570168659,
    "t1": 2.3722890746766785,
    "t2": 0.2876333694625117
}