{
    "b0": 14.485176796018711,
    "b1": 4.393815007753224,
    "b2": 3.53043229242526,
    "b3": 7.633836582189339,
    "t1": 46.707951009898736,
    "t2": 316.706339110414
}