{
    "b0": 0.1896385994926838,
    "b1": 0.003952938894033406,
    "b2": 0.029998215165598877,
    "b3": -0.09841043776065903,
    "t1": 0.372150263748838,
    "t2": 5.656891340396475
}