{
    "b0": 16.3408625842501,
    "b1": 2.7844942850830368,
    "b2": 3.8685132347572613,
    "b3": 9.656082218414719,
    "t1": 12.929014828577312,
    "t2": 139.58723231268013
}