{
    "b0": 0.22207716909683595,
    "b1": -0.023987889374101276,
    "b2": -0.033752712529071006,
    "b3": -0.18482509081266202,
    "t1": 0.5682131576846883,
    "t2": 4.631718039361303
}