{
    "b0": 0.1433923528010984,
    "b1": 0.04496922310716017,
    "b2": 0.044439697558189516,
    "b3": 0.062456282990451945,
    "t1": 0.3396118888214725,
    "t2": 1.0508957493616884
}