{
    "b0": 14.774053282538071,
    "b1": 5.290145606483783,
    "b2": -2.9554825224099286,
    "b3": -7.40041512514722e-08,
    "t1": 639.2945149110277,
    "t2": -193.3507757070924
}