{
    "b0": 0.158744236371634,
    "b1": 0.033150972482298896,
    "b2": 0.0678614706319749,
    "b3": 0.11900053521753393,
    "t1": 7.348751292423536,
    "t2": 107.63459310917546
}