{
    "b0": 0.14811562845294504,
    "b1": 0.03772675380170379,
    "b2": 0.02862350488457824,
    "b3": 0.10856457702766467,
    "t1": 46.3197150565338,
    "t2": 201.89200616578046
}