{
    "b0": 0.15564314926062298,
    "b1": 0.03481016760226342,
    "b2": 0.03428536138733042,
    "b3": 0.0836788693881648,
    "t1": 53.89668860727241,
    "t2": 239.7454551957232
}