{
    "b0": 0.14791823909688365,
    "b1": 0.0008282816345565325,
    "b2": 0.17795253530325825,
    "b3": 0.13295736129547286,
    "t1": 4.973581963328865,
    "t2": 125.74051863882607
}