{
    "b0": 0.15551614741645264,
    "b1": 0.04200941099284017,
    "b2": 0.01904405265448393,
    "b3": 0.10767810877837095,
    "t1": 19.087701691005375,
    "t2": 88.604752580297
}