{
    "b0": 14.745956995268385,
    "b1": 3.167433981520393,
    "b2": 2.850166180618743,
    "b3": 3.5761703078923706,
    "t1": 44.79084153070067,
    "t2": 268.65023341653307
}