{
    "b0": 0.12141288461327925,
    "b1": 0.07264757977858603,
    "b2": -0.00022831379795093185,
    "b3": 0.018097361460569793,
    "t1": 2.0,
    "t2": 5.0
}