{
    "b0": 0.1611994095627749,
    "b1": 0.03338545341487713,
    "b2": 0.028019437350140897,
    "b3": 0.11388270795000689,
    "t1": 11.386263446573386,
    "t2": 95.13893540456698
}