{
    "b0": 16.002535812442947,
    "b1": 2.174299000302005,
    "b2": 2.672384373423335,
    "b3": 9.12804205014411,
    "t1": 21.207269035944968,
    "t2": 137.32168741050427
}