{
    "b0": 0.17982988134916908,
    "b1": 0.016590237762990897,
    "b2": 0.032885398785836434,
    "b3": -0.07194418261616192,
    "t1": 0.18628259445474193,
    "t2": 6.20772089859653
}