{
    "b0": 0.1448479982888689,
    "b1": 0.044905827002016896,
    "b2": -0.005710217031404176,
    "b3": -0.026906229645074956,
    "t1": 3.1533620167066734,
    "t2": 5.016377221923581
}