{
    "b0": 0.14785871219755395,
    "b1": 0.03277557138665314,
    "b2": 0.004426715376166894,
    "b3": 0.07074013861467071,
    "t1": 16.803721168177283,
    "t2": 72.12362621539677
}