{
    "b0": 0.14528798403369705,
    "b1": 0.049147925155078806,
    "b2": 0.05825940770072092,
    "b3": 0.05267888417574329,
    "t1": 0.22304589872266378,
    "t2": 0.903012970716455
}