{
    "b0": 0.16592130430248467,
    "b1": 18.82929864030616,
    "b2": -53.174337587940634,
    "b3": 14.115808332285003,
    "t1": 2.0,
    "t2": 5.0
}