{
    "b0": 0.15696581398859535,
    "b1": -0.23333423493554928,
    "b2": 0.5799636870804038,
    "b3": 0.09238614644425822,
    "t1": 2.5602900580453563,
    "t2": 160.5495798522221
}