{
    "b0": 0.1565292770833549,
    "b1": 0.033375853345077006,
    "b2": 0.053904539239851626,
    "b3": 0.1202676357797075,
    "t1": 12.111289283367714,
    "t2": 149.57411534378213
}