{
    "b0": 0.9240796841657066,
    "b1": -0.7313465321113471,
    "b2": -0.5139275862617257,
    "b3": 0.022457267516642468,
    "t1": -14.429723227498233,
    "t2": 0.4517430974412837
}