{
    "b0": 0.16131800499612126,
    "b1": 0.03350356610957944,
    "b2": -0.0890775437753904,
    "b3": -0.016402262837106083,
    "t1": 5.378591288533358,
    "t2": 0.27483933163284036
}