{
    "b0": 0.07785542237734752,
    "b1": 0.1159780885408026,
    "b2": 0.08568575130891509,
    "b3": 0.17181253258513107,
    "t1": 1.071474374340049,
    "t2": 4.279575476353086
}