{
    "b0": 0.1506164445652693,
    "b1": 0.04353479314014795,
    "b2": 0.037403186052636136,
    "b3": 0.015569394406337348,
    "t1": 0.8668778284064651,
    "t2": 0.26763116556932154
}