{
    "b0": 0.1506549047571325,
    "b1": 0.039505054838372994,
    "b2": 0.041220321333153266,
    "b3": 0.1308455509442483,
    "t1": 16.024781162345466,
    "t2": 138.5764164109545
}