{
    "b0": 0.4904169773632434,
    "b1": -0.30655572819409066,
    "b2": -0.5169395377513736,
    "b3": -0.03541111106341612,
    "t1": 13.338910962737618,
    "t2": 0.5238967959424304
}