{
    "b0": 11.802460426132514,
    "b1": 6.797971642276233,
    "b2": 7.868301314973625,
    "b3": 9.001536142237223,
    "t1": 157.6958394408689,
    "t2": 682.0764433421816
}