{
    "b0": 0.21232078633045107,
    "b1": -0.016600364854584354,
    "b2": -0.017912480203688408,
    "b3": -0.233518852849835,
    "t1": 0.680103258138041,
    "t2": 5.671452159918324
}