{
    "b0": 16.295804234619972,
    "b1": 1.95235481165067,
    "b2": 0.9104084086947832,
    "b3": 8.249462505078196,
    "t1": 33.526637274425426,
    "t2": 140.15641688524235
}