{
    "b0": 0.1473816695004312,
    "b1": 0.04908393701965302,
    "b2": 0.05936047709454784,
    "b3": 0.052696181330224634,
    "t1": 0.28968118620038047,
    "t2": 1.4860054597579677
}