{
    "b0": 0.15841265097546495,
    "b1": 0.04064829682482035,
    "b2": -0.002822984651495067,
    "b3": 0.11274936055352411,
    "t1": 19.02229411865119,
    "t2": 74.27586238959339
}