{
    "b0": 0.14804914197096036,
    "b1": 0.03353814740369562,
    "b2": 0.003045234189642136,
    "b3": 0.07159963468573738,
    "t1": 16.323735463300377,
    "t2": 68.45481004219901
}