{
    "b0": 0.1594692484803874,
    "b1": 0.027176642537576248,
    "b2": -0.056099810997319546,
    "b3": 0.07308938818460013,
    "t1": 1.3077116019302588,
    "t2": 0.6161746527906722
}