{
    "b0": 15.568208701940568,
    "b1": 4.056388585693895,
    "b2": 3.6323793406247673,
    "b3": 5.356292774454549,
    "t1": 54.34137714114174,
    "t2": 233.46150981238142
}