{
    "b0": 0.15908660676703795,
    "b1": 0.026111808107893618,
    "b2": 0.005636819129303951,
    "b3": 0.050721352416717325,
    "t1": 15.81721922851284,
    "t2": 64.80981088818226
}