{
    "b0": 0.15444436970839032,
    "b1": 0.028028379678035356,
    "b2": 0.0041013448116943435,
    "b3": 0.1003440724797792,
    "t1": 34.042681164457576,
    "t2": 143.93313253013199
}