{
    "b0": 13.992874775531897,
    "b1": 5.302391217432307,
    "b2": 2.524224759492234,
    "b3": 8.90528765890322,
    "t1": 68.39692265524785,
    "t2": 315.9287680261347
}