{
    "b0": 14.27276503667805,
    "b1": 3.949719473051905,
    "b2": 0.10177658818626067,
    "b3": 4.010952952393895,
    "t1": 111.87361706504129,
    "t2": 374.0537673220479
}