{
    "b0": 0.1422370464993818,
    "b1": 0.04813847064101924,
    "b2": 0.45466226035872076,
    "b3": -0.4283777639857021,
    "t1": 0.7386366939682767,
    "t2": 0.6761376229991312
}