{
    "b0": 0.14525341765807365,
    "b1": 0.03923064697490632,
    "b2": -0.17107510094097353,
    "b3": 0.19119978324019293,
    "t1": 0.6814199895562538,
    "t2": 0.8223268482810306
}