{
    "b0": 0.13666710650552383,
    "b1": 0.043039375063926966,
    "b2": 0.023921624463828627,
    "b3": 0.04859281634466392,
    "t1": 0.20711289864182225,
    "t2": 0.938330986755048
}