{
    "b0": 15.584288731208364,
    "b1": 2.578732104573474,
    "b2": 2.9443203809063294,
    "b3": 9.96068363176612,
    "t1": 25.88166091898753,
    "t2": 142.70514842827666
}