{
    "b0": 0.14636079273139732,
    "b1": 0.04460151125911348,
    "b2": 0.06766350381926635,
    "b3": 0.012923095262923026,
    "t1": 0.6016786980447901,
    "t2": 1.1421660884595166
}