{
    "b0": 0.14553781366542137,
    "b1": 1.4026700499695473,
    "b2": -7.244993536239904,
    "b3": 2.4493595119323586,
    "t1": 2.0,
    "t2": 5.0
}