{
    "b0": 0.1395962297915005,
    "b1": -1.1327050872855307,
    "b2": 2.335088855730093,
    "b3": -0.4926832540504371,
    "t1": 2.0,
    "t2": 5.0
}