{
    "b0": 0.13103314094268645,
    "b1": 0.006115657044062671,
    "b2": -0.023787070232537375,
    "b3": 0.017278583528279445,
    "t1": 0.6940687015432434,
    "t2": 3.5173074772716806
}