{
    "b0": 0.146767894235053,
    "b1": 0.028141792326941167,
    "b2": 0.06388435437129704,
    "b3": 0.07564808382166735,
    "t1": 4.315959806396551,
    "t2": 56.254929469398164
}