{
    "b0": 13.132124849525612,
    "b1": 0.40114544870194613,
    "b2": 0.6262000791310169,
    "b3": 0.5190223722713339,
    "t1": 2.8723860306116933,
    "t2": 3.434454994268859
}