{
    "b0": 0.12716379968645153,
    "b1": 0.005838099564565434,
    "b2": 0.03707692559189752,
    "b3": -0.050748118599111144,
    "t1": 1.7358062071616518,
    "t2": 0.9644560233759172
}