{
    "b0": 0.1393392034294781,
    "b1": 0.03301361334993702,
    "b2": 0.029472452963008107,
    "b3": 0.03926075642078279,
    "t1": 0.11940805387012676,
    "t2": 0.6185417125072217
}