{
    "b0": 14.53739143835231,
    "b1": 0.14059617154334586,
    "b2": -0.8157540750922971,
    "b3": -0.38197253563300354,
    "t1": 82.37377016920027,
    "t2": 286.506685426647
}