{
    "b0": 0.16261074769487582,
    "b1": -0.012725378982741217,
    "b2": 0.023820594426684667,
    "b3": -0.06323445939516673,
    "t1": 16.907876715587918,
    "t2": 65.28718716181174
}