{
    "b0": 0.15506087216738992,
    "b1": -0.01843976521171259,
    "b2": 0.12539823659709565,
    "b3": -0.13676306495718882,
    "t1": 2.0,
    "t2": 5.0
}