{
    "b0": 0.09129075077224047,
    "b1": 0.08020087983346613,
    "b2": -0.006087633796386889,
    "b3": 0.13179662182240043,
    "t1": 1.3920075173607929,
    "t2": 4.582206494908777
}