{
    "b0": 0.15450688017064504,
    "b1": 0.016537180751953567,
    "b2": -0.007587068132544892,
    "b3": -0.04497637436509884,
    "t1": 0.2039577475424672,
    "t2": 4.5601760099529765
}