{
    "b0": 13.81321085063898,
    "b1": 0.32643030832177145,
    "b2": -2.3289994253625186,
    "b3": 1.8288351853689129,
    "t1": 191.81384162347751,
    "t2": 746.8549060457324
}