{
    "b0": 0.1444792673156976,
    "b1": -0.38722032402944906,
    "b2": 0.8040806384057854,
    "b3": -0.17109954809024755,
    "t1": 2.0,
    "t2": 5.0
}