{
    "b0": 12.436913030682256,
    "b1": 0.7431944716932937,
    "b2": -2381.5925505417795,
    "b3": 2382.7528582444406,
    "t1": 12.445435265265255,
    "t2": 12.451754450884827
}