{
    "b0": 0.1524589445806867,
    "b1": 0.00466611518779528,
    "b2": -0.036766915516422596,
    "b3": 0.021356273510080483,
    "t1": 0.5192219836998708,
    "t2": 1.2787261166849664
}