{
    "b0": 0.20078647807257832,
    "b1": -0.027524986405101412,
    "b2": -0.049972581786522655,
    "b3": -0.177531533187714,
    "t1": 0.8521080571636442,
    "t2": 6.581364204043797
}