{
    "b0": 15.355132606315143,
    "b1": 0.33171962689057743,
    "b2": -1389.0413428264328,
    "b3": 1387.1881862588623,
    "t1": 82.78439192754526,
    "t2": 82.69495927243277
}