{
    "b0": 0.15380662742969423,
    "b1": -20.57474876638757,
    "b2": 42.2107169783357,
    "b3": -8.805855987729394,
    "t1": 2.0,
    "t2": 5.0
}