{
    "b0": 0.13405026738796155,
    "b1": 0.023809755125216332,
    "b2": -0.005874625090787355,
    "b3": 0.032289927332353294,
    "t1": 0.3945727514098838,
    "t2": 2.2811495908042696
}