{
    "b0": 15.268842232240901,
    "b1": -0.6843711520001658,
    "b2": 0.004273288269664111,
    "b3": -2.695609295047201,
    "t1": 20.617852574398036,
    "t2": 121.04422440319864
}