{
    "b0": 0.16903147766939747,
    "b1": 0.010028015207419097,
    "b2": 0.004912895139890641,
    "b3": -0.0779192459783854,
    "t1": 0.1361443496797783,
    "t2": 4.16854730584812
}