{
    "b0": 0.13780880536425982,
    "b1": 0.04147894642092605,
    "b2": 0.008335139078362048,
    "b3": 0.04294787526463165,
    "t1": 0.2616467638079345,
    "t2": 0.7415961481042554
}