{
    "b0": 0.16271447871773737,
    "b1": -0.00705601680772407,
    "b2": -0.7656011176169163,
    "b3": 0.7439697708435411,
    "t1": 0.632856355132477,
    "t2": 0.6427748788545461
}