{
    "b0": 0.1207329396897562,
    "b1": 0.011226507283608862,
    "b2": -0.028476946570125273,
    "b3": 0.02574091988540405,
    "t1": 0.8779699171454172,
    "t2": 1.7998495289076075
}