{
    "b0": 0.1575887352882886,
    "b1": -0.04181569500447761,
    "b2": 0.24466733562708065,
    "b3": -0.1429422633782759,
    "t1": 2.0,
    "t2": 5.0
}