{
    "b0": 12.350727871599384,
    "b1": -9.300429682987797,
    "b2": 15.943713431744545,
    "b3": 2.126129376157418,
    "t1": 0.4912563236874133,
    "t2": 18.924555321566242
}