{
    "b0": 16.520699299572804,
    "b1": -1.3643812908981054,
    "b2": -1.1471085651065587,
    "b3": -5.298122279657592,
    "t1": 7.973273087563332,
    "t2": 88.2832570591453
}