{
    "b0": 0.14034322497970672,
    "b1": 0.004908311343914567,
    "b2": -1.45182369735747e-08,
    "b3": -0.00968294236097329,
    "t1": 10.00820578890609,
    "t2": 0.4400805275091103
}