{
    "b0": 0.1496056062558494,
    "b1": -0.029737562374340304,
    "b2": 0.1643324256736648,
    "b3": -0.11131761244151163,
    "t1": 2.0,
    "t2": 5.0
}