{
    "b0": 0.14977899246289747,
    "b1": -0.0036678383650516518,
    "b2": -0.016873748092446385,
    "b3": -0.007055221008732126,
    "t1": 0.35947268627113615,
    "t2": 1.5401335030479997
}