{
    "b0": 0.14710224634406166,
    "b1": 0.032597142199102896,
    "b2": -0.14832386714171758,
    "b3": 0.11876033170682591,
    "t1": 2.0,
    "t2": 5.0
}