{
    "b0": 0.13635411650042606,
    "b1": 0.028579123807406164,
    "b2": -0.019931999070406152,
    "b3": 0.02862440911647744,
    "t1": 0.5040260251463822,
    "t2": 2.5130530905626607
}