{
    "b0": 0.13767963260905802,
    "b1": 0.0037314005152834875,
    "b2": -0.024901379354087427,
    "b3": 0.021646199382516915,
    "t1": 0.5307089081874734,
    "t2": 2.0080642237564947
}