{
    "b0": 0.16015601385241499,
    "b1": -0.8392952098594613,
    "b2": 4.041731365203094,
    "b3": -1.0124348567346557,
    "t1": 2.0477004176419875,
    "t2": 7.493853843672152
}