{
    "b0": 0.14085674811787896,
    "b1": -0.6773874093371223,
    "b2": 3.522199162856927,
    "b3": -1.1644902620789521,
    "t1": 2.0,
    "t2": 5.0
}