{
    "b0": 0.1392361554083809,
    "b1": 13.938892824149654,
    "b2": -72.1475892955121,
    "b3": 23.74710125746352,
    "t1": 2.0,
    "t2": 5.0
}