{
    "b0": 0.13775818052110517,
    "b1": 0.025995552044731716,
    "b2": 0.004517196863653727,
    "b3": -0.044225293062300934,
    "t1": 2.3537516429692458,
    "t2": 0.6513666211939169
}