{
    "b0": 0.1324176930094926,
    "b1": 0.041946994518225394,
    "b2": 0.013196328711934237,
    "b3": 0.08051120128948719,
    "t1": 18.0758402286648,
    "t2": 89.29183537674632
}