{
    "b0": 15.244540376390523,
    "b1": 0.30373346241570287,
    "b2": -5.197825260988634,
    "b3": -2.702930534416445,
    "t1": 2.2333966829739023,
    "t2": 120.93803810305913
}