{
    "b0": 0.13600333406583887,
    "b1": 0.0013060390784093911,
    "b2": 0.005201593306936659,
    "b3": -0.018416357585160612,
    "t1": 2.2392361434396575,
    "t2": 0.582870765805071
}