{
    "b0": 0.13162239578697482,
    "b1": 0.016376507819198548,
    "b2": 0.016542633748239152,
    "b3": 0.07407542917584106,
    "t1": 2.0,
    "t2": 5.0
}