{
    "b0": 0.1332098676325947,
    "b1": 0.003893627364301609,
    "b2": -0.025804060879845072,
    "b3": 0.012221937627790998,
    "t1": 0.6882469661436776,
    "t2": 2.8283528770534963
}