{
    "b0": 0.14488401768855477,
    "b1": 0.004777993446852494,
    "b2": 0.08568108700459494,
    "b3": 0.07141478393169762,
    "t1": 3.3778823547193753,
    "t2": 46.20280945460088
}