{
    "b0": 14.361451663468094,
    "b1": 3.486222533430417,
    "b2": 1.2561450343171878,
    "b3": 4.270547784700822,
    "t1": 41.10559850063235,
    "t2": 131.44204524129773
}