{
    "b0": 14.045496759195155,
    "b1": 3.7794782174254857,
    "b2": 1.6258464459563113,
    "b3": 3.878477495426486,
    "t1": 60.97936368722675,
    "t2": 207.19502261128397
}