{
    "b0": 0.5121986509038152,
    "b1": -0.36308542250710274,
    "b2": -0.8799022853411972,
    "b3": 0.3774041312198303,
    "t1": 10.080912958221091,
    "t2": 5.815279939763907
}