{
    "b0": 0.14661111715387296,
    "b1": 0.02159524752217261,
    "b2": -0.09255560221950268,
    "b3": 0.10722201994192093,
    "t1": 2.0,
    "t2": 5.0
}