{
    "b0": 0.14534964081999285,
    "b1": 0.026367891052575337,
    "b2": 0.014991346235425492,
    "b3": 0.06073931217216666,
    "t1": 13.927886805645826,
    "t2": 66.61164804201384
}