{
    "b0": 15.483967746640218,
    "b1": -0.2968597320598767,
    "b2": -1.4409838414341172,
    "b3": -3.3798836941487016,
    "t1": 9.424108695476566,
    "t2": 133.04299851574353
}