{
    "b0": 0.14557463724289935,
    "b1": 0.030386548548181763,
    "b2": 0.05859899704303968,
    "b3": 0.07743034019346567,
    "t1": 4.935370664785905,
    "t2": 61.33247092071776
}