{
    "b0": 0.1256123472108254,
    "b1": 0.00715448506806011,
    "b2": 0.03444408515789802,
    "b3": -0.04796726288885053,
    "t1": 1.812227281395803,
    "t2": 0.9987234997115285
}