{
    "b0": 0.12406221116665492,
    "b1": 0.008340132175828373,
    "b2": 0.07776815317036662,
    "b3": -0.08662565713627565,
    "t1": 1.5906019606463364,
    "t2": 1.1901850810968058
}