{
    "b0": 15.153054230083125,
    "b1": -0.48306631610227857,
    "b2": -0.024226152117861943,
    "b3": -2.120724130198104,
    "t1": 51.95884506901851,
    "t2": 147.1119556590613
}