{
    "b0": 0.14604292256452903,
    "b1": 0.0006070891480922163,
    "b2": -0.010530621103782563,
    "b3": -0.003829983167315165,
    "t1": 0.2881258678808747,
    "t2": 1.678648757278153
}