{
    "b0": 0.1315436295741935,
    "b1": 0.001392709710240474,
    "b2": -0.4961753135219901,
    "b3": 0.48545210091518454,
    "t1": 1.0911815274054133,
    "t2": 1.1341830475937742
}