{
    "b0": 0.14674184547267682,
    "b1": 0.006932911239438802,
    "b2": 0.19590490049668413,
    "b3": 0.07188949505772,
    "t1": 2.9831542382744374,
    "t2": 83.93660011272004
}