{
    "b0": 13.516053720804141,
    "b1": 3.636795008399691,
    "b2": 3.222573298628748,
    "b3": 4.973153749127646,
    "t1": 45.68712747162893,
    "t2": 254.5462983148223
}