{
    "b0": 0.16410468886738847,
    "b1": -0.022387417702621495,
    "b2": 0.07110107311682853,
    "b3": -0.05864524120068924,
    "t1": 2.372639875598041,
    "t2": 40.81299956099325
}