{
    "b0": 13.630146246540738,
    "b1": 0.03791492941365093,
    "b2": 0.6285470347078823,
    "b3": -2.8199182884557006,
    "t1": 74.01012146284506,
    "t2": 203.82535341650131
}