{
    "b0": 0.15703202328375493,
    "b1": -0.004711332446224427,
    "b2": -0.028081751885224104,
    "b3": 2.3340844382034945e-05,
    "t1": 0.3514961541907162,
    "t2": -2.210063252530624
}