{
    "b0": 0.12791633990370688,
    "b1": -0.12277694137161849,
    "b2": 0.649289951043944,
    "b3": -0.19671787742417396,
    "t1": 2.0,
    "t2": 5.0
}