{
    "b0": 0.2034533398898077,
    "b1": -0.05658500839634277,
    "b2": -0.014886762519488554,
    "b3": -0.9003567222200703,
    "t1": -3.6594417661380447,
    "t2": -51.56551213275604
}