{
    "b0": 0.15356260307311367,
    "b1": -0.0006067060974906495,
    "b2": 0.031146392551482098,
    "b3": -0.025370509841073762,
    "t1": 2.523586409992882,
    "t2": 0.31434148420679886
}