{
    "b0": 16.843762889899043,
    "b1": -1.6103020783882291,
    "b2": -2.344691271204301,
    "b3": -6.040895084985352,
    "t1": 6.081504664835319,
    "t2": 83.99526730291666
}