{
    "b0": 0.17011378403287575,
    "b1": 0.0027474275255092023,
    "b2": -0.014940078653985476,
    "b3": -0.12144991837312222,
    "t1": 0.29843786815822515,
    "t2": 4.65938601670544
}