{
    "b0": 0.1405707533397044,
    "b1": 0.0013380821696460869,
    "b2": -0.02439008856543832,
    "b3": 0.01628775250883334,
    "t1": 0.6582985082359234,
    "t2": 2.046525335714878
}