{
    "b0": 0.14331681083756567,
    "b1": 0.02256884261940746,
    "b2": -0.012152412711154548,
    "b3": 0.014773127726101,
    "t1": 0.3437353532551026,
    "t2": 1.457987878007286
}