{
    "b0": 0.1541317757528492,
    "b1": 0.013296667633239218,
    "b2": -0.049426798766965374,
    "b3": 0.028893671109650576,
    "t1": 3.3625703655483123,
    "t2": 0.05743391957299451
}