{
    "b0": 0.1340098999016198,
    "b1": 0.0036714182988763703,
    "b2": -0.016439478088405814,
    "b3": 0.01272119825345824,
    "t1": 0.4862781076596609,
    "t2": 3.366619812990563
}