{
    "b0": 14.859480361439127,
    "b1": -0.20023878848779453,
    "b2": -0.7558724337222582,
    "b3": -1.610795427012472,
    "t1": 49.88977989347115,
    "t2": 198.88886201130344
}