{
    "b0": 0.1354516819715027,
    "b1": 0.0369477424008296,
    "b2": 0.02885105780788797,
    "b3": 0.07845475837083982,
    "t1": 12.630002967924534,
    "t2": 87.44368517632749
}