{
    "b0": 0.1545237084527196,
    "b1": -0.002958845570806142,
    "b2": 0.35588660059203375,
    "b3": -0.377710106279949,
    "t1": 0.5303918654938844,
    "t2": 0.5165750176560008
}