{
    "b0": 0.14210559937506953,
    "b1": -0.0001965100498061748,
    "b2": -0.015558504811566719,
    "b3": 0.00828163702535408,
    "t1": 0.6577011572681069,
    "t2": 2.1041521760538107
}