{
    "b0": 0.22121796074739014,
    "b1": -0.07092002402385336,
    "b2": -0.21705339481857822,
    "b3": 0.15203395718089918,
    "t1": 6.193209646790125,
    "t2": 3.8864675069830494
}