{
    "b0": 0.1486906257180135,
    "b1": 0.028974029459961997,
    "b2": -0.04745453216258069,
    "b3": -0.01982648112745479,
    "t1": 2.9438659093957953,
    "t2": 0.5641776274851296
}