{
    "b0": 0.12828520982757088,
    "b1": 0.00473763267118007,
    "b2": 0.028150597819518695,
    "b3": -0.04124901993365669,
    "t1": 1.895309236883821,
    "t2": 0.8848175495149609
}