{
    "b0": 0.15762002092320634,
    "b1": 0.015091446136462044,
    "b2": -0.00021956953252809212,
    "b3": -0.07797112551571644,
    "t1": 0.11142928365326177,
    "t2": 4.202743862197233
}