{
    "b0": 0.14914753520775798,
    "b1": -3.22746492600047,
    "b2": 16.741238490290225,
    "b3": -5.51825133074461,
    "t1": 2.0,
    "t2": 5.0
}