{
    "b0": 13.737697126084997,
    "b1": 0.30210722075228,
    "b2": 83.88959790406508,
    "b3": -85.59994689812416,
    "t1": 111.27284639416604,
    "t2": 112.00276720689423
}