{
    "b0": 13.413306754521415,
    "b1": -0.14554863134552987,
    "b2": -0.8152799632679599,
    "b3": -2.1445946534735634,
    "t1": 2.1180458340459207,
    "t2": 180.70117685413035
}