{
    "b0": 0.13805376209769285,
    "b1": 0.039031928208105714,
    "b2": -0.0031220658100508496,
    "b3": 0.03208396247578317,
    "t1": 0.36547181382075067,
    "t2": 0.735937149534724
}