{
    "b0": 14.530837001792891,
    "b1": 0.04285103776435517,
    "b2": 0.5748787841623699,
    "b3": -0.7527990957523473,
    "t1": 8.000401798927713,
    "t2": 91.03299044097959
}