{
    "b0": 0.11951565037776851,
    "b1": 0.012499727461581582,
    "b2": -0.017005632385868892,
    "b3": 0.022466760186765022,
    "t1": 0.7922756436325891,
    "t2": 2.8081300778284173
}