{
    "b0": 0.12899891432031985,
    "b1": 0.010814205098761099,
    "b2": 0.013777028028177775,
    "b3": -0.023821602912330667,
    "t1": 3.85270621440584,
    "t2": 0.6046204123191214
}