{
    "b0": 0.12534945963041694,
    "b1": 0.1184937168692031,
    "b2": -0.6032499056800279,
    "b3": 0.24235881872534376,
    "t1": 2.0,
    "t2": 5.0
}