{
    "b0": 0.13471796995205257,
    "b1": 0.0020059419037631583,
    "b2": -0.028205457071318954,
    "b3": 0.01658245612724716,
    "t1": 0.7573762915787783,
    "t2": 2.725528661009575
}