{
    "b0": 0.13152583721307257,
    "b1": 0.026801111175417953,
    "b2": -0.011656968119600129,
    "b3": 0.04435469587070234,
    "t1": 0.522447276532849,
    "t2": 2.6340519971142555
}