{
    "b0": 0.1376941296517207,
    "b1": 0.023265554096906893,
    "b2": 0.05780045065610431,
    "b3": 0.06422863154926753,
    "t1": 4.298946130154454,
    "t2": 46.601831012518176
}