{
    "b0": 14.056283062116629,
    "b1": 0.059232163942814386,
    "b2": 123.15749357680681,
    "b3": -124.44450914457568,
    "t1": 94.39197654034754,
    "t2": 95.26095760511036
}