{
    "b0": 0.1444663261721277,
    "b1": 0.013612504826731393,
    "b2": -0.022890262378091965,
    "b3": 0.01940362709636443,
    "t1": 0.4943412132834313,
    "t2": 2.1276225623641873
}