{
    "b0": 0.12404103951047316,
    "b1": 0.04918427174045976,
    "b2": 0.008800446425610843,
    "b3": -0.0189527579974084,
    "t1": 1.034904738566997,
    "t2": 0.25772523447316154
}