{
    "b0": 0.13962134923767858,
    "b1": -0.007073955962991036,
    "b2": 0.05649297533141474,
    "b3": -0.03593003977694462,
    "t1": 2.0,
    "t2": 5.0
}