{
    "b0": 0.1565296755384728,
    "b1": -0.006496891491500846,
    "b2": -0.1316934737873214,
    "b3": 0.10773768818576503,
    "t1": 0.6018458104127471,
    "t2": 0.6814933652071362
}