{
    "b0": 0.1449475687094645,
    "b1": 18.165130909478684,
    "b2": -37.25178784133214,
    "b3": 7.842669661371888,
    "t1": 2.0,
    "t2": 5.0
}