{
    "b0": 0.13657540005103486,
    "b1": 0.027360381054786793,
    "b2": -0.01385958226870445,
    "b3": 0.02654385940842642,
    "t1": 0.42139650945532003,
    "t2": 1.980253323522862
}