{
    "b0": 0.1343948879483982,
    "b1": 0.03638576901378664,
    "b2": 0.00019598940485976435,
    "b3": 0.027395159679465618,
    "t1": 0.24386630335621562,
    "t2": 0.7386398227021704
}