{
    "b0": 0.13925033042961138,
    "b1": 0.002016056262414293,
    "b2": -0.0313567485622361,
    "b3": 0.022475138434253018,
    "t1": 0.6294698223428976,
    "t2": 1.4872171190634331
}