{
    "b0": 13.690837952336963,
    "b1": 3.4996453499317903,
    "b2": 3.07315447440591,
    "b3": 4.063126487135949,
    "t1": 58.62569029536544,
    "t2": 346.1837924124826
}