{
    "b0": 0.1371712542960426,
    "b1": 0.037864339623435585,
    "b2": -0.02735205704940467,
    "b3": -0.021721789609723915,
    "t1": 2.5447643113761,
    "t2": 0.38725592190813374
}