{
    "b0": 0.1412707843873088,
    "b1": 0.013136273523554898,
    "b2": 0.04851920879062511,
    "b3": 0.06542404691063981,
    "t1": 3.304120744046408,
    "t2": 34.50210156516155
}