{
    "b0": 0.14952012597991707,
    "b1": -0.002731865277650977,
    "b2": -0.014878698621431997,
    "b3": -0.0007883539982611776,
    "t1": 0.3936313134414604,
    "t2": 1.06471572788241
}