{
    "b0": 0.13206063645612606,
    "b1": -2.751173990730156,
    "b2": 7.774585705467685,
    "b3": -2.020746930929083,
    "t1": 2.0,
    "t2": 5.0
}