{
    "b0": 0.14215414745851912,
    "b1": 0.003305776190558351,
    "b2": 0.004782436982101244,
    "b3": -0.011244203834392414,
    "t1": 2.1000367027182425,
    "t2": 0.4689289221925225
}