{
    "b0": 0.16276452150685589,
    "b1": 0.010042128246593278,
    "b2": -0.015457938569408863,
    "b3": -0.08949989716701508,
    "t1": 0.2498558955064238,
    "t2": 4.0372543475142075
}