{
    "b0": 0.13122129542601615,
    "b1": -0.0047327548400478295,
    "b2": 0.050078630056344754,
    "b3": -0.0037837825472875593,
    "t1": 2.0,
    "t2": 5.0
}