{
    "b0": 0.13109567711839798,
    "b1": 0.002208794352714906,
    "b2": 0.009303848137319477,
    "b3": 0.005496696493642772,
    "t1": 2.0,
    "t2": 5.0
}