{
    "b0": 0.12453267457874242,
    "b1": 0.4817308053520801,
    "b2": -1.00866508454356,
    "b3": 0.2678068094891166,
    "t1": 2.0,
    "t2": 5.0
}