{
    "b0": 0.1334769665216311,
    "b1": 0.0331493133968446,
    "b2": 0.023734583569790187,
    "b3": -0.038372295069073484,
    "t1": 1.0000000988830466,
    "t2": 0.5351681682452997
}