{
    "b0": 0.1390857611994372,
    "b1": -0.017824469839415866,
    "b2": 0.10931925530695598,
    "b3": -0.044299431874622534,
    "t1": 2.0,
    "t2": 5.0
}