{
    "b0": 12.524593307427416,
    "b1": 0.6069760502411958,
    "b2": -762.99731871506,
    "b3": 764.0638163275763,
    "t1": 10.412696897128706,
    "t2": 10.42909269807207
}