{
    "b0": 0.13647949684376648,
    "b1": 0.028442808235125835,
    "b2": 0.022971455882184594,
    "b3": 0.03242449450038858,
    "t1": 0.12091389259397056,
    "t2": 1.1505975263218913
}