{
    "b0": 0.12972521654850533,
    "b1": 0.04365907953994554,
    "b2": -0.04230158743276696,
    "b3": 0.07485993088055756,
    "t1": 0.42050429655349575,
    "t2": 0.6297170770595368
}