{
    "b0": 0.1484943466844145,
    "b1": -0.010752015861381144,
    "b2": 0.06254920797925446,
    "b3": -0.061876312328474736,
    "t1": 2.0,
    "t2": 5.0
}