{
    "b0": 12.397490993650269,
    "b1": 4.850251750227333,
    "b2": -0.023206325677495254,
    "b3": 5.334162498986016,
    "t1": 133.58245171059292,
    "t2": 351.8134654478122
}