{
    "b0": 0.1520144425049518,
    "b1": -0.005015122532916765,
    "b2": -0.015677594906604732,
    "b3": -0.0034800877977798385,
    "t1": 0.39741048360465125,
    "t2": 1.093185747988823
}