{
    "b0": 16.34518899895513,
    "b1": 0.13101431497532623,
    "b2": -7.5800992162192555,
    "b3": -4.100974594821338,
    "t1": 2.210240853267585,
    "t2": 81.57526838223977
}