{
    "b0": 0.1523069422028056,
    "b1": 0.004686992357462007,
    "b2": 0.33760373844462144,
    "b3": -0.3572278471909983,
    "t1": 0.6724104188169898,
    "t2": 0.6406648688455877
}