{
    "b0": 0.14706610843052448,
    "b1": 0.1172646523418345,
    "b2": -0.5762833283580677,
    "b3": 0.24219394856453447,
    "t1": 2.0,
    "t2": 5.0
}