{
    "b0": 0.1344341738837303,
    "b1": -0.002398351591956659,
    "b2": 0.023012255475873315,
    "b3": -0.007977178347217517,
    "t1": 2.0,
    "t2": 5.0
}