{
    "b0": 0.1662070538206356,
    "b1": -0.01734606542365174,
    "b2": 0.020737090497304267,
    "b3": -0.015530027576405423,
    "t1": 2.0,
    "t2": 5.0
}