{
    "b0": 16.338110068165975,
    "b1": 3.0863221125840368,
    "b2": -9.719558874443743,
    "b3": -4.500496123690051,
    "t1": 2.2258319224344905,
    "t2": 81.85087126411499
}