{
    "b0": 0.16412295771025184,
    "b1": -0.013806845316712758,
    "b2": 0.0005328300142597078,
    "b3": -0.05196360993732326,
    "t1": 11.12886685160544,
    "t2": 80.4974434794277
}