{
    "b0": 0.1321865359063202,
    "b1": 0.004913757137404568,
    "b2": -0.028753845086138586,
    "b3": 0.020685518044584645,
    "t1": 0.754902547522394,
    "t2": 2.8518874812662123
}