{
    "b0": 0.14623308820414943,
    "b1": 0.011168836658606286,
    "b2": -0.027704943564728964,
    "b3": 0.020891959957044764,
    "t1": 0.5323928921659693,
    "t2": 1.7981748605511836
}