{
    "b0": 0.13369281707162275,
    "b1": 0.024757091539136605,
    "b2": -0.005828358071217874,
    "b3": 0.03540406498272014,
    "t1": 0.3834706069060827,
    "t2": 2.1850320183887786
}