{
    "b0": 13.62899335181995,
    "b1": 0.050052531350337714,
    "b2": -110.20766035583826,
    "b3": 108.03835620906513,
    "t1": 138.03275179361052,
    "t2": 136.51399752163343
}