{
    "b0": 0.13771408619136474,
    "b1": 0.03550488761618558,
    "b2": -0.0010843974946272358,
    "b3": 0.016693059498699436,
    "t1": 0.5790810075787727,
    "t2": 1.1607832710029014
}