{
    "b0": 0.15139278460743702,
    "b1": -0.1206729827498579,
    "b2": 0.6688034523461924,
    "b3": -0.29433703285705254,
    "t1": 2.0,
    "t2": 5.0
}