{
    "b0": 0.1281580572683714,
    "b1": 0.004410667617833047,
    "b2": -0.025791610676860043,
    "b3": 0.02699844439816935,
    "t1": 0.815770442455815,
    "t2": 2.4002458261944515
}