{
    "b0": 16.205623410761994,
    "b1": 3.6717883583855193,
    "b2": -10.28854782828777,
    "b3": -3.594876215275845,
    "t1": 2.2125657339350453,
    "t2": 81.17080920210022
}