{
    "b0": 0.14710914209984263,
    "b1": 1.5499693132676022,
    "b2": -3.1927390518582834,
    "b3": 0.7294748735246895,
    "t1": 2.0,
    "t2": 5.0
}