{
    "b0": 0.14549143819988605,
    "b1": 0.00012623714813426892,
    "b2": -0.009920040051059226,
    "b3": 5.784218590210166e-17,
    "t1": 0.4393963219780067,
    "t2": -0.33901873474168776
}