{
    "b0": 14.270778231366053,
    "b1": 3.630998307770054,
    "b2": 2.0596658610530305,
    "b3": 4.905160168746264,
    "t1": 40.1739199381321,
    "t2": 159.96336617871845
}