{
    "b0": 0.13879940110457248,
    "b1": -0.0008112315747100581,
    "b2": 0.02677042298402417,
    "b3": -0.019333674939949304,
    "t1": 2.0,
    "t2": 5.0
}