{
    "b0": 14.69935019636505,
    "b1": 1.7059932179737198,
    "b2": -3.4170794574784917,
    "b3": 3.9895635638667555,
    "t1": 2.1524119664703405,
    "t2": 9.185947804856228
}