{
    "b0": 0.1438475473234301,
    "b1": 0.011607917036421625,
    "b2": 0.13744923745950627,
    "b3": 0.06725369373044186,
    "t1": 3.2711558531601437,
    "t2": 70.81578672719642
}