{
    "b0": 0.1354567940896653,
    "b1": 0.025888270225292047,
    "b2": -0.001126717238931237,
    "b3": 0.026648560761687635,
    "t1": 0.25139216725606106,
    "t2": 2.641438459155703
}