{
    "b0": 0.1233853072332262,
    "b1": 0.00885880092013562,
    "b2": 0.0463370536897372,
    "b3": -0.06029156272546387,
    "t1": 1.0000001267877254,
    "t2": 0.8150245242794754
}