{
    "b0": 0.129042820596652,
    "b1": 0.03356485596833597,
    "b2": -2.0066373397981813e-05,
    "b3": 0.05589985658167026,
    "t1": 0.30945789150107006,
    "t2": 2.940157615685592
}