{
    "b0": 0.13682187052274772,
    "b1": 0.027806238075819653,
    "b2": -0.020361855160241672,
    "b3": 0.029554005994519964,
    "t1": 0.4876668323974447,
    "t2": 2.3985521551722178
}