{
    "b0": 14.599596998387579,
    "b1": 1.0062613715355042,
    "b2": -0.29580175324854996,
    "b3": 2.2467882603093305,
    "t1": 19.56449039471118,
    "t2": 23.31073526485443
}