{
    "b0": 12.65884188920829,
    "b1": 0.7789044175475872,
    "b2": 412.5279462318153,
    "b3": -413.2243698085873,
    "t1": 5.453387004100371,
    "t2": 5.414114761746201
}