{
    "b0": 0.1420747420980689,
    "b1": 0.00013432081507593627,
    "b2": -0.014627497029655195,
    "b3": 0.010724105609815925,
    "t1": 0.5787298805845388,
    "t2": 2.261820352643544
}