{
    "b0": 0.13308396839733808,
    "b1": 0.026300499055640504,
    "b2": 6.597467613406877e-06,
    "b3": 0.03890170591606877,
    "t1": 0.2649945532375712,
    "t2": 2.1209540169795553
}