{
    "b0": 13.25420248290424,
    "b1": -0.10422084926491415,
    "b2": 565.409040545879,
    "b3": -566.7872817882898,
    "t1": 103.86268192671693,
    "t2": 104.15716882281593
}