{
    "b0": 0.13923782673942176,
    "b1": 0.002585830142133345,
    "b2": -0.022903944346614396,
    "b3": 0.016851009871469896,
    "t1": 0.6603485712211288,
    "t2": 2.069344404981097
}