{
    "b0": 0.15216736364640282,
    "b1": -0.005353342401718777,
    "b2": -0.04763238018884019,
    "b3": 0.030885597854381996,
    "t1": 0.5306935056362723,
    "t2": 0.5918202013393188
}