{
    "b0": 13.435073395151703,
    "b1": 0.2249659575013765,
    "b2": -2.534327011400863,
    "b3": 2.035736435942477,
    "t1": 303.992217985638,
    "t2": 642.6098054696374
}