{
    "b0": 0.19414692840681033,
    "b1": -0.04089240128758968,
    "b2": -0.06143227732304629,
    "b3": -0.08903854628684273,
    "t1": 0.5016336438611568,
    "t2": 6.111353146926006
}