{
    "b0": 14.578739944924791,
    "b1": 0.020829041770808576,
    "b2": 0.4449912564519809,
    "b3": -0.9070299470603829,
    "t1": 12.27158161280362,
    "t2": 91.12596734902527
}