{
    "b0": 14.703011419512121,
    "b1": 1.319067120058548,
    "b2": -1.6284003999883767,
    "b3": 3.4922934735477087,
    "t1": 2.1675668928286522,
    "t2": 9.111289306251546
}