{
    "b0": 14.28093303981217,
    "b1": 0.7976295927059107,
    "b2": 9.530181750152687,
    "b3": 3.665538523469645,
    "t1": 2.6017881828389258,
    "t2": 33.63321618704999
}