{
    "b0": 12.688364341788391,
    "b1": 4.5705066291907785,
    "b2": 1.6462727132181503,
    "b3": 5.654094700786183,
    "t1": 53.60803149124544,
    "t2": 209.1763538480611
}