{
    "b0": 14.415781452832844,
    "b1": -12.346340740147792,
    "b2": 28.84630069615254,
    "b3": 3.1864844940372583,
    "t1": 2.0560066031459128,
    "t2": 37.942056897276586
}