{
    "b0": 0.13806235872039424,
    "b1": -0.007498026220174286,
    "b2": 0.05649797467874068,
    "b3": -0.015461622195098836,
    "t1": 2.0,
    "t2": 5.0
}