{
    "b0": 0.13736909250750295,
    "b1": 0.0244396570930566,
    "b2": -0.009738325716790695,
    "b3": 0.019281618042253635,
    "t1": 0.3304143083723077,
    "t2": 2.242757523985147
}