{
    "b0": 0.13580885380306734,
    "b1": 0.03809593333510228,
    "b2": -0.023903030813706563,
    "b3": -0.024874234106799727,
    "t1": 2.3393872535868634,
    "t2": 0.4496922589414069
}