{
    "b0": 17.06713626752513,
    "b1": -1.3966843349565288,
    "b2": -0.9586320814888596,
    "b3": -4.395558271543032,
    "t1": 12.24883850744368,
    "t2": 70.59130469681774
}