{
    "b0": 15.074121574452766,
    "b1": -0.46057978322183857,
    "b2": -0.004174753433241474,
    "b3": -2.2462135316774288,
    "t1": 19.745598987116473,
    "t2": 126.3110821625199
}