{
    "b0": 0.14591605709438968,
    "b1": 0.036163491973555575,
    "b2": -0.14940971827363245,
    "b3": 0.19957152701118547,
    "t1": 2.0,
    "t2": 5.0
}