{
    "b0": 0.1620709683306614,
    "b1": -0.026748120752564657,
    "b2": 0.08867898509112829,
    "b3": -0.06374013372029674,
    "t1": 2.7544824233038003,
    "t2": 33.80169149130644
}