{
    "b0": 0.1439356358656,
    "b1": 0.022337205633192934,
    "b2": -0.015626079315475796,
    "b3": -0.0371326676719665,
    "t1": 2.6683083065476643,
    "t2": 0.47275224616620365
}