{
    "b0": 0.13024037889751688,
    "b1": 0.03236726347516885,
    "b2": -3.2935001145067977e-07,
    "b3": 0.05244559858032996,
    "t1": 0.33082977665567614,
    "t2": 2.4442261307229503
}