{
    "b0": 13.696326283718998,
    "b1": 0.4216387169407218,
    "b2": 71.72657471048153,
    "b3": -72.97213114563381,
    "t1": 80.65356322035552,
    "t2": 81.37660046129099
}