{
    "b0": 0.14953675726243573,
    "b1": 0.007082937367221917,
    "b2": 0.02423671461976819,
    "b3": -0.043601837439587315,
    "t1": 1.0000000484829747,
    "t2": 0.5768233261876795
}