{
    "b0": 0.1557736433695877,
    "b1": 0.00033839606984728413,
    "b2": 0.059905171603275104,
    "b3": -0.07175567125249567,
    "t1": 0.763378939872873,
    "t2": 0.5978219239950713
}