{
    "b0": 0.12402860369710324,
    "b1": 0.04663553454483686,
    "b2": 0.00200270974854894,
    "b3": 0.03737733740947191,
    "t1": 1.0928408924239261,
    "t2": 4.174083133976708
}