{
    "b0": 0.14064527770574303,
    "b1": 0.024014056148224494,
    "b2": 0.017474033592018018,
    "b3": 0.058389398964311036,
    "t1": 6.741037639499701,
    "t2": 41.046288676724366
}