{
    "b0": 0.15287732151995903,
    "b1": -0.006095445842907814,
    "b2": 0.10431247643377771,
    "b3": -0.12088654808676505,
    "t1": 0.5415046232854714,
    "t2": 0.5226314640282972
}