{
    "b0": 0.13969616833860665,
    "b1": 0.0247666947889167,
    "b2": 0.029545458047665153,
    "b3": -0.058084105574013764,
    "t1": 1.4691678385039038,
    "t2": 0.6950365194701884
}