{
    "b0": 0.14382651114937112,
    "b1": 0.02647558153826783,
    "b2": 0.029521323932271373,
    "b3": 0.06671506385700254,
    "t1": 10.062025711047582,
    "t2": 68.35806084037846
}