{
    "b0": 0.1238137600550658,
    "b1": 0.017786707470683442,
    "b2": -0.0710394431223677,
    "b3": 0.07540514907767323,
    "t1": 2.0,
    "t2": 5.0
}