{
    "b0": 0.19575929883872553,
    "b1": -0.04287028564188068,
    "b2": -0.06532962882387706,
    "b3": -0.0966010742375511,
    "t1": 0.4831746571263211,
    "t2": 5.82941071586427
}