{
    "b0": 13.527122061918769,
    "b1": 2.9907568585744695,
    "b2": 2.226141158253804,
    "b3": 2.7207362760275493,
    "t1": 50.012707012342304,
    "t2": 333.6374871778912
}