{
    "b0": 0.1292409171196587,
    "b1": 0.043291423346551484,
    "b2": 0.0863715161665653,
    "b3": -0.07450206537026766,
    "t1": 0.5392402577076585,
    "t2": 0.3926304010445145
}