{
    "b0": 0.1471445859746317,
    "b1": -0.000583455882712732,
    "b2": 0.7051599698660213,
    "b3": -0.7163990075325085,
    "t1": 0.468007199904849,
    "t2": 0.4650183577384424
}