{
    "b0": 0.1468766435803502,
    "b1": 0.036964432253485474,
    "b2": -0.146533084206434,
    "b3": 0.17436613092524256,
    "t1": 2.0,
    "t2": 5.0
}