{
    "b0": 0.14222504817249132,
    "b1": -0.0001836507489635748,
    "b2": -0.02522936605633193,
    "b3": 0.01465355446051177,
    "t1": 0.650924834514895,
    "t2": 2.0262641090812994
}