{
    "b0": 16.288424057874444,
    "b1": -0.6391796356779933,
    "b2": -6.008854831751389,
    "b3": 3.5496095741197657,
    "t1": 199.82448948327203,
    "t2": 273.38560649529626
}