{
    "b0": 12.898644157572946,
    "b1": 0.601851962005091,
    "b2": 1.00537887691496,
    "b3": -2.109014495402223,
    "t1": 1780.629081989727,
    "t2": 203.63900808310856
}