{
    "b0": 0.1501189926150474,
    "b1": -0.451507072450336,
    "b2": 2.376291391466423,
    "b3": -0.8230584748140523,
    "t1": 2.0,
    "t2": 5.0
}