{
    "b0": 0.1469237875171327,
    "b1": 0.2605189098042683,
    "b2": -1.2891123837758742,
    "b3": 0.5093853949746985,
    "t1": 2.0,
    "t2": 5.0
}