{
    "b0": 0.1555730511216951,
    "b1": -0.0032378621636564905,
    "b2": 0.5156092945452055,
    "b3": -0.5344460617429934,
    "t1": 0.6013852169233642,
    "t2": 0.579780013930981
}