{
    "b0": 0.132082308711197,
    "b1": 0.03322569285516992,
    "b2": -0.00884673370195935,
    "b3": 0.03993541177096878,
    "t1": 0.43114628697048785,
    "t2": 2.548661320640508
}