{
    "b0": 13.473930298328082,
    "b1": 0.1625738695539527,
    "b2": 35.39341371713768,
    "b3": -37.17915258741001,
    "t1": 127.30945692291434,
    "t2": 130.2361868573552
}