{
    "b0": 13.097421327852283,
    "b1": 4.179383285235146,
    "b2": 1.3048242357710367,
    "b3": 4.722085621873653,
    "t1": 41.70943893627966,
    "t2": 160.83012971164058
}