{
    "b0": 0.12628119148643227,
    "b1": 0.049099927524857305,
    "b2": 0.0022830552885415682,
    "b3": 0.03292171904871264,
    "t1": 0.870303019896316,
    "t2": 3.9120756621393458
}