{
    "b0": 0.14186798415582394,
    "b1": 0.026847515139319558,
    "b2": -0.010124009349503752,
    "b3": 0.07732664576781084,
    "t1": 3.016544782977493,
    "t2": 24.552935435660483
}