{
    "b0": 15.518018922774198,
    "b1": -0.9063446036716396,
    "b2": 0.001249064938776523,
    "b3": -3.5834766475012327,
    "t1": 22.853800431496982,
    "t2": 125.06476507219756
}