{
    "b0": 0.14614554586348652,
    "b1": 0.029923819575133903,
    "b2": 0.05729478907346147,
    "b3": 0.07438960953257596,
    "t1": 4.772941713066093,
    "t2": 59.03067183359735
}