{
    "b0": 0.1453699969951339,
    "b1": 0.013027970952737541,
    "b2": -0.01795787394368944,
    "b3": 0.010909584149841394,
    "t1": 0.42351453190260013,
    "t2": 2.1857470593876744
}