{
    "b0": 14.416881996610863,
    "b1": 0.7942872941029258,
    "b2": 8.110311056508593,
    "b3": 3.9489273652409,
    "t1": 2.3239017731376186,
    "t2": 27.148196020214808
}