{
    "b0": 0.1465650969006098,
    "b1": -0.0019491413497738285,
    "b2": -0.01476098464013183,
    "b3": 0.004621459883295951,
    "t1": 0.5201610602754149,
    "t2": 1.9682243268118562
}