{
    "b0": 15.39838767847737,
    "b1": -0.22493811023173738,
    "b2": -0.5903875152782059,
    "b3": -2.8092531947265282,
    "t1": 7.666819253745314,
    "t2": 116.4194346964411
}