{
    "b0": 0.13268414212604712,
    "b1": 0.024893660182255625,
    "b2": -0.0013943256190274249,
    "b3": 0.04223519755086473,
    "t1": 0.38943896962504776,
    "t2": 2.606086640322394
}