{
    "b0": 0.15935382808492915,
    "b1": -0.007650524508989709,
    "b2": 0.018712338883286064,
    "b3": 0.020475408204291015,
    "t1": 2.0,
    "t2": 5.0
}