{
    "b0": 0.14477319505371977,
    "b1": 0.012921904468560955,
    "b2": -0.019534529978730144,
    "b3": 0.014048893883101758,
    "t1": 0.44939437835248386,
    "t2": 2.270032101823368
}