{
    "b0": 0.12782330127340197,
    "b1": 0.029762240794560364,
    "b2": -0.01485995519961296,
    "b3": 0.06313758151035168,
    "t1": 0.6217247656363181,
    "t2": 2.8463951356826906
}