{
    "b0": 0.1494597168351435,
    "b1": -0.06635195949135123,
    "b2": 0.3560900453767395,
    "b3": -0.1733335855177769,
    "t1": 2.0,
    "t2": 5.0
}