{
    "b0": 0.14353554338664473,
    "b1": 0.03164507116018478,
    "b2": -0.03337217026086175,
    "b3": -0.02194577762989961,
    "t1": 2.5317266217416203,
    "t2": 0.43372504868462447
}