{
    "b0": 0.1341493178059066,
    "b1": -0.009187723605123453,
    "b2": 0.02267485139695523,
    "b3": -0.00037088489186636476,
    "t1": 2.0,
    "t2": 5.0
}