{
    "b0": 0.193863683047015,
    "b1": -0.04141507844387325,
    "b2": -0.01075317077285002,
    "b3": -0.7195913815291225,
    "t1": -3.518462537960378,
    "t2": -52.72220978159646
}