{
    "b0": 0.1325698224083766,
    "b1": 0.0050731154520272815,
    "b2": 0.014135253915030118,
    "b3": -0.025383782912743402,
    "t1": 2.8627383396107557,
    "t2": 0.5787920262500059
}