{
    "b0": 0.13479819944521354,
    "b1": 0.038749089821143196,
    "b2": 0.011560870210881554,
    "b3": 0.06881323898973978,
    "t1": 18.557838693007042,
    "t2": 86.11332049835569
}