{
    "b0": 0.1517513934593895,
    "b1": -0.0500616424797772,
    "b2": 0.2946195435711036,
    "b3": -0.10166928285344758,
    "t1": 2.0,
    "t2": 5.0
}