{
    "b0": 13.88798700937865,
    "b1": 3.2140952304697166,
    "b2": 3.347810601962628,
    "b3": 3.754971147230339,
    "t1": 45.05942424351051,
    "t2": 219.67538697683503
}