{
    "b0": 0.13122183207965518,
    "b1": -2.0291474088017076,
    "b2": 4.164392492843186,
    "b3": -0.8440852958720845,
    "t1": 2.0,
    "t2": 5.0
}