{
    "b0": 0.13988786568965558,
    "b1": 0.0019624523072557403,
    "b2": -0.021273110816237298,
    "b3": 0.011779676567125495,
    "t1": 0.5996611533576173,
    "t2": 1.829065823198336
}