{
    "b0": 13.225920713330256,
    "b1": 3.9455227863655358,
    "b2": 0.16150695106192048,
    "b3": 3.869545465889404,
    "t1": 62.47215814035036,
    "t2": 181.2121448008702
}