{
    "b0": 0.1510775037342755,
    "b1": -0.004075899489871096,
    "b2": -0.016978783060706618,
    "b3": -0.0005328633701209302,
    "t1": 0.420712294307783,
    "t2": 0.842969822341102
}