{
    "b0": 0.13929937775502566,
    "b1": 0.005928945661227935,
    "b2": -1.0750602694644534e-06,
    "b3": 0.02406022518922747,
    "t1": 0.18707805016295945,
    "t2": 4.413533210450705
}