{
    "b0": 0.1547411027677474,
    "b1": -0.03997342976050992,
    "b2": 0.11382683545485665,
    "b3": -0.05561530644007322,
    "t1": 2.0,
    "t2": 5.0
}