{
    "b0": 16.61323659818531,
    "b1": 1.6221940305479015,
    "b2": -12.342228792928978,
    "b3": -4.400817760733734,
    "t1": 2.013105937550962,
    "t2": 87.45156023340114
}