{
    "b0": 0.13539811673303187,
    "b1": 0.004446307759874693,
    "b2": -0.021742033535224078,
    "b3": 0.008459929237131493,
    "t1": 0.5480509673113076,
    "t2": 2.061762396715052
}