{
    "b0": 0.13126404302858158,
    "b1": 0.004473679796961401,
    "b2": -0.021411508785790415,
    "b3": 0.013824434355286212,
    "t1": 0.6202117963648963,
    "t2": 2.0820903037443586
}