{
    "b0": 0.14873507848299616,
    "b1": 0.015881505286538963,
    "b2": 0.023316294231356904,
    "b3": -0.026922985302792475,
    "t1": 0.09176228409100573,
    "t2": 3.328846197992065
}