{
    "b0": 0.13296050920934965,
    "b1": 0.033946129515615965,
    "b2": -0.00020604053044967832,
    "b3": 0.01803978574285614,
    "t1": 0.3196213066341762,
    "t2": 0.8858860756689948
}