{
    "b0": 13.493260373965178,
    "b1": 0.04100511918088212,
    "b2": 89.98858926618317,
    "b3": -91.78270578061041,
    "t1": 119.86787266834372,
    "t2": 120.83474088724253
}