{
    "b0": 14.92792708137659,
    "b1": -0.32369909612948056,
    "b2": 0.0016964169550111596,
    "b3": -1.8861344434522982,
    "t1": 15.971999917262297,
    "t2": 125.27477680696143
}