{
    "b0": 0.17912171942266683,
    "b1": -0.010941351445972795,
    "b2": -0.10784550620064233,
    "b3": -0.03903274192374996,
    "t1": 6.0036260896471845,
    "t2": 0.5835136340775636
}