{
    "b0": 15.854495398878282,
    "b1": -0.6791938467434866,
    "b2": -1.5614747269484057,
    "b3": -4.346923830333062,
    "t1": 12.738740771401607,
    "t2": 134.57697407605892
}