{
    "b0": 0.1254499225700629,
    "b1": 0.04356949363415778,
    "b2": 0.0008376713378363924,
    "b3": 0.015265945333945265,
    "t1": 0.8672834831008953,
    "t2": 4.0066582363395815
}