{
    "b0": 0.13067377506225256,
    "b1": 0.008150080871685679,
    "b2": -0.00968754130969147,
    "b3": 0.007451142895119206,
    "t1": 2.0,
    "t2": 5.0
}