{
    "b0": 0.1567968197467785,
    "b1": -0.0064139351633764555,
    "b2": 0.03191151967248812,
    "b3": -0.053294332494106186,
    "t1": 0.7436796509611343,
    "t2": 0.5289620493799791
}