{
    "b0": 14.377573362551512,
    "b1": -0.25518099160316865,
    "b2": 57.41513990392146,
    "b3": -59.17775238109454,
    "t1": 104.40339256070011,
    "t2": 106.84298111442251
}