{
    "b0": 0.13526444456239023,
    "b1": 0.0381243194896664,
    "b2": -0.08320367372062314,
    "b3": 0.10274049437709086,
    "t1": 0.5669325283936086,
    "t2": 0.7124749916121065
}