{
    "b0": 14.518867820357771,
    "b1": -0.22158896470058576,
    "b2": 8.268186021768248,
    "b3": 1.8635058973683096,
    "t1": 2.377499916365712,
    "t2": 28.6471407757563
}