{
    "b0": 0.14481844200152927,
    "b1": 0.007540382339035728,
    "b2": 0.12556437759940567,
    "b3": 0.07795761586601946,
    "t1": 4.424256568304633,
    "t2": 78.38398319697616
}