{
    "b0": 0.1420796305568299,
    "b1": 0.0001642310053900347,
    "b2": -0.022058490044340462,
    "b3": 0.00809782526592038,
    "t1": 0.590472707604115,
    "t2": 2.0334846850105692
}