{
    "b0": 0.10646429920383746,
    "b1": 0.06341967895097858,
    "b2": 0.0035384458537673774,
    "b3": 0.05598357212649745,
    "t1": 1.0894571537744318,
    "t2": 4.019937201752894
}