{
    "b0": 0.1397761029829469,
    "b1": 0.0015627740598691683,
    "b2": -0.03799483893719288,
    "b3": 0.02578573256975588,
    "t1": 0.6416199880362614,
    "t2": 1.2479985255908894
}