{
    "b0": 0.14495825318935623,
    "b1": 0.0021750518486393007,
    "b2": 3.881395733862521e-08,
    "b3": -0.011874269921134977,
    "t1": 1.488806513532035,
    "t2": 0.2865757030471556
}