{
    "b0": 0.15838716432158206,
    "b1": -0.008340904368370611,
    "b2": -0.06860211745070054,
    "b3": 0.038591673532178225,
    "t1": 0.5237326253331114,
    "t2": 0.6300716458528006
}