{
    "b0": 0.16921694731333448,
    "b1": 0.010169492875055992,
    "b2": -8.919457645870446e-05,
    "b3": -0.07781737457424662,
    "t1": 0.21468041533194615,
    "t2": 4.0309683011978725
}