{
    "b0": 16.352878580785575,
    "b1": 0.15525408638491545,
    "b2": -7.5467366237262805,
    "b3": -4.392607846208979,
    "t1": 2.115982955686916,
    "t2": 80.64559438475531
}