{
    "b0": 0.1245296964359239,
    "b1": 0.04803819446184626,
    "b2": -0.0008758422422188508,
    "b3": 0.053423803784527234,
    "t1": 0.3590038033260794,
    "t2": 0.9349055999446456
}