{
    "b0": 0.14772900879365036,
    "b1": 0.12300672770142212,
    "b2": -0.6061910997853177,
    "b3": 0.2492022663279176,
    "t1": 2.0,
    "t2": 5.0
}