{
    "b0": 13.491963701843023,
    "b1": 2.7253178960055306,
    "b2": 5.021814988393777,
    "b3": -5.947211006700793,
    "t1": 640.3738654859975,
    "t2": 292.76567664631324
}