{
    "b0": 0.12100798656985658,
    "b1": 0.010939391141433375,
    "b2": -0.012054613016196114,
    "b3": 0.012550141252061359,
    "t1": 0.6026147933635766,
    "t2": 2.6476119648094842
}