{
    "b0": 12.716923307209862,
    "b1": -3780.136156116453,
    "b2": 1651.6702056926197,
    "b3": 21504.100688989674,
    "t1": 2.3098946511745453,
    "t2": 0.22918486595153809
}