{
    "b0": 0.1565416171109782,
    "b1": 0.00022457779956049778,
    "b2": -0.11615649439274105,
    "b3": 0.09330654072077846,
    "t1": 0.6270558707966867,
    "t2": 0.7480488947047554
}