{
    "b0": 0.14362171695363968,
    "b1": 0.23765965693155167,
    "b2": -1.047725153012699,
    "b3": 0.3003011713124992,
    "t1": 2.080737178285141,
    "t2": 8.856912183584512
}