{
    "b0": 0.13783544677485285,
    "b1": -0.04288209033814988,
    "b2": 0.09259536034048801,
    "b3": -0.009951565533546647,
    "t1": 2.0,
    "t2": 5.0
}