{
    "b0": 13.80531761851926,
    "b1": 3.903616644594715,
    "b2": 0.09185295074408684,
    "b3": 3.1843168024148083,
    "t1": 119.3456450584839,
    "t2": 265.7580294565991
}