{
    "b0": 0.13269768177346758,
    "b1": -0.1433383555945521,
    "b2": 0.765846399443306,
    "b3": -0.24840387839229722,
    "t1": 2.0,
    "t2": 5.0
}