{
    "b0": 0.13444682745069972,
    "b1": 0.029732086200011568,
    "b2": -0.0002885354984632216,
    "b3": 0.026287913194527952,
    "t1": 0.3020155876266353,
    "t2": 2.770805708996126
}