{
    "b0": 0.14059564127714877,
    "b1": 0.027487483651905176,
    "b2": 0.06764566862904589,
    "b3": 0.0736209394225549,
    "t1": 5.328726180186532,
    "t2": 69.48213289492836
}