{
    "b0": -0.025864386628479657,
    "b1": 0.16743752681251667,
    "b2": 0.20168878328780987,
    "b3": -0.022005590429337255,
    "t1": 17.78408288959171,
    "t2": 0.47268269552799885
}