{
    "b0": 13.761547015645352,
    "b1": -0.14573399180350766,
    "b2": 0.7763812415553224,
    "b3": -2.219311204010763,
    "t1": 47.586056752622305,
    "t2": 139.38385806051232
}