{
    "b0": 15.159414701179996,
    "b1": -0.5496227200285326,
    "b2": 575.8081178076499,
    "b3": -577.4901013785836,
    "t1": 69.5745929602346,
    "t2": 69.76587504943242
}