{
    "b0": 0.1420327302148653,
    "b1": -1.8850143272232673,
    "b2": 9.770006866653402,
    "b3": -3.197261949730921,
    "t1": 2.0,
    "t2": 5.0
}