{
    "b0": 0.10313636652189338,
    "b1": 0.007489147294077576,
    "b2": 0.0095508696763956,
    "b3": 0.03585618007858235,
    "t1": 2.0,
    "t2": 5.0
}