{
    "b0": 0.11462681332754099,
    "b1": -0.15369999388073086,
    "b2": 0.3342686915934501,
    "b3": -0.11056617913377789,
    "t1": 2.0,
    "t2": 5.0
}