{
    "b0": 0.19425626335727536,
    "b1": -0.08424859860373704,
    "b2": -0.38872141562352114,
    "b3": 0.26140004408232825,
    "t1": 6.690478121644786,
    "t2": 5.214885621517428
}