{
    "b0": 0.10233247958037572,
    "b1": 0.016719475695800498,
    "b2": -0.01528004519535451,
    "b3": 0.004415889415132665,
    "t1": 0.8088166748325907,
    "t2": 3.6119437583596214
}