{
    "b0": 0.12037566236958745,
    "b1": -0.09878740106335422,
    "b2": 0.5195064805512191,
    "b3": -0.25977039733639523,
    "t1": 2.0,
    "t2": 5.0
}