{
    "b0": 0.12904315705832456,
    "b1": -0.020092130927204965,
    "b2": 0.021386575524985952,
    "b3": -0.06120486807666349,
    "t1": 22.77393434602471,
    "t2": 58.81329714133675
}