{
    "b0": 0.11348370119226485,
    "b1": -0.09250132736503278,
    "b2": 0.20928778052731134,
    "b3": -0.08058201189238787,
    "t1": 2.0,
    "t2": 5.0
}