{
    "b0": 0.1307487022872084,
    "b1": -0.021626721178837127,
    "b2": 0.006323321346977523,
    "b3": -0.06151612222981925,
    "t1": 13.707572375692841,
    "t2": 56.7380280834515
}