{
    "b0": 0.11219578022498822,
    "b1": 0.0010112573758555526,
    "b2": 0.0028199942478015477,
    "b3": 0.0022718484537398707,
    "t1": 2.0,
    "t2": 5.0
}