{
    "b0": 11.876204621766018,
    "b1": 0.43562359136392326,
    "b2": 1.7225965130190615,
    "b3": 2.3639495814109064,
    "t1": 1.5115317185326147,
    "t2": 21.246449879288082
}