{
    "b0": 0.12856104096838064,
    "b1": 0.0010471552729843427,
    "b2": -0.014604254918496724,
    "b3": -0.011107591477876783,
    "t1": 0.7488362346937052,
    "t2": 3.6789154852253367
}