{
    "b0": 0.12120617971585866,
    "b1": 0.7478976683104924,
    "b2": -1.5565634521918723,
    "b3": 0.3893130238255384,
    "t1": 2.0,
    "t2": 5.0
}