{
    "b0": 11.85408555637395,
    "b1": -2.3945595156586506,
    "b2": 10.23394499107568,
    "b3": 2.3730599373662775,
    "t1": 1.125419539425038,
    "t2": 28.774640998621933
}