{
    "b0": 0.10429462771148683,
    "b1": 0.011873261921308144,
    "b2": 0.5943289252924951,
    "b3": -0.6070556341467644,
    "t1": 1.0000004855523836,
    "t2": 0.9828875705276893
}