{
    "b0": 10.375600881537228,
    "b1": 1.2439651019526154,
    "b2": 3.2049482774338576,
    "b3": 3.6838916469601575,
    "t1": 3.8054986208190287,
    "t2": 39.07744073360633
}