{
    "b0": 12.040551142547303,
    "b1": -0.9094821138888971,
    "b2": -0.7801865031905119,
    "b3": -2.980174230981315,
    "t1": 8.78144225001974,
    "t2": 77.49740307085753
}