{
    "b0": 0.10145589221335162,
    "b1": 28.234185042261,
    "b2": -57.91471014122102,
    "b3": 12.16653347320323,
    "t1": 2.0,
    "t2": 5.0
}