{
    "b0": 0.10013754290124115,
    "b1": 0.024254121786737446,
    "b2": -0.0199947310079679,
    "b3": 0.009285772845601514,
    "t1": 1.0303864675600192,
    "t2": 4.054386102178476
}