{
    "b0": 0.12459043983352919,
    "b1": -0.014517613922387415,
    "b2": 0.01085792507690022,
    "b3": -0.03312758804246054,
    "t1": 2.0,
    "t2": 5.0
}