{
    "b0": 0.1028766239942874,
    "b1": 0.0019286623402895858,
    "b2": 0.0645958694445786,
    "b3": 0.05879880704515747,
    "t1": 2.901197326291078,
    "t2": 41.35337942268674
}