{
    "b0": 0.1668871172385754,
    "b1": -0.05503871813645965,
    "b2": -0.04362481537393678,
    "b3": -0.12026970287824312,
    "t1": 0.6834599876464287,
    "t2": 5.024916986506957
}