{
    "b0": 0.1044215802851192,
    "b1": 0.012940865257299773,
    "b2": -0.04320677718281564,
    "b3": 0.031438953161487045,
    "t1": 0.7786795797509676,
    "t2": 1.0869655210020097
}