{
    "b0": 10.55132927625049,
    "b1": 1.288735344279731,
    "b2": 1.0531556368918753,
    "b3": 2.957533677158461,
    "t1": 5.309619993527496,
    "t2": 31.271581830556563
}