{
    "b0": 0.11471956610706313,
    "b1": 0.012431580801985366,
    "b2": -0.01653289412254748,
    "b3": 0.01544518205609145,
    "t1": 0.938842386697408,
    "t2": 3.817650522911793
}