{
    "b0": 0.10230899982079607,
    "b1": 0.01689724213831584,
    "b2": 0.015618904249428009,
    "b3": -0.007202041201375407,
    "t1": 0.24818167508038433,
    "t2": 0.8138613569255446
}