{
    "b0": 0.12106186267605946,
    "b1": -0.014482159293151716,
    "b2": 0.13685049697718737,
    "b3": -0.147911109044696,
    "t1": 23.527659092423903,
    "t2": 31.068728519352952
}