{
    "b0": 13.265574834684157,
    "b1": -2.1687781909430752,
    "b2": -1.0526786268165162,
    "b3": -4.625652334747686,
    "t1": 25.126704577855197,
    "t2": 96.87017246719265
}