{
    "b0": 0.12675823329301975,
    "b1": 0.004013758033233224,
    "b2": -0.012231889355287772,
    "b3": -0.0044459227910808455,
    "t1": 0.43625522479400414,
    "t2": 2.7167768277215507
}