{
    "b0": 0.10401612888081264,
    "b1": 0.023344850840379835,
    "b2": -0.009577523444897224,
    "b3": 0.06739284537736794,
    "t1": 2.9046698500185038,
    "t2": 28.63240568634424
}