{
    "b0": 0.12709902935510034,
    "b1": -0.015419508992891656,
    "b2": -0.018958286785948845,
    "b3": 0.0011763095453159525,
    "t1": 0.48109625606661544,
    "t2": 1.406102562365233
}