{
    "b0": 0.11918976979976623,
    "b1": -0.00915572996143145,
    "b2": 0.015437288980084996,
    "b3": -0.03318869063123443,
    "t1": 21.49404350139705,
    "t2": 51.0028654184605
}