{
    "b0": 0.09726173744336267,
    "b1": 0.025889915300125528,
    "b2": -0.008394780210442362,
    "b3": 0.0065855587972302055,
    "t1": 0.7708704982372425,
    "t2": 3.8331150424997427
}