{
    "b0": 9.929949765721032,
    "b1": -2.367532154836668,
    "b2": 24.52837470483471,
    "b3": 4.70515486006625,
    "t1": 2.0798026913008485,
    "t2": 73.15568203557831
}