{
    "b0": 11.780126070703444,
    "b1": -0.4488963362654639,
    "b2": 5.154642448337074,
    "b3": 2.280591819155372,
    "t1": 1.4571830088154263,
    "t2": 27.71894687025073
}