{
    "b0": 0.11830822799119503,
    "b1": -1.2793644807518298,
    "b2": 2.0834095806402146,
    "b3": -0.2731875898245908,
    "t1": 2.156329575892759,
    "t2": 8.677056557384208
}