{
    "b0": 11.830292011070568,
    "b1": -0.7286546577098407,
    "b2": 35.20256607639397,
    "b3": -36.380915307746264,
    "t1": 66.47642276065893,
    "t2": 67.75014328069727
}