{
    "b0": 0.10532350479833484,
    "b1": 2.773503347961715,
    "b2": -14.345957285833963,
    "b3": 4.782547376026477,
    "t1": 2.0,
    "t2": 5.0
}