{
    "b0": 0.12753384431326484,
    "b1": 0.0034765348718130717,
    "b2": -0.012744609061292291,
    "b3": -0.005347649500086686,
    "t1": 0.43561492982724204,
    "t2": 2.7351335018920704
}