{
    "b0": 12.085092371243208,
    "b1": -0.7130684126233628,
    "b2": 0.005972168627415675,
    "b3": -2.8593109236199643,
    "t1": 17.114780991850274,
    "t2": 72.28378788153233
}