{
    "b0": 0.23993563459790088,
    "b1": -0.1304349812174234,
    "b2": 0.4365657076284911,
    "b3": -0.6582689870020674,
    "t1": 4.66497318170407,
    "t2": 6.076049146789303
}