{
    "b0": 0.1026143639163886,
    "b1": 0.02038990309650511,
    "b2": 0.021073126043603205,
    "b3": 0.0575798318741575,
    "t1": 4.79545154423283,
    "t2": 40.48679011582482
}