{
    "b0": 0.11109353817488017,
    "b1": 0.0035535056284420456,
    "b2": -0.015954255782131246,
    "b3": 0.009419407427313401,
    "t1": 0.5514631771034526,
    "t2": 1.8182023370847844
}