{
    "b0": 0.12246727654455047,
    "b1": 1.0257836137709742,
    "b2": -5.295207994825139,
    "b3": 1.7942253161179798,
    "t1": 2.0,
    "t2": 5.0
}