{
    "b0": 12.039564909044604,
    "b1": -0.5698326153484463,
    "b2": 5.3195411066332925,
    "b3": 2.012676072860213,
    "t1": 1.3830965097520491,
    "t2": 24.093878596329372
}