{
    "b0": 0.1145077333885493,
    "b1": -0.0047765431342692245,
    "b2": 0.011267413773550543,
    "b3": -0.003645566652695092,
    "t1": 2.0,
    "t2": 5.0
}