{
    "b0": 10.134442839616542,
    "b1": 1.7192581055826102,
    "b2": 1.5539580191145117,
    "b3": 3.873736111221493,
    "t1": 9.661627513559482,
    "t2": 51.355626002177694
}