{
    "b0": 0.10596497055275571,
    "b1": 0.3348375335788298,
    "b2": -1.7027275434250346,
    "b3": 0.643997564582638,
    "t1": 2.0,
    "t2": 5.0
}