{
    "b0": 9.728222385609056,
    "b1": 2.6571276712228054,
    "b2": 1.2450859421609768,
    "b3": 3.4705558613342165,
    "t1": 34.02298330252034,
    "t2": 100.64528361906653
}