{
    "b0": 0.10556844144489658,
    "b1": 1.133094715766858,
    "b2": -2.35003748843754,
    "b3": 0.5854152606108719,
    "t1": 2.0,
    "t2": 5.0
}