{
    "b0": 12.170324765432152,
    "b1": -0.9650528576835997,
    "b2": -1.566967130228938,
    "b3": -3.2840366678390285,
    "t1": 5.7816551789825885,
    "t2": 70.21358718190588
}