{
    "b0": 0.11956505282612238,
    "b1": -0.008171067664706272,
    "b2": -0.027762246022868194,
    "b3": 0.021325001758523473,
    "t1": 0.48176551159138803,
    "t2": 0.6230919092065155
}