{
    "b0": 11.378329448447664,
    "b1": -0.787161963972737,
    "b2": 10.702796128443536,
    "b3": 2.356303213450298,
    "t1": 2.0864172417558504,
    "t2": 54.1207110541957
}