{
    "b0": 0.10923908447024142,
    "b1": 0.017844990448504745,
    "b2": -0.02085209403001975,
    "b3": 0.027238717537061943,
    "t1": 1.1991560947616864,
    "t2": 4.117229641457843
}