{
    "b0": 0.12581264484919077,
    "b1": 0.004356832337463719,
    "b2": -0.002247428624011832,
    "b3": -0.015608900241922383,
    "t1": 1.6951468472542746,
    "t2": 0.5619777081087518
}