{
    "b0": 9.79678507418011,
    "b1": 2.6235293067144223,
    "b2": -0.0034533754155636753,
    "b3": 3.798549442148464,
    "t1": 34.86826752275302,
    "t2": 85.84833502427425
}