{
    "b0": 0.11433843249889958,
    "b1": 0.09785107393350925,
    "b2": -0.445621005923814,
    "b3": 0.15683157310190082,
    "t1": 2.2215059075297177,
    "t2": 9.247243645431809
}