{
    "b0": 0.12020002565831286,
    "b1": -0.00660777738479634,
    "b2": 0.031153856176666325,
    "b3": -0.028086803869208095,
    "t1": 1.0000000517041836,
    "t2": 0.5064904121944259
}