{
    "b0": 0.25417507831432073,
    "b1": -0.14403583397531333,
    "b2": 0.3673700231259607,
    "b3": -0.6290623112538084,
    "t1": 5.865709471157173,
    "t2": 7.679593698408011
}