{
    "b0": 0.10218408640403025,
    "b1": 0.017957424568005337,
    "b2": -0.00713893203066214,
    "b3": 0.05621364486654977,
    "t1": 4.729323690098681,
    "t2": 24.255641161049425
}