{
    "b0": 0.1171126803076483,
    "b1": -1.9934816767399361,
    "b2": 10.356599091394981,
    "b3": -3.4500567760040797,
    "t1": 2.0,
    "t2": 5.0
}