{
    "b0": 0.12564674695639894,
    "b1": 0.004159361886281948,
    "b2": -0.005047674593997065,
    "b3": -0.013495648963343532,
    "t1": 1.6689153247176678,
    "t2": 0.6002740981500874
}