{
    "b0": 0.10436412138298438,
    "b1": 0.02028946194501558,
    "b2": -0.01871894540856881,
    "b3": -0.002767236783131923,
    "t1": 0.9672588641058029,
    "t2": 4.092562755566951
}