{
    "b0": 0.11484031962490705,
    "b1": 3.1893644728793977,
    "b2": -16.512077621573226,
    "b3": 5.485750301703854,
    "t1": 2.0,
    "t2": 5.0
}