{
    "b0": 11.792718537513185,
    "b1": -0.6876017007349531,
    "b2": 104.38480630384352,
    "b3": -105.49444736345488,
    "t1": 66.16620410115213,
    "t2": 66.55618710426079
}