{
    "b0": 10.71882568558599,
    "b1": -1.026829271440606,
    "b2": 4.526152976692265,
    "b3": 1.9698689204204451,
    "t1": 0.9060691647177972,
    "t2": 22.12391099698013
}