{
    "b0": 0.12116775384880146,
    "b1": -0.011337133579588085,
    "b2": 0.012053514605486657,
    "b3": 0.01385889497947163,
    "t1": 2.0,
    "t2": 5.0
}