{
    "b0": 11.47387871966833,
    "b1": -0.39728088049957677,
    "b2": -183.5526134048231,
    "b3": 182.66528082716567,
    "t1": 44.22196833199605,
    "t2": 44.019039828997656
}