{
    "b0": 0.1299842411825244,
    "b1": 0.00138624885279196,
    "b2": -0.01452344040156011,
    "b3": -0.012987544689813021,
    "t1": 0.47143013204645356,
    "t2": 2.884352578803016
}