{
    "b0": 0.12731029557376033,
    "b1": -0.017186467534768907,
    "b2": 0.01191113758174651,
    "b3": -0.024906569252032766,
    "t1": 2.0,
    "t2": 5.0
}