{
    "b0": 0.11543169698294341,
    "b1": -0.023876251516096073,
    "b2": 0.12080431304597111,
    "b3": -0.08387215022800257,
    "t1": 2.0,
    "t2": 5.0
}