{
    "b0": 0.21661078899239736,
    "b1": -0.10675150316487585,
    "b2": 0.6574263538772905,
    "b3": -0.83961006953541,
    "t1": 5.333342097640562,
    "t2": 6.180333854628641
}