{
    "b0": 12.5360734116615,
    "b1": -1.4243404494488185,
    "b2": 5.243704996616402,
    "b3": -7.55954628455174,
    "t1": 91.69294278040877,
    "t2": 109.9270833701011
}