{
    "b0": 0.10244668611233827,
    "b1": 0.026139687027995392,
    "b2": -0.05255330498415097,
    "b3": 0.06966665076377535,
    "t1": 2.8741025975912633,
    "t2": 21.753971627744914
}