{
    "b0": 0.10080879395866034,
    "b1": 0.021451847019415028,
    "b2": -0.010720862178743807,
    "b3": 0.001360555468167009,
    "t1": 0.8332162421740363,
    "t2": 3.827842914217011
}