{
    "b0": 0.09984219326604482,
    "b1": 0.0252099804031958,
    "b2": -0.021338395165055927,
    "b3": 0.01655983869991135,
    "t1": 1.150037571444161,
    "t2": 4.208873916386368
}