{
    "b0": 0.11867531313733995,
    "b1": 0.5562106465543026,
    "b2": -1.1693503366910707,
    "b3": 0.31727623916564146,
    "t1": 2.0,
    "t2": 5.0
}