{
    "b0": 11.942106190001503,
    "b1": -0.8179316439042115,
    "b2": 4.29204516717044,
    "b3": 2.3843451995142826,
    "t1": 0.6258817563381537,
    "t2": 22.24828798175093
}