{
    "b0": 0.11958291046037584,
    "b1": -0.010273241360463734,
    "b2": 0.027191889738771947,
    "b3": 0.020824469972467306,
    "t1": 2.0,
    "t2": 5.0
}