{
    "b0": 12.05607794200516,
    "b1": -0.6689561487267661,
    "b2": -0.4724130957044669,
    "b3": -2.7095961162816096,
    "t1": 10.536606125101526,
    "t2": 70.62616010992943
}