{
    "b0": 0.10177091330306376,
    "b1": 0.021893476196780587,
    "b2": -0.03161453067668847,
    "b3": -0.0270130647175324,
    "t1": 3.1951680845260064,
    "t2": 0.8824244808574532
}