{
    "b0": 0.3591723996424429,
    "b1": -0.24918100200979737,
    "b2": 0.3611467109239759,
    "b3": -0.8277958293725309,
    "t1": 6.244377437303449,
    "t2": 8.93535783176926
}