{
    "b0": 0.12807674130003693,
    "b1": -0.01910164403244507,
    "b2": 0.019478386978258953,
    "b3": -0.058136701850008576,
    "t1": 22.255213356279505,
    "t2": 60.512870636907266
}