{
    "b0": 11.821923291504644,
    "b1": -0.7252843526615882,
    "b2": -0.13024998799413623,
    "b3": -1.7718908215157445,
    "t1": 27.441097118250873,
    "t2": 103.64712742877525
}