{
    "b0": 0.12548716687947317,
    "b1": 0.0037230274235814124,
    "b2": -0.012130025914608811,
    "b3": 0.000326895093835427,
    "t1": 0.7724445953019776,
    "t2": 3.4409379242482943
}