{
    "b0": 0.12631408495081367,
    "b1": 0.0032818027057726924,
    "b2": -0.011775282106154958,
    "b3": -0.0013738118523383062,
    "t1": 0.7336569597187534,
    "t2": 3.2456589964215525
}