{
    "b0": 0.12186655346448916,
    "b1": 0.007499195498799039,
    "b2": -0.017047762581501525,
    "b3": 0.002991369076824722,
    "t1": 0.7930274156781039,
    "t2": 3.5130733492078434
}