{
    "b0": 11.6793731989764,
    "b1": -0.5505575595946924,
    "b2": -0.19847719247219087,
    "b3": -0.8487596189980324,
    "t1": 62.38776947610048,
    "t2": 126.25474956747898
}