{
    "b0": 0.11597437718877274,
    "b1": 0.0113202699888411,
    "b2": -0.016041199115084573,
    "b3": 0.01350569749456857,
    "t1": 0.8670039823740552,
    "t2": 3.411425873961109
}