{
    "b0": 11.411764783379379,
    "b1": 0.26440000848932943,
    "b2": -1.538909910091123,
    "b3": -1.2037743985344105,
    "t1": 2.6781174884554306,
    "t2": 64.40357970038215
}