{
    "b0": 0.10371224071797269,
    "b1": 0.020735595108721132,
    "b2": -0.021807947245978183,
    "b3": -0.0007957466764625283,
    "t1": 1.2073735791136833,
    "t2": 4.526351254124246
}