{
    "b0": 0.12131189574067,
    "b1": -0.013177127739804714,
    "b2": 0.038109207395682736,
    "b3": -0.05727664273352834,
    "t1": 15.125058057446461,
    "t2": 35.24653991500771
}