{
    "b0": 10.58347408360626,
    "b1": -1.9098240089118066,
    "b2": 6.8581911967112275,
    "b3": 2.85530816142708,
    "t1": 1.7009009334909315,
    "t2": 27.00938958400419
}