{
    "b0": 0.10881193232156225,
    "b1": 0.016724899701707242,
    "b2": 0.0032053865051235777,
    "b3": 0.003409478616428355,
    "t1": 0.43155895568229674,
    "t2": 1.0580645888346112
}