{
    "b0": 0.11972413972696455,
    "b1": -0.007068379084559258,
    "b2": -0.13553167040468292,
    "b3": 0.12989922750624738,
    "t1": 0.6166527941871337,
    "t2": 0.6819826101363663
}