{
    "b0": 11.44842220704559,
    "b1": -0.3542331891961672,
    "b2": 285.07675699625304,
    "b3": -285.8952093878495,
    "t1": 41.87207144138802,
    "t2": 41.98431924269572
}