{
    "b0": 0.170272641808867,
    "b1": -0.06125201218648586,
    "b2": 0.05750838408827275,
    "b3": -0.1339713353144028,
    "t1": 2.0,
    "t2": 5.0
}