{
    "b0": 0.10193461194307596,
    "b1": 0.02050489468738456,
    "b2": -0.012256463537360325,
    "b3": -0.0029241420378318178,
    "t1": 0.8283629454852384,
    "t2": 3.8716957943656505
}