{
    "b0": 0.1296811975360299,
    "b1": 0.0004529986288232483,
    "b2": -0.014012277848491001,
    "b3": -0.015458466780180565,
    "t1": 0.5600041612696485,
    "t2": 3.124783024799596
}