{
    "b0": 0.11342071367959834,
    "b1": 0.01395209324060237,
    "b2": -0.017339037628278296,
    "b3": 0.018528425264942257,
    "t1": 0.9430573493123038,
    "t2": 3.693798331678111
}