{
    "b0": 0.09988988597056392,
    "b1": 0.024999934581157682,
    "b2": -0.019327022023672147,
    "b3": 0.01800268167219029,
    "t1": 1.134264891590921,
    "t2": 4.152199597820615
}