{
    "b0": 0.11768623746200702,
    "b1": -0.34189677916447864,
    "b2": 1.7803830535707441,
    "b3": -0.6691724391692399,
    "t1": 2.0,
    "t2": 5.0
}