{
    "b0": 12.92002751309394,
    "b1": -1.829234791032961,
    "b2": 213.40457682389666,
    "b3": -215.9514504921954,
    "t1": 104.53012434976519,
    "t2": 105.10017185467947
}