{
    "b0": 0.1192302562031897,
    "b1": -0.009113805754283628,
    "b2": 0.00975123638500941,
    "b3": -0.029005691430781518,
    "t1": 18.774723910767385,
    "t2": 52.22619093821672
}