{
    "b0": 0.0981194962928924,
    "b1": 0.02527820649687163,
    "b2": 0.004917726966679416,
    "b3": 0.0004883479473154848,
    "t1": 0.44816084392409783,
    "t2": 3.4419617997753122
}