{
    "b0": 10.9945725178256,
    "b1": 0.3724235595491032,
    "b2": -0.06391341308854159,
    "b3": 1.5938203321541609,
    "t1": 2.550965888226857,
    "t2": 8.4231606608428
}