{
    "b0": 0.12346055132968635,
    "b1": 0.05285106379051357,
    "b2": -0.24681602509161987,
    "b3": 0.1229979525060585,
    "t1": 2.0,
    "t2": 5.0
}