{
    "b0": 0.11212287258543614,
    "b1": 0.0024684343271804735,
    "b2": -0.055461187416117864,
    "b3": 0.04678120581376543,
    "t1": 0.7240501447274073,
    "t2": 0.8996725427587879
}