{
    "b0": 0.09810287776731914,
    "b1": 0.025448119484958957,
    "b2": -0.006582432338152909,
    "b3": 0.0012824735518835936,
    "t1": 0.7132582080899028,
    "t2": 3.6815405351449635
}