{
    "b0": 10.531969912154356,
    "b1": -0.33580808205847656,
    "b2": 6.815004592076453,
    "b3": 2.6605868222983085,
    "t1": 1.4023399704853112,
    "t2": 28.564289792124523
}