{
    "b0": 0.09965687612614126,
    "b1": 0.024614827107677612,
    "b2": -0.018294627327118715,
    "b3": 0.008423733406944637,
    "t1": 0.9930354460141528,
    "t2": 4.039020278454478
}