{
    "b0": 12.43452158417625,
    "b1": -1.3230121240478554,
    "b2": -0.23539797091624493,
    "b3": -2.883535216313864,
    "t1": 44.344322529540236,
    "t2": 129.881378532167
}