{
    "b0": 12.003884727296924,
    "b1": -0.8989143980742567,
    "b2": 347.94691907459435,
    "b3": -349.3777198116737,
    "t1": 71.69893298333652,
    "t2": 71.85186552136484
}