{
    "b0": 0.12372119854196367,
    "b1": 0.1754099529831087,
    "b2": -0.888718537683883,
    "b3": 0.3398244755440769,
    "t1": 2.0,
    "t2": 5.0
}