{
    "b0": 0.11287219741267751,
    "b1": -0.04553165584355364,
    "b2": 0.24097686035245208,
    "b3": -0.10975492837282422,
    "t1": 2.0,
    "t2": 5.0
}