{
    "b0": 12.420604102557204,
    "b1": 0.7496702201841994,
    "b2": 0.09049649690512068,
    "b3": 1.4873861344011656,
    "t1": 2.788033601251083,
    "t2": 12.44494498602107
}