{
    "b0": 11.407655077664936,
    "b1": -0.11736976554172873,
    "b2": -1.3647702898199006,
    "b3": -1.0618358379061459,
    "t1": 2.856442622500977,
    "t2": 59.609523668928254
}