{
    "b0": 0.1082214738142308,
    "b1": 0.002206697988592455,
    "b2": 0.013718920304761123,
    "b3": 0.02753830868998161,
    "t1": 2.0,
    "t2": 5.0
}