{
    "b0": 0.1238791768507063,
    "b1": 0.009088722654718683,
    "b2": -0.015097235293788838,
    "b3": -0.0031358508063601426,
    "t1": 0.6426888621673993,
    "t2": 0.15404536498386495
}