{
    "b0": 0.12580550718503153,
    "b1": 0.005935073170490301,
    "b2": -0.011366451262146816,
    "b3": -0.0024117725533075846,
    "t1": 0.47385977047469185,
    "t2": 2.8408909293044005
}