{
    "b0": 0.11484787039704636,
    "b1": -0.007434963508902572,
    "b2": 0.03226783293127208,
    "b3": -0.0451284398161211,
    "t1": 2.0,
    "t2": 5.0
}