{
    "b0": 0.12477959626921377,
    "b1": -0.013355111300048345,
    "b2": 0.5633386281432361,
    "b3": -0.5722951067036143,
    "t1": 0.7260417559195046,
    "t2": 0.7165216441121401
}