{
    "b0": 0.10365893234975332,
    "b1": 0.006419290311191012,
    "b2": 0.007954568155788872,
    "b3": 0.05319850847103608,
    "t1": 2.0,
    "t2": 5.0
}