{
    "b0": 0.10262079546237649,
    "b1": 0.02432946905762942,
    "b2": 0.009166017684089377,
    "b3": 0.05616931934666716,
    "t1": 2.987885591992255,
    "t2": 37.25511080535372
}