{
    "b0": 0.11983308915287173,
    "b1": -0.00645519680864868,
    "b2": 0.33947939953455136,
    "b3": -0.33767895612914295,
    "t1": 0.6813446690820476,
    "t2": 0.6481373740900702
}