{
    "b0": 0.10075105711431291,
    "b1": 0.01726875013506296,
    "b2": 0.05618118901025293,
    "b3": 0.056570425308803816,
    "t1": 2.7408117386157533,
    "t2": 45.42505766040666
}