{
    "b0": 0.1177434358283849,
    "b1": -0.006378879854942634,
    "b2": -0.11030950227691146,
    "b3": 0.10647003530113468,
    "t1": 0.5502024459506232,
    "t2": 0.579112641415885
}