{
    "b0": 0.09937993308252181,
    "b1": 0.024732474825023644,
    "b2": -0.011926607725060646,
    "b3": -0.027896367001558772,
    "t1": 2.093860266806282,
    "t2": 0.9504734535870727
}