{
    "b0": 0.4797318682614707,
    "b1": -0.369359800328141,
    "b2": 0.2643662291360999,
    "b3": -0.9965831191798935,
    "t1": 6.10750853237397,
    "t2": 10.477663526378057
}