{
    "b0": 0.10341005117203754,
    "b1": 0.021278562239536003,
    "b2": -0.02075990298578691,
    "b3": 0.0008066238568928902,
    "t1": 1.0203056355824591,
    "t2": 4.08262266637744
}