{
    "b0": 0.12576188878732192,
    "b1": 0.0062188132940653364,
    "b2": -0.011317038258510636,
    "b3": -0.0052205164050237365,
    "t1": 0.48799290498946224,
    "t2": 2.815503265325059
}