{
    "b0": 0.15533899643701155,
    "b1": -0.043711552727228764,
    "b2": -0.034885884097115336,
    "b3": -0.09361497035473511,
    "t1": 0.6571576879462234,
    "t2": 4.941242690426689
}