{
    "b0": 0.12211823097711995,
    "b1": 0.007155491641961365,
    "b2": -0.016289738883009584,
    "b3": -0.005360885235273925,
    "t1": 0.7335356752090876,
    "t2": 3.413019981839531
}