{
    "b0": 0.11699098501125828,
    "b1": 0.011784142432366387,
    "b2": -0.014927009174468332,
    "b3": 0.006065932755554936,
    "t1": 0.8087608307460905,
    "t2": 3.4252546499534793
}