{
    "b0": 0.12517194723227834,
    "b1": -0.013924728937465974,
    "b2": -0.01158759702694482,
    "b3": -0.024765672557992453,
    "t1": 0.48080103318468764,
    "t2": 3.8708110148562374
}