{
    "b0": 0.10076759052391797,
    "b1": 0.02253483671689946,
    "b2": -0.0145735904604524,
    "b3": -0.02613771696263651,
    "t1": 2.873219050739435,
    "t2": 0.9308149414528605
}