{
    "b0": 13.084624901344494,
    "b1": -1.9410816735671288,
    "b2": -1.250182429551356,
    "b3": -4.5898792504388535,
    "t1": 23.702812077100678,
    "t2": 115.97323445625423
}