{
    "b0": 0.1025939894564217,
    "b1": 8.205081632784308,
    "b2": -42.46767000370629,
    "b3": 13.992027105207603,
    "t1": 2.0,
    "t2": 5.0
}