{
    "b0": 0.12318605660573058,
    "b1": 0.025792871871390805,
    "b2": -0.10339468759584838,
    "b3": 0.07270584625161208,
    "t1": 2.0,
    "t2": 5.0
}