{
    "b0": 0.1371757868597892,
    "b1": -0.02807015502447642,
    "b2": 0.03818147278107616,
    "b3": -0.022068569862959082,
    "t1": 2.0,
    "t2": 5.0
}