{
    "b0": 0.12007093410059903,
    "b1": -0.01003675434177905,
    "b2": 0.007668783718429365,
    "b3": -0.023407386501635166,
    "t1": 2.0,
    "t2": 5.0
}