{
    "b0": 11.274881813753504,
    "b1": 1.3589507704890593,
    "b2": 0.010542511613528927,
    "b3": 2.1432801257685954,
    "t1": 26.909859642718512,
    "t2": 65.61116677457771
}