{
    "b0": 0.1066277126304181,
    "b1": 0.00873689838919775,
    "b2": 0.028070343230553227,
    "b3": -0.03972590798584559,
    "t1": 1.0000001023261735,
    "t2": 0.7714649253148036
}