{
    "b0": 0.11980754996107959,
    "b1": -0.8712942661838535,
    "b2": 1.8359153507694308,
    "b3": -0.47275827263122266,
    "t1": 2.0,
    "t2": 5.0
}