{
    "b0": 0.10022464365921495,
    "b1": 0.02516229811111169,
    "b2": -0.00557118714397899,
    "b3": 0.06100088517201015,
    "t1": 9.790779621858384,
    "t2": 43.97847798075527
}