{
    "b0": 0.12288171602294934,
    "b1": 0.006230924198393222,
    "b2": -0.016972246483018354,
    "b3": 0.0019134979127567561,
    "t1": 0.5482710235519321,
    "t2": 2.7998660811716745
}