{
    "b0": 0.32357410002392145,
    "b1": -0.21279101216685298,
    "b2": -0.3045798592472135,
    "b3": 0.06082717926820371,
    "t1": 15.39941850219388,
    "t2": 3.5255457960991397
}