{
    "b0": 10.7163804322317,
    "b1": 1.1335028271033152,
    "b2": 1.075264630991101,
    "b3": 2.814989935414102,
    "t1": 2.368098416179046,
    "t2": 24.087396888267584
}