{
    "b0": 0.12321274850352464,
    "b1": -0.013996266631148002,
    "b2": 0.024617085130210558,
    "b3": -0.05080637477476785,
    "t1": 21.901692417204725,
    "t2": 53.59987946192428
}