{
    "b0": 0.10828544024195065,
    "b1": 0.017874720157842028,
    "b2": -0.014862820716988029,
    "b3": 0.02058488987303661,
    "t1": 1.0273240007827664,
    "t2": 3.8797126604291963
}