{
    "b0": 10.475761681685386,
    "b1": -120.37470214034137,
    "b2": 134.30679441136775,
    "b3": 2.7172133388968263,
    "t1": 0.7130312000124444,
    "t2": 31.525592760917633
}