{
    "b0": 0.10462576561340513,
    "b1": 0.09880717123807506,
    "b2": -0.4908649464173555,
    "b3": 0.2827775667833168,
    "t1": 2.0,
    "t2": 5.0
}