{
    "b0": 0.11840423898525423,
    "b1": 0.06807473780538317,
    "b2": -0.1662026638373089,
    "b3": 0.11832735969104291,
    "t1": 2.0,
    "t2": 5.0
}