{
    "b0": 12.028773669239541,
    "b1": -0.6496168339087505,
    "b2": -0.3193875950498001,
    "b3": -2.506607840596603,
    "t1": 11.930598420710469,
    "t2": 71.1318691514423
}