{
    "b0": 10.06791754931427,
    "b1": 2.333096824369533,
    "b2": 0.01692014638757522,
    "b3": 3.695747314465644,
    "t1": 27.066903464640756,
    "t2": 78.00825839757071
}