{
    "b0": 12.45079600698732,
    "b1": -1.373752103640892,
    "b2": -134.6648539462577,
    "b3": 132.64385380601144,
    "t1": 96.41652712489166,
    "t2": 95.54078253493768
}