{
    "b0": 11.818938377831667,
    "b1": -0.7050261669611009,
    "b2": 0.24973058411968863,
    "b3": -1.6558076925356033,
    "t1": 59.66200747954434,
    "t2": 114.01238479937793
}