{
    "b0": 0.15544299281743906,
    "b1": -0.046042391864090516,
    "b2": 0.03958910725658098,
    "b3": -0.08501034248888169,
    "t1": 2.0,
    "t2": 5.0
}