{
    "b0": 0.12418989132250245,
    "b1": 0.043183611318617546,
    "b2": -0.1971123333147705,
    "b3": 0.09801855886988144,
    "t1": 2.0,
    "t2": 5.0
}