{
    "b0": 0.11872483494156064,
    "b1": 0.010347551138604038,
    "b2": -0.01608491205065417,
    "b3": 0.0008123923474741821,
    "t1": 0.7544683230606131,
    "t2": 3.5658787690608174
}