{
    "b0": 0.11910571678339223,
    "b1": 0.5922745332538765,
    "b2": -3.0595312127167054,
    "b3": 1.0634481064897057,
    "t1": 2.0,
    "t2": 5.0
}