{
    "b0": 0.1126178901825023,
    "b1": 0.013093127104358416,
    "b2": -0.0007176683034195511,
    "b3": -0.0010353933798707997,
    "t1": 0.5085379222174797,
    "t2": 3.371519005859356
}