{
    "b0": 0.0982348117999071,
    "b1": 0.025625668414570812,
    "b2": -0.012286448420445895,
    "b3": -0.023335317254117527,
    "t1": 1.9042193379719592,
    "t2": 0.8692030073307085
}