{
    "b0": 11.952640004412832,
    "b1": -0.5869470511674564,
    "b2": -0.4593779954057163,
    "b3": -2.4930876068015224,
    "t1": 7.820156411947219,
    "t2": 87.4434720905178
}