{
    "b0": 9.98732851460929,
    "b1": 2.3796308054734254,
    "b2": 0.6268973925356915,
    "b3": 2.0050539641712395,
    "t1": 63.824335250470114,
    "t2": 127.66486649303673
}