{
    "b0": 0.11323915308959795,
    "b1": 0.0018134239176863277,
    "b2": 0.01507420124439116,
    "b3": -0.02490687537288253,
    "t1": 1.0000000484621192,
    "t2": 0.5028775504534437
}