{
    "b0": 0.09938353414852152,
    "b1": 0.02053782268769182,
    "b2": -0.02050399099884507,
    "b3": 0.01911027482763995,
    "t1": 0.9396315830585582,
    "t2": 3.8004839905733037
}