{
    "b0": 0.1169078666021863,
    "b1": 0.027907271661317512,
    "b2": -0.13461550238738862,
    "b3": 0.13034329389527471,
    "t1": 2.0,
    "t2": 5.0
}