{
    "b0": 0.11070161197662783,
    "b1": 0.0038466048522435674,
    "b2": -0.026669416586876223,
    "b3": 0.02475840331507514,
    "t1": 0.7232026047147466,
    "t2": 1.3985667499469487
}