{
    "b0": 0.11194403129892927,
    "b1": 0.01830058074268158,
    "b2": -0.02462177221911324,
    "b3": 0.052056865321485644,
    "t1": 3.80624855210408,
    "t2": 22.606130852826027
}