{
    "b0": 0.12313788342026966,
    "b1": -0.013280666852985033,
    "b2": 0.009459954672103588,
    "b3": -0.02929704938291316,
    "t1": 2.0,
    "t2": 5.0
}