{
    "b0": 0.12387118163858131,
    "b1": -0.015029719228100966,
    "b2": 0.13446010338560754,
    "b3": -0.15491031920938347,
    "t1": 32.56511367490289,
    "t2": 41.96994503013901
}