{
    "b0": 0.1130528428517176,
    "b1": 0.014213019625467277,
    "b2": -0.015027559130356433,
    "b3": 0.020091483322752585,
    "t1": 0.8489080933822042,
    "t2": 3.4177781871384503
}