{
    "b0": 0.09734979359548267,
    "b1": 0.02271235087509304,
    "b2": -0.024054556032890417,
    "b3": 0.027848326187231275,
    "t1": 1.0394463832245386,
    "t2": 3.902859163242913
}