{
    "b0": 0.14984082757396952,
    "b1": -0.03810443995401182,
    "b2": -0.03348650675661434,
    "b3": -0.07581625659729502,
    "t1": 0.5871698692295022,
    "t2": 4.809549923384116
}