{
    "b0": 12.373382331025251,
    "b1": 0.26041288193782286,
    "b2": 2.489931424237253,
    "b3": 1.7525286710326042,
    "t1": 1.493651552893142,
    "t2": 18.16842625254451
}