{
    "b0": 0.10395965237969805,
    "b1": 0.010969985383454027,
    "b2": -0.009906802575280368,
    "b3": 0.01240520686397745,
    "t1": 0.6052471563882045,
    "t2": 2.6833727443337456
}