{
    "b0": 12.030282290717839,
    "b1": 1.8571799623995537,
    "b2": -3.68697415507085,
    "b3": 2.6560015549271667,
    "t1": 2.019056312423985,
    "t2": 19.464967526148577
}