{
    "b0": 0.10334453846160457,
    "b1": 0.021895225577532762,
    "b2": -0.021937958565169863,
    "b3": -0.003619564139568425,
    "t1": 1.2733867700890165,
    "t2": 0.3854421558617138
}