{
    "b0": 0.12301219939151821,
    "b1": 0.03028125231967437,
    "b2": -0.12693963061934915,
    "b3": 0.08285664017083601,
    "t1": 2.0,
    "t2": 5.0
}