{
    "b0": 0.11346492594598669,
    "b1": -0.9028775520503928,
    "b2": 4.6833974415789905,
    "b3": -1.5611181740829907,
    "t1": 2.0,
    "t2": 5.0
}