{
    "b0": 11.911903943275554,
    "b1": -0.7990547418203997,
    "b2": -0.5258867279174677,
    "b3": -2.0242608716532153,
    "t1": 17.98653524799175,
    "t2": 101.36315828800399
}