{
    "b0": 11.319593577057052,
    "b1": 0.05942218400999488,
    "b2": -1570.725180613071,
    "b3": 1569.9838908023921,
    "t1": 74.49368908300902,
    "t2": 74.44508637641161
}