{
    "b0": 0.13007393839155296,
    "b1": -0.01887238414567481,
    "b2": -0.01433818390860029,
    "b3": -0.039353490225830484,
    "t1": 0.5716809343542567,
    "t2": 4.615202768907631
}