{
    "b0": 0.1204365725673301,
    "b1": 0.0075119069117679455,
    "b2": 0.014777520345898637,
    "b3": -0.031141065498617258,
    "t1": 1.0000001081928536,
    "t2": 0.8084604284157206
}