{
    "b0": 0.11240531904019883,
    "b1": 0.0025061872119224353,
    "b2": 0.011475537182155876,
    "b3": -0.021869277757409735,
    "t1": 1.0000000484542502,
    "t2": 0.5004254692658755
}