{
    "b0": 0.10380601259844875,
    "b1": 0.021516390019282364,
    "b2": -0.02120859626361776,
    "b3": -0.008324926340434718,
    "t1": 1.3484036113954776,
    "t2": 0.5390544193806478
}