{
    "b0": 0.12428456335698698,
    "b1": -0.0149715346263899,
    "b2": 0.02825914713920112,
    "b3": -0.05629495107802386,
    "t1": 25.590720164428884,
    "t2": 57.92786294682762
}