{
    "b0": 0.12473417946353148,
    "b1": -0.013793101029841544,
    "b2": 0.037198841454357395,
    "b3": -0.008722081910926032,
    "t1": 2.0,
    "t2": 5.0
}