{
    "b0": 0.11360547959776683,
    "b1": -0.008975839216391928,
    "b2": 0.04833551510928897,
    "b3": -0.04982425075055065,
    "t1": 2.0,
    "t2": 5.0
}