{
    "b0": 0.1319739099958489,
    "b1": -0.02279831166941218,
    "b2": 0.062004338727198384,
    "b3": -0.10106737386725148,
    "t1": 27.6699256731473,
    "t2": 44.73483555142711
}