{
    "b0": 0.10716551064547858,
    "b1": 0.4301508130642773,
    "b2": -2.2004283170592194,
    "b3": 0.7990267451707176,
    "t1": 2.0,
    "t2": 5.0
}