{
    "b0": 0.11528807882464208,
    "b1": -0.11775400395001921,
    "b2": 0.6111696099647935,
    "b3": -0.25090305632105603,
    "t1": 2.0,
    "t2": 5.0
}