{
    "b0": 0.14666771820313765,
    "b1": -0.03680642646167555,
    "b2": 0.05929080949524466,
    "b3": -0.11813964861318547,
    "t1": 3.117199101907091,
    "t2": 5.446754318961412
}