{
    "b0": 0.11327013876690653,
    "b1": -1.3476420193572296,
    "b2": 2.778957170925344,
    "b3": -0.5945693483225878,
    "t1": 2.0,
    "t2": 5.0
}