{
    "b0": 0.11811535738446267,
    "b1": -0.008848151883817925,
    "b2": 0.024366533254261913,
    "b3": -0.004282393758092043,
    "t1": 2.0,
    "t2": 5.0
}