{
    "b0": 0.13758181689804436,
    "b1": -0.02765581763145956,
    "b2": -0.09048547862282091,
    "b3": 0.06044635550649716,
    "t1": 6.190629383141249,
    "t2": 3.855855799327737
}