{
    "b0": 0.11131386288086777,
    "b1": -0.21264636649909022,
    "b2": 1.1146899455561283,
    "b3": -0.3580784943409308,
    "t1": 2.0,
    "t2": 5.0
}