{
    "b0": 10.133085591528573,
    "b1": 1.7219568536033254,
    "b2": 1.1115450458531946,
    "b3": 3.5727528699552464,
    "t1": 14.924591893746594,
    "t2": 57.97931398851213
}