{
    "b0": 13.162314529460193,
    "b1": -2.0972966781432407,
    "b2": -1530.8832368530968,
    "b3": 1527.6742725294268,
    "t1": 54.889751080539085,
    "t2": 54.82421021072948
}