{
    "b0": 0.13806874560603735,
    "b1": -0.02413361701363083,
    "b2": -0.03439338305912852,
    "b3": -0.05559845482108727,
    "t1": 0.43499366221037994,
    "t2": 5.207252135399689
}