{
    "b0": 0.09600126508681733,
    "b1": 0.027543607521596018,
    "b2": -0.014741674544158452,
    "b3": -0.017019047755206414,
    "t1": 1.7411503961886712,
    "t2": 0.7096063736314909
}