{
    "b0": 0.12326242569991346,
    "b1": 0.16768420898311606,
    "b2": -0.3499117664759793,
    "b3": 0.11881703165486171,
    "t1": 2.0,
    "t2": 5.0
}