{
    "b0": 0.12068906474211412,
    "b1": -0.010122123459112214,
    "b2": -0.1391757602098921,
    "b3": 0.146593016328125,
    "t1": 4.097066759598133,
    "t2": 3.6331185886667683
}