{
    "b0": 0.11908977117283179,
    "b1": 0.21975471927622578,
    "b2": -1.1289426838809211,
    "b3": 0.43196796863655296,
    "t1": 2.0,
    "t2": 5.0
}