{
    "b0": 0.10534600328432768,
    "b1": 6.704246249376795,
    "b2": -34.74065795772339,
    "b3": 11.523267656997099,
    "t1": 2.0,
    "t2": 5.0
}