{
    "b0": 11.89844033732834,
    "b1": -1.8591103585241737,
    "b2": 9.083532669811067,
    "b3": 2.2512642431716787,
    "t1": 1.2003908510677226,
    "t2": 28.86860024598623
}