{
    "b0": 0.1735028538421199,
    "b1": -0.06360594190832568,
    "b2": 0.25287410034156205,
    "b3": -0.3608164197778288,
    "t1": 4.944642916082252,
    "t2": 6.147306579370335
}