{
    "b0": 11.316322452640621,
    "b1": -0.054454908681978775,
    "b2": -0.8272265510911166,
    "b3": -0.9745892309774441,
    "t1": 2.0874029421783176,
    "t2": 59.182493056427155
}