{
    "b0": 0.10972796540954528,
    "b1": 0.0002814626637626001,
    "b2": 0.007919881461680997,
    "b3": 0.039284923898465024,
    "t1": 2.0,
    "t2": 5.0
}