{
    "b0": 12.463413828743974,
    "b1": -1.3754459627201028,
    "b2": 84.6366791652577,
    "b3": -86.74690454709867,
    "t1": 93.83881154008174,
    "t2": 95.23519583376694
}