{
    "b0": 0.11820362970594778,
    "b1": -0.004917190730574964,
    "b2": -0.5490475021116391,
    "b3": 0.5460603588587871,
    "t1": 0.5985273300407107,
    "t2": 0.617548412126984
}