{
    "b0": 0.16105518229177945,
    "b1": -0.04968265006130082,
    "b2": -0.0373736262018891,
    "b3": -0.09302137212331592,
    "t1": 0.67528966294394,
    "t2": 4.9853332539627155
}