{
    "b0": 0.10297699077075212,
    "b1": 0.015173411385872082,
    "b2": 0.05372545620501166,
    "b3": 0.05599108706080744,
    "t1": 3.105386896412912,
    "t2": 42.32643514220304
}