{
    "b0": 12.106337575344638,
    "b1": 0.410629986336156,
    "b2": 4.172671355594427,
    "b3": 2.2758724536707775,
    "t1": 2.3128988797819963,
    "t2": 27.39728164133271
}