{
    "b0": 0.11349934119074923,
    "b1": -0.00684098192047022,
    "b2": 0.03733203388886325,
    "b3": -0.04399069562369123,
    "t1": 2.0,
    "t2": 5.0
}