{
    "b0": 0.12081193119568773,
    "b1": 0.008127270935532742,
    "b2": -0.013304149738277236,
    "b3": 0.003041352741412934,
    "t1": 0.6155087561916925,
    "t2": 3.0667377230982265
}