{
    "b0": 0.09978007594007467,
    "b1": 0.0240227068043758,
    "b2": 0.007580647026879441,
    "b3": -0.011614384960335712,
    "t1": 0.3864089216194664,
    "t2": 3.598903446911777
}