{
    "b0": 0.12354336766364654,
    "b1": -0.009818985518216396,
    "b2": 0.5253709821828665,
    "b3": -0.5290197787925046,
    "t1": 0.6840058927990984,
    "t2": 0.6635373906502577
}