{
    "b0": 10.682197372561621,
    "b1": -12.384695631524853,
    "b2": 22.29409196595221,
    "b3": 3.141862888006065,
    "t1": 0.5238724105237385,
    "t2": 24.985846060500382
}