{
    "b0": 12.104057499106306,
    "b1": -5.429618276101204,
    "b2": 9.822063309577947,
    "b3": 1.9148733841632426,
    "t1": 1.3988859872243755,
    "t2": 22.261745948042645
}