{
    "b0": 0.10490964291778324,
    "b1": 0.012372366696672093,
    "b2": 0.3378033399763885,
    "b3": -0.350961902683543,
    "t1": 1.0765014842745284,
    "t2": 1.034761432775268
}