{
    "b0": 0.1340890776781404,
    "b1": -0.02268594762759707,
    "b2": -0.02500625336969388,
    "b3": -0.058668905048955486,
    "t1": 0.5264311023293249,
    "t2": 5.195795809280453
}