{
    "b0": 0.12338625841588564,
    "b1": 0.005505932674906698,
    "b2": 0.006687403357286987,
    "b3": -0.010606217274915376,
    "t1": 0.15672261771011575,
    "t2": 0.7647251626953775
}