{
    "b0": 0.11791096447670106,
    "b1": -0.00786091893930222,
    "b2": 0.009929989619301124,
    "b3": 0.018263991343232484,
    "t1": 2.0,
    "t2": 5.0
}