{
    "b0": 0.12327393988216005,
    "b1": 0.0064046032830072045,
    "b2": -0.01536471627001531,
    "b3": 0.0006639602621697925,
    "t1": 0.711703248798158,
    "t2": 3.22031801818692
}