{
    "b0": 11.615815763688138,
    "b1": 0.9738407005583287,
    "b2": 0.8905022671172332,
    "b3": 2.3406525210320988,
    "t1": 6.541112780827115,
    "t2": 39.4409206826097
}