{
    "b0": 10.552606832732025,
    "b1": 1.785885313090875,
    "b2": 1.1422953170348058,
    "b3": 3.389883769261454,
    "t1": 20.498936503171436,
    "t2": 65.39875721839975
}