{
    "b0": 0.10416832675201074,
    "b1": 0.016771420981838238,
    "b2": -0.007743632998782486,
    "b3": 0.050241497676374286,
    "t1": 3.333577006215108,
    "t2": 24.421300083027884
}