{
    "b0": 0.195797409745866,
    "b1": -0.08552461271174196,
    "b2": 0.14612989290546716,
    "b3": -0.2919681513521166,
    "t1": 4.46939861269263,
    "t2": 6.644241158996126
}