{
    "b0": 10.226019869391976,
    "b1": 2.1095098448553715,
    "b2": 1.7033187754636925,
    "b3": 3.9237539892155056,
    "t1": 16.25760587868581,
    "t2": 70.36405078931959
}