{
    "b0": 0.11839745817814946,
    "b1": -0.017723448494762963,
    "b2": 0.11090378714554389,
    "b3": -0.1240128941510815,
    "t1": 2.0,
    "t2": 5.0
}