{
    "b0": 0.12985082619555827,
    "b1": -0.01996109893390847,
    "b2": 0.013830486721286495,
    "b3": -0.012391881317269184,
    "t1": 2.0,
    "t2": 5.0
}