{
    "b0": 0.24364630968168463,
    "b1": -0.13369402056106575,
    "b2": 0.28791029430438336,
    "b3": -0.5290347971977146,
    "t1": 5.903544354781815,
    "t2": 7.946844338358179
}