{
    "b0": 0.11551711195114499,
    "b1": -0.041414804834562176,
    "b2": 0.10493738942887035,
    "b3": -0.0693659076064724,
    "t1": 2.0,
    "t2": 5.0
}