{
    "b0": 0.09654462827538911,
    "b1": 0.01409677413320395,
    "b2": 0.016257048936180303,
    "b3": 0.05224052767005709,
    "t1": 2.0,
    "t2": 5.0
}