{
    "b0": 12.32119103835519,
    "b1": 0.6911177193323002,
    "b2": 1.117263426164744,
    "b3": 2.0473611170525836,
    "t1": 2.450864517897934,
    "t2": 20.771672869283172
}