{
    "b0": 0.12865665784169283,
    "b1": 0.0012953585461508536,
    "b2": -0.013838489418078224,
    "b3": -0.012804115511902922,
    "t1": 0.5559866266027562,
    "t2": 3.2457673892841954
}