{
    "b0": 12.154392185531592,
    "b1": -0.08771610888420378,
    "b2": 3.701430735662896,
    "b3": 1.8861853110523081,
    "t1": 1.594209510708423,
    "t2": 24.150860045010063
}