{
    "b0": 0.10558714755725818,
    "b1": 2.688787473016609,
    "b2": -13.911866058393375,
    "b3": 4.645459926535421,
    "t1": 2.0,
    "t2": 5.0
}