{
    "b0": 0.11205424439687198,
    "b1": 0.01361387123852169,
    "b2": -0.05010005880523031,
    "b3": 0.039410940558141594,
    "t1": 1.1362466699047138,
    "t2": 1.3445621791211875
}