{
    "b0": 11.80751779842257,
    "b1": -0.6951105818921703,
    "b2": 50.05328371794362,
    "b3": -51.187219666206225,
    "t1": 86.31464066898697,
    "t2": 87.35167629408332
}