{
    "b0": 0.1168157704484834,
    "b1": 0.02000508360253539,
    "b2": -0.09349435085450876,
    "b3": 0.11999703040111703,
    "t1": 2.0,
    "t2": 5.0
}