{
    "b0": 0.10816921197917631,
    "b1": 0.007239118845957531,
    "b2": 0.013658870071635822,
    "b3": -0.02608336317311566,
    "t1": 1.000000045923568,
    "t2": 0.6223903738911126
}