{
    "b0": 0.11461378632484558,
    "b1": -0.0029975049842148943,
    "b2": -0.10831538728461997,
    "b3": 0.10413874072291136,
    "t1": 0.5386382428285301,
    "t2": 0.5871575441078439
}