{
    "b0": 0.11396177315168919,
    "b1": 0.011550194693666697,
    "b2": -0.008483351521822932,
    "b3": -0.0023557065964443435,
    "t1": 0.7474965726121152,
    "t2": 3.721290921465556
}