{
    "b0": 0.1210384714909439,
    "b1": -0.013067794511857269,
    "b2": 0.07251688914395865,
    "b3": -0.08781120211684305,
    "t1": 20.760143683810007,
    "t2": 33.264469752297
}