{
    "b0": 11.470625078644877,
    "b1": -6.8074019310815785,
    "b2": 16.35534277780131,
    "b3": 2.109825026311886,
    "t1": 2.1237374879734956,
    "t2": 51.760330632573236
}