{
    "b0": 0.11905353599753925,
    "b1": -0.009981492788987578,
    "b2": 0.024092601189889394,
    "b3": -0.008057408775741336,
    "t1": 2.0,
    "t2": 5.0
}