{
    "b0": 0.1250690768000002,
    "b1": 0.004631097258838384,
    "b2": -0.014470467929054421,
    "b3": -0.0043187491211127685,
    "t1": 0.8079051255480119,
    "t2": 3.673570432005789
}