{
    "b0": 10.5246140172222,
    "b1": 0.8835381338646133,
    "b2": 3.601863870526389,
    "b3": 3.0649694821393503,
    "t1": 2.3913869272848527,
    "t2": 29.60201421929133
}