{
    "b0": 0.10663592139581132,
    "b1": 0.00858901412236434,
    "b2": 0.022390523427676112,
    "b3": -0.03379924429421993,
    "t1": 1.0000001233348215,
    "t2": 0.7310564751262144
}