{
    "b0": 0.1115821093909141,
    "b1": 0.003614144176846854,
    "b2": 0.0024169065111537126,
    "b3": -0.017392716018563435,
    "t1": 2.489442064745436,
    "t2": 0.47811769432600515
}