{
    "b0": 11.05106721982758,
    "b1": 2.899667181072771,
    "b2": -8.266707166820373,
    "b3": 5.640515464476156,
    "t1": 1.8242080809811756,
    "t2": 3.6522671936641102
}