{
    "b0": 11.814606298418402,
    "b1": -5.519504727912038,
    "b2": 10.087217919757357,
    "b3": 2.2269530681533793,
    "t1": 1.3730194197762091,
    "t2": 27.071130455793607
}