{
    "b0": 0.10542333978014579,
    "b1": 0.004616117807518957,
    "b2": 0.008304566695672127,
    "b3": 0.04845616991636161,
    "t1": 2.0,
    "t2": 5.0
}