{
    "b0": 0.12541015912413636,
    "b1": -0.015896157779821923,
    "b2": 0.021251275470610682,
    "b3": -0.02929835146753375,
    "t1": 2.0,
    "t2": 5.0
}