{
    "b0": 0.1280887914233453,
    "b1": 0.0017398614536556023,
    "b2": -0.014722371014484953,
    "b3": -0.01079207539761588,
    "t1": 0.7452596433191625,
    "t2": 3.514243055929751
}