{
    "b0": 9.801813483368536,
    "b1": 2.539735383421192,
    "b2": 1.615813507222158,
    "b3": 4.265088232497599,
    "t1": 20.992267578203755,
    "t2": 79.94268430167065
}