{
    "b0": 13.073395386148936,
    "b1": -1.9636366189344017,
    "b2": -1.2656388644585783,
    "b3": -4.90687340553413,
    "t1": 11.555579674700141,
    "t2": 61.32001873288186
}