{
    "b0": 0.12520618484999502,
    "b1": -0.01661278187826777,
    "b2": 0.08859293766010617,
    "b3": -0.11328656467015467,
    "t1": 17.800529305143343,
    "t2": 27.176088783454674
}