{
    "b0": 16.077843041866757,
    "b1": -2.5021002058388375,
    "b2": 2184.9350320907115,
    "b3": -2187.510998741373,
    "t1": 91.29862807892297,
    "t2": 91.37961352520139
}