{
    "b0": 15.814880576044992,
    "b1": -2.148974793954941,
    "b2": -1.4116960051907756,
    "b3": -4.043526951491254,
    "t1": 20.71240925247655,
    "t2": 104.8168952800267
}