{
    "b0": 0.14246469704113593,
    "b1": -0.029150453484163688,
    "b2": 0.4266317902107605,
    "b3": -0.3884244893571621,
    "t1": 1.5778404194649411,
    "t2": 1.806303832245634
}