{
    "b0": 0.32136667297626975,
    "b1": -0.21278675098623218,
    "b2": 0.38171242832062224,
    "b3": -0.748699740121922,
    "t1": 3.6924037398450014,
    "t2": 5.802912645554625
}