{
    "b0": 14.228154422002621,
    "b1": -0.7859420377366,
    "b2": -481.44760556068263,
    "b3": 477.7275892351725,
    "t1": 121.75099612362403,
    "t2": 120.82485320925879
}