{
    "b0": 0.1880004886641086,
    "b1": -0.07881255740817218,
    "b2": 0.0790076858708037,
    "b3": -0.19735294013197124,
    "t1": 2.311973211886412,
    "t2": 5.086297720791565
}