{
    "b0": 15.665298418885735,
    "b1": -1.9716870524352634,
    "b2": -1.7608096918828093,
    "b3": -3.7584340571985853,
    "t1": 17.71171858828122,
    "t2": 96.20449701666683
}