{
    "b0": 0.14105436149352849,
    "b1": -0.03234854377766781,
    "b2": 0.20688972603613787,
    "b3": -0.18838850733853735,
    "t1": 1.7055224968779668,
    "t2": 2.119536519195357
}