{
    "b0": 0.1489661940166756,
    "b1": -0.015420429767542328,
    "b2": 0.02891913157399553,
    "b3": -0.05760484513571555,
    "t1": 6.014218634711142,
    "t2": 13.944491439342528
}