{
    "b0": 0.35283010276648663,
    "b1": -0.24348195652221927,
    "b2": 0.5207483591758054,
    "b3": -0.9492656812943925,
    "t1": 4.609832318892674,
    "t2": 6.648533765096225
}