{
    "b0": 0.1486463540693669,
    "b1": -0.014263298607091263,
    "b2": 0.022697529386030778,
    "b3": -0.007413085383247403,
    "t1": 0.6698928926674159,
    "t2": 3.372535749456765
}