{
    "b0": 14.146420703408083,
    "b1": -2.659729766697562,
    "b2": 23713.95017447577,
    "b3": -23717.85229793327,
    "t1": 23.137496068086968,
    "t2": 23.140162909651394
}