{
    "b0": 14.400040549601158,
    "b1": -1.649260495425953,
    "b2": 2760.9364149028816,
    "b3": -2763.49603114301,
    "t1": 10.623380655086523,
    "t2": 10.632357674548588
}