{
    "b0": 0.1347899075283807,
    "b1": -0.026372812552941077,
    "b2": 0.0656052537379982,
    "b3": -0.10663977760968453,
    "t1": 20.254182510551644,
    "t2": 33.43235172573123
}