{
    "b0": 0.15455596714335793,
    "b1": -0.040515571341781804,
    "b2": 0.3092244173521136,
    "b3": -0.30156344407385083,
    "t1": 1.7513006612347672,
    "t2": 2.3759252981419623
}