{
    "b0": 0.15165988161986524,
    "b1": -0.03168068460071699,
    "b2": 0.00020797427568334387,
    "b3": -0.06836673526135018,
    "t1": 17.09908420701759,
    "t2": 43.8700461508747
}