{
    "b0": 0.14888433461922837,
    "b1": -0.034138274751608334,
    "b2": 0.555327566713733,
    "b3": -0.5323977967618294,
    "t1": 1.735716533794837,
    "t2": 2.016821381608607
}