{
    "b0": 0.2776241304025154,
    "b1": -0.16837833643344527,
    "b2": 0.2490668468337908,
    "b3": -0.549186901388768,
    "t1": 3.4477309738593074,
    "t2": 5.734457541943949
}