{
    "b0": 0.13507929595014162,
    "b1": -0.007026892480987838,
    "b2": 0.10926757669062671,
    "b3": -0.06558099720193354,
    "t1": 0.8406151004539542,
    "t2": 1.2676026366143747
}