{
    "b0": 0.16071469878289613,
    "b1": -0.026486426920737147,
    "b2": -0.024984893316411613,
    "b3": -0.06305526977901495,
    "t1": 10.9882173603337,
    "t2": 88.31873766602891
}