{
    "b0": 0.14163419569383245,
    "b1": -0.027995578468599402,
    "b2": 0.024386484924893575,
    "b3": -0.08194758525500749,
    "t1": 9.468798657570074,
    "t2": 25.15301857007631
}