{
    "b0": 0.14343872101432795,
    "b1": -0.020742428396789737,
    "b2": 0.6239011343240548,
    "b3": -0.5776173983974184,
    "t1": 1.4983342196637068,
    "t2": 1.6426249522318006
}