{
    "b0": 0.19952842365858678,
    "b1": -0.08069551270364975,
    "b2": -0.06016398105298877,
    "b3": -0.19645285632289586,
    "t1": 0.355528076233264,
    "t2": 5.058564011006611
}