{
    "b0": 13.613964139193556,
    "b1": -2.5694345285324003,
    "b2": 1606.9862895201222,
    "b3": -1610.7424862212042,
    "t1": 43.76424470496356,
    "t2": 43.82466248017869
}