{
    "b0": 14.002427873213245,
    "b1": -5.435133824297864,
    "b2": -4916.9392003968815,
    "b3": 4921.893962239227,
    "t1": 2.1981719640796773,
    "t2": 2.195380523150952
}