{
    "b0": 13.603559210937924,
    "b1": -1.9739024841186366,
    "b2": -1.0495186359532045,
    "b3": -4.836173371238712,
    "t1": 9.473838642510533,
    "t2": 42.46924942365942
}