{
    "b0": 0.13714306681266408,
    "b1": -0.028124678794113886,
    "b2": 0.030709264329676182,
    "b3": -0.08404877022523122,
    "t1": 20.344115789890218,
    "t2": 45.116733084837996
}