{
    "b0": 0.1593695164626315,
    "b1": -0.03652816161564636,
    "b2": -0.025721033705331804,
    "b3": -0.07088825545233582,
    "t1": 13.803071564365524,
    "t2": 52.85042503350176
}