{
    "b0": 14.784082835458833,
    "b1": -1.3345135765699654,
    "b2": 1.4237778782722297,
    "b3": -6.385401625095471,
    "t1": 72.15831977506032,
    "t2": 203.40091745606026
}