{
    "b0": 13.835545075773837,
    "b1": -2.2858564705684374,
    "b2": -3766.361802773498,
    "b3": 3762.930966350806,
    "t1": 38.25338566047604,
    "t2": 38.23554031137609
}