{
    "b0": 0.15412082286783868,
    "b1": -0.019813276330718436,
    "b2": -0.011527456430712266,
    "b3": -0.04648335775561282,
    "t1": 12.500276880150768,
    "t2": 87.8324283909182
}