{
    "b0": 12.79350917322425,
    "b1": -1.7637870511528053,
    "b2": -630.2777973292281,
    "b3": 627.6502166582661,
    "t1": 56.60493334992369,
    "t2": 56.44815558870327
}