{
    "b0": 0.33904707696545605,
    "b1": -0.20193537484343405,
    "b2": -0.18400654497528546,
    "b3": -0.5584601498158663,
    "t1": 1.242639890371694,
    "t2": 7.985775932038474
}