{
    "b0": 0.13744851528898336,
    "b1": -0.004123257899905546,
    "b2": -0.1265284049993796,
    "b3": 0.1605738487292324,
    "t1": 1.0000001116882424,
    "t2": 0.8821788199116608
}