{
    "b0": 0.16140360979577467,
    "b1": -0.047060986130204104,
    "b2": 0.626812552827486,
    "b3": -0.6288167535014659,
    "t1": 1.9069285611872488,
    "t2": 2.26807275744663
}