{
    "b0": 0.12927403758564177,
    "b1": -0.02070287153192677,
    "b2": 0.02941215199847782,
    "b3": -0.07184327908724722,
    "t1": 12.146968065600959,
    "t2": 32.67725530247844
}