{
    "b0": 0.19213270941618446,
    "b1": -0.06785241437210981,
    "b2": -0.047067165533483224,
    "b3": -0.15599293853318652,
    "t1": 0.3228182822244723,
    "t2": 5.020068734649412
}