{
    "b0": 0.14135160229236224,
    "b1": -0.03163157692823945,
    "b2": 0.4245287496425387,
    "b3": -0.4023382873526404,
    "t1": 1.7747861222201688,
    "t2": 1.9678590639260047
}