{
    "b0": 13.156918493083008,
    "b1": -2.094602188048846,
    "b2": 1612.690613531256,
    "b3": -1615.8895289160819,
    "t1": 58.773381883795146,
    "t2": 58.837460302390674
}