{
    "b0": 14.191731276641452,
    "b1": -2.6276131932927314,
    "b2": -1097.4191680200436,
    "b3": 1093.6702230320739,
    "t1": 40.392384922930184,
    "t2": 40.32885796479645
}