{
    "b0": 0.1543579353576623,
    "b1": -0.016658893405381365,
    "b2": -0.053496952814528015,
    "b3": 0.07085278539706255,
    "t1": 1.1417643958482115,
    "t2": 1.4160590860559847
}