{
    "b0": 0.16390121995379395,
    "b1": -0.034069802918616034,
    "b2": 0.1909091294099992,
    "b3": -0.22496466266172857,
    "t1": 56.77992323260551,
    "t2": 70.76250906104353
}