{
    "b0": 0.13355761779875547,
    "b1": -0.023753572121340993,
    "b2": -0.0011304087420885775,
    "b3": -0.058578552067116124,
    "t1": 20.568828729502727,
    "t2": 75.4265029808176
}