{
    "b0": 0.12914270261036656,
    "b1": -0.003005903446574457,
    "b2": 0.046012957784614866,
    "b3": -0.0009021413408302542,
    "t1": 2.0,
    "t2": 5.0
}