{
    "b0": 0.17352285636042863,
    "b1": -0.039468939172278075,
    "b2": 0.07215855158722262,
    "b3": -0.12456314614016538,
    "t1": 43.39103179885538,
    "t2": 69.04944135865635
}