{
    "b0": 16.843375094899685,
    "b1": -3.382404105429554,
    "b2": -1.7236635527153943,
    "b3": -4.2412362458815025,
    "t1": 43.76136052799493,
    "t2": 126.40943305428364
}