{
    "b0": 18.27501799565217,
    "b1": -4.67698382969005,
    "b2": -1.4484718979725981,
    "b3": -9.528461580997293,
    "t1": 14.017524230158287,
    "t2": 57.74964115868866
}