{
    "b0": 0.1437286069450094,
    "b1": -0.02913684953397007,
    "b2": -0.005414537453623174,
    "b3": -0.07478389646435143,
    "t1": 5.924316130720161,
    "t2": 28.16312822249736
}