{
    "b0": 0.1260075330632486,
    "b1": -0.016932494707188085,
    "b2": 0.1123243401589543,
    "b3": -0.13795886049873454,
    "t1": 25.651852075166616,
    "t2": 33.57326462916868
}