{
    "b0": 0.1636563345868526,
    "b1": -0.054827502369766676,
    "b2": 0.05734151456776297,
    "b3": -0.11493562645917824,
    "t1": 2.0,
    "t2": 5.0
}