{
    "b0": 0.1753225739912369,
    "b1": -0.06651040958851909,
    "b2": 0.06043845055519849,
    "b3": -0.1493116068309053,
    "t1": 2.0,
    "t2": 5.0
}