{
    "b0": 0.20706628426867904,
    "b1": -0.08488056838987568,
    "b2": -0.06873990257126117,
    "b3": -0.1749863986309881,
    "t1": 0.34996392238596397,
    "t2": 5.063385729233861
}