{
    "b0": 0.16068678646000667,
    "b1": -0.043750525931102444,
    "b2": 0.5047568728457569,
    "b3": -0.48383000203174464,
    "t1": 1.7801666125116051,
    "t2": 2.1075848762144442
}