{
    "b0": 13.635332403718712,
    "b1": -2.5945792633891873,
    "b2": 734.3209328457386,
    "b3": -738.3429836402524,
    "t1": 58.50473824580462,
    "t2": 58.70221832770394
}