{
    "b0": 0.17281018880569243,
    "b1": -0.06378102705225572,
    "b2": 0.24855346544713547,
    "b3": -0.32355849080917654,
    "t1": 2.7549594619850577,
    "t2": 3.829335383996186
}