{
    "b0": 0.16566438939939976,
    "b1": -0.05689801723390548,
    "b2": 0.07200338484647235,
    "b3": -0.13018715299042882,
    "t1": 2.2230979632777643,
    "t2": 5.023335981354433
}