{
    "b0": 0.1371109969173135,
    "b1": -0.026122384745042002,
    "b2": 0.058069121317315335,
    "b3": -0.03327045285195085,
    "t1": 1.1028850511559931,
    "t2": 1.8640754239134205
}