{
    "b0": 0.1370206028477844,
    "b1": -0.02682521849478378,
    "b2": 0.0040399627505604,
    "b3": -0.0625405902148032,
    "t1": 10.062324449733772,
    "t2": 40.195724596475756
}