{
    "b0": 0.15006488955237576,
    "b1": -0.017396376270647242,
    "b2": 0.02770518718213123,
    "b3": 0.03423030016815066,
    "t1": 1.27349704691228,
    "t2": 4.693200151730444
}