{
    "b0": 0.12404895504871735,
    "b1": 0.015376947489837464,
    "b2": -0.027677803634727043,
    "b3": 0.057101923643781284,
    "t1": 2.37465206914203,
    "t2": 5.958090624131728
}