{
    "b0": 14.18728472287772,
    "b1": -2.6437730444070793,
    "b2": 1504.5578072854403,
    "b3": -1508.3183430238457,
    "t1": 38.3762198080377,
    "t2": 38.42086504983424
}