{
    "b0": 0.13189149284240884,
    "b1": -0.023904690766827434,
    "b2": 0.03878202658698342,
    "b3": -0.08352885969885174,
    "t1": 20.406534960171953,
    "t2": 47.31745894276578
}