{
    "b0": 0.14277928253022992,
    "b1": -0.0235038518434742,
    "b2": 0.04002709837882344,
    "b3": -0.06227292856817085,
    "t1": 3.958707848825725,
    "t2": 10.308957441047824
}