{
    "b0": 0.12634791220785288,
    "b1": -0.018616010090040075,
    "b2": 0.03738834546194955,
    "b3": -0.06888567166064309,
    "t1": 16.318899056458417,
    "t2": 37.93118144593488
}