{
    "b0": 0.15832998101742138,
    "b1": -0.025367681396994562,
    "b2": 0.02497044990564062,
    "b3": 0.03061020601451528,
    "t1": 0.8892690712498683,
    "t2": 4.172881062761964
}