{
    "b0": 13.141276600759026,
    "b1": -0.16087622308039373,
    "b2": -2600.5871392992894,
    "b3": 2605.1254506458645,
    "t1": 131.83310764529392,
    "t2": 131.98774938399077
}