{
    "b0": 0.17757355359556737,
    "b1": -0.038836813171787915,
    "b2": -0.04692058129050156,
    "b3": -0.08999821533881985,
    "t1": 13.871807060542555,
    "t2": 93.20283890002393
}