{
    "b0": 0.12677356529723996,
    "b1": 0.010167226920793238,
    "b2": 0.5864803452154842,
    "b3": -0.6110903788754476,
    "t1": 1.2445939290392034,
    "t2": 1.1783192135407228
}