{
    "b0": 0.1182685059840467,
    "b1": 0.01579811953691275,
    "b2": 0.12808088258929223,
    "b3": 0.032996260598892435,
    "t1": 6.248058488595057,
    "t2": 1.1936044826545715
}