{
    "b0": 15.667829753440612,
    "b1": -3.54883444236774,
    "b2": -1.949943954709984,
    "b3": -8.507321248174097,
    "t1": 7.044317190929279,
    "t2": 38.69407659014782
}