{
    "b0": 14.247013650966815,
    "b1": -3.0690237913586964,
    "b2": -6228.080708336665,
    "b3": 6225.1867986243,
    "t1": 20.669002981403324,
    "t2": 20.657225636426453
}