{
    "b0": 0.13960505253812636,
    "b1": -0.013135881439372867,
    "b2": -0.3224850122885755,
    "b3": 0.3650553471136621,
    "t1": 1.1995654066618497,
    "t2": 1.0768617814320907
}