{
    "b0": 0.1311329629466976,
    "b1": -0.021457608944415,
    "b2": -0.0014500655088561,
    "b3": -0.05253867707405291,
    "t1": 15.108966354831225,
    "t2": 58.38691278541469
}