{
    "b0": 0.14159081161510925,
    "b1": -0.042118162148276496,
    "b2": 0.1780421699658631,
    "b3": -0.1354912796294852,
    "t1": 2.0,
    "t2": 5.0
}