{
    "b0": 0.157676541212318,
    "b1": -0.021215976842098888,
    "b2": -0.02626473095820228,
    "b3": -0.06117670696513469,
    "t1": 0.13054447166969174,
    "t2": 4.799794255871875
}