{
    "b0": 0.1558015734166953,
    "b1": -0.01757257527752509,
    "b2": 0.35255868446512645,
    "b3": -0.33433172349042184,
    "t1": 1.293082678137547,
    "t2": 1.2061464975828953
}