{
    "b0": 0.14108188415789216,
    "b1": -0.014592845906757152,
    "b2": -0.3646958965780072,
    "b3": 0.403586468998255,
    "t1": 1.2984655342651885,
    "t2": 1.161185303411513
}