{
    "b0": 0.13230646150532166,
    "b1": -0.02224827378604928,
    "b2": -0.002456957181584056,
    "b3": -0.058715337156630236,
    "t1": 9.058597870978417,
    "t2": 39.76650290545066
}