{
    "b0": 0.16918502527097096,
    "b1": -0.060712676245109023,
    "b2": 0.058039983151667134,
    "b3": -0.12717101666374098,
    "t1": 1.4882675799667369,
    "t2": 4.320382037377453
}