{
    "b0": 0.1383653580235994,
    "b1": -0.028885002089750922,
    "b2": 0.03836059626290597,
    "b3": -0.04757834434965347,
    "t1": 2.0,
    "t2": 5.0
}