{
    "b0": 14.477466138862773,
    "b1": -0.8764292590611238,
    "b2": 580.500540649092,
    "b3": -582.0497204806762,
    "t1": 10.707478054647835,
    "t2": 10.729968740412241
}