{
    "b0": 0.1460422651549303,
    "b1": -0.015340294386424938,
    "b2": 0.041043087495421196,
    "b3": -0.07528623127185795,
    "t1": 48.75585658813361,
    "t2": 130.4801357499673
}