{
    "b0": 0.14257577895924373,
    "b1": -0.028593039786065325,
    "b2": 0.00101907676742213,
    "b3": -0.06475094404421931,
    "t1": 5.198897234010272,
    "t2": 28.042062354574696
}