{
    "b0": 0.15387209462452034,
    "b1": -0.017093576242268607,
    "b2": -0.06734545154093308,
    "b3": 0.08531458965800111,
    "t1": 1.1814468558197688,
    "t2": 1.3216197565888879
}