{
    "b0": 0.14249089826119232,
    "b1": -0.032524667438769514,
    "b2": 0.15093187051052703,
    "b3": -0.13920484221735976,
    "t1": 1.6088941717254304,
    "t2": 2.173573367438538
}