{
    "b0": 0.14288437768611104,
    "b1": -0.028162797566011408,
    "b2": 0.00017281366426885256,
    "b3": -0.07098218741491623,
    "t1": 7.630906078042422,
    "t2": 27.78776751056485
}