{
    "b0": 0.14995557778599114,
    "b1": -0.032084909937399486,
    "b2": 0.03978253489972883,
    "b3": -0.09880319671732213,
    "t1": 13.416420231995446,
    "t2": 30.206373920325724
}