{
    "b0": 0.1466499760497212,
    "b1": -0.021509461621441864,
    "b2": -0.33597954019579074,
    "b3": 0.3648699581508615,
    "t1": 1.7052116157907098,
    "t2": 1.3996407220202203
}