{
    "b0": 0.13221704230277137,
    "b1": -0.021875816143679574,
    "b2": -0.006298848539832681,
    "b3": -0.061715196367400964,
    "t1": 10.32320171076325,
    "t2": 59.46249798150562
}