{
    "b0": 14.369366181165459,
    "b1": -2.4694581629117147,
    "b2": -3626.3980773369326,
    "b3": 3631.5094113795517,
    "t1": 3.6672187028187726,
    "t2": 3.6585075785396097
}