{
    "b0": 0.12712010403857427,
    "b1": -0.0182734577390287,
    "b2": 0.035242949573893234,
    "b3": -0.06986600414640677,
    "t1": 15.66643258854147,
    "t2": 36.24864751314453
}