{
    "b0": 0.15724690261921961,
    "b1": -0.036666194125210286,
    "b2": -0.003302031982154091,
    "b3": -0.08301975162807941,
    "t1": 11.708353239061605,
    "t2": 40.966146156726325
}