{
    "b0": 0.1308386728000859,
    "b1": -0.02158731161938255,
    "b2": 0.056363291394163184,
    "b3": -0.09499366983403205,
    "t1": 25.090194966491687,
    "t2": 43.91941269285987
}