{
    "b0": 0.19230130557702194,
    "b1": -0.08150243795271747,
    "b2": -0.059207571517437343,
    "b3": -0.17598102934519025,
    "t1": 0.5199629159569463,
    "t2": 4.384838062934038
}