{
    "b0": 0.15885688167510809,
    "b1": -0.0428394030010347,
    "b2": -0.03716255396530455,
    "b3": -0.0562632992352532,
    "t1": 0.31558003679746155,
    "t2": 5.281864393132768
}