{
    "b0": 14.065624169518049,
    "b1": -2.6393188517448616,
    "b2": -4513.4173654492315,
    "b3": 4510.907698664783,
    "t1": 18.235471909299573,
    "t2": 18.220373910479385
}