{
    "b0": 0.12924129608230145,
    "b1": -0.01623783972093712,
    "b2": -0.7138078564673158,
    "b3": 0.7588870522824842,
    "t1": 1.2441165628420816,
    "t2": 1.2027602125907602
}