{
    "b0": 0.16033765150676255,
    "b1": -0.05148987649207888,
    "b2": 0.0688147864061049,
    "b3": -0.11556662238579517,
    "t1": 2.2304529432956786,
    "t2": 5.021807323786633
}