{
    "b0": 0.14008461965345578,
    "b1": -0.027060481232269874,
    "b2": 0.0728874894723499,
    "b3": -0.11644705542423558,
    "t1": 19.588056964777422,
    "t2": 32.256414440521304
}