{
    "b0": 14.620923918470567,
    "b1": -0.9790424447531323,
    "b2": -71424.97054328946,
    "b3": 71422.83285550986,
    "t1": 8.60861710591047,
    "t2": 8.608404680292955
}