{
    "b0": 0.15944130005040336,
    "b1": -0.026559463408036808,
    "b2": 0.03571537372693147,
    "b3": 0.014442447973174155,
    "t1": 1.413881118399598,
    "t2": 4.739850960510525
}