{
    "b0": 0.14091716027055884,
    "b1": -0.029159267646508183,
    "b2": 0.023114260181863057,
    "b3": -0.0759604257332773,
    "t1": 9.414472776449529,
    "t2": 24.234065462777817
}