{
    "b0": 0.18918740734147893,
    "b1": -0.07422190107083844,
    "b2": 0.09375302546169506,
    "b3": -0.19245724283187776,
    "t1": 1.3055212583712676,
    "t2": 4.064876337935422
}