{
    "b0": 0.13152899927048087,
    "b1": -0.02065146630698443,
    "b2": -0.015143932953189736,
    "b3": -0.059871298455956554,
    "t1": 7.13267495606077,
    "t2": 56.27232061760552
}