{
    "b0": 0.13849420268290458,
    "b1": -0.004183611066846829,
    "b2": 0.027966854653796197,
    "b3": 0.005999722823434832,
    "t1": 0.6171269397172017,
    "t2": 3.3353841672269122
}