{
    "b0": 0.16377026365618771,
    "b1": -0.046056692687321855,
    "b2": 0.39300518877138796,
    "b3": -0.3819577790405027,
    "t1": 1.891271619690408,
    "t2": 2.4000412307796446
}