{
    "b0": 17.418000636716044,
    "b1": -3.7932521783068074,
    "b2": -2.6084646623851526,
    "b3": -5.35717760367107,
    "t1": 44.084081276152666,
    "t2": 146.43532523214859
}