{
    "b0": 0.13494768377084296,
    "b1": -0.021306270898477718,
    "b2": -0.4901971687014698,
    "b3": 0.5285920977889864,
    "t1": 1.6310118635367488,
    "t2": 1.495716920659568
}