{
    "b0": 0.3476190334799177,
    "b1": -0.23801140689115452,
    "b2": 0.4703941708294707,
    "b3": -0.8966095046270581,
    "t1": 4.301366887324281,
    "t2": 6.3790799970211935
}