{
    "b0": 13.766021588915732,
    "b1": -2.717964531694901,
    "b2": -5726.897837786228,
    "b3": 5723.014976201745,
    "t1": 47.05781941223587,
    "t2": 47.03931390059905
}