{
    "b0": 0.16356869011537534,
    "b1": -0.030428928600498596,
    "b2": 0.027156513414271943,
    "b3": -0.07887633090548402,
    "t1": 28.166771383934154,
    "t2": 67.86430131764406
}