{
    "b0": 14.247760721944564,
    "b1": -1.9759650697961386,
    "b2": -29311.8918675233,
    "b3": 29310.46782933194,
    "t1": 7.313474387296577,
    "t2": 7.312448701335196
}