{
    "b0": 0.16585065095252818,
    "b1": -0.05064039225422261,
    "b2": -0.30548031463932845,
    "b3": 0.31490971672675133,
    "t1": 2.4960403684607613,
    "t2": 1.7272336844251743
}