{
    "b0": 0.14430197653447144,
    "b1": -0.03298438218398292,
    "b2": 0.12451756942926284,
    "b3": -0.16204073228832,
    "t1": 13.465634445201477,
    "t2": 20.2940381981278
}