{
    "b0": 0.19925713401124973,
    "b1": -0.07912369391361408,
    "b2": 0.8058439344619445,
    "b3": -0.8511058759767993,
    "t1": 2.3244859385933077,
    "t2": 2.7765744049566234
}