{
    "b0": 0.14246478091374004,
    "b1": -0.007580822601752862,
    "b2": 0.022520653611714597,
    "b3": -0.009023663814397238,
    "t1": 0.5153438276706215,
    "t2": 2.6142405237384425
}