{
    "b0": 15.64534723413947,
    "b1": -3.4679683754279473,
    "b2": -2.8536299640130527,
    "b3": -8.891910738304961,
    "t1": 5.526668499540364,
    "t2": 38.788554324596916
}