{
    "b0": 0.1413405454687103,
    "b1": -0.028891270473746955,
    "b2": 0.09694148420143263,
    "b3": -0.0844215595596218,
    "t1": 2.0,
    "t2": 5.0
}