{
    "b0": 15.549539632540483,
    "b1": -1.8038948887092525,
    "b2": -2.0119702564629525,
    "b3": -3.2862598014852904,
    "t1": 14.664288709949105,
    "t2": 83.49539795616514
}