{
    "b0": 0.17327037010187352,
    "b1": -0.06442753856084123,
    "b2": 0.05842533692170751,
    "b3": -0.14053438278540212,
    "t1": 2.0,
    "t2": 5.0
}