{
    "b0": 0.342580235406386,
    "b1": -0.23388953627939035,
    "b2": 0.2972326702917233,
    "b3": -0.721990255480708,
    "t1": 3.4051185960854102,
    "t2": 5.844950127758741
}