{
    "b0": 0.12488793341000971,
    "b1": -0.01553637145062945,
    "b2": 0.010664898957976905,
    "b3": -0.04870555893539992,
    "t1": 7.717191035549271,
    "t2": 34.72578122560684
}