{
    "b0": 0.1902778512123841,
    "b1": -0.05591116941773228,
    "b2": 0.08342220585197369,
    "b3": -0.09808062007024913,
    "t1": 2.2946472233000854,
    "t2": 5.097369603432786
}