{
    "b0": 0.14018741857079728,
    "b1": -0.0029825700572920708,
    "b2": 0.06641492684458576,
    "b3": -0.09913105075431834,
    "t1": 1.4064303057703689,
    "t2": 0.9424755068052368
}