{
    "b0": 0.15151669246098104,
    "b1": -0.016687800261195377,
    "b2": 0.012705499196037268,
    "b3": 0.03047532385544211,
    "t1": 1.5198838715865477,
    "t2": 5.012843629744877
}