{
    "b0": 0.1537052803401103,
    "b1": -0.037816375903858945,
    "b2": 0.3881043615719944,
    "b3": -0.38101146180710777,
    "t1": 1.7003605309928587,
    "t2": 2.1335054567577356
}