{
    "b0": 0.2192776130405327,
    "b1": -0.11070412236496092,
    "b2": 0.45102209798001514,
    "b3": -0.5983302253655205,
    "t1": 3.295064218314823,
    "t2": 4.351748514360486
}