{
    "b0": 0.1408960981087735,
    "b1": 0.011186767605969278,
    "b2": -0.08780087110779489,
    "b3": 0.022151851245541993,
    "t1": 2.0,
    "t2": 5.0
}