{
    "b0": 0.14531294986443105,
    "b1": -0.012548082621533589,
    "b2": 0.013730483400274426,
    "b3": 0.010335634936272771,
    "t1": 1.7692128270593064,
    "t2": 0.1210527057446944
}