{
    "b0": 13.611342026509805,
    "b1": -2.013504320530302,
    "b2": -1.5944457746288088,
    "b3": -5.207614747363247,
    "t1": 4.481096861775947,
    "t2": 27.462953037716638
}