{
    "b0": 0.16247368833740056,
    "b1": -0.050481050252959916,
    "b2": -0.05003545780595199,
    "b3": -0.09790880112100935,
    "t1": 0.4224699932798517,
    "t2": 5.043805661764583
}