{
    "b0": 0.1598731545064291,
    "b1": -0.025730102870766033,
    "b2": 4.323868411881208e-05,
    "b3": 0.05029436082816149,
    "t1": 0.6182876562198492,
    "t2": 3.7580060986599153
}