{
    "b0": 14.703729957111557,
    "b1": -1.2693057664902039,
    "b2": 5553.7740030048035,
    "b3": -5557.646181299838,
    "t1": 114.49932790033672,
    "t2": 114.57546810355275
}