{
    "b0": 0.14464019738656225,
    "b1": -0.057931396507249634,
    "b2": 0.27686942112626634,
    "b3": -0.14724982288619515,
    "t1": 2.0,
    "t2": 5.0
}