{
    "b0": 0.16102477684313637,
    "b1": -0.04959529307803599,
    "b2": -0.04376496232321912,
    "b3": -0.07761388965275172,
    "t1": 0.3533949409190735,
    "t2": 4.965242117676
}