{
    "b0": 0.12474286833078214,
    "b1": 0.011933675398833781,
    "b2": -0.0385207334607999,
    "b3": 0.016998802809476198,
    "t1": 0.7310186517141379,
    "t2": 3.2817468674328927
}