{
    "b0": 0.14176866513934389,
    "b1": -0.02880671494035217,
    "b2": 0.027928939809865428,
    "b3": -0.08161632634856203,
    "t1": 9.505522138938591,
    "t2": 22.859555211277765
}