{
    "b0": 0.14581247827673216,
    "b1": -0.014499883969298686,
    "b2": -0.0005291376488765712,
    "b3": 0.05810074615403594,
    "t1": 0.3206265952318148,
    "t2": 3.826428187771873
}