{
    "b0": 0.33389714931266234,
    "b1": -0.22499687427430753,
    "b2": 0.5368469639269147,
    "b3": -0.9285667996026707,
    "t1": 3.572773014084351,
    "t2": 5.262437809093489
}