{
    "b0": 0.14439082561533864,
    "b1": -0.06369245138242058,
    "b2": 0.30569632209569536,
    "b3": -0.15315912430822515,
    "t1": 2.0,
    "t2": 5.0
}