{
    "b0": 0.14273481778488897,
    "b1": -0.08775838573176593,
    "b2": 0.1555880841177504,
    "b3": -0.07406277027255913,
    "t1": 2.0,
    "t2": 5.0
}