{
    "b0": 0.25887766493134773,
    "b1": -0.14983337067317815,
    "b2": 0.14824763599267654,
    "b3": -0.4157749564289516,
    "t1": 2.704263838477198,
    "t2": 5.388807009507097
}