{
    "b0": 14.265267552303822,
    "b1": -9.472253953207396,
    "b2": -21698.663659917132,
    "b3": 21725.999974719034,
    "t1": 2.4011209741529,
    "t2": 2.3985156665291814
}