{
    "b0": 14.15786785328722,
    "b1": -1.4248053172103567,
    "b2": 19577.31025052806,
    "b3": -19579.554479644023,
    "t1": 6.585167808473961,
    "t2": 6.586181152341066
}