{
    "b0": 0.13964560521117594,
    "b1": -0.00557400550232676,
    "b2": 0.030978829603685126,
    "b3": -0.0040297228214921715,
    "t1": 0.6405460795897446,
    "t2": 3.1609355368113308
}