{
    "b0": 0.1429017990667395,
    "b1": -0.03302856939690873,
    "b2": 0.13464188705946922,
    "b3": -0.12220710524780014,
    "t1": 1.654531601652081,
    "t2": 2.3682278795987775
}