{
    "b0": 0.15507809771621703,
    "b1": -0.021756009073253986,
    "b2": 0.05401670491169169,
    "b3": 0.0046743096752476735,
    "t1": 2.6243459485177585,
    "t2": 0.29932464048347995
}