{
    "b0": 15.006852423267867,
    "b1": -1.218442764395403,
    "b2": -1.2505304509225117,
    "b3": -2.4900808124001905,
    "t1": 10.217899313677435,
    "t2": 41.541218963541446
}