{
    "b0": 0.14408775495164922,
    "b1": -0.010192134257836116,
    "b2": 7.917682800042715e-08,
    "b3": 0.028226722674536037,
    "t1": 0.8998821187289316,
    "t2": 0.5246591874800179
}