{
    "b0": 0.14894653647923964,
    "b1": -0.012462503700209494,
    "b2": -0.0181402003964182,
    "b3": 0.07432098776169158,
    "t1": 0.12393770309153673,
    "t2": 3.7282523468584694
}