{
    "b0": 13.790520260641287,
    "b1": -0.24093000468231907,
    "b2": 804.9184625872393,
    "b3": -803.0593583098803,
    "t1": 103.20700692764976,
    "t2": 103.05844863988274
}