{
    "b0": 0.13633013868088875,
    "b1": -0.006700864463434143,
    "b2": 0.10274712322241876,
    "b3": -0.06454126108840547,
    "t1": 0.8274107446021577,
    "t2": 1.2047173550477526
}