{
    "b0": 0.16514487225708346,
    "b1": -0.053522740997511434,
    "b2": -0.05023861663133475,
    "b3": -0.10381012125158623,
    "t1": 0.45996345713162123,
    "t2": 5.040195163455119
}