{
    "b0": 0.1284881390465622,
    "b1": -0.02178164973073285,
    "b2": 0.033314104704059766,
    "b3": -0.06889432935430359,
    "t1": 18.040974075250453,
    "t2": 45.53403154409943
}