{
    "b0": 14.354017071542179,
    "b1": 7.27948535833876,
    "b2": -29.32645497798135,
    "b3": -6.845713510649672,
    "t1": 1.0914879696014441,
    "t2": 30.85897054696453
}