{
    "b0": 0.21448324414591832,
    "b1": -0.09228071813624034,
    "b2": -0.07168479492714619,
    "b3": -0.1911272890038217,
    "t1": 0.3597472472544673,
    "t2": 4.977435179804065
}