{
    "b0": 0.1461374084347759,
    "b1": -0.008612872905182457,
    "b2": -0.01273223316790543,
    "b3": -0.05341913233242286,
    "t1": 70.53645731206052,
    "t2": 302.4296830679523
}