{
    "b0": 15.083049614117519,
    "b1": -2.8243024581628315,
    "b2": -3.7705454319073946,
    "b3": -8.008127109454138,
    "t1": 4.3102942862106355,
    "t2": 36.76972009374615
}