{
    "b0": 14.5747422380664,
    "b1": -1.1573578196582872,
    "b2": -381.00744807773475,
    "b3": 377.4119116731883,
    "t1": 116.95289029861824,
    "t2": 115.84462714435166
}