{
    "b0": 0.17762752729007203,
    "b1": -0.06924016196882599,
    "b2": 0.07379854526757612,
    "b3": -0.1600712650702456,
    "t1": 2.2481545689579434,
    "t2": 5.032433352685075
}