{
    "b0": 0.12985924242395025,
    "b1": -0.02112204187748727,
    "b2": 0.02795674632949559,
    "b3": -0.07110371420980141,
    "t1": 13.240302558741558,
    "t2": 33.8834882432876
}