{
    "b0": 14.43599561983128,
    "b1": -1.7060686576517758,
    "b2": 23321.44733527161,
    "b3": -23324.11726439333,
    "t1": 9.75181616071952,
    "t2": 9.753301581166818
}