{
    "b0": 0.1343345144011375,
    "b1": -0.0062705485718311,
    "b2": 0.1008948478339094,
    "b3": -0.0555946198506665,
    "t1": 0.8201523856457753,
    "t2": 1.3032587045879782
}