{
    "b0": 0.14179467350776476,
    "b1": -0.04837569579416736,
    "b2": 0.20982278038118418,
    "b3": -0.14702565472206272,
    "t1": 2.0,
    "t2": 5.0
}