{
    "b0": 0.2106248814284179,
    "b1": -0.10238645154801404,
    "b2": 0.2057765810498169,
    "b3": -0.3354875968921243,
    "t1": 3.018260142242422,
    "t2": 5.070284975687327
}