{
    "b0": 13.332652555140607,
    "b1": -2.2487324650113303,
    "b2": -1.3426188680515503,
    "b3": -5.787346283585129,
    "t1": 12.864468793616426,
    "t2": 72.50240501879978
}