{
    "b0": 0.14454414177308036,
    "b1": -0.00967531327324308,
    "b2": 0.014355152983199419,
    "b3": -0.0030117310030079005,
    "t1": 0.41508323520776225,
    "t2": 2.7949179624041305
}