{
    "b0": 0.13462786580355718,
    "b1": -0.009927096319216535,
    "b2": -0.7234957172739507,
    "b3": 0.7758131717465299,
    "t1": 1.1958883759857408,
    "t2": 1.1305734320745102
}