{
    "b0": 0.15566759279211356,
    "b1": -0.046475991276172995,
    "b2": 0.8178809484988628,
    "b3": -0.8189507511805191,
    "t1": 2.1235438685686288,
    "t2": 2.302447327281779
}