{
    "b0": 0.18500327571422903,
    "b1": -0.06755641416588164,
    "b2": 0.08464678343168078,
    "b3": -0.15015008840450056,
    "t1": 1.3613308746451738,
    "t2": 4.241487395020811
}