{
    "b0": 0.1532710121368592,
    "b1": -0.019686153724458595,
    "b2": 0.06973703271956166,
    "b3": -0.041784679633680134,
    "t1": 0.8664586146592415,
    "t2": 1.0990270685963006
}