{
    "b0": 0.12708203834206636,
    "b1": -0.017968777174080013,
    "b2": 0.05257381865100494,
    "b3": -0.08362135974142404,
    "t1": 25.455769953825012,
    "t2": 43.60230074733633
}