{
    "b0": 0.12654055967852662,
    "b1": -0.017699390503622056,
    "b2": 0.11676328197074069,
    "b3": -0.1428555597349491,
    "t1": 26.12714685019686,
    "t2": 33.99512490294546
}