{
    "b0": 14.152324554924515,
    "b1": -1.3662775542500896,
    "b2": 16780.410715806258,
    "b3": -16782.708619343455,
    "t1": 7.758285784525349,
    "t2": 7.759394079314694
}