{
    "b0": 14.44897671941236,
    "b1": -0.9762781160528835,
    "b2": 1074.5179171610505,
    "b3": -1075.6658386629347,
    "t1": 6.755615451220687,
    "t2": 6.77070583413295
}