{
    "b0": 0.1348955462785069,
    "b1": -0.027396742961497723,
    "b2": 0.07796809342461597,
    "b3": -0.11300153811500982,
    "t1": 15.667927038751301,
    "t2": 26.954984121042415
}