{
    "b0": 12.809560767555277,
    "b1": -1.7527019647847402,
    "b2": -3060.4220735600597,
    "b3": 3057.7174754303674,
    "t1": 58.305068851171065,
    "t2": 58.27320580733046
}