{
    "b0": 0.13556801651472375,
    "b1": -0.007865618448745077,
    "b2": 0.39358834851053437,
    "b3": -0.3472646601117855,
    "t1": 0.9414126788122701,
    "t2": 1.0280624681848587
}