{
    "b0": 0.1341590232504202,
    "b1": -0.02276098414797756,
    "b2": -0.017032652995376256,
    "b3": -0.055276394860326546,
    "t1": 15.609522306168106,
    "t2": 83.44052434338556
}