{
    "b0": 0.141764625956891,
    "b1": -0.026761079849841413,
    "b2": -0.003915690044580988,
    "b3": -0.06252955434517979,
    "t1": 9.845187016937416,
    "t2": 33.733808453398524
}