{
    "b0": 0.2506121639629723,
    "b1": -0.14124679623075834,
    "b2": 0.2659163786046356,
    "b3": -0.4999742053680565,
    "t1": 3.288957502360936,
    "t2": 5.280913146251514
}