{
    "b0": 0.19121825435525497,
    "b1": -0.07040818132793528,
    "b2": -0.061193967159134416,
    "b3": -0.13528851512280807,
    "t1": 0.31383526276962237,
    "t2": 5.238152868588211
}