{
    "b0": 0.14118176755083595,
    "b1": -0.007028512992151736,
    "b2": -1.2505431598315141e-07,
    "b3": 0.030764356053119626,
    "t1": 2.44084460699934,
    "t2": 0.5130291963381741
}