{
    "b0": 0.15502861401329066,
    "b1": -0.02126960311370089,
    "b2": 0.09543003347424803,
    "b3": 0.01476583379024196,
    "t1": 3.23762481563793,
    "t2": 0.6009210760007941
}