{
    "b0": 13.64221929395284,
    "b1": -2.550591353186303,
    "b2": -0.6196157922764496,
    "b3": -5.415998016523279,
    "t1": 10.518778258422312,
    "t2": 45.98997981380433
}