{
    "b0": 0.15578359502207584,
    "b1": -0.02117137971251981,
    "b2": 0.00025294613329889686,
    "b3": 0.07017193527192682,
    "t1": 0.6432589954069758,
    "t2": 3.602021135040359
}