{
    "b0": 14.34548787004639,
    "b1": -2.9600258426326516,
    "b2": 9167.45471562651,
    "b3": -9170.712047787714,
    "t1": 21.368434747932575,
    "t2": 21.377142043712936
}