{
    "b0": 0.14682195623809918,
    "b1": -0.011085140776278448,
    "b2": 0.010918018369235224,
    "b3": -0.01259069788509201,
    "t1": 1.459264271282172,
    "t2": 1.0997303357062096
}