{
    "b0": 0.20133074714184537,
    "b1": -0.0788058077970932,
    "b2": -0.06146992658090271,
    "b3": -0.1584273686088053,
    "t1": 0.3486064963923968,
    "t2": 5.2661988483382425
}