{
    "b0": 0.13632476900012488,
    "b1": -0.027060510604024313,
    "b2": 0.02871250780505492,
    "b3": -0.07980561664448296,
    "t1": 18.685591604171456,
    "t2": 41.20523365663418
}