{
    "b0": 0.13922814405660777,
    "b1": -0.012738409355453752,
    "b2": -0.4688814570279561,
    "b3": 0.5112458746338598,
    "t1": 1.2221382830742493,
    "t2": 1.1329336611590322
}