{
    "b0": 0.15315398497809676,
    "b1": -0.036100842915760524,
    "b2": -0.8476677000968964,
    "b3": 0.8647283858910282,
    "t1": 2.064060009908745,
    "t2": 1.8750639521892618
}