{
    "b0": 0.1718212099425706,
    "b1": -0.06251588274654495,
    "b2": 0.057752907993640856,
    "b3": -0.15899610866507968,
    "t1": 2.0,
    "t2": 5.0
}