{
    "b0": 0.14101605878492593,
    "b1": -0.02752049637860394,
    "b2": 0.006651046009524774,
    "b3": -0.060691889312897755,
    "t1": 5.4277144860430715,
    "t2": 26.10280713770964
}