{
    "b0": 0.13419079462126204,
    "b1": -0.005644098129787766,
    "b2": 0.1324323070951686,
    "b3": -0.09011272823972902,
    "t1": 0.8792713134834309,
    "t2": 1.238085910528243
}