{
    "b0": 16.45112306274111,
    "b1": -3.184285972898506,
    "b2": -0.004019870121028557,
    "b3": -4.922793826925591,
    "t1": 57.501545307016585,
    "t2": 146.85870130242392
}