{
    "b0": 0.1429250685935884,
    "b1": -0.005631661009172237,
    "b2": 0.06273387688867968,
    "b3": 0.002089244907017712,
    "t1": 3.3569518818729693,
    "t2": 4.492403155104017
}