{
    "b0": 0.15483718369650978,
    "b1": -0.019271151155132768,
    "b2": 0.002943047662636559,
    "b3": -0.046475654087494364,
    "t1": 13.332813022556397,
    "t2": 48.19791345484567
}