{
    "b0": 0.17529876716674359,
    "b1": -0.04021242383807898,
    "b2": 0.18307729379665727,
    "b3": -0.2448509547148312,
    "t1": 37.641233962458365,
    "t2": 48.101309539974515
}