{
    "b0": 0.12975073734047982,
    "b1": 0.005226494181598942,
    "b2": 0.03422221034324252,
    "b3": 0.05281081165039991,
    "t1": 0.6688939895215379,
    "t2": 5.213510169903823
}