{
    "b0": 14.174026694582942,
    "b1": -0.7634945230317696,
    "b2": 1.5011996516893862,
    "b3": -3.8040149678062827,
    "t1": 87.93135593365704,
    "t2": 179.94138972605626
}