{
    "b0": 0.18960332734414873,
    "b1": -0.06606680887401484,
    "b2": -0.04818195433081305,
    "b3": -0.1482541399371679,
    "t1": 0.303004126893907,
    "t2": 5.097070651422675
}