{
    "b0": 0.16040746659140356,
    "b1": -0.027456939012196684,
    "b2": 0.041193287503091904,
    "b3": 0.01928521219803278,
    "t1": 2.3150176954021866,
    "t2": 0.993853684674068
}