{
    "b0": 13.152879242010517,
    "b1": -2.101179378509232,
    "b2": -7261.09892176266,
    "b3": 7257.798085714491,
    "t1": 50.4954227446558,
    "t2": 50.48110096052588
}