{
    "b0": 0.14951403276371883,
    "b1": -0.030880072252341698,
    "b2": 0.02656683060224102,
    "b3": -0.09401582148209064,
    "t1": 11.575577790767893,
    "t2": 30.032134255437057
}