{
    "b0": 0.16204571115688285,
    "b1": -0.028847599564386518,
    "b2": 0.05201919457224698,
    "b3": 0.0048845716704989765,
    "t1": 1.8897919216711256,
    "t2": 0.2271292334704566
}