{
    "b0": 0.1376787955303347,
    "b1": -0.02437691939142598,
    "b2": 0.06473780073581802,
    "b3": -0.034254143208337424,
    "t1": 1.1236820865496948,
    "t2": 2.1090680929501504
}