{
    "b0": 0.13922657408957842,
    "b1": -0.028244050774663118,
    "b2": 0.634293889368393,
    "b3": -0.6093745918560772,
    "t1": 1.5372208022975227,
    "t2": 1.618705682071254
}