{
    "b0": 14.249673837730246,
    "b1": -1.6373509145512974,
    "b2": -12314.791768866295,
    "b3": 12312.690718199196,
    "t1": 9.267876435881954,
    "t2": 9.265992548228523
}