{
    "b0": 0.15183323355986764,
    "b1": -0.03737284390088312,
    "b2": 0.21554534897041072,
    "b3": -0.19902050948495853,
    "t1": 1.5055947288155678,
    "t2": 2.2864401552791094
}