{
    "b0": 0.12997872994338627,
    "b1": -0.022895750520201742,
    "b2": 0.0245117680982604,
    "b3": -0.06853675324337632,
    "t1": 12.631380493097474,
    "t2": 38.32728036510794
}