{
    "b0": 0.15122896030320204,
    "b1": -0.014571513449491681,
    "b2": 0.016362454793732578,
    "b3": 0.00984565289654063,
    "t1": 1.1183214502919006,
    "t2": 4.4540183544105565
}