{
    "b0": 15.596900178802734,
    "b1": -1.9820839321767116,
    "b2": 835.6438820303829,
    "b3": -837.7813315185322,
    "t1": 79.23469599629868,
    "t2": 79.3594299589512
}