{
    "b0": 0.16371564740816352,
    "b1": -0.054739124216576916,
    "b2": 0.058088057173516824,
    "b3": -0.11768224298056552,
    "t1": 2.0,
    "t2": 5.0
}