{
    "b0": 0.148892364012725,
    "b1": -0.02932259155465545,
    "b2": 0.020087781793183653,
    "b3": -0.06674506709002181,
    "t1": 10.420753077734844,
    "t2": 28.30782892749994
}