{
    "b0": 15.603990736851697,
    "b1": -1.939024912374819,
    "b2": -1.5127410318385113,
    "b3": -3.6870193636746262,
    "t1": 17.773386423730525,
    "t2": 96.89663144751621
}