{
    "b0": 0.1492655664862,
    "b1": -0.03651380757747813,
    "b2": -0.028477478768988575,
    "b3": -0.04436187110316421,
    "t1": 0.28630197815811553,
    "t2": 4.786611873467814
}