{
    "b0": 14.547800184316584,
    "b1": -1.8671129737582932,
    "b2": 2888.96990286635,
    "b3": -2891.805168845624,
    "t1": 12.297650800173338,
    "t2": 12.311649141747475
}