{
    "b0": 0.13429802567134483,
    "b1": -0.024674502145421197,
    "b2": 0.016585961946536054,
    "b3": -0.06527886873135419,
    "t1": 11.600720125910689,
    "t2": 35.89980461327213
}