{
    "b0": 17.268886821115117,
    "b1": -3.609262745936797,
    "b2": -2.6851363913402624,
    "b3": -4.688546560271019,
    "t1": 37.097875972374304,
    "t2": 123.32793808528109
}