{
    "b0": 0.1259464668039366,
    "b1": -0.015337206868174184,
    "b2": -0.004311722499217727,
    "b3": -0.045310531871552207,
    "t1": 7.93038799038186,
    "t2": 47.07046523003373
}