{
    "b0": 0.16671527345300877,
    "b1": -0.03641439947417717,
    "b2": -0.025754824556534845,
    "b3": -0.10416787540767777,
    "t1": 0.17847071294203976,
    "t2": 4.387303860428181
}