{
    "b0": 0.13893565477439404,
    "b1": -0.024738501171814545,
    "b2": 0.007078209853101595,
    "b3": -0.06694269001029766,
    "t1": 7.125915725147934,
    "t2": 25.760656267157174
}