{
    "b0": 0.16007714901762987,
    "b1": -0.027899879931355384,
    "b2": 0.03254990190346015,
    "b3": -0.0742002904280136,
    "t1": 27.215732731091446,
    "t2": 70.17285079349519
}