{
    "b0": 0.14752761693067984,
    "b1": -0.038164711042305476,
    "b2": 0.044485491987494866,
    "b3": -0.07114980838249545,
    "t1": 2.0,
    "t2": 5.0
}