{
    "b0": 0.1480319361605962,
    "b1": -0.01332679864678136,
    "b2": 0.026216818197103597,
    "b3": 0.06284604474124891,
    "t1": 1.3987675094503325,
    "t2": 4.966428931024888
}