{
    "b0": 0.13170492207231824,
    "b1": -0.019840428266259355,
    "b2": -0.5443876585929083,
    "b3": 0.5481922127834643,
    "t1": 0.4394850693131326,
    "t2": 0.454803562162346
}