{
    "b0": 0.1419500763658507,
    "b1": -0.004709594965328844,
    "b2": -0.04876625502685118,
    "b3": 0.026647768931540708,
    "t1": 0.7218658791808756,
    "t2": 2.7432981770365252
}