{
    "b0": 0.1436837484624035,
    "b1": -0.025192896095714575,
    "b2": 0.05542929050977093,
    "b3": -0.06011046669117427,
    "t1": 2.0,
    "t2": 5.0
}