{
    "b0": 17.07157376350221,
    "b1": -3.5402993359552557,
    "b2": -2.00387104715916,
    "b3": -5.257333752584825,
    "t1": 40.11599716444156,
    "t2": 128.22466308664778
}