{
    "b0": 15.895533107383729,
    "b1": -2.2005126144505454,
    "b2": -1.621645640210054,
    "b3": -4.443169991075462,
    "t1": 19.279184041095792,
    "t2": 103.06478142952028
}