{
    "b0": 0.14654486732457916,
    "b1": -0.010952704780434166,
    "b2": -0.027915034942431593,
    "b3": 0.0027026254979743277,
    "t1": 0.8284382266659955,
    "t2": 3.533584038609473
}