{
    "b0": 17.778725002932106,
    "b1": -4.079577880175668,
    "b2": -3.1703527733141303,
    "b3": -6.410325145792042,
    "t1": 33.85350963648874,
    "t2": 127.43068805822784
}