{
    "b0": 12.708193325632127,
    "b1": -1.681069640755335,
    "b2": 1841.6680575759078,
    "b3": -1844.1939453750044,
    "t1": 45.28323259465573,
    "t2": 45.32653391035012
}