{
    "b0": 14.121323455448865,
    "b1": -2.7217776427006495,
    "b2": -3711.036773389431,
    "b3": 3708.540421138807,
    "t1": 17.955948053274476,
    "t2": 17.936292846654176
}