{
    "b0": 12.828802067615594,
    "b1": -1.7981778501357635,
    "b2": -714.4239798821087,
    "b3": 711.7635776237936,
    "t1": 54.93823779935715,
    "t2": 54.809921858449584
}