{
    "b0": 0.25758570656061325,
    "b1": -0.14859286084215706,
    "b2": 0.1514198378706756,
    "b3": -0.41593655842237176,
    "t1": 2.802356623698995,
    "t2": 5.4754146279699905
}