{
    "b0": 0.14695746308091628,
    "b1": -0.012195110564742593,
    "b2": 0.017238522763431952,
    "b3": 0.0026650523942384347,
    "t1": 0.5006307412467996,
    "t2": 3.204899165804002
}