{
    "b0": 0.13597236218164277,
    "b1": -0.014555739572249454,
    "b2": 0.06796555143873959,
    "b3": -0.018232139380106784,
    "t1": 1.111164504931453,
    "t2": 0.15291574709523914
}