{
    "b0": 0.1798291514621666,
    "b1": -0.05091144730447267,
    "b2": -0.049612781747006805,
    "b3": -0.1417930947105617,
    "t1": 0.19707597540310018,
    "t2": 4.373071119424924
}