{
    "b0": 0.13853952743593323,
    "b1": -0.013713223470999677,
    "b2": 0.19499730249259334,
    "b3": -0.14878194243598586,
    "t1": 1.2227724841306251,
    "t2": 1.6406007377343812
}