{
    "b0": 14.944084053656518,
    "b1": -2.959587450510769,
    "b2": -10718.988390030614,
    "b3": 10714.17218534862,
    "t1": 26.47400995068891,
    "t2": 26.46567974523786
}