{
    "b0": 0.17451406129961541,
    "b1": -0.04616717493823533,
    "b2": -0.045997095241071505,
    "b3": -0.12241562790211372,
    "t1": 0.20542450135961307,
    "t2": 5.506911145225314
}