{
    "b0": 0.14067980354766144,
    "b1": -0.011961763166041032,
    "b2": -0.003899848159791582,
    "b3": -0.02445072393013749,
    "t1": 2.0,
    "t2": 5.0
}