{
    "b0": 0.1488529434842738,
    "b1": -0.03437793470688601,
    "b2": 0.0232388776207596,
    "b3": -0.07441353289645546,
    "t1": 7.09110537423112,
    "t2": 24.317796721952618
}