{
    "b0": 0.17024745459194932,
    "b1": -0.0534450271467938,
    "b2": 0.07224986875171864,
    "b3": -0.13029341722701648,
    "t1": 1.2157652343221992,
    "t2": 3.9564872207474133
}