{
    "b0": 0.06134737027915854,
    "b1": 0.0724250469540209,
    "b2": 0.04631470725600993,
    "b3": 0.03521789832723883,
    "t1": -9.9726467614655,
    "t2": 0.6367240460559657
}