{
    "b0": 0.15180444576599741,
    "b1": -0.016348706790972074,
    "b2": -0.0425248036431715,
    "b3": 0.0013253079826159378,
    "t1": 0.9966253780035228,
    "t2": 3.9666567396916457
}