{
    "b0": 15.077973562690039,
    "b1": 2.676095294084721,
    "b2": -14.612242351281587,
    "b3": -8.113566775573826,
    "t1": 2.3053810328384268,
    "t2": 37.31846389720395
}