{
    "b0": 12.621704646185488,
    "b1": -1.5006330175692302,
    "b2": -1.233690497945962,
    "b3": -4.062279361965173,
    "t1": 8.669008015756658,
    "t2": 56.67317673857502
}