{
    "b0": 0.14469539879094348,
    "b1": -0.18407146957322343,
    "b2": 0.39818616526776174,
    "b3": -0.14885218921245968,
    "t1": 2.0,
    "t2": 5.0
}