{
    "b0": 14.96333075400751,
    "b1": -1.517606777269151,
    "b2": -0.0019090176989389196,
    "b3": -5.744656324742549,
    "t1": 67.37057743979757,
    "t2": 257.3428474458563
}