{
    "b0": 0.14611605185241247,
    "b1": -0.010512033845638619,
    "b2": 0.02192313983260656,
    "b3": -0.044847486484908876,
    "t1": 1.0000001639976066,
    "t2": 0.8801461665235256
}