{
    "b0": 13.095726254233389,
    "b1": -1.91214568259719,
    "b2": -1.6354564415156954,
    "b3": -5.101162173592293,
    "t1": 9.804854553889559,
    "t2": 59.53100219752266
}