{
    "b0": 0.13892160834997982,
    "b1": -0.029877268926568487,
    "b2": 0.042457797711321216,
    "b3": -0.052301145275290485,
    "t1": 2.0,
    "t2": 5.0
}