{
    "b0": 0.1460220249418486,
    "b1": -0.019224950394442365,
    "b2": 0.0218519260779785,
    "b3": -0.06156787990443568,
    "t1": 7.6070585337498215,
    "t2": 17.9239690140406
}