{
    "b0": 0.15823153488208647,
    "b1": -0.036854398217969694,
    "b2": -0.023633032885594367,
    "b3": -0.08401432775012603,
    "t1": 8.701989458088065,
    "t2": 44.93119564256631
}