{
    "b0": 0.13495077097427405,
    "b1": -0.025645213979750593,
    "b2": 0.026124510395262254,
    "b3": -0.07295776624171803,
    "t1": 11.665300440241168,
    "t2": 32.157032183342494
}