{
    "b0": 0.1303937142263228,
    "b1": -0.02121725778338776,
    "b2": 0.013429065625578562,
    "b3": -0.06324062994084514,
    "t1": 11.613675389398535,
    "t2": 40.334362613748475
}