{
    "b0": 13.423502100860407,
    "b1": -4.8279129199329756,
    "b2": -1577.5947386472974,
    "b3": 1569.4906166575297,
    "t1": 85.3793134761306,
    "t2": 85.15694981474051
}