{
    "b0": 12.628763563647022,
    "b1": -0.45284687517440725,
    "b2": -181.62293527265373,
    "b3": 174.72254262872468,
    "t1": 161.23186147320786,
    "t2": 159.44205849160366
}