{
    "b0": 0.13156300757105102,
    "b1": -0.048255048768396855,
    "b2": 0.034449149324735265,
    "b3": -0.1434014433050287,
    "t1": 48.91020334051949,
    "t2": 121.22420941293129
}