{
    "b0": 0.13309832807213706,
    "b1": -0.043047977686301725,
    "b2": -0.013859490967206317,
    "b3": -0.12694592430057353,
    "t1": 33.933023469276854,
    "t2": 148.21931308039882
}