{
    "b0": 13.332234246061338,
    "b1": -4.15128799153152,
    "b2": -4.302916540324804,
    "b3": -13.165632834871804,
    "t1": 21.84785456596394,
    "t2": 149.39845535806876
}