{
    "b0": 13.027445826181502,
    "b1": -4.500217557504108,
    "b2": 1166.163492431391,
    "b3": -1173.8456045113041,
    "t1": 108.12201979836061,
    "t2": 108.54153990295282
}