{
    "b0": 0.1288048591100424,
    "b1": -0.0036266855457946466,
    "b2": -0.06942767464398714,
    "b3": 0.0061586434373626115,
    "t1": 0.6260761649352284,
    "t2": 2.9004217005683324
}