{
    "b0": 12.82467295584045,
    "b1": -3.8621326575594113,
    "b2": -4352.006638035429,
    "b3": 4344.446436829414,
    "t1": 106.51991204200003,
    "t2": 106.41434337260422
}