{
    "b0": 12.700731740490282,
    "b1": -1.4185756443180217,
    "b2": -0.7555542056501912,
    "b3": -8.590284601299171,
    "t1": 50.10419474394482,
    "t2": 173.74630360636826
}