{
    "b0": 0.13240454813582778,
    "b1": -0.047453928331937706,
    "b2": -0.016163440627141656,
    "b3": -0.13228960799755413,
    "t1": 24.000365270306826,
    "t2": 125.03259326137113
}