{
    "b0": 0.13482365088847204,
    "b1": -0.047303832079031174,
    "b2": -0.12492115512050112,
    "b3": 0.07929122111050602,
    "t1": 0.46671549224638537,
    "t2": 0.6072886304845588
}