{
    "b0": 0.1300514826488155,
    "b1": -0.04128598216134447,
    "b2": -0.06686615218291284,
    "b3": 0.009728338124980827,
    "t1": 0.35475931622519863,
    "t2": 1.6451037189845557
}