{
    "b0": 0.11679636214540302,
    "b1": 0.0667607886672863,
    "b2": -0.2793241384260939,
    "b3": 0.16966557927782017,
    "t1": 2.0,
    "t2": 5.0
}