{
    "b0": 0.13080312555534054,
    "b1": -0.04551155677127139,
    "b2": -0.018557502427483972,
    "b3": -0.1237438415413168,
    "t1": 24.914846502752482,
    "t2": 129.56912985608457
}