{
    "b0": 0.13389580531670733,
    "b1": -0.048925034106492016,
    "b2": -0.015402856843924569,
    "b3": -0.13726989068414575,
    "t1": 26.9770966045683,
    "t2": 134.96912829717922
}