{
    "b0": 12.214152723263979,
    "b1": -0.9048256900314922,
    "b2": 1.1816885931836694,
    "b3": -8.099432075803598,
    "t1": 134.62186127595373,
    "t2": 175.9704731839649
}