{
    "b0": 12.297676829569157,
    "b1": -1.0131075277788506,
    "b2": -1757.716870330142,
    "b3": 1750.6518019463215,
    "t1": 143.3026197914984,
    "t2": 143.0294042356568
}