{
    "b0": 0.13190074822775252,
    "b1": -0.04836468594951214,
    "b2": 0.02681179971796413,
    "b3": -0.13849622328576056,
    "t1": 46.14727834469729,
    "t2": 122.11497221266332
}