{
    "b0": 13.288909191565338,
    "b1": -2.2220158657547096,
    "b2": -3.833975640166854,
    "b3": -9.884269571110256,
    "t1": 26.74445936566094,
    "t2": 184.1223349389019
}