{
    "b0": 13.606931947391239,
    "b1": -5.021630208392544,
    "b2": 0.04950501959129472,
    "b3": -9.946933416582574,
    "t1": 51.18539644050355,
    "t2": 102.89979212960746
}