{
    "b0": 0.07884300162835876,
    "b1": 0.03323764102671861,
    "b2": -0.004098520297108804,
    "b3": 0.14454277757954137,
    "t1": 0.20172738088786324,
    "t2": 4.6757396005745795
}