{
    "b0": 0.12031619038509273,
    "b1": 0.009116077204005665,
    "b2": -0.07563432921216498,
    "b3": 0.03693846757025349,
    "t1": 0.7018543722192438,
    "t2": 1.8208330746976475
}