{
    "b0": 13.125593224834656,
    "b1": -4.623124931648736,
    "b2": -1224.5776426117327,
    "b3": 1216.6383273986125,
    "t1": 104.89700500795672,
    "t2": 104.4652304772668
}