{
    "b0": 0.12237564385013293,
    "b1": -0.02468560831751214,
    "b2": 0.18944197487364514,
    "b3": -0.2570445175419635,
    "t1": 73.6904901484211,
    "t2": 96.94259504954486
}