{
    "b0": 0.10602391614659416,
    "b1": 0.006589230087888656,
    "b2": -0.07527527808472195,
    "b3": 0.08155502994982149,
    "t1": 0.8791648747354546,
    "t2": 3.0549832134500523
}