{
    "b0": 0.23368608186620765,
    "b1": -0.15313370436561943,
    "b2": 0.20264647194778587,
    "b3": -0.3580785415098461,
    "t1": 2.7378860624966608,
    "t2": 5.20789722181502
}