{
    "b0": 0.12566413819019062,
    "b1": -0.009190946211404177,
    "b2": -0.03251615848119575,
    "b3": -0.07780194397334539,
    "t1": 34.8811478425432,
    "t2": 235.79740291084352
}