{
    "b0": 0.12608788678366664,
    "b1": -0.029530355949750647,
    "b2": 0.0055454215104125335,
    "b3": -0.1064643671689873,
    "t1": 44.70901993484907,
    "t2": 144.08038172159468
}