{
    "b0": 0.11404303587227904,
    "b1": -0.012918668828008208,
    "b2": -0.49958826366322373,
    "b3": 0.4813691228700831,
    "t1": 1.046983292143179,
    "t2": 1.1853286308127107
}