{
    "b0": 12.925806709150997,
    "b1": -0.2067702773690301,
    "b2": 961.689997336518,
    "b3": -967.0813440423457,
    "t1": 122.58816955581128,
    "t2": 123.05383880270377
}