{
    "b0": 0.13503188449434989,
    "b1": -0.04368599889918898,
    "b2": -0.04757065263710628,
    "b3": -0.13286507345012574,
    "t1": 21.352475955004035,
    "t2": 155.2256280210506
}