{
    "b0": 12.685114270462185,
    "b1": -0.23381330209068363,
    "b2": -0.8130455686704288,
    "b3": -6.312953197235265,
    "t1": 56.033017845848015,
    "t2": 234.05543602928077
}