{
    "b0": 0.1405874958927207,
    "b1": -0.05227968684610303,
    "b2": -0.07624490808141357,
    "b3": 0.04422500127066188,
    "t1": 0.556909121647972,
    "t2": -44.74404777810808
}