{
    "b0": 0.3046906196371585,
    "b1": -0.2238455537714818,
    "b2": 0.5429471374654948,
    "b3": -0.8242029614030532,
    "t1": 3.6704907992172506,
    "t2": 5.424974782008914
}