{
    "b0": 0.12314851649403083,
    "b1": 0.013122621895948936,
    "b2": 0.03642976950081681,
    "b3": -0.0690310991819858,
    "t1": 1.8725006888023599,
    "t2": 0.9037501072787844
}