{
    "b0": 0.13085297108505145,
    "b1": -0.04268457968881835,
    "b2": 0.08587608514196375,
    "b3": -0.11650956068760522,
    "t1": 1.0000000114247487,
    "t2": 0.7063947149034911
}