{
    "b0": 0.12938274465730182,
    "b1": -0.030344579963956314,
    "b2": 0.13577613903670116,
    "b3": -0.21565822968297302,
    "t1": 85.98256817737472,
    "t2": 124.94717004981077
}