{
    "b0": 0.15880223455822892,
    "b1": -0.0781378079534845,
    "b2": -0.3048189567888648,
    "b3": 0.32948336946054596,
    "t1": 4.807839587189806,
    "t2": 3.613043530238614
}