{
    "b0": 13.03177858534221,
    "b1": -1.75099482622492,
    "b2": -1.1819153424100919,
    "b3": -9.372582748372455,
    "t1": 49.63334361246909,
    "t2": 179.65981442940603
}