{
    "b0": 0.23300459832811762,
    "b1": -0.15278701931844205,
    "b2": 0.37809521753547715,
    "b3": -0.516147564187412,
    "t1": 3.3644612256147384,
    "t2": 5.056866670391037
}