{
    "b0": 0.1315143814947842,
    "b1": -0.04436844097205944,
    "b2": -0.042483946525434586,
    "b3": -0.12758227889351148,
    "t1": 12.074820742184944,
    "t2": 94.73185278837224
}