{
    "b0": 0.13245413637463152,
    "b1": -0.049024515341933375,
    "b2": 0.02977035081536287,
    "b3": -0.14163956752021964,
    "t1": 46.67030442938734,
    "t2": 122.2829700699742
}