{
    "b0": 0.07870078816619136,
    "b1": 0.028698630028829192,
    "b2": -5.233019154808963e-05,
    "b3": 0.15595248277226526,
    "t1": 0.22691265581120773,
    "t2": 4.675378588447636
}