{
    "b0": 12.859117589534048,
    "b1": -3.6735634350370088,
    "b2": -2.7489858177958952,
    "b3": -11.353684765896102,
    "t1": 18.250998535255555,
    "t2": 125.1079188921239
}