{
    "b0": 0.12222358887538302,
    "b1": -0.009605736100325474,
    "b2": -0.07093777811958984,
    "b3": 0.007439412973134571,
    "t1": 0.553800329341382,
    "t2": 2.4263971118187024
}