{
    "b0": 0.1324147318313083,
    "b1": -0.04915671724006067,
    "b2": 0.019266752983905927,
    "b3": -0.13600286082800125,
    "t1": 43.886711498621096,
    "t2": 126.46860607187908
}