{
    "b0": 0.1460087532340374,
    "b1": -0.05807563958831784,
    "b2": -0.07816058140732746,
    "b3": -0.027552991288767068,
    "t1": 0.4337133865950808,
    "t2": 5.240670480032254
}