{
    "b0": 0.1355768730254494,
    "b1": -0.05010003350259337,
    "b2": -0.017826044685883075,
    "b3": -0.13265632018792728,
    "t1": 22.007597812159737,
    "t2": 101.64927855849929
}