{
    "b0": 13.163254561088612,
    "b1": -4.713907085725383,
    "b2": 5802.945878714435,
    "b3": -5810.878928785112,
    "t1": 100.86708030058371,
    "t2": 100.96005169690987
}