{
    "b0": 0.12943401522217238,
    "b1": -0.04447255548086963,
    "b2": 0.01108357299589545,
    "b3": -0.11868189244436697,
    "t1": 29.358512822382835,
    "t2": 84.94898161540239
}