{
    "b0": 0.11737427084011103,
    "b1": -0.0048436200952645635,
    "b2": 0.06955620853718666,
    "b3": 0.0021433031426478944,
    "t1": 2.0,
    "t2": 5.0
}