{
    "b0": 0.12306769805717414,
    "b1": 0.011727727186219398,
    "b2": -0.06060136189680754,
    "b3": 0.02091162626132814,
    "t1": 0.7519513212159499,
    "t2": 3.3455929620108584
}