{
    "b0": 12.958826801962923,
    "b1": -0.2526993635116712,
    "b2": 1.0955463379507315,
    "b3": -6.8845374445922225,
    "t1": 67.48579596657518,
    "t2": 181.52121304043064
}