{
    "b0": 0.07815063451046628,
    "b1": 0.03568702061187519,
    "b2": -0.022207701033703956,
    "b3": 0.1402209066423985,
    "t1": 0.5400573247870284,
    "t2": 4.739758973133823
}