{
    "b0": 0.13277854907850428,
    "b1": -0.043280956017717295,
    "b2": -0.0076992767483503866,
    "b3": -0.1281507003217164,
    "t1": 36.78836243467379,
    "t2": 147.39992647234826
}