{
    "b0": 13.042481141111075,
    "b1": -4.103402217221852,
    "b2": 4058.8399717752322,
    "b3": -4066.6990480507725,
    "t1": 94.58315853529501,
    "t2": 94.70756400391996
}