{
    "b0": 0.26280050839190805,
    "b1": -0.18258941522942548,
    "b2": 0.7637653938300085,
    "b3": -0.9436431630569362,
    "t1": 3.8801960359250165,
    "t2": 5.031950114477253
}