{
    "b0": 12.240316533367219,
    "b1": -0.9268944317357732,
    "b2": -0.027346678404408742,
    "b3": -6.866205915472322,
    "t1": 119.50181330485871,
    "t2": 195.23674528402927
}