{
    "b0": 0.13509797677840665,
    "b1": -0.05026946547920991,
    "b2": 0.02000685854629511,
    "b3": -0.13540047963491542,
    "t1": 38.20170087754437,
    "t2": 95.55881000824326
}