{
    "b0": 0.12914946311992204,
    "b1": -0.03490266056113116,
    "b2": 0.02674264886139948,
    "b3": -0.12170776642538117,
    "t1": 40.740253817520085,
    "t2": 112.95815384830249
}