{
    "b0": 13.565501649993791,
    "b1": -4.928966036458235,
    "b2": -2.6413712218629923,
    "b3": -12.222249839238296,
    "t1": 20.289999615490014,
    "t2": 93.88523519559234
}