{
    "b0": 0.12537435615556544,
    "b1": -0.03401401398665458,
    "b2": 0.04913045643123992,
    "b3": -0.054824533438073246,
    "t1": 1.7734189550817463,
    "t2": 0.5930510511064719
}