{
    "b0": 13.54414495044472,
    "b1": -4.970342978657294,
    "b2": 313.0045861608918,
    "b3": -321.31602767420515,
    "t1": 88.70186488814747,
    "t2": 89.89862225718879
}