{
    "b0": 0.129725878463303,
    "b1": -0.029992991869011873,
    "b2": 0.0075307766217121465,
    "b3": -0.10248183521118337,
    "t1": 37.48871692723509,
    "t2": 144.30920350730526
}