{
    "b0": 13.279802788382964,
    "b1": -4.737963665968676,
    "b2": 737.4166745891803,
    "b3": -745.4940268140917,
    "t1": 108.83007085700663,
    "t2": 109.53953133962366
}