{
    "b0": 0.09218059860753264,
    "b1": 0.03737020513751489,
    "b2": 0.03206726373070001,
    "b3": 0.09530424959502533,
    "t1": 0.19619829002997738,
    "t2": 6.062947254990988
}