{
    "b0": 0.13200872514351664,
    "b1": -0.024953873550462857,
    "b2": 0.0666491288391278,
    "b3": -0.1500021749788411,
    "t1": 74.23386991881466,
    "t2": 126.09577815484238
}