{
    "b0": 13.171363763509254,
    "b1": -4.665381533085096,
    "b2": 13336.534810218402,
    "b3": -13344.428854678312,
    "t1": 102.37116933734195,
    "t2": 102.40835240087357
}