{
    "b0": 12.99144668640984,
    "b1": -4.015116736634537,
    "b2": 2160.7733749502745,
    "b3": -2168.537715203947,
    "t1": 101.11803308494025,
    "t2": 101.33682906583647
}