{
    "b0": 0.07912358365041955,
    "b1": 0.0033170864209340137,
    "b2": 0.02379884850293509,
    "b3": 0.14406888745066365,
    "t1": 2.0,
    "t2": 5.0
}