{
    "b0": 12.964408085294234,
    "b1": -3.9007839969392233,
    "b2": -2.254153257954915,
    "b3": -11.660603835031901,
    "t1": 20.967295652554885,
    "t2": 131.1212292716749
}