{
    "b0": 0.12912753135343913,
    "b1": -0.02208187242686295,
    "b2": 0.0985831728395463,
    "b3": -0.17654017991939883,
    "t1": 81.4380479652318,
    "t2": 118.6923624798012
}