{
    "b0": 0.12640820873876632,
    "b1": -0.01509303603685376,
    "b2": 0.008549406111053856,
    "b3": -0.09567977544448097,
    "t1": 45.132745424257784,
    "t2": 153.6040892666471
}