{
    "b0": 0.12118137313580672,
    "b1": -0.004659477871764427,
    "b2": 0.03399814818797812,
    "b3": -0.09734432445456925,
    "t1": 63.642462179460566,
    "t2": 146.42026719109853
}