{
    "b0": 13.188689508293368,
    "b1": -4.257234789426116,
    "b2": 1339.13575329836,
    "b3": -1347.6267374293639,
    "t1": 106.48028407067709,
    "t2": 106.85600396904634
}