{
    "b0": 13.491906878664995,
    "b1": -4.918880152774326,
    "b2": 579.342591206601,
    "b3": -587.5345056514657,
    "t1": 88.45682873722394,
    "t2": 89.09886656391238
}