{
    "b0": 0.17690368875569903,
    "b1": -0.08932190327347811,
    "b2": -0.09773852386546734,
    "b3": -0.1235157972157819,
    "t1": 0.6792546747033297,
    "t2": 6.350509046766622
}