{
    "b0": 0.13821471740741442,
    "b1": -0.050718962696228276,
    "b2": -0.04238046885615293,
    "b3": -0.14055466031336136,
    "t1": 13.205121835555005,
    "t2": 88.24439135685179
}