{
    "b0": 13.047201559075104,
    "b1": -0.4465650905477241,
    "b2": -189.68073977167302,
    "b3": 183.2163877712071,
    "t1": 145.27192918615413,
    "t2": 143.6290685691434
}