{
    "b0": 0.12959464256438757,
    "b1": -0.041970542893895624,
    "b2": 0.11887256797136725,
    "b3": -0.14350208114777058,
    "t1": 1.0000000298764864,
    "t2": 0.7436637328873879
}