{
    "b0": 0.12511171173503913,
    "b1": -0.002189865168829696,
    "b2": -0.06160400059659732,
    "b3": 0.009511167478103263,
    "t1": 0.6091618716825595,
    "t2": 2.8387932580044897
}