{
    "b0": 0.12895488451533457,
    "b1": -0.00282808735508985,
    "b2": -0.06842106878293441,
    "b3": 0.011322772395713412,
    "t1": 0.5997496549232677,
    "t2": 2.7625221393402892
}