{
    "b0": 13.301113703521418,
    "b1": -4.633356989015651,
    "b2": -3.1035480206505923,
    "b3": -12.925609860609935,
    "t1": 19.40322168780189,
    "t2": 119.71491693193157
}