{
    "b0": 0.12693102847893847,
    "b1": -0.012678537495240116,
    "b2": -0.013507579986668673,
    "b3": -0.08331891143086026,
    "t1": 64.36611594187771,
    "t2": 255.6731343807466
}