{
    "b0": 0.11602946071181655,
    "b1": 0.05347584249178854,
    "b2": -0.21040200096453923,
    "b3": 0.1442817339851196,
    "t1": 2.1298464988940395,
    "t2": 5.231088291038759
}