{
    "b0": 13.490526170402584,
    "b1": -4.903383279777362,
    "b2": 1393.8217104560465,
    "b3": -1402.0106076663824,
    "t1": 81.78215938879312,
    "t2": 82.03398884204734
}