{
    "b0": 0.13503970522073058,
    "b1": -0.0503276122838309,
    "b2": -0.010456156830219526,
    "b3": -0.13245286115276939,
    "t1": 18.49174474369399,
    "t2": 82.03521873015738
}