{
    "b0": 12.22108217717493,
    "b1": -2.264312481257031,
    "b2": 2081.2100000388014,
    "b3": -2087.902753815182,
    "t1": 108.3780431705149,
    "t2": 108.5665139948039
}