{
    "b0": 0.13065288690064286,
    "b1": -0.04364314069735656,
    "b2": -0.0384009483136621,
    "b3": -0.12983070702896685,
    "t1": 17.7541977450619,
    "t2": 133.86394767733947
}