{
    "b0": 0.1299550361054248,
    "b1": -0.04203534322493061,
    "b2": 0.11768526521682862,
    "b3": -0.1449553959080527,
    "t1": 1.00000002619975,
    "t2": 0.7517702105713853
}