{
    "b0": 0.12868968123890479,
    "b1": -0.025833634238246632,
    "b2": -0.031758593525351944,
    "b3": 0.056118448062387694,
    "t1": 1.0000002625083382,
    "t2": 0.05457440203229877
}