{
    "b0": 0.13622814076582906,
    "b1": -0.04766483789473381,
    "b2": -0.0764661521314529,
    "b3": 0.0012794759875425499,
    "t1": 0.550809764380142,
    "t2": -5.327918226804279
}