{
    "b0": 0.14280059079962648,
    "b1": -0.0556895177485357,
    "b2": -0.06856063176125984,
    "b3": -0.021454086081081125,
    "t1": 0.3736697728758476,
    "t2": 7.218639627870251
}