{
    "b0": 0.13539377374827674,
    "b1": -0.04974470789413704,
    "b2": -0.011203348824332542,
    "b3": -0.12425008278287143,
    "t1": 23.23733942333334,
    "t2": 87.32902254996687
}