{
    "b0": 12.878818382619423,
    "b1": -3.2646008618705658,
    "b2": -837.715320076841,
    "b3": 830.4073860620767,
    "t1": 97.28514682219554,
    "t2": 96.8378887961357
}