{
    "b0": 0.08499541067168237,
    "b1": 0.028688869338541673,
    "b2": -0.01922015326792436,
    "b3": 0.12287769198600271,
    "t1": 0.29403899559481395,
    "t2": 4.692786160251284
}