{
    "b0": 0.11609280841008136,
    "b1": -0.018845118780708044,
    "b2": -0.1803261882952976,
    "b3": 0.15696818574671734,
    "t1": 0.9755887690182017,
    "t2": 1.3872618947813131
}