{
    "b0": 0.13526043841119872,
    "b1": -0.04219569864368086,
    "b2": -0.048207374599660055,
    "b3": -0.14370353503668085,
    "t1": 18.298451473675872,
    "t2": 143.92854347962373
}