{
    "b0": 0.128642993837281,
    "b1": -0.046363070931898044,
    "b2": 0.05363284825807983,
    "b3": -0.01110891218301472,
    "t1": 2.0,
    "t2": 5.0
}