{
    "b0": 0.2532974880659722,
    "b1": -0.1721078399028516,
    "b2": 0.1714983950191122,
    "b3": -0.38301578127166985,
    "t1": 2.543572091181693,
    "t2": 5.1827694714508175
}