{
    "b0": 0.1260863678548938,
    "b1": -0.02737673521915919,
    "b2": 0.03559664774345046,
    "b3": -0.1195931029558718,
    "t1": 58.45863445521877,
    "t2": 144.58267232543386
}