{
    "b0": 0.13153654444393056,
    "b1": -0.043284630553666326,
    "b2": -0.045395952000263966,
    "b3": -0.12865134070993214,
    "t1": 16.399684293498616,
    "t2": 130.4233152651877
}