{
    "b0": 0.13171843902790395,
    "b1": -0.04847036490089572,
    "b2": 0.03402983985816103,
    "b3": -0.1422202386753972,
    "t1": 48.66540033678501,
    "t2": 119.92558593366654
}