{
    "b0": 13.740818976881304,
    "b1": -5.0989250186788215,
    "b2": -1.7668597780849997,
    "b3": -11.656208363190165,
    "t1": 28.83226599280884,
    "t2": 97.73749231233519
}