{
    "b0": 0.13336522414474336,
    "b1": -0.04791072660543544,
    "b2": -0.020927517529072726,
    "b3": -0.13320595783337413,
    "t1": 22.794398041215242,
    "t2": 128.0906082190335
}