{
    "b0": 0.12579261472019193,
    "b1": -0.02321675460186508,
    "b2": 0.2366958559408119,
    "b3": -0.2686201465912184,
    "t1": 1.1754609987635494,
    "t2": 0.9607162283165902
}