{
    "b0": 0.14367935383074823,
    "b1": -0.055445397492024096,
    "b2": -0.08274577365434334,
    "b3": 0.010658000248680837,
    "t1": 0.6095618809287531,
    "t2": -11.305430718125038
}