{
    "b0": 0.1358277148231594,
    "b1": -0.05212856777344868,
    "b2": 0.04384760678457383,
    "b3": -0.14915527677045154,
    "t1": 36.558792250110216,
    "t2": 76.93258620109452
}