{
    "b0": 0.3498195498988619,
    "b1": -0.26947916090568624,
    "b2": -0.620005678908725,
    "b3": 0.38210466366711154,
    "t1": 7.421961134669007,
    "t2": 3.9963569416638305
}