{
    "b0": 0.12644042145158763,
    "b1": 0.0014297385248077422,
    "b2": -0.062452136270626984,
    "b3": 0.015758754742092144,
    "t1": 0.6263841134584531,
    "t2": 2.7902738224681363
}