{
    "b0": 0.12023396900627732,
    "b1": 0.015447612307256473,
    "b2": -0.051517346214726034,
    "b3": 0.02172665465429787,
    "t1": 0.7043967889949825,
    "t2": 3.1949047886364683
}