{
    "b0": 13.56451505983256,
    "b1": -4.926483176097278,
    "b2": -2.601576837197187,
    "b3": -12.74311941335571,
    "t1": 22.39864172950317,
    "t2": 107.55175206688595
}