{
    "b0": 0.24274650579150814,
    "b1": -0.1618986166156865,
    "b2": 0.1978094562930595,
    "b3": -0.37785300843749137,
    "t1": 2.766018594842122,
    "t2": 5.25832330152623
}