{
    "b0": 0.13469987907000874,
    "b1": -0.04670480274009176,
    "b2": -0.7583360099355564,
    "b3": 0.7123377773837759,
    "t1": 0.5747931597643373,
    "t2": 0.5951002607148419
}