{
    "b0": 0.08141555417496926,
    "b1": 0.03193484056801675,
    "b2": -0.014700987426025484,
    "b3": 0.13422337211174634,
    "t1": 0.28577221928458796,
    "t2": 4.728689582560021
}