{
    "b0": 0.1311717471522231,
    "b1": -0.042034875251689724,
    "b2": -0.00610878841786848,
    "b3": -0.12945444011559024,
    "t1": 27.96564622288614,
    "t2": 132.31400156462385
}