{
    "b0": 0.2275727270541914,
    "b1": -0.14673147352568536,
    "b2": 0.2089580389215053,
    "b3": -0.34762429667656847,
    "t1": 2.850607436152794,
    "t2": 5.221323780048102
}