{
    "b0": 0.11678961424956624,
    "b1": 0.019688647585128526,
    "b2": -0.015355405529165825,
    "b3": 0.047785579078723855,
    "t1": 6.214638654230706,
    "t2": 13.838314623982285
}