{
    "b0": 13.170376110124574,
    "b1": -4.5067279128846,
    "b2": -3.2755395752765093,
    "b3": -12.472740774923299,
    "t1": 21.388213713010042,
    "t2": 131.23813133334514
}