{
    "b0": 0.13297072017911238,
    "b1": -0.04537939694532246,
    "b2": -0.9641027075699886,
    "b3": 0.929482394202979,
    "t1": 0.6089669608225192,
    "t2": 0.6309887919761603
}