{
    "b0": 12.244517830050762,
    "b1": 0.7550866940147776,
    "b2": -3.7959211754484343,
    "b3": -7.597920865855129,
    "t1": 5.211432757134762,
    "t2": 202.75463568861926
}