{
    "b0": 0.1697636257814151,
    "b1": -0.08232811906747561,
    "b2": -0.0906720253758129,
    "b3": -0.10624738655145434,
    "t1": 0.5344583180869247,
    "t2": 5.750936002546986
}