{
    "b0": 13.181555911544969,
    "b1": -0.48262353327330576,
    "b2": -0.39049791725377414,
    "b3": -6.9762323467315,
    "t1": 20.74772221879237,
    "t2": 190.13670220086843
}