{
    "b0": 0.1411145851771968,
    "b1": -0.05311873755948965,
    "b2": -0.07871130925142507,
    "b3": 0.049645885756814154,
    "t1": 0.5550171298305775,
    "t2": -39.79362539697291
}