{
    "b0": 0.13484070582046126,
    "b1": -0.05146048477492279,
    "b2": 0.053462357545075216,
    "b3": -0.15301099089380676,
    "t1": 37.30097522989393,
    "t2": 72.95013677075072
}