{
    "b0": 0.12345008798378648,
    "b1": -0.021073221592009965,
    "b2": -0.46173628304440373,
    "b3": 0.4289139791800983,
    "t1": 1.0501738691682747,
    "t2": 1.1932058918960067
}