{
    "b0": 13.147688451009053,
    "b1": -4.471800823624719,
    "b2": -2.99284985687973,
    "b3": -12.039641878359797,
    "t1": 16.341952386918408,
    "t2": 92.58357478062428
}