{
    "b0": 13.38521851284724,
    "b1": -4.8033044445232544,
    "b2": -4089.6496905041276,
    "b3": 4081.632722370552,
    "t1": 79.03992578679774,
    "t2": 78.95940822804758
}