{
    "b0": 13.558205395274085,
    "b1": -4.905017926207899,
    "b2": -2.57833983243269,
    "b3": -12.12629988159578,
    "t1": 21.40558165234983,
    "t2": 96.42514127803246
}