{
    "b0": 0.07639030805754049,
    "b1": 0.03564345993572965,
    "b2": 0.028475325991682558,
    "b3": 0.14248940200486584,
    "t1": 0.14221848034980486,
    "t2": 4.576024631610082
}