{
    "b0": 0.18526629006122092,
    "b1": -0.1052499266759654,
    "b2": 0.32837752826546385,
    "b3": -0.368119885770508,
    "t1": 3.538343829683428,
    "t2": 5.065889970342144
}