{
    "b0": 0.1362823636012017,
    "b1": -0.052514411932293545,
    "b2": 0.03266606121705951,
    "b3": -0.1430548149757211,
    "t1": 35.0450418382516,
    "t2": 79.64529588018593
}