{
    "b0": 0.13136365172807174,
    "b1": -0.04281122864676619,
    "b2": 0.0038714558366043095,
    "b3": -0.12747164012979076,
    "t1": 32.61718579509112,
    "t2": 127.89899759697667
}