{
    "b0": 0.19547139386588744,
    "b1": -0.11427723477167845,
    "b2": 0.2571845187770495,
    "b3": -0.34428871689392687,
    "t1": 3.217478272875629,
    "t2": 5.034828974744954
}