{
    "b0": 0.12335692495642674,
    "b1": -0.012927345212011387,
    "b2": 0.033199137365918584,
    "b3": -0.10637315188395749,
    "t1": 58.213538316078484,
    "t2": 159.7148345282767
}