{
    "b0": 13.215299288192721,
    "b1": -2.6895958056290015,
    "b2": -0.14792595302845646,
    "b3": -7.988375690528326,
    "t1": 124.73930578112773,
    "t2": 204.35096272283556
}