{
    "b0": 0.12560975631905516,
    "b1": -0.014791132762558473,
    "b2": 0.011583939686858388,
    "b3": -0.09394356877879137,
    "t1": 36.49896973686488,
    "t2": 140.07694436402954
}