{
    "b0": 0.1918544601617012,
    "b1": -0.11190816214315825,
    "b2": -0.5041624121599527,
    "b3": 0.48487223166551535,
    "t1": 4.995030087315895,
    "t2": 3.7972130515022164
}