{
    "b0": 0.13732525289941735,
    "b1": -0.04934382818603661,
    "b2": -0.07059716865063459,
    "b3": 0.011063220356922837,
    "t1": 0.5589854654441264,
    "t2": -18.059069923919623
}