{
    "b0": 0.1330113608008742,
    "b1": -0.04904934744208464,
    "b2": 0.009925709946636753,
    "b3": -0.1329037830753656,
    "t1": 42.654025874916805,
    "t2": 133.48099749925672
}