{
    "b0": 0.18632039521956276,
    "b1": -0.10567615428708768,
    "b2": 0.2856855145667247,
    "b3": -0.3469133688850256,
    "t1": 3.401797205786526,
    "t2": 4.978462002213447
}