{
    "b0": 0.12336179513500563,
    "b1": 0.033227020767735746,
    "b2": -0.12473652221613572,
    "b3": 0.10385487797983463,
    "t1": 2.0,
    "t2": 5.0
}