{
    "b0": 0.11520988567453114,
    "b1": -0.015207593869508262,
    "b2": -0.1036507038848079,
    "b3": 0.07907827857515815,
    "t1": 0.7993428785358412,
    "t2": 1.5972106737135907
}