{
    "b0": 12.972273088166135,
    "b1": -4.307052482708,
    "b2": -3.1682948229562626,
    "b3": -11.564120156213646,
    "t1": 17.164131222298252,
    "t2": 103.35289188570627
}