{
    "b0": 0.13579558548597442,
    "b1": -0.051109095126117304,
    "b2": 0.010321663068933638,
    "b3": -0.13101979911130485,
    "t1": 31.842032568786333,
    "t2": 88.37249297067191
}