{
    "b0": 0.12067275257128021,
    "b1": 0.008465900941736729,
    "b2": -0.06512995968462759,
    "b3": 0.03675958018049953,
    "t1": 0.6560314420320612,
    "t2": 2.686636961015787
}