{
    "b0": 0.12971724727463108,
    "b1": -0.04425395988491762,
    "b2": -0.01664050852159567,
    "b3": -0.11722874752802206,
    "t1": 20.91261849841665,
    "t2": 100.112675735523
}