{
    "b0": 12.368980458121666,
    "b1": -1.088905560433325,
    "b2": 211.03714888912424,
    "b3": -217.39452097170468,
    "t1": 152.03790843131173,
    "t2": 154.31763146668936
}