{
    "b0": 0.12233545191102116,
    "b1": -0.01009505371055236,
    "b2": 0.10993854672568627,
    "b3": -0.17744791644473154,
    "t1": 118.13334856865544,
    "t2": 142.80949252345917
}