{
    "b0": 12.932557972742611,
    "b1": -4.403986831417447,
    "b2": 3351.2147407237394,
    "b3": -3358.235319250958,
    "t1": 73.4671167675583,
    "t2": 73.55638488087467
}