{
    "b0": 0.5094056624396185,
    "b1": -0.429041203561843,
    "b2": -0.8729317147833129,
    "b3": 0.4155824667942816,
    "t1": 8.855548824745766,
    "t2": 4.119485709186799
}