{
    "b0": 0.1255290986345733,
    "b1": -0.014537397014437035,
    "b2": -0.08412629971197848,
    "b3": 0.027733251985304654,
    "t1": 0.6342122689882581,
    "t2": 2.3207260722932075
}