{
    "b0": 0.09851615525387881,
    "b1": 0.030212247121296602,
    "b2": 0.08583716989988252,
    "b3": -0.07219561406397149,
    "t1": 5.567535023817067,
    "t2": 0.9684846860113449
}