{
    "b0": 0.13457829990116096,
    "b1": -0.0071153619743752165,
    "b2": -0.06703345415366513,
    "b3": 0.007814729456049661,
    "t1": 0.6815754673585135,
    "t2": 3.0075638719632414
}