{
    "b0": 0.12718293684745097,
    "b1": -0.024525404803588828,
    "b2": -0.380597334581173,
    "b3": 0.3381810279273088,
    "t1": 0.9671622901273313,
    "t2": 1.1119601060950375
}