{
    "b0": 0.13478717131962062,
    "b1": -0.048979343261904645,
    "b2": -0.02139869712328147,
    "b3": -0.12926396631961679,
    "t1": 20.012016805852245,
    "t2": 97.0702964314993
}