{
    "b0": 0.12559165550640214,
    "b1": -0.03802623320608033,
    "b2": 0.05484710188262903,
    "b3": -0.06217410512121251,
    "t1": 1.4676056805595143,
    "t2": 0.6340351085112985
}