{
    "b0": 0.11659108662875091,
    "b1": 0.019247158945364908,
    "b2": -0.05141683268097258,
    "b3": 0.03190946553020723,
    "t1": 0.746930414742379,
    "t2": 3.3064129163263245
}