{
    "b0": 0.12084799259187673,
    "b1": -0.02873530157006316,
    "b2": 0.11666605814593892,
    "b3": -0.11592800147493841,
    "t1": 1.3893941492953257,
    "t2": 0.8266846223340103
}