{
    "b0": 0.12523539518407123,
    "b1": -0.026993085138025716,
    "b2": -0.012736817557699173,
    "b3": -0.10074275804089625,
    "t1": 36.60564089496653,
    "t2": 164.7877357031622
}