{
    "b0": 0.12962278803939692,
    "b1": -0.04087472756668861,
    "b2": -0.06788059660334342,
    "b3": -0.12945776964867622,
    "t1": 6.354824194098522,
    "t2": 77.78657922130843
}