{
    "b0": 0.07364696822799081,
    "b1": 0.05854717924304412,
    "b2": -0.004139365630047825,
    "b3": 0.1573846353798796,
    "t1": 0.5293273761083166,
    "t2": 5.21999664820475
}