{
    "b0": 0.10993177155811212,
    "b1": -0.019956806840331017,
    "b2": 0.09576820123848093,
    "b3": -0.031104700876812195,
    "t1": 3.365522993190889,
    "t2": 0.2673810896569897
}