{
    "b0": 0.13540136125005478,
    "b1": -0.0488962159817333,
    "b2": -0.0314174347307875,
    "b3": -0.1333267114771184,
    "t1": 17.282050343511763,
    "t2": 100.95508387028568
}