{
    "b0": 0.11536063611634421,
    "b1": -0.013915156937466724,
    "b2": -0.11423406568425942,
    "b3": 0.09511217992941397,
    "t1": 0.9308699851686977,
    "t2": 1.7953943884598242
}