{
    "b0": 0.4783857681423566,
    "b1": -0.39758222312778563,
    "b2": -0.7528351631068421,
    "b3": 0.3506813337143398,
    "t1": 9.248441024987827,
    "t2": 3.9837769789504343
}