{
    "b0": 0.08503839255817673,
    "b1": 0.028118200826968906,
    "b2": -0.03787164403693427,
    "b3": 0.12648519612108472,
    "t1": 0.6463373629749909,
    "t2": 4.549050431279309
}