{
    "b0": 0.13506870530084758,
    "b1": -0.04739507278175523,
    "b2": -0.27802625579627516,
    "b3": 0.23536148789443107,
    "t1": 0.5804296551278335,
    "t2": 0.6529631146686218
}