{
    "b0": 12.341204347381478,
    "b1": -2.289696805595173,
    "b2": 5263.698309194499,
    "b3": -5270.4478369194285,
    "t1": 123.69440542841846,
    "t2": 123.78553639254534
}