{
    "b0": 12.222535775535547,
    "b1": -2.2453916767461903,
    "b2": -1689.5770934691973,
    "b3": 1683.251260672282,
    "t1": 106.65041734772417,
    "t2": 106.39504191223729
}