{
    "b0": 0.11287229809688909,
    "b1": 0.014638972419988797,
    "b2": -0.06211864587863983,
    "b3": 0.08064197299036803,
    "t1": 1.0010790686665172,
    "t2": 4.079966137415702
}