{
    "b0": 0.11944994421533021,
    "b1": 0.016756745485173037,
    "b2": 0.042445565507310545,
    "b3": -0.07491358161510474,
    "t1": 1.9899588877667387,
    "t2": 1.013905349116465
}