{
    "b0": 0.1261270480978177,
    "b1": -0.023532866143298886,
    "b2": -0.07400947725387658,
    "b3": 0.03581673228908887,
    "t1": 0.7311902171482296,
    "t2": 1.7083174851486458
}