{
    "b0": 12.003301370361697,
    "b1": 159.14480555042678,
    "b2": 4967.221412961786,
    "b3": -5389.032407091614,
    "t1": 1.7323557258745106,
    "t2": 1.6437700393073886
}