{
    "b0": 0.13332905811486676,
    "b1": -0.045870939658827936,
    "b2": -0.17027857849854497,
    "b3": 0.1312518254706258,
    "t1": 0.5579223685031011,
    "t2": 0.6861800629584386
}