{
    "b0": 0.12347132271662288,
    "b1": -0.010534838107465347,
    "b2": -0.06295223951693604,
    "b3": -0.0064986785658303,
    "t1": 0.5173183562810906,
    "t2": 0.9466712108764295
}