{
    "b0": 0.14013841445897407,
    "b1": -0.05201987111993507,
    "b2": -0.0766665115177397,
    "b3": 0.03155616833490843,
    "t1": 0.5524128868612233,
    "t2": -30.978905663750304
}