{
    "b0": 0.15993981564634474,
    "b1": -0.07962942783203629,
    "b2": 0.21807146086426554,
    "b3": -0.22497665612194595,
    "t1": 3.247373732323545,
    "t2": 4.909648362220027
}