{
    "b0": 0.12955008124761364,
    "b1": -0.0411078295119023,
    "b2": -0.00128348209958596,
    "b3": -0.1226892942297957,
    "t1": 28.39312551139182,
    "t2": 132.03583761350401
}