{
    "b0": 0.13162418926230135,
    "b1": -0.04615310571206943,
    "b2": -0.021402695526556936,
    "b3": -0.13237070016261027,
    "t1": 23.368385310514707,
    "t2": 133.2895007147755
}