{
    "b0": 0.1335400181562225,
    "b1": -0.009202825272303414,
    "b2": 0.14382647602469348,
    "b3": -0.196566368472132,
    "t1": 82.72655768832192,
    "t2": 117.22037091531092
}