{
    "b0": 0.12418028852131,
    "b1": -0.010578312926076583,
    "b2": -0.020008251223785193,
    "b3": -0.0576677875670652,
    "t1": 131.65564822699673,
    "t2": 240.16008755483995
}