{
    "b0": 13.001046448194145,
    "b1": -4.298917869427935,
    "b2": -3.1909668131639854,
    "b3": -11.729962335875806,
    "t1": 16.614110797307315,
    "t2": 101.78657301576666
}