{
    "b0": 0.1342211618453868,
    "b1": -0.04622318813243745,
    "b2": -0.022427397253440548,
    "b3": -0.13368720144355262,
    "t1": 29.90413455773257,
    "t2": 147.72466238239753
}