{
    "b0": 0.11357110158005086,
    "b1": -0.01286728739432062,
    "b2": 0.12905241808050472,
    "b3": -0.14586769346670503,
    "t1": 1.4575708365904676,
    "t2": 0.9437888860291661
}