{
    "b0": 0.12746663995461427,
    "b1": -0.010552350404951102,
    "b2": -0.04232386155786809,
    "b3": -0.06261879837258691,
    "t1": 81.63821267723023,
    "t2": 390.12906882151026
}