{
    "b0": 0.11846769646808865,
    "b1": 0.020655870669356154,
    "b2": -0.027991645590544803,
    "b3": 0.05477913095232745,
    "t1": 4.150318517491868,
    "t2": 10.70858822141934
}