{
    "b0": 0.13085507854728548,
    "b1": -0.0458285668809191,
    "b2": -0.012368917470797713,
    "b3": -0.12315763714035656,
    "t1": 28.936586883788618,
    "t2": 132.40565100756268
}