{
    "b0": 0.12808205611013376,
    "b1": -0.016609539178954316,
    "b2": -0.001969203272665237,
    "b3": -0.08960470784992812,
    "t1": 37.14777223145457,
    "t2": 207.0131342884701
}