{
    "b0": 12.484850068844514,
    "b1": -2.2380736408017974,
    "b2": -3.656402039198877,
    "b3": -10.101920841450568,
    "t1": 17.178641636032083,
    "t2": 145.09058459936944
}