{
    "b0": 13.066945239146046,
    "b1": -2.891515775584617,
    "b2": -1.1893467674067728,
    "b3": -9.369231159642489,
    "t1": 36.11553009320815,
    "t2": 170.16282417337032
}