{
    "b0": 0.12047527130476289,
    "b1": 0.00885527263185424,
    "b2": -0.057340822875395464,
    "b3": 0.023921015716068958,
    "t1": 0.6221268024298396,
    "t2": 2.771008374729438
}