{
    "b0": 12.984638391940603,
    "b1": -0.32353006467515444,
    "b2": -92.17144452881865,
    "b3": 86.03070394348536,
    "t1": 140.5722428146962,
    "t2": 137.15576155359363
}