{
    "b0": 0.0758316539537662,
    "b1": 0.05395230155180643,
    "b2": -1.7838619586763027e-06,
    "b3": 0.160508900865463,
    "t1": 0.45836371676152754,
    "t2": 4.899590600311323
}