{
    "b0": 13.753033886227236,
    "b1": -5.107158052804563,
    "b2": 0.005504636442598354,
    "b3": -9.394783777823768,
    "t1": 65.57593946173579,
    "t2": 113.3344269318813
}