{
    "b0": 0.12242013020169183,
    "b1": 0.005941359184987835,
    "b2": -0.06774102336824617,
    "b3": 0.04084752720239288,
    "t1": 0.6889881807238791,
    "t2": 2.7325794615499763
}