{
    "b0": 0.2372056249240893,
    "b1": -0.14918846187538715,
    "b2": -0.13706008254128665,
    "b3": -0.29967484100567965,
    "t1": 0.7177359412688102,
    "t2": 6.002645854324233
}