{
    "b0": 0.13394596334593387,
    "b1": -0.04932219315047587,
    "b2": 0.00944021278376636,
    "b3": -0.13175137771563483,
    "t1": 31.82841516093924,
    "t2": 96.50450603178217
}