{
    "b0": 0.14121099049776353,
    "b1": -0.05315935781919334,
    "b2": -0.07955227656702789,
    "b3": 0.11008598550653513,
    "t1": 0.5925272702988771,
    "t2": -65.34593944945878
}