{
    "b0": 0.13014163975127302,
    "b1": -0.042808587159993736,
    "b2": -0.39813334965374836,
    "b3": 0.3643459119796264,
    "t1": 0.8245286444508091,
    "t2": 0.9100033845913194
}