{
    "b0": 0.11846253111720008,
    "b1": -0.014236950461272307,
    "b2": 0.11968929255094078,
    "b3": -0.029165884281888196,
    "t1": 2.0,
    "t2": 5.0
}