{
    "b0": 0.07258493797596034,
    "b1": 0.048158511664241274,
    "b2": -3.678214951995107e-05,
    "b3": 0.1611992468878829,
    "t1": 0.3197236654699136,
    "t2": 4.994811991553786
}