{
    "b0": 0.13472610288696346,
    "b1": -0.04853710288906182,
    "b2": -0.02770210721535395,
    "b3": -0.13092459477075546,
    "t1": 17.318222192793467,
    "t2": 95.64406252338655
}