{
    "b0": 0.11716982670339317,
    "b1": -0.019983275955363266,
    "b2": -0.3259311307800347,
    "b3": 0.30725214058946426,
    "t1": 1.0246439853710896,
    "t2": 1.2368026155425031
}