{
    "b0": 12.944189985910038,
    "b1": -0.3129807413022707,
    "b2": -6.027310891569746,
    "b3": 1.483612305609608,
    "t1": 215.7133663875644,
    "t2": 44.961168991142046
}