{
    "b0": 0.12093332081090179,
    "b1": -0.023962154527670865,
    "b2": 0.5633893461231237,
    "b3": -0.6217119088241276,
    "t1": 74.87012281332977,
    "t2": 83.82982740257478
}