{
    "b0": 13.480109739339111,
    "b1": -4.191328237081107,
    "b2": -4.595190186458696,
    "b3": -13.634950886583278,
    "t1": 21.783166669332292,
    "t2": 151.52397358544005
}