{
    "b0": 12.846773155444476,
    "b1": -3.9123719932949736,
    "b2": -1234.0892558507749,
    "b3": 1226.753054064351,
    "t1": 101.43285376257916,
    "t2": 100.99657645057468
}