{
    "b0": 0.0797345901156817,
    "b1": 0.0014672199811959566,
    "b2": 0.006998042174949605,
    "b3": 0.1517166176830651,
    "t1": 2.7220386452411374,
    "t2": 4.3281393375679444
}