{
    "b0": 0.11353517460748973,
    "b1": -0.014256218458326496,
    "b2": -0.0907985216192964,
    "b3": 0.06933884105825665,
    "t1": 0.7952469681491252,
    "t2": 1.77208004120059
}