{
    "b0": 12.396320889247074,
    "b1": 1.3703189414411034,
    "b2": 1690.9873070861045,
    "b3": -1689.5635803493533,
    "t1": 6.283668292170264,
    "t2": 6.27480065906362
}