{
    "b0": 0.11503440632406325,
    "b1": -0.034752052203801086,
    "b2": 0.04670237742002439,
    "b3": 0.04233616379390177,
    "t1": 2.0,
    "t2": 5.0
}