{
    "b0": 0.2262905210300751,
    "b1": -0.1459422054283539,
    "b2": -0.49420508538018937,
    "b3": 0.4240127061584666,
    "t1": 5.6590612707332095,
    "t2": 3.8493161797525874
}