{
    "b0": 0.13534777232438583,
    "b1": -0.04874824603907604,
    "b2": -0.03365240038884509,
    "b3": -0.13330189226318553,
    "t1": 13.802860788192843,
    "t2": 85.81618748912945
}