{
    "b0": 0.133936144008172,
    "b1": -0.049262758056381334,
    "b2": 0.01949388177902086,
    "b3": -0.1333019736920053,
    "t1": 35.65894284564799,
    "t2": 90.83509831278748
}