{
    "b0": 0.15274241771314392,
    "b1": -0.06535964767670689,
    "b2": -0.07864837844244052,
    "b3": -0.0471123769485402,
    "t1": 0.39259657665506764,
    "t2": 4.54340380209401
}