{
    "b0": 0.12329418192388499,
    "b1": -0.030750265740778222,
    "b2": -0.11693301376220486,
    "b3": 0.09296785265448132,
    "t1": 0.7900453675391632,
    "t2": 1.3757106072806389
}