{
    "b0": 0.0857126351892942,
    "b1": 0.035931183227284946,
    "b2": -0.03410781452765477,
    "b3": 0.1219105856225475,
    "t1": 0.5394012552046918,
    "t2": 4.577190658286681
}