{
    "b0": 0.13013182615123087,
    "b1": -0.03907713044186339,
    "b2": 0.35730951295404,
    "b3": -0.40169080157730075,
    "t1": 0.8976937588809093,
    "t2": 0.8140114903626907
}