{
    "b0": 0.1298640419353799,
    "b1": -0.04110343775008734,
    "b2": -0.8706382658517389,
    "b3": 0.8370410179744973,
    "t1": 0.9592409178533806,
    "t2": 1.0103721272822626
}