{
    "b0": 12.559948333234285,
    "b1": 0.1452000963278688,
    "b2": 8.383781299823971,
    "b3": -12.544973956206357,
    "t1": 92.91911484471123,
    "t2": 131.15390086195103
}