{
    "b0": 0.46463326191448356,
    "b1": -0.38458234622856735,
    "b2": -0.6170229906530909,
    "b3": 0.26699091292623484,
    "t1": 10.302753382431591,
    "t2": 3.7286556674718034
}