{
    "b0": 0.12673683102311895,
    "b1": -0.016038835332232958,
    "b2": -0.04833719024193262,
    "b3": 0.03177398130230452,
    "t1": 0.6506472357212362,
    "t2": 0.06772813031031803
}