{
    "b0": 12.84763554012162,
    "b1": -4.18193118059232,
    "b2": -2.828943665412739,
    "b3": -11.032191111170887,
    "t1": 16.754444386074702,
    "t2": 95.19151108956042
}