{
    "b0": 0.13088203785828767,
    "b1": -0.04456106243134042,
    "b2": -0.0301788988009593,
    "b3": -0.129738061358511,
    "t1": 20.176678047569116,
    "t2": 132.179335826032
}