{
    "b0": 0.12232035489128033,
    "b1": -0.029900753539174128,
    "b2": 0.9188193456676085,
    "b3": -0.9310010797016832,
    "t1": 1.0574822324483673,
    "t2": 0.9957859582042863
}