{
    "b0": 13.394560648407646,
    "b1": -4.718970805595591,
    "b2": -3.1531150196992233,
    "b3": -13.00214596877266,
    "t1": 20.799548574438933,
    "t2": 125.21723446376043
}