{
    "b0": 0.12688700192680422,
    "b1": -0.016132964416845266,
    "b2": -0.0036080529071187938,
    "b3": -0.0981984925563155,
    "t1": 27.816687123460753,
    "t2": 147.9091503966196
}