{
    "b0": 0.1333417672919803,
    "b1": -0.049156844218556164,
    "b2": 0.042538170748622976,
    "b3": -0.1459652609340073,
    "t1": 46.817458463633194,
    "t2": 99.88699244359812
}