{
    "b0": 0.13001966899511969,
    "b1": -0.03040212824047979,
    "b2": 0.00819710529738086,
    "b3": -0.11644320952045573,
    "t1": 41.95875806400757,
    "t2": 161.43605104332113
}