{
    "b0": 0.13494146151183456,
    "b1": -0.050380627330887634,
    "b2": 0.00753906355410066,
    "b3": -0.13202801822753285,
    "t1": 30.763713572676746,
    "t2": 93.93234113714529
}