{
    "b0": 0.13138587916859176,
    "b1": -0.026211414714769607,
    "b2": -3.009762632981773,
    "b3": 2.936852548266812,
    "t1": 94.87433223045059,
    "t2": 93.06714449498304
}