{
    "b0": 0.13085900962170408,
    "b1": -0.04773910634996263,
    "b2": 0.014479972098803882,
    "b3": -0.13140549007579255,
    "t1": 36.761238791413966,
    "t2": 119.61030538444659
}