{
    "b0": 13.10311280403158,
    "b1": -4.076815850666261,
    "b2": 735.3477355110331,
    "b3": -743.5112683275557,
    "t1": 109.3747829216824,
    "t2": 110.00208249819713
}