{
    "b0": 13.476465973247686,
    "b1": -4.887110297090869,
    "b2": 1372.1387851210836,
    "b3": -1380.2519540992519,
    "t1": 76.53657252507354,
    "t2": 76.77481099035164
}