{
    "b0": 0.2210179713182158,
    "b1": -0.1407501838187848,
    "b2": 0.3429233512142095,
    "b3": -0.45956982513749195,
    "t1": 3.343871797363457,
    "t2": 5.043579511451315
}