{
    "b0": 0.13475318294909291,
    "b1": -0.04360623040506642,
    "b2": -0.03910927804936444,
    "b3": -0.1370563421892016,
    "t1": 23.141138478935265,
    "t2": 150.82396869730698
}