{
    "b0": 0.16468356312997656,
    "b1": -0.08402691365562413,
    "b2": -0.44274395167297437,
    "b3": 0.464490057179484,
    "t1": 4.630407764554976,
    "t2": 3.7060425089307256
}