{
    "b0": 0.13172885118820915,
    "b1": -0.04826719351511789,
    "b2": 0.01707563472652067,
    "b3": -0.13296410684478333,
    "t1": 40.996258416009766,
    "t2": 124.00765726473188
}