{
    "b0": 12.25467311550918,
    "b1": 1.5773649242110532,
    "b2": -5671.856098153753,
    "b3": 5673.430594885702,
    "t1": 5.217320792294512,
    "t2": 5.220083649409857
}