{
    "b0": 0.12278121567131632,
    "b1": -0.025841368741306547,
    "b2": 0.05240735166611991,
    "b3": -0.12856692161105363,
    "t1": 51.03238005456764,
    "t2": 111.87415756978004
}