{
    "b0": 0.2112724849387557,
    "b1": -0.1301868834726082,
    "b2": 0.1224411836737907,
    "b3": -0.2442491495698626,
    "t1": 2.301844598062411,
    "t2": 5.0221378727630634
}