{
    "b0": 0.12806476164001865,
    "b1": -0.005358356479782639,
    "b2": 0.08152945693279713,
    "b3": -0.12038310766686133,
    "t1": 52.73795270494884,
    "t2": 100.78580158238765
}