{
    "b0": 0.1253314932083154,
    "b1": -0.012309803835211061,
    "b2": -0.00894167982063919,
    "b3": -0.08446163557510605,
    "t1": 31.018172545160414,
    "t2": 176.6683703717632
}