{
    "b0": 0.20198831243809875,
    "b1": -0.12198180296738075,
    "b2": 0.36023142957556825,
    "b3": -0.43121046277023184,
    "t1": 3.5607048310389793,
    "t2": 5.114772320685224
}