{
    "b0": 0.1374801807486225,
    "b1": -0.050887334696481115,
    "b2": 0.0440994285339401,
    "b3": -0.13508143476233975,
    "t1": 0.18996748303752448,
    "t2": 0.26918531720114824
}