{
    "b0": 0.13196458577775028,
    "b1": -0.0411576308725872,
    "b2": -0.03800346506854782,
    "b3": -0.12972241099410728,
    "t1": 16.46351649050368,
    "t2": 133.17455699714753
}