{
    "b0": 0.1294615940472482,
    "b1": -0.03476875168352625,
    "b2": 0.03132884424038114,
    "b3": -0.12475250741589397,
    "t1": 47.01283005467664,
    "t2": 111.02987969678544
}