{
    "b0": 12.925618232769093,
    "b1": -0.24649519640217443,
    "b2": -26.93018354421019,
    "b3": 20.70357877175738,
    "t1": 180.55865423346643,
    "t2": 172.9745417062779
}