{
    "b0": 13.332898563111014,
    "b1": -4.788949486471084,
    "b2": -1231.9096213945356,
    "b3": 1224.0204133861316,
    "t1": 87.43895574600785,
    "t2": 87.09951713124525
}