{
    "b0": 0.12675249848485803,
    "b1": -0.03914908722891488,
    "b2": 0.23233051518186912,
    "b3": -0.25628855754926877,
    "t1": 1.000000083626352,
    "t2": 0.8408824234360744
}