{
    "b0": 0.14234099217897483,
    "b1": -0.054355976234315526,
    "b2": -0.07925334082934264,
    "b3": 0.053780005555206144,
    "t1": 0.5723077719504359,
    "t2": -36.464407877561456
}