{
    "b0": 0.12812508969882946,
    "b1": -0.004007926519352535,
    "b2": -0.07000125284240298,
    "b3": 0.005315051437403963,
    "t1": 0.6513757108120428,
    "t2": 2.9887266242593054
}