{
    "b0": 0.13107809826694983,
    "b1": -0.043022403335434556,
    "b2": -0.043887930753449565,
    "b3": -0.13036141696731504,
    "t1": 9.953133531329852,
    "t2": 82.83503141420601
}