{
    "b0": 0.11869007890229623,
    "b1": -0.43395493334559104,
    "b2": 0.92029896129654,
    "b3": -0.19259134400055497,
    "t1": 2.0,
    "t2": 5.0
}