{
    "b0": 0.12379142704630942,
    "b1": -0.02544017908866493,
    "b2": 0.12893803123972958,
    "b3": -0.1978900240814329,
    "t1": 74.16761245105141,
    "t2": 107.68575670142039
}