{
    "b0": 0.22078562084034561,
    "b1": -0.1402272056011771,
    "b2": 0.24052641836968447,
    "b3": -0.364003968958477,
    "t1": 2.935060648199615,
    "t2": 5.063326299309682
}