{
    "b0": 13.435964358348556,
    "b1": -4.852022197042746,
    "b2": 252.3186128689417,
    "b3": -260.4587436432813,
    "t1": 87.00843088874234,
    "t2": 88.44095004771735
}