{
    "b0": 0.13128299257925402,
    "b1": -0.04292647485293653,
    "b2": -0.9537370504357392,
    "b3": 0.9131793049809529,
    "t1": 0.9048689595734656,
    "t2": 0.9411616838976895
}