{
    "b0": 0.13041968044512192,
    "b1": -0.025749550743384753,
    "b2": -9.276422486934246,
    "b3": 9.20293978164542,
    "t1": 98.08288357341858,
    "t2": 97.49581153106895
}