{
    "b0": 0.12912401608553786,
    "b1": -0.04561498082943834,
    "b2": 0.02038587115951445,
    "b3": -0.12288775514889279,
    "t1": 29.789235445459394,
    "t2": 82.41586013971367
}