{
    "b0": 0.24144127070291474,
    "b1": -0.16081642838617263,
    "b2": 0.3813532093877351,
    "b3": -0.5366466601195568,
    "t1": 3.3277437993239065,
    "t2": 5.070237821026812
}