{
    "b0": 0.1032815934368631,
    "b1": -0.02243120553306218,
    "b2": 0.08935765739499704,
    "b3": 0.02251563975466152,
    "t1": 3.1662448326778927,
    "t2": 4.447583993573954
}