{
    "b0": 0.12780869256919716,
    "b1": -0.03589155643966652,
    "b2": -0.5995696565676596,
    "b3": 0.5572255072334781,
    "t1": 0.8059425974355401,
    "t2": 0.8571486566934968
}