{
    "b0": 13.611329506351414,
    "b1": -4.96542054392525,
    "b2": -2.5630741348200035,
    "b3": -12.086926454691774,
    "t1": 21.29802010218457,
    "t2": 94.19328058590912
}