{
    "b0": 0.13529996995101634,
    "b1": -0.051436676950129545,
    "b2": 0.007113890787423402,
    "b3": -0.13471286380839398,
    "t1": 31.57129915314115,
    "t2": 101.74918257613488
}