{
    "b0": 12.146737661265822,
    "b1": -2.1848699428920364,
    "b2": -1335.4942474787656,
    "b3": 1329.140291134387,
    "t1": 109.28433625871868,
    "t2": 108.97093813607074
}