{
    "b0": 0.12850824714264672,
    "b1": -0.0032731974310268586,
    "b2": 0.763082128113103,
    "b3": -0.8180828254241213,
    "t1": 117.7704633413232,
    "t2": 123.26201599432389
}