{
    "b0": 0.1438025861664518,
    "b1": -0.05250895236339655,
    "b2": -0.0859406838635497,
    "b3": 0.03868000051441585,
    "t1": 0.5917917140496796,
    "t2": -26.247142369862043
}