{
    "b0": 0.07463751266835313,
    "b1": 0.03745304469419897,
    "b2": -8.012346881069304e-05,
    "b3": 0.15996725138733936,
    "t1": 0.19269069582420695,
    "t2": 4.46571773513571
}