{
    "b0": 0.11561999416964619,
    "b1": -0.013755573361761874,
    "b2": -0.18494689318896082,
    "b3": 0.16471652812079685,
    "t1": 1.0369057001262483,
    "t2": 1.518726289847816
}