{
    "b0": 0.13110052510524922,
    "b1": -0.006775534210380477,
    "b2": 0.16119518716389764,
    "b3": -0.20747319895892077,
    "t1": 80.60985257582506,
    "t2": 109.97908185783308
}