{
    "b0": 0.1245126182984862,
    "b1": -0.021446941132570747,
    "b2": 0.052986085707373884,
    "b3": -0.05851485107301136,
    "t1": 2.243907318642818,
    "t2": 0.7008001139650104
}