{
    "b0": 0.13230992514870207,
    "b1": -0.044329961713087174,
    "b2": -0.05182917799070376,
    "b3": -0.12294775076292941,
    "t1": 13.72391490964848,
    "t2": 110.08941556950744
}