{
    "b0": 0.19283691537697473,
    "b1": -0.11276494769578971,
    "b2": 0.3259542982939239,
    "b3": -0.39303808772109505,
    "t1": 3.432245068120909,
    "t2": 4.970077357314895
}