{
    "b0": 0.12874710906137599,
    "b1": -0.0018662271418381435,
    "b2": -0.0662504174367927,
    "b3": 0.010028221777357108,
    "t1": 0.5873458808511236,
    "t2": 2.6721823798702884
}