{
    "b0": 0.1297076525925784,
    "b1": -0.03240182906232385,
    "b2": 0.05827467106164315,
    "b3": -0.14151895063902845,
    "t1": 53.2820415788419,
    "t2": 122.41131498225037
}