{
    "b0": 0.08363197091539105,
    "b1": 0.029746652047354973,
    "b2": -0.051505060455090415,
    "b3": 0.12330587413062886,
    "t1": 0.6736787133417915,
    "t2": 4.084483854259094
}