{
    "b0": 0.11310006346803715,
    "b1": -0.007783427825107593,
    "b2": 0.03307842240281075,
    "b3": 0.01801797438140779,
    "t1": 3.393687077604631,
    "t2": 0.7233563113264663
}