{
    "b0": 12.807434603738328,
    "b1": -4.155730191976432,
    "b2": 5788.1557362970825,
    "b3": -5792.722466425481,
    "t1": 36.44764227746777,
    "t2": 36.469205086311014
}