{
    "b0": 0.11965944401031593,
    "b1": -0.016864467647950264,
    "b2": 0.020763582384418923,
    "b3": -0.0510998329351228,
    "t1": 10.89156892500614,
    "t2": 36.69038144181832
}