{
    "b0": 11.870049366596415,
    "b1": -1.3462854258903278,
    "b2": 13529.042127099323,
    "b3": -13531.147566700027,
    "t1": 30.82752312708774,
    "t2": 30.832580553112315
}