{
    "b0": 0.1863483290710423,
    "b1": -0.1034225785733679,
    "b2": 0.17673815679068888,
    "b3": -0.2632200071740752,
    "t1": 1.974503384390083,
    "t2": 3.600452618624568
}