{
    "b0": 0.15098185523646668,
    "b1": -0.06451472159663336,
    "b2": -0.0471623129110245,
    "b3": -0.07386230384761908,
    "t1": 0.3531501082614651,
    "t2": 3.4237132704669295
}