{
    "b0": 11.724728094833878,
    "b1": 29.17640800113026,
    "b2": -38.71183084702347,
    "b3": -3.3644016469062947,
    "t1": 1.0337974274267177,
    "t2": 45.91406455987753
}