{
    "b0": 0.11768992665187007,
    "b1": -0.013855255674201934,
    "b2": 0.06845625318045379,
    "b3": -0.08875893409441311,
    "t1": 11.69708349488193,
    "t2": 21.408379830471603
}