{
    "b0": 13.5665012344386,
    "b1": -4.931926734719186,
    "b2": 0.0001111455848672449,
    "b3": -9.716608510193115,
    "t1": 55.77207397275729,
    "t2": 105.98534463585652
}