{
    "b0": 11.972085187415967,
    "b1": -1.4314648999670019,
    "b2": 3324.382453922588,
    "b3": -3326.716114837903,
    "t1": 40.62942350405521,
    "t2": 40.656335764045274
}