{
    "b0": 0.21332990038830443,
    "b1": -0.10871950223723789,
    "b2": 0.17276020917817855,
    "b3": -0.35740209756559393,
    "t1": 3.2318973961627764,
    "t2": 5.589167928835021
}