{
    "b0": 0.14362662124049042,
    "b1": -0.03632054842630564,
    "b2": -0.04152175790568379,
    "b3": -0.07605854697553995,
    "t1": 0.3305065062287721,
    "t2": 4.755380052278394
}