{
    "b0": 0.12703367343578872,
    "b1": -0.03327824637996235,
    "b2": 0.033428195315424375,
    "b3": -0.010238952511146026,
    "t1": 0.8969350554443585,
    "t2": 3.941913194081276
}