{
    "b0": 0.1164221539741586,
    "b1": -0.011632508357415701,
    "b2": 0.008192858506458135,
    "b3": -0.04025710646089534,
    "t1": 4.670267104243976,
    "t2": 34.825320444426325
}