{
    "b0": 0.12527431427747246,
    "b1": -0.02098304833833209,
    "b2": 0.019114455023004063,
    "b3": -0.06677737693355537,
    "t1": 11.514364391701834,
    "t2": 38.399240005530906
}