{
    "b0": 0.1217831929141401,
    "b1": -0.020836509450033,
    "b2": -0.0003145252315075505,
    "b3": -0.04119485995903029,
    "t1": 8.255573052825639,
    "t2": 29.57363305720355
}