{
    "b0": 0.11028232016166448,
    "b1": -0.0031241180490880534,
    "b2": -0.04320182300331156,
    "b3": 0.04653108009310473,
    "t1": 0.4391077589889648,
    "t2": 0.6156983026138814
}