{
    "b0": 0.14444268638299032,
    "b1": -0.04037629858688426,
    "b2": 0.048665611589754826,
    "b3": -0.1004650701162368,
    "t1": 2.0,
    "t2": 5.0
}