{
    "b0": 0.15995712321546673,
    "b1": -0.07614965715590875,
    "b2": 0.8720126644340589,
    "b3": -0.8822921329051718,
    "t1": 2.0101209209965973,
    "t2": 2.1681481514190755
}