{
    "b0": 0.11761494138667715,
    "b1": -0.013301686467709732,
    "b2": 0.0313907625502583,
    "b3": -0.05603844090944541,
    "t1": 10.751890336929366,
    "t2": 26.06415912743905
}