{
    "b0": 11.819741007810746,
    "b1": 2.6477473325997622,
    "b2": -11.361662002118734,
    "b3": -3.714189782706372,
    "t1": 1.088524116221106,
    "t2": 42.155351543289406
}