{
    "b0": 0.16253423611064013,
    "b1": -0.05755774750997826,
    "b2": 0.06464646878250428,
    "b3": -0.14547670139915947,
    "t1": 2.2219592709828055,
    "t2": 5.041096768883069
}