{
    "b0": 12.747761467452753,
    "b1": -3.3296985534627304,
    "b2": -2.307651879541779,
    "b3": -7.751566943414703,
    "t1": 7.440045954590486,
    "t2": 36.994999516062954
}