{
    "b0": 0.12283007066085738,
    "b1": -0.018691662326021825,
    "b2": 0.022528492995803083,
    "b3": -0.06078269349859624,
    "t1": 5.15406244208134,
    "t2": 14.79276358975767
}