{
    "b0": 0.14903659297226507,
    "b1": -0.06285114815263276,
    "b2": -0.048056424566609156,
    "b3": -0.062136599552430546,
    "t1": 0.3334951995137236,
    "t2": 3.0060509454622784
}