{
    "b0": 12.267000844243077,
    "b1": -1.7021467420954735,
    "b2": 7195.253990142102,
    "b3": -7197.937357030507,
    "t1": 24.83687179767756,
    "t2": 24.844971046773384
}