{
    "b0": 0.1422909440913887,
    "b1": -0.037431230867527136,
    "b2": 0.04163023979188103,
    "b3": -0.09762516176790567,
    "t1": 2.0,
    "t2": 5.0
}