{
    "b0": 0.14132214164889484,
    "b1": -0.05507986916839472,
    "b2": -0.05150855561458331,
    "b3": -0.03351216491859556,
    "t1": 0.3293597637540525,
    "t2": 2.29583550895799
}