{
    "b0": 13.52875863395091,
    "b1": -4.872355531836757,
    "b2": -0.004517237290754483,
    "b3": -8.545017061207789,
    "t1": 66.53065236898306,
    "t2": 110.13960187459878
}