{
    "b0": 11.930559631364101,
    "b1": 60.865999908215215,
    "b2": -71.53206316202879,
    "b3": -3.945308362772174,
    "t1": 1.0610397033222538,
    "t2": 42.1792902110008
}