{
    "b0": 0.15573098886037776,
    "b1": -0.05174479890546176,
    "b2": 0.32171173136807346,
    "b3": -0.37977498900185547,
    "t1": 2.8864272819042442,
    "t2": 3.5992537978706274
}