{
    "b0": 0.12404956251630517,
    "b1": -0.024148629855089004,
    "b2": 0.20137127440480898,
    "b3": -0.17252654357965092,
    "t1": 1.0288807938458946,
    "t2": 1.1469850414821385
}