{
    "b0": 11.343588914141405,
    "b1": -0.7801485117618425,
    "b2": 3497.132807998347,
    "b3": -3498.275134898095,
    "t1": 31.60879510218941,
    "t2": 31.620217267204012
}