{
    "b0": 0.11185589236226855,
    "b1": -0.004878927321742679,
    "b2": -0.018553088731727552,
    "b3": 0.01876593589351607,
    "t1": 0.371750372930191,
    "t2": 0.8157602982709315
}