{
    "b0": 0.12030769638273969,
    "b1": -0.016109636689192512,
    "b2": 0.029667858430204155,
    "b3": -0.06120810418046645,
    "t1": 13.952007300250909,
    "t2": 35.81817615651251
}