{
    "b0": 0.14020404554951932,
    "b1": -0.05351848089097741,
    "b2": -0.05103748493378071,
    "b3": -0.036266142505147356,
    "t1": 0.2867837359612681,
    "t2": 1.582962360713159
}