{
    "b0": 0.16508067956159483,
    "b1": -0.08125672516585891,
    "b2": 0.05686519354322314,
    "b3": -0.12748647273631447,
    "t1": 1.300196349689331,
    "t2": 4.057900679854088
}