{
    "b0": 11.44809514189694,
    "b1": -0.9195875131586799,
    "b2": 3611.955937901143,
    "b3": -3613.157284230263,
    "t1": 23.15766353736452,
    "t2": 23.169715213485762
}