{
    "b0": 0.12048607053569226,
    "b1": -0.020347595929424603,
    "b2": 0.02596832894195806,
    "b3": -0.05406250532235987,
    "t1": 8.155308508478782,
    "t2": 21.80193968490552
}