{
    "b0": 0.12113338456417107,
    "b1": -0.020430883684889455,
    "b2": 0.0006827769883393457,
    "b3": -0.04285781939365461,
    "t1": 7.1464424578880426,
    "t2": 27.083699365368375
}