{
    "b0": 0.12536433272418904,
    "b1": -0.039069212616268875,
    "b2": -0.026843227193657608,
    "b3": -0.10157336099099461,
    "t1": 7.477648050256564,
    "t2": 50.16452187791191
}