{
    "b0": 0.14992425023518396,
    "b1": -0.06346788375992324,
    "b2": -0.06461062171908542,
    "b3": -0.052642477568426285,
    "t1": 0.35034005181637784,
    "t2": 3.339585849110311
}