{
    "b0": 0.13430821397701606,
    "b1": -0.04077655429088865,
    "b2": 0.04321276217659413,
    "b3": -0.030719466680585807,
    "t1": 1.062777254727381,
    "t2": 4.1058989182513645
}