{
    "b0": 0.12817125883755476,
    "b1": -0.03873906213676524,
    "b2": 0.18470226619950045,
    "b3": -0.13527169141188444,
    "t1": 1.4472774738834184,
    "t2": 1.7959450353877866
}