{
    "b0": 0.1484613899641691,
    "b1": -0.06359105105124147,
    "b2": 0.5368900438646267,
    "b3": -0.5341317335817288,
    "t1": 1.7807955178816113,
    "t2": 2.009212572038547
}