{
    "b0": 13.067219423847936,
    "b1": -4.451343267965688,
    "b2": -2.2467168799850774,
    "b3": -6.954389858647436,
    "t1": 22.124911247547807,
    "t2": 76.48739262720065
}