{
    "b0": 0.15057245647905818,
    "b1": -0.0432668218441941,
    "b2": -0.04736141330476741,
    "b3": -0.11072664588012464,
    "t1": 0.377612185638103,
    "t2": 5.373486204529522
}