{
    "b0": 13.732073785784971,
    "b1": -5.094923513674494,
    "b2": -5.412231521088135,
    "b3": -2.1091644794075215,
    "t1": 115.4320715871608,
    "t2": 908.8009106029025
}