{
    "b0": 0.1300397383966565,
    "b1": -0.04339341429636026,
    "b2": -0.028863715543792835,
    "b3": -0.10552020728570587,
    "t1": 16.165189388254973,
    "t2": 81.00197073198042
}