{
    "b0": 12.771873040716931,
    "b1": -4.127558281889973,
    "b2": -2.3900073903781753,
    "b3": -6.783993502044506,
    "t1": 19.576398466939448,
    "t2": 72.54867254089305
}