{
    "b0": 0.12802800771493641,
    "b1": -0.04137148524910858,
    "b2": -0.027340136941946834,
    "b3": -0.09204334428693318,
    "t1": 14.043322811603428,
    "t2": 70.10760463622681
}