{
    "b0": 0.12256732432202026,
    "b1": -0.022189999216035615,
    "b2": 0.0027341884734090986,
    "b3": -0.0586437980631688,
    "t1": 6.309983348917604,
    "t2": 23.023477322042538
}