{
    "b0": 0.11327329340228458,
    "b1": -0.8567706734128124,
    "b2": 1.8059721931801336,
    "b3": -0.4701048224287611,
    "t1": 2.0,
    "t2": 5.0
}