{
    "b0": 11.774532743537014,
    "b1": -1.2047918220626705,
    "b2": 1058.8875957014247,
    "b3": -1060.9445471772412,
    "t1": 31.718481442008645,
    "t2": 31.7801258586635
}