{
    "b0": 0.13491268010194643,
    "b1": -0.03076974482144758,
    "b2": 0.09422257698252745,
    "b3": -0.09868680290323474,
    "t1": 1.4807867183352421,
    "t2": 2.757275630372055
}