{
    "b0": 12.31059767992456,
    "b1": -2.9525126414433966,
    "b2": 0.0034521261147026916,
    "b3": -4.689490156891954,
    "t1": 17.04377356166022,
    "t2": 53.644913539740685
}