{
    "b0": 0.2364772356887492,
    "b1": -0.15525120211384108,
    "b2": 0.18550328807702932,
    "b3": -0.35623822099206803,
    "t1": 2.692463004274419,
    "t2": 5.238624582513609
}