{
    "b0": 0.16975706441423985,
    "b1": -0.0660685248266118,
    "b2": 0.7263401788088844,
    "b3": -0.8122956935720391,
    "t1": 3.0837574661944482,
    "t2": 3.5398757536391643
}