{
    "b0": 0.1280037196798076,
    "b1": -0.02839713148948161,
    "b2": 0.03338174407986132,
    "b3": -0.020437182984041756,
    "t1": 0.8269250275425069,
    "t2": 3.6643348214544487
}