{
    "b0": 12.158027581868694,
    "b1": -2.0530718555529335,
    "b2": -0.05123842586899818,
    "b3": -4.308675571909203,
    "t1": 8.638093540154605,
    "t2": 27.998924929764076
}