{
    "b0": 0.1279923208659638,
    "b1": -0.03330927333854737,
    "b2": 0.03459529300507887,
    "b3": -0.015216354158953062,
    "t1": 0.8801674706959566,
    "t2": 3.8467090333110434
}