{
    "b0": 0.2619429893584524,
    "b1": -0.15673247343553268,
    "b2": 0.2665790106646766,
    "b3": -0.5648541780793847,
    "t1": 4.039050541471534,
    "t2": 6.349967606679016
}