{
    "b0": 0.11511755541613178,
    "b1": -0.013017678196844143,
    "b2": 0.028034344868290605,
    "b3": -0.04494803246796772,
    "t1": 7.402545912453206,
    "t2": 24.34318589929171
}