{
    "b0": 0.11672561215636985,
    "b1": -0.009860291503477836,
    "b2": -0.6734090464113073,
    "b3": 0.6792057195272646,
    "t1": 0.7155075933142828,
    "t2": 0.7385769868969013
}