{
    "b0": 11.894033876702213,
    "b1": -1.1911108568621733,
    "b2": -1.5279237764999178,
    "b3": -3.516959050624853,
    "t1": 5.8377462350288924,
    "t2": 54.38694958822731
}