{
    "b0": 0.12089048292575877,
    "b1": -0.01756626346041923,
    "b2": 0.02899105538302465,
    "b3": -0.058488706998039486,
    "t1": 4.7477018602207,
    "t2": 12.206514091352322
}