{
    "b0": 12.249443591975847,
    "b1": 15.502162392517345,
    "b2": -34.05125173469742,
    "b3": -5.635909595069629,
    "t1": 0.6667659021601554,
    "t2": 24.62832864105605
}