{
    "b0": 0.15957639251528175,
    "b1": -0.07488254740018094,
    "b2": 0.0573030380676862,
    "b3": -0.11450963508327074,
    "t1": 1.2339207662579315,
    "t2": 3.57880523679583
}