{
    "b0": 0.12478668920298351,
    "b1": -0.02030278642151728,
    "b2": 0.06387181752809232,
    "b3": -0.044208497569766234,
    "t1": 1.106198646529278,
    "t2": 1.9088854899376815
}