{
    "b0": 12.206761299051657,
    "b1": -2.101374158389091,
    "b2": -0.011918148814471952,
    "b3": -3.395424013834611,
    "t1": 14.726211876730389,
    "t2": 60.6780745048714
}