{
    "b0": 12.497755776578577,
    "b1": -3.1343345488531584,
    "b2": -1.9039144444121254,
    "b3": -5.948023088803083,
    "t1": 9.76335055808012,
    "t2": 48.2798369163467
}