{
    "b0": 12.854385333131889,
    "b1": -4.2523573500404925,
    "b2": -4414.9688316048705,
    "b3": 4410.46548482116,
    "t1": 37.76442406893221,
    "t2": 37.73517867279151
}