{
    "b0": 13.635495950060724,
    "b1": -4.956295501400737,
    "b2": -4.302835711697712,
    "b3": -1.889739290650994,
    "t1": 112.41180051924017,
    "t2": 137.32120805824766
}