{
    "b0": 14.18637763949566,
    "b1": -5.72118384770892,
    "b2": 56.01047801896367,
    "b3": -54.58360561802606,
    "t1": 585.4453446815385,
    "t2": 642.4445734156207
}