{
    "b0": 0.12242805715822687,
    "b1": -0.01799060058373205,
    "b2": 0.007463180060417164,
    "b3": -0.049816233814006516,
    "t1": 11.205943946897325,
    "t2": 42.04065090076307
}