{
    "b0": 0.1348937381713706,
    "b1": -0.045859866441228664,
    "b2": 0.053306511838910366,
    "b3": -0.0348196912847621,
    "t1": 1.0871330339807952,
    "t2": 4.194994200988004
}