{
    "b0": 0.12256391697289729,
    "b1": -0.027729439429983405,
    "b2": 0.04342762128200281,
    "b3": -0.07871688247946707,
    "t1": 8.193539184590524,
    "t2": 19.502492722596315
}