{
    "b0": 12.148578494143807,
    "b1": -1.5951421985355774,
    "b2": 14791.323293223484,
    "b3": -14793.77379152318,
    "t1": 14.808211338044034,
    "t2": 14.810701721199354
}