{
    "b0": 0.13118420910408998,
    "b1": -0.02592336356848185,
    "b2": 0.034265291699722075,
    "b3": -0.04768594604378784,
    "t1": 1.6742662478736312,
    "t2": 4.100103684713096
}