{
    "b0": 0.11989963064099254,
    "b1": -0.018700167971150223,
    "b2": 0.020291150074545454,
    "b3": 0.001181923246826055,
    "t1": 0.5335790804811955,
    "t2": 3.3302517887117924
}