{
    "b0": 0.1351627840779922,
    "b1": -0.0500258381025786,
    "b2": 0.014246954933074492,
    "b3": -0.12585201225425474,
    "t1": 35.63798200131561,
    "t2": 86.56614904639783
}