{
    "b0": 0.12430298115183007,
    "b1": -0.027591724032864078,
    "b2": -0.5617235687313887,
    "b3": 0.592625329756899,
    "t1": 1.168506325835928,
    "t2": 1.1352777371292708
}