{
    "b0": 0.1894041220696427,
    "b1": -0.08532649665805307,
    "b2": 0.2541582385883068,
    "b3": -0.3928444509815406,
    "t1": 3.2089113951510044,
    "t2": 4.654645944371535
}