{
    "b0": 0.14566956395595937,
    "b1": -0.05986136549780154,
    "b2": 0.042102865622466706,
    "b3": -0.06346712637694432,
    "t1": 1.113633294891544,
    "t2": 3.946543710531938
}