{
    "b0": 11.71266108546902,
    "b1": -1.1311252752694676,
    "b2": -4495.7654545086525,
    "b3": 4493.781987899797,
    "t1": 30.21159820301562,
    "t2": 30.198917225989188
}