{
    "b0": 0.12706435268073438,
    "b1": -0.022294174818676488,
    "b2": -0.4753629972070197,
    "b3": 0.4984620164478007,
    "t1": 1.7464427764197001,
    "t2": 1.6322111520284084
}