{
    "b0": 0.1431228660114064,
    "b1": -0.05580516815662314,
    "b2": 0.05753596436721413,
    "b3": -0.050696173084526765,
    "t1": 1.3067456095550787,
    "t2": 4.409874962999027
}