{
    "b0": 13.084342036008104,
    "b1": -3.6494350008098717,
    "b2": -2.61880220285057,
    "b3": -8.223000736065721,
    "t1": 9.904288204082519,
    "t2": 46.258311257082276
}