{
    "b0": 12.188573697430847,
    "b1": -1.4202863751558308,
    "b2": -2.2900013312544805,
    "b3": -4.661586966552492,
    "t1": 4.071235249739901,
    "t2": 45.921108927300104
}