{
    "b0": 0.21652120074823714,
    "b1": -0.11296917102214662,
    "b2": -0.5699822302701981,
    "b3": 0.42627359655485175,
    "t1": 4.656194958764012,
    "t2": 3.415428731224346
}