{
    "b0": 0.15048364112567747,
    "b1": -0.06511532491573242,
    "b2": 0.04695264377998919,
    "b3": -0.07792481051779397,
    "t1": 1.187979994449609,
    "t2": 4.166238126840575
}