{
    "b0": 0.19798683112020243,
    "b1": -0.09347635622475348,
    "b2": 0.14540422097792735,
    "b3": -0.3003055689188688,
    "t1": 3.1222187292905055,
    "t2": 5.5161846440094084
}