{
    "b0": 11.797369518040437,
    "b1": -1.220073689733562,
    "b2": -15998.728932525648,
    "b3": 15996.843882010688,
    "t1": 33.19208629731839,
    "t2": 33.18841469770568
}