{
    "b0": 0.1237450294185905,
    "b1": -0.017385440321672684,
    "b2": -0.008684233722975887,
    "b3": -0.04414679682218014,
    "t1": 6.037081833763283,
    "t2": 30.006375919816236
}