{
    "b0": 0.12228598600957848,
    "b1": -0.01709989741985669,
    "b2": 0.11647482816666813,
    "b3": -0.08710382517427048,
    "t1": 1.1268305664794762,
    "t2": 1.517137440619364
}