{
    "b0": 0.1246783462420793,
    "b1": -0.036073897475875444,
    "b2": 0.08477443090097218,
    "b3": -0.12560073446262168,
    "t1": 14.948519036982349,
    "t2": 26.448371325273552
}