{
    "b0": 0.2259548232433753,
    "b1": -0.14301997032854993,
    "b2": 0.08673070974596894,
    "b3": -0.28508879038691987,
    "t1": 2.0,
    "t2": 5.0
}