{
    "b0": 11.926467312456468,
    "b1": -1.3674049192056765,
    "b2": 921.5244733710387,
    "b3": -923.7907336467536,
    "t1": 31.65496127187164,
    "t2": 31.72837880539264
}