{
    "b0": 0.15939115681976018,
    "b1": -0.05496520602884167,
    "b2": 0.0493367888829998,
    "b3": -0.13964754852136477,
    "t1": 2.0,
    "t2": 5.0
}