{
    "b0": 0.13512109649674475,
    "b1": -0.030177036196472395,
    "b2": 0.04254655052900344,
    "b3": -0.06516358553833194,
    "t1": 2.0,
    "t2": 5.0
}