{
    "b0": 12.743460161102107,
    "b1": -3.3010496085188894,
    "b2": -3.306717475277897,
    "b3": -7.219515361131249,
    "t1": 6.952639850284422,
    "t2": 43.19705575821345
}