{
    "b0": 15.08021726428617,
    "b1": -6.732128820108637,
    "b2": 6.1970100915251045,
    "b3": -8.021672551797682,
    "t1": 469.22990418339157,
    "t2": 968.1013093530776
}