{
    "b0": 12.256493624523493,
    "b1": -2.7991616626541065,
    "b2": 0.0013980960790329622,
    "b3": -4.601522583585818,
    "t1": 15.48250550095157,
    "t2": 49.41184671616048
}