{
    "b0": 0.12262238521060058,
    "b1": -0.01910445366271011,
    "b2": 0.032348288272945516,
    "b3": -0.06854902520693949,
    "t1": 8.128895318761352,
    "t2": 22.993118928461627
}