{
    "b0": 0.13109869026193396,
    "b1": -0.04444037150695311,
    "b2": -0.029630980695545685,
    "b3": -0.10185838215823459,
    "t1": 18.522251745064324,
    "t2": 90.62946309447703
}