{
    "b0": 0.23877229186518323,
    "b1": -0.1335933009996015,
    "b2": 0.21662815302817362,
    "b3": -0.4733556421971401,
    "t1": 3.5780009504197414,
    "t2": 5.8569169017195275
}