{
    "b0": 0.1276493137323411,
    "b1": -0.03343010271270101,
    "b2": -0.028146850634164385,
    "b3": -0.08142428545464749,
    "t1": 5.777442416343384,
    "t2": 37.00474394382279
}