{
    "b0": 0.12271889717636073,
    "b1": -0.03199493825989069,
    "b2": 0.010028526071058228,
    "b3": -0.060891256917679756,
    "t1": 10.421290773298956,
    "t2": 39.12044268343854
}