{
    "b0": 11.720037701783525,
    "b1": -1.1547450879389993,
    "b2": 29890.46541478727,
    "b3": -29892.465780894763,
    "t1": 24.20815650389344,
    "t2": 24.209818831063053
}