{
    "b0": 0.15051922418666214,
    "b1": -0.04683748961340927,
    "b2": 0.4024309644691395,
    "b3": -0.4338730146019021,
    "t1": 2.497879097351907,
    "t2": 2.950666217777234
}