{
    "b0": 12.447978960548689,
    "b1": -3.0973697313584454,
    "b2": -0.0022381607843455775,
    "b3": -5.448643926588247,
    "t1": 15.6499401473597,
    "t2": 46.84850978598456
}