{
    "b0": 0.13137711505511715,
    "b1": -0.042143635130686294,
    "b2": -0.044704135624210634,
    "b3": -0.10191472984947608,
    "t1": 15.987203203658071,
    "t2": 92.18863121674922
}