{
    "b0": 0.12049616893164303,
    "b1": -0.015236710928384781,
    "b2": 0.33800125812853965,
    "b3": -0.33805243341586705,
    "t1": 2.204472642907193,
    "t2": 2.372820446082627
}