{
    "b0": 0.12063776456083285,
    "b1": -0.014985542772506695,
    "b2": 0.006585986730065267,
    "b3": -0.043700719139030175,
    "t1": 16.71241637488267,
    "t2": 50.9151879145375
}