{
    "b0": 0.14891413072835993,
    "b1": -0.04491814111636237,
    "b2": 0.052858109141977166,
    "b3": -0.1165570493418479,
    "t1": 2.0,
    "t2": 5.0
}