{
    "b0": 0.12234568657946072,
    "b1": -0.01806479387114321,
    "b2": 0.020562102076559167,
    "b3": -0.05766462767533719,
    "t1": 5.249742587649962,
    "t2": 14.504685556385084
}