{
    "b0": 0.2676031844146776,
    "b1": -0.16372591681619897,
    "b2": 0.28488490922881765,
    "b3": -0.5736289452694133,
    "t1": 3.733368207563191,
    "t2": 5.909648003613914
}