{
    "b0": 0.12468038007159683,
    "b1": -0.028511942414054393,
    "b2": 0.05896541876426658,
    "b3": -0.034143618004849885,
    "t1": 0.9002910283885401,
    "t2": 1.249750979532235
}