{
    "b0": 0.11960464592148747,
    "b1": -0.013854195249620484,
    "b2": 0.006126211453769568,
    "b3": -0.03964359092758728,
    "t1": 16.43148256351865,
    "t2": 46.99799440870656
}