{
    "b0": 0.13004701809293787,
    "b1": -0.026055556064753925,
    "b2": -0.5036389808165813,
    "b3": 0.498011334360029,
    "t1": 2.5456453130486265,
    "t2": 2.3484479923764283
}