{
    "b0": 0.13418777559697873,
    "b1": -0.048609081106190874,
    "b2": -0.0044416740891397855,
    "b3": -0.11030868311408057,
    "t1": 29.210936106646372,
    "t2": 85.3792201085242
}