{
    "b0": 0.15995598335013161,
    "b1": -0.05274619928229901,
    "b2": -0.051549223927262335,
    "b3": -0.1218647500563243,
    "t1": 0.4761062153935716,
    "t2": 5.151742309613781
}