{
    "b0": 13.573294814163024,
    "b1": -4.934233037369252,
    "b2": 0.003041311175169703,
    "b3": -9.959677785501977,
    "t1": 53.54810209914453,
    "t2": 105.54942406649846
}