{
    "b0": 0.12898465072443735,
    "b1": -0.04598948642330737,
    "b2": 0.011302498260169526,
    "b3": -0.0951679524825093,
    "t1": 15.09351397892595,
    "t2": 47.299430327542
}