{
    "b0": 0.1391437979987208,
    "b1": -0.05310838738114109,
    "b2": 0.04013202341455667,
    "b3": -0.04286189992288034,
    "t1": 1.062044731233661,
    "t2": 4.0880511104676245
}