{
    "b0": 0.13091822198205846,
    "b1": -0.03576359251114096,
    "b2": -0.03395170375942949,
    "b3": -0.07789835757034365,
    "t1": 9.70213178123271,
    "t2": 48.44057042333145
}