{
    "b0": 11.436747958945071,
    "b1": 0.7099819013301625,
    "b2": -5.299408875673025,
    "b3": -2.5829612168021727,
    "t1": 1.257084930433357,
    "t2": 37.97804666479924
}