{
    "b0": 11.175794585127349,
    "b1": -0.5858789572566978,
    "b2": -4898.322069768691,
    "b3": 4897.4332799242065,
    "t1": 19.07176398657778,
    "t2": 19.067656904625025
}