{
    "b0": 0.23250067915813746,
    "b1": -0.1513631698474003,
    "b2": 0.16880361255438797,
    "b3": -0.3360396964315325,
    "t1": 2.58350008520005,
    "t2": 5.201874502193571
}