{
    "b0": 12.643361244413676,
    "b1": -4.004775538836331,
    "b2": -2.3069579225571997,
    "b3": -6.674265170977849,
    "t1": 23.691930843181627,
    "t2": 79.02174011774856
}