{
    "b0": 12.882318037406568,
    "b1": -3.381891886640334,
    "b2": -3.082010851133952,
    "b3": -9.009195095866215,
    "t1": 5.2749525480872155,
    "t2": 33.12845973868854
}