{
    "b0": 12.736463461918094,
    "b1": -4.078529528715393,
    "b2": -2.5207332243066465,
    "b3": -6.672802141102442,
    "t1": 20.272389614130628,
    "t2": 75.90923992957511
}