{
    "b0": 0.14375217959461367,
    "b1": -0.039589047474087424,
    "b2": 0.046446580191018556,
    "b3": -0.0945079846135386,
    "t1": 2.0,
    "t2": 5.0
}