{
    "b0": 12.576185767124185,
    "b1": -3.134446751171395,
    "b2": -2.6902732583453104,
    "b3": -6.2802458887537185,
    "t1": 8.860786067233224,
    "t2": 48.59044857907142
}