{
    "b0": 0.19360883075218305,
    "b1": -0.08893926497261279,
    "b2": 0.14151729036648902,
    "b3": -0.28872004252574984,
    "t1": 3.0750888490877344,
    "t2": 5.4737332839632735
}