{
    "b0": 11.871890321764633,
    "b1": -1.2992941366709636,
    "b2": 3332.5600775687317,
    "b3": -3334.768816850143,
    "t1": 38.28907688431938,
    "t2": 38.31215874784631
}