{
    "b0": 0.13876633567329175,
    "b1": -0.05088821352121077,
    "b2": -0.06594117905761002,
    "b3": -0.00808076028527295,
    "t1": 0.33734745806069666,
    "t2": 3.7805833747248245
}