{
    "b0": 12.118696953777288,
    "b1": -2.0116361402515412,
    "b2": 0.0016867585986812816,
    "b3": -4.007202215838862,
    "t1": 8.442763164242153,
    "t2": 26.713545531410567
}