{
    "b0": 12.312863139051805,
    "b1": 4.6156093533538165,
    "b2": -16.805592783840506,
    "b3": -4.617347694667747,
    "t1": 0.9750740685724816,
    "t2": 29.93680537723541
}