{
    "b0": 0.13165504567195518,
    "b1": -0.045503649412916146,
    "b2": 0.03502744771386537,
    "b3": -0.009987336189667493,
    "t1": 0.9383319765904887,
    "t2": 4.058905919707158
}