{
    "b0": 16.07491412000047,
    "b1": -7.693027332681366,
    "b2": 2.3841633808420495,
    "b3": -9.253381923592364,
    "t1": 369.1595141933559,
    "t2": 1375.315056892591
}