{
    "b0": 0.1453207892915487,
    "b1": -0.05382344342655765,
    "b2": 0.048195327496434945,
    "b3": -0.05387270474623611,
    "t1": 1.1173853813099768,
    "t2": 4.796109792704614
}