{
    "b0": 0.12034820596967145,
    "b1": -0.016448083255884073,
    "b2": 0.04035089963096558,
    "b3": -0.07077044626249757,
    "t1": 13.30018958735731,
    "t2": 31.99937596528987
}