{
    "b0": 0.12163474445572031,
    "b1": -0.017966758345074517,
    "b2": 0.0323201704996305,
    "b3": -0.06490780059229455,
    "t1": 7.776908451480267,
    "t2": 20.575317787806853
}