{
    "b0": 0.15754908896060685,
    "b1": -0.07357399769188273,
    "b2": 0.15288316497029975,
    "b3": -0.1761365423998142,
    "t1": 1.596600730458161,
    "t2": 2.498113635783902
}