{
    "b0": 0.11763729959218269,
    "b1": -0.015642633151681788,
    "b2": 0.021519126051869994,
    "b3": 0.007830929329769608,
    "t1": 0.5468216238522854,
    "t2": 3.452601056093332
}