{
    "b0": 12.33241619278912,
    "b1": 13.384456911827979,
    "b2": -29.11990535951854,
    "b3": -4.693064265593675,
    "t1": 0.6726709173613369,
    "t2": 26.495925472986833
}