{
    "b0": 12.336239962774233,
    "b1": -2.1761524580070946,
    "b2": -1.6671591721316374,
    "b3": -5.076776321111489,
    "t1": 5.889571706258504,
    "t2": 31.70165763442915
}