{
    "b0": 0.12512350746479706,
    "b1": -0.04049254361393306,
    "b2": 0.016418608286878494,
    "b3": -0.09489564584249138,
    "t1": 23.25510644362513,
    "t2": 52.341803327120964
}