{
    "b0": 0.12603844424049673,
    "b1": -0.040835822095095994,
    "b2": 0.0032373095977922574,
    "b3": -0.09106867109214446,
    "t1": 15.86100976837662,
    "t2": 49.50103787500878
}