{
    "b0": 0.12951729536845638,
    "b1": -0.0353136215522853,
    "b2": 0.03372884373194894,
    "b3": -0.02090953299631427,
    "t1": 0.9481420194646133,
    "t2": 3.9605556197706346
}