{
    "b0": 12.3060141112943,
    "b1": -1.7547054457821183,
    "b2": -8340.634157281193,
    "b3": 8337.775359373543,
    "t1": 18.8310387048406,
    "t2": 18.824931743579015
}