{
    "b0": 15.921543135290365,
    "b1": -7.534014102572776,
    "b2": -0.49032358878089166,
    "b3": -8.419806793926199,
    "t1": 261.2884518920663,
    "t2": 1397.4213019365072
}