{
    "b0": 0.11938359952009996,
    "b1": -0.017095794489973504,
    "b2": 0.010075192521064757,
    "b3": -0.049083399600661506,
    "t1": 5.7812694435269805,
    "t2": 38.75445769124053
}