{
    "b0": 0.13105413649461142,
    "b1": -0.044846994160227166,
    "b2": -0.02425591902905538,
    "b3": -0.09845803516149619,
    "t1": 21.559664463693665,
    "t2": 92.69995901297777
}