{
    "b0": 0.12668237711640332,
    "b1": -0.02169396820542948,
    "b2": 0.36767310188986896,
    "b3": -0.3456989152469438,
    "t1": 1.3919604867482853,
    "t2": 1.5138602261130405
}