{
    "b0": 0.11999320380967296,
    "b1": -0.01839397875086294,
    "b2": 0.018653363513875715,
    "b3": 0.0006544482475212606,
    "t1": 0.5103932033082001,
    "t2": 3.2948841829419027
}