{
    "b0": 0.1278374178940094,
    "b1": -0.030110285863862468,
    "b2": -0.040441415651303554,
    "b3": -0.0825840425085134,
    "t1": 5.06522694285609,
    "t2": 36.38889927687787
}