{
    "b0": 0.1180917311225213,
    "b1": -0.01520359316709774,
    "b2": 0.013594540379499113,
    "b3": -0.04580947333726443,
    "t1": 7.663694938732078,
    "t2": 35.46097092764103
}