{
    "b0": 0.12751622191877782,
    "b1": -0.033616029934248004,
    "b2": -0.015984222442833988,
    "b3": -0.09422869571143566,
    "t1": 5.269268086426855,
    "t2": 29.63377859768884
}