{
    "b0": 0.12970334777775486,
    "b1": -0.04474108855347311,
    "b2": 0.011107914098112168,
    "b3": -0.09879566361007831,
    "t1": 32.07055606818731,
    "t2": 75.93255607414936
}