{
    "b0": 0.14704783130591587,
    "b1": -0.043258805192971046,
    "b2": 0.22673724585774307,
    "b3": -0.2421127136253573,
    "t1": 2.2564351899608805,
    "t2": 2.93284229572763
}