{
    "b0": 0.12335546446151263,
    "b1": -0.023985251119312184,
    "b2": 0.2881335674411452,
    "b3": -0.25358072472254545,
    "t1": 1.1179656532492068,
    "t2": 1.2226230990866374
}