{
    "b0": 0.13465765288439893,
    "b1": -0.044875457972013644,
    "b2": -0.05712936983839213,
    "b3": -0.13146502793972456,
    "t1": 9.776247808270359,
    "t2": 81.749519923902
}