{
    "b0": 0.26670616066092917,
    "b1": -0.16280780038339024,
    "b2": 0.24422476702501858,
    "b3": -0.55071175490062,
    "t1": 3.4696773405858727,
    "t2": 5.836291757870574
}