{
    "b0": 0.13737368024039617,
    "b1": -0.03292368580536689,
    "b2": 0.039515485770391635,
    "b3": -0.0773705719991452,
    "t1": 2.0,
    "t2": 5.0
}