{
    "b0": 11.56259186808998,
    "b1": -0.25020885263753545,
    "b2": -4.073595926119445,
    "b3": -2.6007214258543945,
    "t1": 2.162325494447335,
    "t2": 49.30435771286567
}