{
    "b0": 0.12768191905538637,
    "b1": -0.03566264842965354,
    "b2": 0.09208159759080124,
    "b3": -0.0481264631637425,
    "t1": 1.1655740364874891,
    "t2": 1.8783587492649652
}