{
    "b0": 0.11184885279708795,
    "b1": -0.03302740975204017,
    "b2": 0.16744237418756266,
    "b3": -0.11147947624140372,
    "t1": 2.0,
    "t2": 5.0
}