{
    "b0": 0.2167580777921466,
    "b1": -0.11195066868722384,
    "b2": 0.25630849800046457,
    "b3": -0.4391495662839833,
    "t1": 3.52552527047407,
    "t2": 5.354743819897101
}