{
    "b0": 12.196477263058528,
    "b1": -2.1141040544924503,
    "b2": 577.9333478475883,
    "b3": -580.6998318710399,
    "t1": 20.2126703741147,
    "t2": 20.281096608791735
}