{
    "b0": 11.659263593407752,
    "b1": 6.535427870129208,
    "b2": -13.79821967908872,
    "b3": -3.168996120825693,
    "t1": 1.18757636267074,
    "t2": 45.07219726977157
}