{
    "b0": 12.658655462988854,
    "b1": -3.216200508740471,
    "b2": -2.4610473423360264,
    "b3": -7.49619729424095,
    "t1": 6.925018507723241,
    "t2": 35.87263910510261
}