{
    "b0": 0.1750755761881166,
    "b1": -0.0921190845339599,
    "b2": 0.42236748848575734,
    "b3": -0.4595550172924757,
    "t1": 2.3449830319386646,
    "t2": 2.869109197935198
}