{
    "b0": 0.1228516040249445,
    "b1": -0.015812676383810002,
    "b2": -0.010867886427771822,
    "b3": -0.033173051226405764,
    "t1": 8.337655145885947,
    "t2": 30.961490799229068
}