{
    "b0": 0.11388042255453455,
    "b1": -0.10576483134711659,
    "b2": 0.5418048220212507,
    "b3": -0.25105702263569124,
    "t1": 2.0,
    "t2": 5.0
}