{
    "b0": 11.825194759568287,
    "b1": -1.2732539665569615,
    "b2": 2262.5464350300185,
    "b3": -2264.7007878181703,
    "t1": 29.097486887962507,
    "t2": 29.123982330593034
}