{
    "b0": 0.12631974247538877,
    "b1": -0.031230317270625304,
    "b2": 0.17769871641113072,
    "b3": -0.14348493716071478,
    "t1": 1.3758680782448254,
    "t2": 1.6288053045701878
}