{
    "b0": 0.12737416920538205,
    "b1": -0.037097294628385624,
    "b2": -0.07594939566522659,
    "b3": -0.09219468491354896,
    "t1": 4.863240766893407,
    "t2": 49.6976126882192
}