{
    "b0": 0.12556590082721344,
    "b1": -0.04043682511925026,
    "b2": 0.007759755594940368,
    "b3": -0.09866348143600412,
    "t1": 17.656496973639282,
    "t2": 54.54096687286332
}