{
    "b0": 0.20324603858934348,
    "b1": -0.12140829489256205,
    "b2": 0.12737601595076045,
    "b3": -0.2356178690982132,
    "t1": 2.3530099721097786,
    "t2": 5.0819323862931896
}