{
    "b0": 0.204152843202999,
    "b1": -0.12272640781431876,
    "b2": 0.14003344187225755,
    "b3": -0.24466700912465178,
    "t1": 2.434287148591589,
    "t2": 5.041850470009782
}