{
    "b0": 0.13524021360265315,
    "b1": -0.043703563576664675,
    "b2": 0.07908398633335925,
    "b3": -0.04740293715363737,
    "t1": 1.285085707938673,
    "t2": 2.751077942231342
}