{
    "b0": 0.12238795959921653,
    "b1": -0.020598841479360912,
    "b2": 0.05364037344536346,
    "b3": -0.07808510500136978,
    "t1": 6.236359688729863,
    "t2": 18.367820706844213
}