{
    "b0": 0.11996768366038386,
    "b1": -0.015095141983025702,
    "b2": 0.020940521210938194,
    "b3": -0.05391544015220688,
    "t1": 16.76796494253896,
    "t2": 45.04574215735697
}