{
    "b0": 0.11869177265946095,
    "b1": -0.01362602317419847,
    "b2": 0.008123894502727174,
    "b3": -0.044020587440426875,
    "t1": 9.449596906961538,
    "t2": 38.67077551593015
}