{
    "b0": 0.1592616921789594,
    "b1": -0.051713125351266265,
    "b2": -0.05430560732202905,
    "b3": -0.13074521953465315,
    "t1": 0.4261969489914686,
    "t2": 5.146579281534155
}