{
    "b0": 11.635390981380402,
    "b1": -0.8552510842761296,
    "b2": -2.0096139472765313,
    "b3": -3.135897889482913,
    "t1": 3.4357603295707437,
    "t2": 48.48048162680066
}