{
    "b0": 0.11867641946688116,
    "b1": -0.013441036683081747,
    "b2": 0.009161181223072017,
    "b3": -0.049725787910641236,
    "t1": 5.5570975405935314,
    "t2": 31.457218220100913
}