{
    "b0": 0.1465395858294944,
    "b1": -0.04291928800323624,
    "b2": 0.45622194033473185,
    "b3": -0.4887484755177036,
    "t1": 2.6240623380005683,
    "t2": 3.028679981655924
}