{
    "b0": 0.12086873021824349,
    "b1": -0.01748158421797362,
    "b2": 0.019277807497014784,
    "b3": -0.053064403743022945,
    "t1": 11.426859013148086,
    "t2": 34.99547079518294
}