{
    "b0": 13.910401134799073,
    "b1": -5.259620123068731,
    "b2": -5.680303938260498,
    "b3": -2.664490616933591,
    "t1": 113.6243312111028,
    "t2": 967.459958260371
}