{
    "b0": 0.1276107462344834,
    "b1": -0.02341751374820078,
    "b2": 0.12050747618692341,
    "b3": -0.10484772542255852,
    "t1": 1.424438509812271,
    "t2": 2.0789394830698296
}