{
    "b0": 12.194878315353977,
    "b1": -2.0767829183878574,
    "b2": -0.38217103573450795,
    "b3": -2.771222036343789,
    "t1": 17.022247961268736,
    "t2": 67.35168760960043
}