{
    "b0": 0.13081219535945018,
    "b1": -0.03912273769377725,
    "b2": 0.0017526204994736255,
    "b3": -0.0917905014793312,
    "t1": 12.62442896348028,
    "t2": 41.77125644919503
}