{
    "b0": 0.12367951596434865,
    "b1": -0.03291426177113118,
    "b2": 0.122226078543117,
    "b3": -0.06531874925213542,
    "t1": 1.161471596825347,
    "t2": 1.5389713533363407
}