{
    "b0": 0.11795017138343766,
    "b1": -0.012463425268718083,
    "b2": 0.008460507102265029,
    "b3": -0.03910712052405625,
    "t1": 12.651993298273295,
    "t2": 38.37867236418599
}