{
    "b0": 0.1634928397382236,
    "b1": -0.0784336975855455,
    "b2": 3.800161852082068e-06,
    "b3": -0.10719426522512232,
    "t1": 0.822100465546048,
    "t2": 5.271267221771791
}