{
    "b0": 0.1367564434327662,
    "b1": -0.04888534351258475,
    "b2": 0.16257135919311344,
    "b3": -0.12395443340772135,
    "t1": 1.734668210500783,
    "t2": 2.4428099007925126
}