{
    "b0": 0.12656519193526483,
    "b1": -0.04133286734023332,
    "b2": 0.006945388261280473,
    "b3": -0.09059067061720429,
    "t1": 17.488523545944037,
    "t2": 49.49860161507975
}