{
    "b0": 0.12194675402943418,
    "b1": -0.014965564810572943,
    "b2": -0.014390859226544414,
    "b3": -0.03194423090355455,
    "t1": 5.929878935418868,
    "t2": 26.465506746324053
}