{
    "b0": 0.1274090471036849,
    "b1": -0.023054176458866746,
    "b2": 0.9395297940023577,
    "b3": -0.9232278335333407,
    "t1": 1.5955477659847785,
    "t2": 1.659352202472502
}