{
    "b0": 11.93633481503168,
    "b1": -1.3508699132810746,
    "b2": -1729.7758216681345,
    "b3": 1727.4441491129635,
    "t1": 40.3480588934741,
    "t2": 40.3011010786945
}