{
    "b0": 0.12698997680965107,
    "b1": -0.042257168332929335,
    "b2": 0.0014194610705917793,
    "b3": -0.099475744027852,
    "t1": 18.003886738916133,
    "t2": 56.07426627312726
}