{
    "b0": 14.823713843033463,
    "b1": -6.437118747087074,
    "b2": 3.3321155420209494,
    "b3": -6.640593767240034,
    "t1": 377.53689618050356,
    "t2": 1197.9748050347027
}