{
    "b0": 0.12334548071065564,
    "b1": -0.024113863862586175,
    "b2": 0.0008060571317190512,
    "b3": -0.05978648565210418,
    "t1": 6.172675690758482,
    "t2": 25.100112743844758
}