{
    "b0": 0.11654394256082917,
    "b1": -0.011200674417728207,
    "b2": 0.024684444516143197,
    "b3": -0.04845748006872214,
    "t1": 12.799984980879701,
    "t2": 31.488253094525042
}