{
    "b0": 0.1236981719697968,
    "b1": -0.016008735461342294,
    "b2": -0.02357349814948887,
    "b3": -0.04647382952892349,
    "t1": 4.084244313945766,
    "t2": 35.345752810561606
}