{
    "b0": 12.274362947383269,
    "b1": -2.1963936048665946,
    "b2": -0.21227332054957815,
    "b3": -4.869715858346523,
    "t1": 7.215578858104826,
    "t2": 26.524992067260715
}