{
    "b0": 12.216186685324033,
    "b1": -1.635970408552594,
    "b2": 15726.711580926221,
    "b3": -15729.412150789623,
    "t1": 18.59855136142624,
    "t2": 18.601646288872555
}