{
    "b0": 0.1257637592666481,
    "b1": -0.041079355710541055,
    "b2": 0.00688238054478528,
    "b3": -0.09790147360949106,
    "t1": 18.371464744290684,
    "t2": 52.0265571083626
}