{
    "b0": 0.12336995089996342,
    "b1": -0.03346163537245023,
    "b2": 0.09171868316729362,
    "b3": -0.03482134510117213,
    "t1": 1.0695356147195203,
    "t2": 1.6549544395996432
}