{
    "b0": 0.2259892164659003,
    "b1": -0.1218179202369627,
    "b2": 0.1540878456237638,
    "b3": -0.39090203382108013,
    "t1": 3.1582402815694457,
    "t2": 5.7744776641409725
}