{
    "b0": 0.12638528817299768,
    "b1": -0.026983598180899328,
    "b2": 0.08156378329715984,
    "b3": -0.049472197667039586,
    "t1": 1.0745706358896063,
    "t2": 1.4332128978800371
}