{
    "b0": 0.16692673048414694,
    "b1": -0.0634961990022758,
    "b2": 0.06991367263019768,
    "b3": -0.16268992176636932,
    "t1": 2.219741469168856,
    "t2": 5.032021472075342
}