{
    "b0": 0.12795179202246293,
    "b1": -0.03603670240688095,
    "b2": 0.3195157505028195,
    "b3": -0.2706920013613166,
    "t1": 1.3678932862579267,
    "t2": 1.5382283610920344
}