{
    "b0": 0.1528781167991489,
    "b1": -0.06649791638794622,
    "b2": -0.05174614645923654,
    "b3": -0.07446108159900784,
    "t1": 0.35186705728351936,
    "t2": 3.159307642996547
}