{
    "b0": 0.2147322017631425,
    "b1": -0.13290264130454496,
    "b2": 0.15752762122299174,
    "b3": -0.28735151439411305,
    "t1": 2.541661503242948,
    "t2": 5.177284859162301
}