{
    "b0": 0.1277520347177599,
    "b1": -0.04251986679641896,
    "b2": -0.008805553991019528,
    "b3": -0.09410304106812703,
    "t1": 19.059252185823745,
    "t2": 69.66576365031625
}