{
    "b0": 0.135135682120101,
    "b1": -0.04903661720115212,
    "b2": 0.04013730072380099,
    "b3": -0.029445007138487654,
    "t1": 1.0109168017763621,
    "t2": 4.152561794173663
}