{
    "b0": 0.20723330005472698,
    "b1": -0.10258970771863199,
    "b2": 0.14470885436258235,
    "b3": -0.318933098987536,
    "t1": 3.0530674266100837,
    "t2": 5.5368759045779745
}