{
    "b0": 0.14044313302166694,
    "b1": -0.0527218268375967,
    "b2": -0.06338269175834552,
    "b3": -0.020115951911240597,
    "t1": 0.3023386091896099,
    "t2": 2.3338296974979698
}