{
    "b0": 0.15807516767355392,
    "b1": -0.0744650602668339,
    "b2": 0.19405735058907903,
    "b3": -0.21244725893815547,
    "t1": 1.781717877382461,
    "t2": 2.44815313845339
}