{
    "b0": 11.710666973756796,
    "b1": -0.9847793963334834,
    "b2": -2.0927304604608064,
    "b3": -3.3544767706550003,
    "t1": 3.713685908021186,
    "t2": 52.78656141481985
}