{
    "b0": 13.09519692336039,
    "b1": -4.489398101565792,
    "b2": -2.3168910652097026,
    "b3": -8.204682432805704,
    "t1": 15.062320400166183,
    "t2": 63.843947389671236
}