{
    "b0": 0.13143856723667263,
    "b1": -0.047134343163002544,
    "b2": 0.7403844154424736,
    "b3": -0.7060858061049986,
    "t1": 1.5469564541404706,
    "t2": 1.629025538481403
}