{
    "b0": 12.204969316717635,
    "b1": -1.6337195105907725,
    "b2": -25348.07708531351,
    "b3": 25345.480159047016,
    "t1": 13.136926150147925,
    "t2": 13.135724314022058
}