{
    "b0": 0.1757428684944435,
    "b1": -0.07234404188582973,
    "b2": 0.07898735031783104,
    "b3": -0.2017649822383261,
    "t1": 2.2473908505594795,
    "t2": 5.040461144808321
}