{
    "b0": 0.14680282365201236,
    "b1": -0.039679818427993035,
    "b2": -0.04372927220848036,
    "b3": -0.07566144613970643,
    "t1": 0.33614269832738075,
    "t2": 4.751889846473841
}