{
    "b0": 0.15092678068420182,
    "b1": -0.04352346949523957,
    "b2": -0.04583988582676253,
    "b3": -0.1013193685216579,
    "t1": 0.3907557035657351,
    "t2": 5.022426321323815
}