{
    "b0": 0.12465930967524316,
    "b1": -0.027162686225478308,
    "b2": 0.02156622702549689,
    "b3": -0.00849579542735886,
    "t1": 0.7118286195481722,
    "t2": 3.587565682335478
}