{
    "b0": 0.18162833608632534,
    "b1": -0.07746929846993535,
    "b2": 0.2745201044987185,
    "b3": -0.39383343502687856,
    "t1": 3.193221206225596,
    "t2": 4.426636014101338
}