{
    "b0": 0.1436724847170823,
    "b1": -0.03943190806834768,
    "b2": 0.04636364071978212,
    "b3": -0.08720557778379823,
    "t1": 2.0,
    "t2": 5.0
}