{
    "b0": 0.15925050921152867,
    "b1": -0.05521385701669039,
    "b2": 0.18573967144344608,
    "b3": -0.26081980544922884,
    "t1": 2.8415145973693443,
    "t2": 4.069106900497571
}