{
    "b0": 0.13346447235431755,
    "b1": -0.04503575509472209,
    "b2": 0.05500099597952503,
    "b3": -0.031042297699178618,
    "t1": 1.1201931982041007,
    "t2": 4.228072119169846
}