{
    "b0": 0.14770339125537826,
    "b1": -0.06275707266446265,
    "b2": 0.04290392664004909,
    "b3": -0.07234292688068902,
    "t1": 1.137508842467525,
    "t2": 4.037269430146703
}