{
    "b0": 15.094856308427955,
    "b1": -6.505151759287116,
    "b2": -4.469872922822405,
    "b3": -6.447178861327496,
    "t1": 133.1983914474029,
    "t2": 1070.0233381287694
}