{
    "b0": 0.12236115036046348,
    "b1": -0.014126423212731554,
    "b2": -0.02045825861251522,
    "b3": -0.02207483220209751,
    "t1": 14.290578329247321,
    "t2": 42.52679990847564
}