{
    "b0": 0.11440287087699047,
    "b1": -0.15733241002092588,
    "b2": 0.814160755439826,
    "b3": -0.3546555603621838,
    "t1": 2.0,
    "t2": 5.0
}