{
    "b0": 0.11946424475376999,
    "b1": -0.016975491132478232,
    "b2": 0.004225728952328605,
    "b3": -0.044490570976175904,
    "t1": 5.286883184132728,
    "t2": 37.383737530840065
}