{
    "b0": 0.1264584578802411,
    "b1": -0.03161653696205349,
    "b2": 0.14119580138543392,
    "b3": -0.10842602029756464,
    "t1": 1.3730340625038588,
    "t2": 1.7104933960124622
}