{
    "b0": 0.12361899618199416,
    "b1": -0.02421632357860867,
    "b2": 0.006482160402952253,
    "b3": 0.04570607737595934,
    "t1": 2.1926778487659266,
    "t2": 0.9523599475407583
}