{
    "b0": 0.11834331214622403,
    "b1": -0.015292792631459072,
    "b2": 0.05395691608138173,
    "b3": -0.07604391516702874,
    "t1": 9.317711527139181,
    "t2": 21.248824835929554
}