{
    "b0": 0.12637415180424022,
    "b1": -0.021475182230970627,
    "b2": -0.13172075201375089,
    "b3": 0.15807192734336115,
    "t1": 1.707181563107545,
    "t2": 1.3123753504724762
}