{
    "b0": 0.14732877495425525,
    "b1": -0.060790538834551155,
    "b2": -0.047978327964445525,
    "b3": -0.061112519628140016,
    "t1": 0.32990536321578573,
    "t2": 2.9956834962522843
}