{
    "b0": 0.14864780167208075,
    "b1": -0.04344304087888285,
    "b2": 0.04776251554199051,
    "b3": -0.115372432658552,
    "t1": 2.2569891233292685,
    "t2": 5.046318841404618
}