{
    "b0": 0.130377835277711,
    "b1": -0.04524462572505336,
    "b2": 0.007109765862981232,
    "b3": -0.09852250629691098,
    "t1": 31.88047728598258,
    "t2": 79.9344876319675
}