{
    "b0": 0.141383788621777,
    "b1": -0.05745025770125636,
    "b2": 0.1971650401755781,
    "b3": -0.1860983007497223,
    "t1": 1.6062078807340272,
    "t2": 2.205793768139488
}