{
    "b0": 0.12012359498711153,
    "b1": -0.015258489519908203,
    "b2": 0.017117269164615447,
    "b3": 0.0008341356303197024,
    "t1": 1.184259082052253,
    "t2": 4.434903605040997
}