{
    "b0": 14.01425951822943,
    "b1": -5.392002652111681,
    "b2": -5.359368657218898,
    "b3": -3.3519008839411417,
    "t1": 119.31097413122289,
    "t2": 1009.5027849677849
}