{
    "b0": 0.30734573670631604,
    "b1": -0.2034157371313443,
    "b2": 0.4714230211367442,
    "b3": -0.832281553123404,
    "t1": 4.339378455449628,
    "t2": 6.212584331736634
}