{
    "b0": 12.097443387853666,
    "b1": -1.9770313652778428,
    "b2": -0.000807599059175379,
    "b3": -3.8835538399261784,
    "t1": 9.702033103159721,
    "t2": 27.41817094264602
}