{
    "b0": 0.11398899798141968,
    "b1": -0.059208689933437864,
    "b2": 0.1603804253905819,
    "b3": -0.11923576546025814,
    "t1": 2.0,
    "t2": 5.0
}