{
    "b0": 0.20203295586517303,
    "b1": -0.120657872502826,
    "b2": 0.14091238726207017,
    "b3": -0.24003954631127217,
    "t1": 2.456347011790763,
    "t2": 5.042477512147858
}