{
    "b0": 0.14708583902168523,
    "b1": -0.061537135282689295,
    "b2": -0.04969908854858138,
    "b3": -0.056836346744877114,
    "t1": 0.34224655916699964,
    "t2": 3.7656113343595563
}