{
    "b0": 13.523129844543869,
    "b1": -4.9026863423562155,
    "b2": -1.3269061213804867,
    "b3": -10.610574381870592,
    "t1": 33.949009171182176,
    "t2": 100.49529661604547
}