{
    "b0": 0.11894050274046575,
    "b1": -0.0134305701231544,
    "b2": 0.005232782760451997,
    "b3": -0.039625629681291547,
    "t1": 13.056219150884527,
    "t2": 44.023699383176464
}