{
    "b0": 13.81571661327069,
    "b1": -5.154790689687523,
    "b2": -5.963171994444612,
    "b3": -1.0453745479163805,
    "t1": 113.07052040863698,
    "t2": 675.2207725592577
}