{
    "b0": 0.1344110361219968,
    "b1": -0.033692238816467546,
    "b2": -0.024629173570346653,
    "b3": -0.029926688520545038,
    "t1": 0.2706930769216078,
    "t2": 5.823827780405936
}