{
    "b0": 0.124412495082909,
    "b1": -0.01961410282646229,
    "b2": 0.16338034697588436,
    "b3": -0.14104835091088055,
    "t1": 1.234379983776476,
    "t2": 1.5627225597180554
}