{
    "b0": 13.849248857156665,
    "b1": -5.198645602993403,
    "b2": -5.6231230678574935,
    "b3": -2.408104866389387,
    "t1": 107.93966980204883,
    "t2": 883.1274830479152
}