{
    "b0": 0.11929430256964296,
    "b1": -0.014401829785624834,
    "b2": 0.01158822324647998,
    "b3": -0.04816251790337951,
    "t1": 7.500609040114796,
    "t2": 32.99363549701957
}