{
    "b0": 0.12834277961748036,
    "b1": -0.03580582917885043,
    "b2": 0.049307555155158514,
    "b3": -0.018683889773982533,
    "t1": 0.975012721790264,
    "t2": 3.966905451341321
}