{
    "b0": 12.782534771004316,
    "b1": -4.066544893424135,
    "b2": -2690.2056713241896,
    "b3": 2685.6727248173734,
    "t1": 34.08229686318266,
    "t2": 34.03729541462785
}