{
    "b0": 0.17382588600382576,
    "b1": -0.06866052304456376,
    "b2": 0.2424759644609503,
    "b3": -0.33123561828028814,
    "t1": 3.3832380226078036,
    "t2": 4.6929584922224885
}