{
    "b0": 12.052751788527164,
    "b1": -1.5393279631728705,
    "b2": 4589.787087597014,
    "b3": -4591.871446091779,
    "t1": 10.873263923413438,
    "t2": 10.878989967221548
}