{
    "b0": 0.11967705897871271,
    "b1": -0.018809384741693844,
    "b2": 0.025464740616750938,
    "b3": 0.005024164073529609,
    "t1": 0.5972273604449938,
    "t2": 3.487032076723528
}