{
    "b0": 0.12602324051928376,
    "b1": -0.030407439642370904,
    "b2": 0.06673809548394899,
    "b3": -0.03636908132663762,
    "t1": 1.1176169015444215,
    "t2": 1.8546263013822748
}