{
    "b0": 0.12594595905454817,
    "b1": -0.04084708365695837,
    "b2": 0.011491381646120923,
    "b3": -0.09941321413840928,
    "t1": 17.870416464049796,
    "t2": 52.556108671724324
}