{
    "b0": 0.13243291215577901,
    "b1": -0.027435183071166498,
    "b2": 0.043631919597995936,
    "b3": -0.06439543375623177,
    "t1": 2.0,
    "t2": 5.0
}