{
    "b0": 0.2949601701312223,
    "b1": -0.1896597805289334,
    "b2": 0.3163719082057279,
    "b3": -0.6638089499889266,
    "t1": 4.019797202929766,
    "t2": 6.38992046120065
}