{
    "b0": 0.13559024832737293,
    "b1": -0.048796609073317704,
    "b2": -7.133080244178802e-08,
    "b3": -0.09715598053024349,
    "t1": 0.16055823788491308,
    "t2": 0.3022424029531184
}