{
    "b0": 0.12373937015529926,
    "b1": -0.008261755147664572,
    "b2": 0.016837783809519384,
    "b3": -0.015691788648283266,
    "t1": 2.0,
    "t2": 5.0
}