{
    "b0": 12.582321688861004,
    "b1": -1.485899665755944,
    "b2": 1811.603158645759,
    "b3": -1813.7972087117953,
    "t1": 16.204452455933186,
    "t2": 16.21709399902218
}