{
    "b0": 0.124596072721876,
    "b1": 0.016210548972272937,
    "b2": -0.04132333094023125,
    "b3": 0.003396988099144368,
    "t1": 2.0,
    "t2": 5.0
}