{
    "b0": 0.12450328000552707,
    "b1": -0.015328039670990598,
    "b2": 0.06121926774277432,
    "b3": -0.05125991785632697,
    "t1": 2.0,
    "t2": 5.0
}