{
    "b0": 0.10613212784883728,
    "b1": 0.00916716200336291,
    "b2": -0.03731087609653289,
    "b3": 0.033514512352454014,
    "t1": 0.7424953019906071,
    "t2": 2.858757811691418
}