{
    "b0": 0.12779967194569275,
    "b1": -0.012767148508932707,
    "b2": 0.02014482056452689,
    "b3": -0.04079543667585522,
    "t1": 11.161161662131448,
    "t2": 26.20636020212652
}