{
    "b0": 11.242615377636485,
    "b1": -0.3632617307798265,
    "b2": 1167.137904396862,
    "b3": -1170.611607246105,
    "t1": 114.53414749792182,
    "t2": 114.79076056713417
}