{
    "b0": 0.1380457150487872,
    "b1": -0.01494949943677205,
    "b2": 0.034892816009735296,
    "b3": -0.06532739339565968,
    "t1": 2.3596287101368114,
    "t2": 5.212529441210703
}