{
    "b0": 12.44715560692978,
    "b1": -0.5847573089318843,
    "b2": 3726.51100506808,
    "b3": -3727.433503961194,
    "t1": 11.168079709455583,
    "t2": 11.170463516911662
}