{
    "b0": 11.229437404452222,
    "b1": 0.056035006831702816,
    "b2": -249.13196681311874,
    "b3": 245.1265871671981,
    "t1": 130.96144586569602,
    "t2": 129.7642716276186
}