{
    "b0": 0.13189936246537207,
    "b1": -0.023576252681381384,
    "b2": 0.041875159955107065,
    "b3": -0.036892798315001384,
    "t1": 0.9280438217054503,
    "t2": 3.7250589796342624
}