{
    "b0": 12.69841226396948,
    "b1": -0.8311013993745133,
    "b2": -768.6416937263383,
    "b3": 767.2692456894417,
    "t1": 20.62660151247814,
    "t2": 20.598660248013946
}