{
    "b0": 11.348852198058792,
    "b1": -0.5186763862241808,
    "b2": 134.84761193042863,
    "b3": -138.22707225209408,
    "t1": 111.61360087331472,
    "t2": 113.28279236213432
}