{
    "b0": 0.11446589591138426,
    "b1": 0.010333859478365202,
    "b2": -0.008764577238274021,
    "b3": 0.031216252243247502,
    "t1": 8.608696951381717,
    "t2": 23.576874436486833
}