{
    "b0": 11.9839532896321,
    "b1": 0.4346713635432794,
    "b2": -361.4242389824103,
    "b3": 362.1033419553239,
    "t1": 16.360973210203568,
    "t2": 16.389154484765033
}