{
    "b0": 11.998019283951724,
    "b1": 0.1500680934460501,
    "b2": -0.3861258874652593,
    "b3": 1.819823535378601,
    "t1": 953.9989675886247,
    "t2": 393.55699064713576
}