{
    "b0": 12.710557868915231,
    "b1": -1.124247655097347,
    "b2": 817.2327516340453,
    "b3": -818.954052664011,
    "t1": 17.37753158014787,
    "t2": 17.4045155268897
}