{
    "b0": 0.12464736336477124,
    "b1": -0.013319528761334475,
    "b2": 0.030095748121725392,
    "b3": -0.0013373130674662194,
    "t1": 0.9381862009398219,
    "t2": 4.005948041349123
}