{
    "b0": 0.08417696120593995,
    "b1": 0.0353609929054622,
    "b2": 0.052124072036179615,
    "b3": 0.01947302141488169,
    "t1": 17.262956828048853,
    "t2": 1.0916401638002429
}