{
    "b0": 0.11032549039834856,
    "b1": 0.008452286329694712,
    "b2": -0.09161392222752326,
    "b3": 0.05818513506275527,
    "t1": 0.8526485345439783,
    "t2": 1.4148212372313882
}