{
    "b0": 0.10812414574214908,
    "b1": 0.005269264382755228,
    "b2": 0.7682662969686074,
    "b3": -0.8015558233731961,
    "t1": 1.0640794542589989,
    "t2": 1.0261497382693736
}