{
    "b0": 0.11686701952848842,
    "b1": 0.004178312732884165,
    "b2": 0.017388506040954845,
    "b3": 0.00814293857479017,
    "t1": 0.7638801714715582,
    "t2": 3.6702067878975733
}