{
    "b0": 0.12370982561099975,
    "b1": 0.003560966490889853,
    "b2": -0.01831444793362778,
    "b3": 0.0090419367418236,
    "t1": 2.0,
    "t2": 5.0
}