{
    "b0": 0.119532745789117,
    "b1": -0.0010594842048766984,
    "b2": 0.01732747088685002,
    "b3": 0.0073217737132168365,
    "t1": 0.8844648257680894,
    "t2": 3.9713098543764884
}