{
    "b0": 12.77124495000307,
    "b1": -1.1625331209594316,
    "b2": -13101.38956464566,
    "b3": 13099.596481398801,
    "t1": 18.99350300243483,
    "t2": 18.991864974322795
}