{
    "b0": 12.383558069605069,
    "b1": -0.5258292517134822,
    "b2": -837.8640090057206,
    "b3": 836.9739070330677,
    "t1": 6.671401691128486,
    "t2": 6.6655811586110705
}