{
    "b0": 0.1139904502991144,
    "b1": 0.008896161141608294,
    "b2": 0.009897659509555456,
    "b3": 0.019913597544265086,
    "t1": 0.3023334784467464,
    "t2": 4.121413266465812
}