{
    "b0": 0.1149175654370409,
    "b1": 0.009941927418845326,
    "b2": -0.009518503298447167,
    "b3": 0.030158762167545542,
    "t1": 8.386401879055484,
    "t2": 21.298778462700284
}