{
    "b0": 0.1112439777263802,
    "b1": 0.00724548790338252,
    "b2": -0.25443774605690245,
    "b3": 0.224672379339488,
    "t1": 0.9366707951021704,
    "t2": 1.0655671879330022
}