{
    "b0": 0.12608802982879638,
    "b1": -0.39567964733624933,
    "b2": 0.8329574382628326,
    "b3": -0.24662416836842008,
    "t1": 2.0,
    "t2": 5.0
}