{
    "b0": 0.11045275220734693,
    "b1": 0.012133659758444982,
    "b2": 0.718861521915235,
    "b3": -0.7519011734046159,
    "t1": 1.0493391460276258,
    "t2": 1.0112783010137472
}