{
    "b0": 0.11246828484956374,
    "b1": 0.1401915137597669,
    "b2": -0.7024332600074761,
    "b3": 0.3176883683912484,
    "t1": 2.0,
    "t2": 5.0
}