{
    "b0": 12.01973454285948,
    "b1": 0.33499292407731907,
    "b2": -1.1107680153287038,
    "b3": 2.904348438969979,
    "t1": 267.37681554507503,
    "t2": 406.5727060407942
}