{
    "b0": 0.12785741239522241,
    "b1": -0.01297222416847885,
    "b2": 0.014604481786671113,
    "b3": -0.03477349404202203,
    "t1": 13.738467759091206,
    "t2": 29.412233447572685
}