{
    "b0": 0.1667574915425843,
    "b1": -0.05019467110542757,
    "b2": 0.47418900206401093,
    "b3": -0.5369593143595287,
    "t1": 3.0745154816983318,
    "t2": 3.6353969393892194
}