{
    "b0": 0.14579009479069804,
    "b1": -0.0389659518173739,
    "b2": 0.02119245546256149,
    "b3": -0.07629708727050344,
    "t1": 0.7636641176943605,
    "t2": 4.7257306347545205
}