{
    "b0": 0.10940984962581164,
    "b1": 0.001994436162792308,
    "b2": 0.5451797530926147,
    "b3": -0.5799101320053371,
    "t1": 1.1267974960404268,
    "t2": 1.062163499737115
}