{
    "b0": 0.11431255249483696,
    "b1": 0.006115877667336286,
    "b2": -0.07135880197259421,
    "b3": 0.04630232584120583,
    "t1": 0.8066361260951886,
    "t2": 1.5465496165293606
}