{
    "b0": 0.10891619440004434,
    "b1": 0.004509012287320242,
    "b2": -0.07466399816254715,
    "b3": 0.03716664018799502,
    "t1": 0.8018295798442785,
    "t2": 1.5225869626207964
}