{
    "b0": 0.12036491854772062,
    "b1": -0.007693302126607562,
    "b2": 0.03353973354278466,
    "b3": 0.0002039549108552386,
    "t1": 0.825872082166679,
    "t2": 3.786271124233296
}