{
    "b0": 0.10360698296602185,
    "b1": -0.004272118020594394,
    "b2": 0.03681440604184845,
    "b3": 0.006067799683938241,
    "t1": 2.0,
    "t2": 5.0
}