{
    "b0": 0.11103604321016083,
    "b1": 0.004041772549335042,
    "b2": -0.11931606675949483,
    "b3": 0.09314587018508673,
    "t1": 0.9994662548347037,
    "t2": 1.3431097794755056
}