{
    "b0": 12.493219568361198,
    "b1": 5.7455996082909735,
    "b2": -15.424483596219405,
    "b3": -3.031037396715685,
    "t1": 0.7590116443238613,
    "t2": 15.28240063929248
}