{
    "b0": 0.10941111234223798,
    "b1": 0.012081755963279258,
    "b2": -0.09857770848245338,
    "b3": 0.07465368629354896,
    "t1": 0.8984344504035218,
    "t2": 1.295905235931183
}