{
    "b0": 0.12621356959173025,
    "b1": -0.052403773455663244,
    "b2": 0.25613968790819325,
    "b3": -0.13908245078838957,
    "t1": 2.0,
    "t2": 5.0
}