{
    "b0": 0.13114534037487907,
    "b1": -0.024244727746987597,
    "b2": 0.038883868264798546,
    "b3": -0.04029062513146214,
    "t1": 0.884246459160853,
    "t2": 3.538856600183752
}