{
    "b0": 0.11945490012661808,
    "b1": 0.000176943999167738,
    "b2": 3.978946177425597e-05,
    "b3": 0.019244808821505387,
    "t1": -2.0886413933072303,
    "t2": 0.9393578791023867
}