{
    "b0": 0.1225835706549468,
    "b1": -0.000687543890711296,
    "b2": 0.021297421021768487,
    "b3": -0.00945945945058763,
    "t1": 1.028740839994807,
    "t2": 3.9251179511603476
}