{
    "b0": 0.10764181498125337,
    "b1": 0.017129678208200605,
    "b2": -0.04501936285157317,
    "b3": 0.04630038969261373,
    "t1": 1.5048992491915145,
    "t2": 2.7524224999067397
}