{
    "b0": 0.11910059520440917,
    "b1": 0.6561165410267181,
    "b2": -1.3672300077734398,
    "b3": 0.33530891781836497,
    "t1": 2.0,
    "t2": 5.0
}