{
    "b0": 0.11184910214938518,
    "b1": -0.006647313005865199,
    "b2": 0.08014231039760947,
    "b3": -0.10312051708452978,
    "t1": 48.55647508960101,
    "t2": 87.68668126940611
}