{
    "b0": 0.08850605273235876,
    "b1": 0.03028429211789796,
    "b2": 0.024204737576010587,
    "b3": 0.09707052040453351,
    "t1": 0.1720447775487343,
    "t2": 3.9733664521454766
}