{
    "b0": 0.11352563328577166,
    "b1": -0.003650090830116857,
    "b2": 0.03070887663454089,
    "b3": -0.05799929717104205,
    "t1": 1.0000000011257795,
    "t2": 0.6283065814053979
}