{
    "b0": 11.9025469337447,
    "b1": 0.11310281048089355,
    "b2": 0.9146822834737425,
    "b3": 1.0512332795862704,
    "t1": 180.14610007800562,
    "t2": 424.00709419293895
}