{
    "b0": 0.13957262846833154,
    "b1": -0.023432731805788046,
    "b2": 0.07952587310207539,
    "b3": -0.09272745900835924,
    "t1": 1.9150737455141582,
    "t2": 3.335748332150369
}