{
    "b0": 0.12292860349509453,
    "b1": -0.0019445963904496577,
    "b2": -0.002724921965813771,
    "b3": -0.00040580539641828337,
    "t1": 2.0,
    "t2": 5.0
}