{
    "b0": 0.11886794952828213,
    "b1": 0.0012147500598955197,
    "b2": 0.01636269363209012,
    "b3": 0.004166309975607086,
    "t1": 0.9325287942390643,
    "t2": 4.007842735881404
}