{
    "b0": 10.875672694725,
    "b1": 0.49694006622538145,
    "b2": -97.90731724326929,
    "b3": 94.6487314517295,
    "t1": 366.0079208824064,
    "t2": 377.89107358306705
}