{
    "b0": 0.1290961411437014,
    "b1": -0.018720051642629187,
    "b2": 0.006009268657869724,
    "b3": -0.04908721807673068,
    "t1": 8.05683549686681,
    "t2": 25.472016653521074
}