{
    "b0": 0.12442920910944436,
    "b1": -0.0018694285327402974,
    "b2": -0.007718322942777951,
    "b3": -0.0007266406813519,
    "t1": 2.0,
    "t2": 5.0
}