{
    "b0": 12.525875398379632,
    "b1": -1.6055666751974735,
    "b2": 956.5426927562083,
    "b3": -957.0691633847343,
    "t1": 6.918081845749354,
    "t2": 6.937986976863973
}