{
    "b0": 12.071186003642135,
    "b1": 0.363282040589729,
    "b2": -102.39406819235903,
    "b3": 102.97006003453929,
    "t1": 377.9616291420112,
    "t2": 380.7810763807483
}