{
    "b0": 12.519187881522214,
    "b1": -1.5365040513375634,
    "b2": -9062.627540051652,
    "b3": 9060.316266619222,
    "t1": 12.948069071960417,
    "t2": 12.94463079859364
}