{
    "b0": 0.12414736434914084,
    "b1": -0.009918322649438541,
    "b2": 0.03343302178595863,
    "b3": -0.04107177207045662,
    "t1": 2.0,
    "t2": 5.0
}