{
    "b0": 0.12435546013178402,
    "b1": -0.0004893786409922432,
    "b2": -0.014244278191212765,
    "b3": 0.0011438994372557662,
    "t1": 2.0,
    "t2": 5.0
}