{
    "b0": 0.11904919335112552,
    "b1": 0.0006850689633044749,
    "b2": 0.009270755558850777,
    "b3": 0.011630385690065621,
    "t1": 0.5689192179178655,
    "t2": 1.8518202131632657
}