{
    "b0": 0.12004391361419871,
    "b1": -0.013697857688559148,
    "b2": 0.11052553777161256,
    "b3": -0.0814413346508614,
    "t1": 1.1326367757026508,
    "t2": 1.5435011479903857
}