{
    "b0": 0.10667351162366809,
    "b1": 0.014208307739146261,
    "b2": 0.02323083666361398,
    "b3": 0.03659514648048713,
    "t1": 0.8475125292226271,
    "t2": 4.915884837462471
}