{
    "b0": 12.657373761949842,
    "b1": -1.0747687817174034,
    "b2": -2449.0939083805465,
    "b3": 2447.312179925797,
    "t1": 9.858526244409695,
    "t2": 9.850767542307567
}