{
    "b0": 0.11440817780532436,
    "b1": -0.004814545644327945,
    "b2": -0.6257663481248531,
    "b3": 0.5959971054489319,
    "t1": 0.7310841344121481,
    "t2": 0.750654598089671
}