{
    "b0": 0.10490780586966825,
    "b1": -0.04275809486763514,
    "b2": 0.2763170343242374,
    "b3": -0.0857166248276321,
    "t1": 2.0,
    "t2": 5.0
}