{
    "b0": 0.12373098636736468,
    "b1": -0.03039058619523684,
    "b2": 0.1413247450715891,
    "b3": -0.07432165840698016,
    "t1": 2.0,
    "t2": 5.0
}