{
    "b0": 0.11925151409640612,
    "b1": -0.00038015201518466074,
    "b2": 0.010565694034166916,
    "b3": 0.010454684370926342,
    "t1": 1.9237921979051766,
    "t2": 0.6573458878326357
}