{
    "b0": 11.410386160046738,
    "b1": -0.5349894103472583,
    "b2": -545.9353809809667,
    "b3": 542.5105697258243,
    "t1": 108.46058721298374,
    "t2": 108.00516803753136
}