{
    "b0": 11.92520505950185,
    "b1": 0.1569024513417263,
    "b2": 0.6588389651444488,
    "b3": 1.2231080585149927,
    "t1": 171.47541793666664,
    "t2": 389.98280191213684
}