{
    "b0": 0.12044930320154061,
    "b1": -0.007417049457345858,
    "b2": 0.030279519114396698,
    "b3": 0.00353878145448112,
    "t1": 0.91107071732656,
    "t2": 0.385925527031706
}