{
    "b0": 0.12634371806039585,
    "b1": -0.01985268517363442,
    "b2": -0.014983974622091716,
    "b3": -0.03615708678249144,
    "t1": 4.41498775009149,
    "t2": 25.465268181201456
}