{
    "b0": 0.11611652501885547,
    "b1": 0.00876224244305495,
    "b2": -0.035644195702848575,
    "b3": 0.03311939328493165,
    "t1": 1.3201309005391422,
    "t2": 2.004640258857694
}