{
    "b0": 12.011659139484244,
    "b1": 0.4207906046283375,
    "b2": -8.94013236220501,
    "b3": 9.266650516440544,
    "t1": 381.494451734317,
    "t2": 413.2338250191885
}