{
    "b0": 0.12551281741399584,
    "b1": -0.007645078434216433,
    "b2": 0.01670089010379529,
    "b3": -0.011531961923090864,
    "t1": 2.0,
    "t2": 5.0
}