{
    "b0": 0.10684110655726385,
    "b1": 0.009261206576959806,
    "b2": -0.04584170855967179,
    "b3": 0.0327047539696865,
    "t1": 0.7309544041955907,
    "t2": 2.6561283194625656
}