{
    "b0": 0.11207811384475846,
    "b1": 0.014348681994436584,
    "b2": -0.04350537513957759,
    "b3": 0.06003022366637532,
    "t1": 6.869476760723046,
    "t2": 14.23097111608513
}