{
    "b0": 11.402806934644298,
    "b1": -0.52345262875034,
    "b2": -1845.3560147479066,
    "b3": 1841.7510982252525,
    "t1": 113.28778456277053,
    "t2": 113.14122797664388
}