{
    "b0": 0.12736462048478808,
    "b1": -0.018532372502406795,
    "b2": 0.025917635469996245,
    "b3": -0.06045582829445825,
    "t1": 6.024066902093182,
    "t2": 16.10661019647523
}