{
    "b0": 0.12532279836740948,
    "b1": -0.006780806578337097,
    "b2": 0.013703246290158826,
    "b3": -0.010947852597151721,
    "t1": 2.0,
    "t2": 5.0
}