{
    "b0": 0.37961926013053326,
    "b1": -0.2559847436870026,
    "b2": 0.34994364761508967,
    "b3": -0.8610068450887872,
    "t1": 6.231267326769343,
    "t2": 9.496641104080162
}