{
    "b0": 0.10481109205744683,
    "b1": 0.0014859278073158216,
    "b2": 0.047386098851091574,
    "b3": -0.008543041526471683,
    "t1": 2.0,
    "t2": 5.0
}