{
    "b0": 12.043059113233525,
    "b1": -1.5069218753113343,
    "b2": 20588.93969144981,
    "b3": -20590.692653779784,
    "t1": 9.725789923344388,
    "t2": 9.726927245517865
}