{
    "b0": 0.08832233293393495,
    "b1": 0.0302028359683289,
    "b2": 0.03255225335500496,
    "b3": 0.07981623070722814,
    "t1": 0.15710220811209852,
    "t2": 3.9729850962083857
}