{
    "b0": 0.12604245376367826,
    "b1": -0.025216129874778746,
    "b2": 0.08494437227612184,
    "b3": -0.07519229475742514,
    "t1": 5.169959541992284,
    "t2": 11.143040202732664
}