{
    "b0": 0.1092784481760378,
    "b1": 0.004738014735768173,
    "b2": 0.10504160210151431,
    "b3": -0.13836169249518543,
    "t1": 1.2677250531878712,
    "t2": 0.9522365625925552
}