{
    "b0": 12.758612437159805,
    "b1": -1.1375157221938446,
    "b2": -2871.800685679028,
    "b3": 2870.488974822607,
    "t1": 26.279772819072107,
    "t2": 26.26965517843129
}