{
    "b0": 11.043284207984044,
    "b1": -0.04802546929967022,
    "b2": -14.098490607215915,
    "b3": 10.870768585073389,
    "t1": 317.8907697796722,
    "t2": 382.606189539965
}