{
    "b0": 0.11563137032001208,
    "b1": 0.0044020485960389495,
    "b2": 0.017812555453211774,
    "b3": 0.014242976712410888,
    "t1": 0.8450363676013031,
    "t2": 3.9676972746095163
}