{
    "b0": 0.11240107824366172,
    "b1": 0.007039510934591989,
    "b2": 0.47595132613527386,
    "b3": -0.5074365961511262,
    "t1": 0.9964425093121361,
    "t2": 0.9298561439281556
}