{
    "b0": 0.10952572011997745,
    "b1": 0.0091979698047807,
    "b2": 0.02545246223973169,
    "b3": 0.015129055008761315,
    "t1": 5.53128904790443,
    "t2": 0.8163904201550337
}