{
    "b0": 0.11665551428295244,
    "b1": 0.007598640529744358,
    "b2": 0.012398288411958292,
    "b3": -0.003209227455532963,
    "t1": 3.3736425151098954,
    "t2": 0.5558465388225304
}