{
    "b0": 0.12386518202632205,
    "b1": -0.02087982622248849,
    "b2": 0.030866571167581906,
    "b3": -0.06095782739639216,
    "t1": 4.768376571293629,
    "t2": 13.06264489874593
}