{
    "b0": 0.11379551007878151,
    "b1": -0.005602570570773794,
    "b2": 1.2070932040375004,
    "b3": -1.239240073509584,
    "t1": 101.96679091651458,
    "t2": 103.96662821571226
}