{
    "b0": 12.564349552817232,
    "b1": -0.2502664237905213,
    "b2": 4.03559572878228,
    "b3": -3.957082111513619,
    "t1": 821.7661228271279,
    "t2": 1372.0337633343468
}