{
    "b0": 0.11118075519264024,
    "b1": 0.01436627575211214,
    "b2": 0.5120586424483954,
    "b3": -0.5336354338920073,
    "t1": 1.2626597561081438,
    "t2": 1.2000391476840762
}