{
    "b0": 0.1153863840777536,
    "b1": 0.009329789683450457,
    "b2": 0.4686398555223304,
    "b3": -0.46996573015876525,
    "t1": 1.7693676006451895,
    "t2": 1.6948302281304048
}