{
    "b0": 0.125760105226079,
    "b1": -0.05705513544339342,
    "b2": 0.28128310006394874,
    "b3": -0.14389600628685967,
    "t1": 2.0,
    "t2": 5.0
}