{
    "b0": 12.63725646534474,
    "b1": -1.0156219138496647,
    "b2": -286.9250741544981,
    "b3": 286.1955624246503,
    "t1": 20.675602845496194,
    "t2": 20.58544349113026
}