{
    "b0": 0.12759143473231954,
    "b1": -0.009385158762476,
    "b2": 0.02282169711196405,
    "b3": -0.015899220266804764,
    "t1": 1.1490277779095701,
    "t2": 4.204642505096475
}