{
    "b0": 0.12364302105348504,
    "b1": -0.0020207684932864413,
    "b2": -0.0035663874692884075,
    "b3": -0.0020878407597293243,
    "t1": 2.0,
    "t2": 5.0
}