{
    "b0": 0.12228751455397245,
    "b1": 0.0002518060886536229,
    "b2": 0.0195604128704415,
    "b3": -0.008838410753965143,
    "t1": 1.2376246110836058,
    "t2": 4.360210352415014
}