{
    "b0": 0.10881851719097499,
    "b1": -0.12006658249619317,
    "b2": 0.26999629255963775,
    "b3": -0.03654804009627921,
    "t1": 2.0,
    "t2": 5.0
}