{
    "b0": 11.325071752549668,
    "b1": -0.43625684679484555,
    "b2": 2583.6635801829275,
    "b3": -2587.552552722845,
    "t1": 117.72309481293199,
    "t2": 117.84863281592048
}