{
    "b0": 0.11092693735256638,
    "b1": 0.012764009413947917,
    "b2": 0.012563325667905204,
    "b3": 0.020446134529942414,
    "t1": 0.3046655910052726,
    "t2": 3.8965551823348887
}