{
    "b0": 0.12366175407047389,
    "b1": -0.005459930111369029,
    "b2": -0.018945725466651683,
    "b3": 0.036931714966700134,
    "t1": 0.7372046877231369,
    "t2": 1.0410687074920015
}