{
    "b0": 12.721300663088071,
    "b1": -1.7010622137915452,
    "b2": 3014.7305892247155,
    "b3": -3017.3879519021975,
    "t1": 15.111168244790468,
    "t2": 15.122987848701554
}