{
    "b0": 0.12534606323408573,
    "b1": -0.007244489986277447,
    "b2": 0.02243202266081196,
    "b3": -0.010765993728603825,
    "t1": 1.1014010796364655,
    "t2": 4.144443542506603
}