{
    "b0": 12.57734642096301,
    "b1": -0.19574049187790366,
    "b2": -195.13601970503836,
    "b3": 194.785550527754,
    "t1": 6.2266105450085805,
    "t2": 6.2145029813663735
}