{
    "b0": 0.12541974515700416,
    "b1": -0.014307829464447011,
    "b2": 0.02950498926543002,
    "b3": -0.00817082361803059,
    "t1": 0.8763705715925223,
    "t2": 3.803115260838613
}