{
    "b0": 11.566827573384185,
    "b1": 0.06444155660153039,
    "b2": 274.5519888524795,
    "b3": -277.49988506542724,
    "t1": 111.49647798799889,
    "t2": 112.3249017840953
}