{
    "b0": 12.76271482833113,
    "b1": -1.1170219163268729,
    "b2": -0.5318334952692486,
    "b3": -2.374576802050648,
    "t1": 7.159194885049849,
    "t2": 35.674899556551495
}