{
    "b0": 0.14811136067492256,
    "b1": -0.031901288384226956,
    "b2": 0.04143131632178611,
    "b3": -0.08463617290409932,
    "t1": 1.6829536803222298,
    "t2": 4.730507332374286
}