{
    "b0": 11.737116966640244,
    "b1": 0.6517105538056889,
    "b2": 0.5909577684781507,
    "b3": 1.7168623013837458,
    "t1": 7.205756529238446,
    "t2": 51.0238071900608
}