{
    "b0": 12.870195091632576,
    "b1": -1.2438631224855108,
    "b2": 384.6075177419494,
    "b3": -386.08660298755507,
    "t1": 32.11154014533965,
    "t2": 32.19534404615731
}