{
    "b0": 0.1048604821636166,
    "b1": -0.0012242339539806713,
    "b2": 0.029238596598083335,
    "b3": -0.01425066879771868,
    "t1": 2.0,
    "t2": 5.0
}