{
    "b0": 0.11124451532299762,
    "b1": 0.005192330216784804,
    "b2": 0.07812928291661872,
    "b3": -0.10996803925850841,
    "t1": 1.2151739365883545,
    "t2": 0.8594467773135778
}