{
    "b0": 0.1124988592246313,
    "b1": 0.004707367549319773,
    "b2": -0.08689344336321506,
    "b3": 0.06262593663117445,
    "t1": 0.8102800904172474,
    "t2": 1.2376498835760197
}