{
    "b0": 0.1188731618168337,
    "b1": 0.0011725192323223978,
    "b2": 0.009881461419508377,
    "b3": 0.012252658344018365,
    "t1": 0.4896979086966211,
    "t2": 1.5638497957725237
}