{
    "b0": 0.12797143224701837,
    "b1": -0.012412773109503141,
    "b2": 0.006475939695205216,
    "b3": -0.03202223526762309,
    "t1": 7.635984984401148,
    "t2": 28.648950660477567
}