{
    "b0": 0.1091236886549249,
    "b1": 0.0019046663974472662,
    "b2": -0.06518443691796003,
    "b3": 0.033608304443528726,
    "t1": 0.7686417239360348,
    "t2": 1.4952486908495386
}