{
    "b0": 0.13860403233531798,
    "b1": -0.030726005753005534,
    "b2": 0.02882730091740418,
    "b3": -0.0530342080483031,
    "t1": 0.8129057107681397,
    "t2": 4.535543336728695
}