{
    "b0": 0.12487443526688749,
    "b1": -0.003007922497162639,
    "b2": 0.02084703200275304,
    "b3": -0.01929390945425778,
    "t1": 1.1592769284863809,
    "t2": 4.103035824572138
}