{
    "b0": 0.14725607178617578,
    "b1": -0.03714502337662315,
    "b2": -1.7610542123892153e-06,
    "b3": -0.05894078591521502,
    "t1": 0.5588919413754703,
    "t2": 5.698258077265042
}