{
    "b0": 0.11773557056925885,
    "b1": 0.007022753033428232,
    "b2": -0.3429940721272255,
    "b3": 0.34234073959035455,
    "t1": 1.598214457074845,
    "t2": 1.6836592556774597
}