{
    "b0": 0.12052771167143524,
    "b1": 0.010764626395023194,
    "b2": -0.0456937668621059,
    "b3": 0.037117723346701645,
    "t1": 2.0,
    "t2": 5.0
}