{
    "b0": 11.076728714797646,
    "b1": 0.2809322457656054,
    "b2": 1133.9002979329011,
    "b3": -1137.4312457716526,
    "t1": 126.46497204658797,
    "t2": 126.72875990587029
}