{
    "b0": 0.15797816885245716,
    "b1": -0.04899829021094253,
    "b2": 3.1100126248739812e-06,
    "b3": -0.10701337819523847,
    "t1": 0.6338734232037762,
    "t2": 5.209699507904116
}