{
    "b0": 12.549802039425785,
    "b1": -0.6713969861355911,
    "b2": 2106.3287247698663,
    "b3": -2107.5058982471896,
    "t1": 13.070273929749963,
    "t2": 13.07601211556596
}