{
    "b0": 0.10795168039726062,
    "b1": 0.011755467680965973,
    "b2": -0.05593397016757204,
    "b3": 0.036186264258615805,
    "t1": 0.6593886999913385,
    "t2": 2.134669768736258
}