{
    "b0": 0.12778015932927317,
    "b1": -0.020869597565425647,
    "b2": 0.05115782784148161,
    "b3": -0.07559975205624637,
    "t1": 9.465643957649636,
    "t2": 17.916290651948984
}