{
    "b0": 11.490987296479192,
    "b1": -0.07443019698896247,
    "b2": -453.8308984892226,
    "b3": 450.89047200920396,
    "t1": 123.93714782715195,
    "t2": 123.31234333661348
}