{
    "b0": 12.498634493050599,
    "b1": -0.6387245252132185,
    "b2": 4520.928139396998,
    "b3": -4521.752749407894,
    "t1": 11.18108593192616,
    "t2": 11.182484470057627
}