{
    "b0": 0.10617722811590986,
    "b1": 0.005006816913538293,
    "b2": -0.04719482098101151,
    "b3": 0.026944083544878063,
    "t1": 0.6953600186944167,
    "t2": 2.827672523999736
}