{
    "b0": 0.10488877644198319,
    "b1": -0.0007070365119844473,
    "b2": 0.05607528681534025,
    "b3": -0.007459510393897748,
    "t1": 2.0,
    "t2": 5.0
}