{
    "b0": 11.392114358833423,
    "b1": -0.5097005121048199,
    "b2": 6752.470161480702,
    "b3": -6756.26548791767,
    "t1": 112.23780273411441,
    "t2": 112.28291187325416
}