{
    "b0": 0.11968189764509474,
    "b1": 0.0013603519223284212,
    "b2": 0.011419819489619135,
    "b3": 0.008234850142266964,
    "t1": 0.6748307256324904,
    "t2": 1.400806789579502
}