{
    "b0": 0.11684505794173433,
    "b1": 0.0018514211118230012,
    "b2": 0.018682977090026642,
    "b3": 0.012282208324629264,
    "t1": 0.9495883967613792,
    "t2": 4.151735311482957
}