{
    "b0": 0.11946048709310136,
    "b1": 0.002083716230882632,
    "b2": 0.004053771638715476,
    "b3": 0.02453047199236762,
    "t1": 0.09601162417867179,
    "t2": 0.9426202241176014
}