{
    "b0": 0.1005054669547674,
    "b1": 0.019740406285250076,
    "b2": 0.028038197598091834,
    "b3": 0.05515380160783108,
    "t1": 1.0132601988708134,
    "t2": 5.742670596752276
}