{
    "b0": 0.10890354395015973,
    "b1": 0.01655787085758466,
    "b2": -0.028651686567780357,
    "b3": 0.03304277120045429,
    "t1": 0.90478907226842,
    "t2": 3.0209011006951076
}