{
    "b0": 0.11122272723243203,
    "b1": 0.006475357972613821,
    "b2": -0.13845172319630486,
    "b3": 0.11108598250489858,
    "t1": 0.886105560167433,
    "t2": 1.1254373228966723
}