{
    "b0": 0.12320129019931995,
    "b1": -0.00555770553427978,
    "b2": 0.0018504213771259976,
    "b3": -0.00408544893485651,
    "t1": 2.0,
    "t2": 5.0
}