{
    "b0": 0.30468423852524545,
    "b1": -0.18118410569596569,
    "b2": 0.5686603054058316,
    "b3": -0.9185927683400886,
    "t1": 5.78142770444326,
    "t2": 7.457690150151083
}