{
    "b0": 12.70340539117765,
    "b1": -1.040368962002498,
    "b2": -0.628188556762824,
    "b3": -2.2887867932868833,
    "t1": 7.0510861522463335,
    "t2": 37.15433042837349
}