{
    "b0": 0.11246567237745049,
    "b1": -0.0013816105738928847,
    "b2": 0.04183593424603395,
    "b3": -0.0026337166757436073,
    "t1": 2.0,
    "t2": 5.0
}