{
    "b0": 12.645826229909531,
    "b1": -1.0236868111431694,
    "b2": -602.8784015320971,
    "b3": 601.8909344656485,
    "t1": 20.946056278639393,
    "t2": 20.90983895997324
}