{
    "b0": 0.12864204168188595,
    "b1": -0.015799097608742103,
    "b2": 0.048677484065438564,
    "b3": -0.06491143088216192,
    "t1": 7.468495557943243,
    "t2": 17.42328984899359
}