{
    "b0": 12.485770314285368,
    "b1": -0.1826778005927774,
    "b2": 3.7977471517011527,
    "b3": -3.435843516910932,
    "t1": 767.4040779120692,
    "t2": 1294.5921042637292
}