{
    "b0": 0.10388655268369232,
    "b1": -0.01900867848954207,
    "b2": 0.05741593814442536,
    "b3": 0.013442609060506462,
    "t1": 2.0,
    "t2": 5.0
}