{
    "b0": 0.10979957663991112,
    "b1": 0.00495840097470685,
    "b2": -0.5219529145684316,
    "b3": 0.4861143108339416,
    "t1": 0.9982422366581902,
    "t2": 1.0648006160758072
}