{
    "b0": 11.84078733221473,
    "b1": 0.23119847183033015,
    "b2": 0.8946297975532735,
    "b3": 1.0309436418247655,
    "t1": 217.05255221286413,
    "t2": 386.5384044185234
}