{
    "b0": 0.12496747234364833,
    "b1": -0.004018941613065629,
    "b2": 0.0013710272514924448,
    "b3": -0.006035641575034746,
    "t1": 2.0,
    "t2": 5.0
}