{
    "b0": 0.11323410270469608,
    "b1": 0.007056903474031649,
    "b2": 0.6400074925129533,
    "b3": -0.6656735491188416,
    "t1": 1.1568626311057357,
    "t2": 1.090742347211934
}