{
    "b0": 0.10953226703376848,
    "b1": 0.005851207716657116,
    "b2": -0.23791279206899899,
    "b3": 0.2064381629983823,
    "t1": 0.9434577656033905,
    "t2": 1.071994816753389
}