{
    "b0": 0.10698642979699105,
    "b1": 0.012702613736303221,
    "b2": 0.022136959615792,
    "b3": 0.04192277482109043,
    "t1": 0.7664545340105816,
    "t2": 4.429637203807252
}