{
    "b0": 0.12330571360644203,
    "b1": -0.00490092704910965,
    "b2": -0.005001587667208146,
    "b3": 0.01993335959242932,
    "t1": 0.3481902118696496,
    "t2": 1.28469329172931
}