{
    "b0": 0.13493723009640443,
    "b1": -0.02500298841471485,
    "b2": 0.04000448649463345,
    "b3": -0.0393450011736733,
    "t1": 1.0013310162648463,
    "t2": 3.84106417138015
}