{
    "b0": 0.12238497445110448,
    "b1": -0.004236873574895557,
    "b2": 0.019887142030467934,
    "b3": 0.00011152324109178443,
    "t1": 0.9769799812231532,
    "t2": 4.040622201759036
}