{
    "b0": 11.979751162512802,
    "b1": 0.1516084844911295,
    "b2": 1.869075230936947,
    "b3": 0.0021720292422731102,
    "t1": 345.81862756264474,
    "t2": 118.21584253721738
}