{
    "b0": 0.13411913993764715,
    "b1": -0.017999024649935025,
    "b2": 0.1836690051061539,
    "b3": -0.17787689292320383,
    "t1": 2.146673742718372,
    "t2": 2.6436977801629418
}