{
    "b0": 0.10383382780779897,
    "b1": 0.01008778072508456,
    "b2": -0.04510535051020538,
    "b3": 0.030546895415865836,
    "t1": 0.6806411927349394,
    "t2": 2.7842910229438615
}