{
    "b0": 11.576941863953419,
    "b1": 0.30782457696686083,
    "b2": -1926.1612234277968,
    "b3": 1923.8297445644132,
    "t1": 106.15713404037405,
    "t2": 106.02661562129994
}