{
    "b0": 11.94609963559729,
    "b1": -1.4359306281060231,
    "b2": 71296.25780939324,
    "b3": -71297.82437921643,
    "t1": 8.806224366163912,
    "t2": 8.806557137427568
}