{
    "b0": 0.10875712862478965,
    "b1": 0.0064696471924844505,
    "b2": 0.5390283989622512,
    "b3": -0.5713296185110187,
    "t1": 1.0123548204328305,
    "t2": 0.9625227373630798
}