{
    "b0": 0.10533441207751565,
    "b1": 0.019719910937702197,
    "b2": -0.022480648372260936,
    "b3": 0.0352137569172332,
    "t1": 1.1000427986649348,
    "t2": 3.8841636352984126
}