{
    "b0": 0.10747090904132951,
    "b1": 0.01742181413386489,
    "b2": -0.048450430251253424,
    "b3": 0.049979034433608883,
    "t1": 1.4587540958458385,
    "t2": 2.761810470074305
}