{
    "b0": 0.12451287319900348,
    "b1": -0.07845141240131089,
    "b2": 0.16750805254490064,
    "b3": -0.0702041655693619,
    "t1": 2.0,
    "t2": 5.0
}