{
    "b0": 0.10568022040011117,
    "b1": 0.007623278853207063,
    "b2": -0.05254388994183833,
    "b3": 0.027357202381871573,
    "t1": 0.6521908562042462,
    "t2": 2.809040214197327
}