{
    "b0": 0.1280022378865186,
    "b1": -0.012469570140125827,
    "b2": 0.004814926549197065,
    "b3": -0.03719406566875067,
    "t1": 4.939788117459102,
    "t2": 21.740922115423018
}