{
    "b0": 0.12404795339811171,
    "b1": -0.017953744192355466,
    "b2": 0.0009938140404812269,
    "b3": -0.037523425741944616,
    "t1": 6.874140377214696,
    "t2": 21.11936123251564
}