{
    "b0": 0.08044178422167055,
    "b1": 0.04043120728210248,
    "b2": 0.04119131136981108,
    "b3": 0.1075093807141782,
    "t1": 1.010902879081396,
    "t2": 6.029801771086856
}