{
    "b0": 12.778642711488107,
    "b1": -1.1397223962267689,
    "b2": -1189.4256944091403,
    "b3": 1188.2601947630903,
    "t1": 24.20139536749711,
    "t2": 24.178948681846144
}