{
    "b0": 0.12238526486167998,
    "b1": -0.010409108413686953,
    "b2": 0.02962179572418762,
    "b3": 0.0023615177185590057,
    "t1": 0.909231531571725,
    "t2": 0.3075331890975983
}