{
    "b0": 0.11785481136880299,
    "b1": 0.0034485329998448205,
    "b2": 0.012649491775140322,
    "b3": 0.010111465250694566,
    "t1": 0.6972899220356544,
    "t2": 2.236409248709867
}