{
    "b0": 0.12601168382890288,
    "b1": -0.010120318411783909,
    "b2": 0.029643194452117053,
    "b3": -0.045325401458247844,
    "t1": 3.5200613148408593,
    "t2": 8.748864731278445
}