{
    "b0": 0.12593941699934433,
    "b1": -0.024966280832400833,
    "b2": 0.12752039815106012,
    "b3": -0.059330700124667304,
    "t1": 2.0,
    "t2": 5.0
}