{
    "b0": 0.14920488925035402,
    "b1": -0.039524079379458156,
    "b2": 7.646266400977708e-07,
    "b3": -0.06590662975523184,
    "t1": 0.5958669676098352,
    "t2": 5.785898977442406
}