{
    "b0": 0.12441873046833148,
    "b1": -0.014588074789149991,
    "b2": 0.05941947555913655,
    "b3": -0.05441438607219902,
    "t1": 2.0,
    "t2": 5.0
}