{
    "b0": 0.11365654529594538,
    "b1": -0.0062115385303351985,
    "b2": 0.09827984285174905,
    "b3": -0.13026743873924082,
    "t1": 76.43603071951657,
    "t2": 104.61392635421362
}