{
    "b0": 0.12423302599268005,
    "b1": -0.012202607069897252,
    "b2": 0.03929447793893871,
    "b3": -0.029901617581604024,
    "t1": 2.0,
    "t2": 5.0
}