{
    "b0": 0.12443619400908659,
    "b1": -0.018483531346516965,
    "b2": 0.03742243806321071,
    "b3": -0.030598426888358322,
    "t1": 0.8417424650644705,
    "t2": 3.450361892374948
}