{
    "b0": 0.1108661898234673,
    "b1": 0.015908573886249375,
    "b2": -0.0390999773074266,
    "b3": 0.05911764446104029,
    "t1": 7.395947714532667,
    "t2": 17.15454213979683
}