{
    "b0": 0.09432789682593207,
    "b1": 0.029675322065612797,
    "b2": 0.01619128074703237,
    "b3": 0.07943257862091457,
    "t1": 0.5201535927881575,
    "t2": 4.518881564255338
}