{
    "b0": 11.857216068293834,
    "b1": -0.012279316455880096,
    "b2": -1527.1775769248377,
    "b3": 1523.4121515504687,
    "t1": 113.90396673093083,
    "t2": 113.67539280707432
}