{
    "b0": 11.567637147386643,
    "b1": 0.8239414054157002,
    "b2": 0.6147593932712768,
    "b3": 2.1249125694237336,
    "t1": 8.268968856096501,
    "t2": 49.93036244710072
}