{
    "b0": 0.10472409903821195,
    "b1": -0.01781056996802843,
    "b2": 0.0530572417988016,
    "b3": -0.014477612722474751,
    "t1": 2.0,
    "t2": 5.0
}