{
    "b0": 0.11983597358304757,
    "b1": -0.1112145899702987,
    "b2": 0.537758631880772,
    "b3": -0.26174877891407156,
    "t1": 2.0,
    "t2": 5.0
}