{
    "b0": 0.12585210326039334,
    "b1": -0.4853355107510852,
    "b2": 1.0198429028853166,
    "b3": -0.27574649329599515,
    "t1": 2.0,
    "t2": 5.0
}