{
    "b0": 0.1036855778236716,
    "b1": 0.015238784802015572,
    "b2": 0.028285247385823862,
    "b3": -0.06038398197546268,
    "t1": 3.274172850661467,
    "t2": 0.7499975296931636
}