{
    "b0": 0.12063439277698657,
    "b1": -0.008441246798232273,
    "b2": 0.03144000815898623,
    "b3": 0.002305382109044681,
    "t1": 0.8887854589302768,
    "t2": 0.2301428574598274
}