{
    "b0": 0.11236177115102687,
    "b1": 0.01311220925896158,
    "b2": -0.11040430300206923,
    "b3": 0.09195168513170425,
    "t1": 1.084748061356547,
    "t2": 1.369602444866171
}