{
    "b0": 0.11348518446662936,
    "b1": 0.010947632115452664,
    "b2": -0.043354514381176566,
    "b3": 0.05536177546677979,
    "t1": 1.6278343556350836,
    "t2": 2.6840358406431455
}