{
    "b0": 0.15168292866933816,
    "b1": -0.042407501562088334,
    "b2": -7.636604750574372e-07,
    "b3": -0.07974049608186821,
    "t1": 0.5923228576374047,
    "t2": 5.6772932012790385
}