{
    "b0": 11.023576771718878,
    "b1": 0.32008681212994494,
    "b2": -2518.6978916942244,
    "b3": 2515.204930121018,
    "t1": 129.76002477742006,
    "t2": 129.64925276607426
}