{
    "b0": 0.1195925371913572,
    "b1": 0.001873036796629507,
    "b2": 0.01777949162461093,
    "b3": -0.0009776827856161656,
    "t1": 1.0552830560419577,
    "t2": 4.176260796938614
}