{
    "b0": 11.163194331059001,
    "b1": -0.27751370506398354,
    "b2": 1037.9755437180736,
    "b3": -1041.5059306214614,
    "t1": 127.69722333671504,
    "t2": 128.11191309740312
}