{
    "b0": 0.1241325210892506,
    "b1": -0.0025578992761896473,
    "b2": -0.00030366363078265703,
    "b3": -0.007578618045628012,
    "t1": 2.0,
    "t2": 5.0
}