{
    "b0": 0.12996423056013542,
    "b1": -0.019613992480742658,
    "b2": 0.03244328291940629,
    "b3": -0.015716038062480068,
    "t1": 0.9442263839876546,
    "t2": 3.829063279614009
}