{
    "b0": 0.13798449526734735,
    "b1": -0.021975392654518224,
    "b2": 0.542935156942721,
    "b3": -0.5433085404214281,
    "t1": 2.3658914012369783,
    "t2": 2.565801384649186
}