{
    "b0": 12.468698508578317,
    "b1": -1.7822734098220883,
    "b2": -2656.0147245665166,
    "b3": 2656.4579351461057,
    "t1": 5.6587670559953205,
    "t2": 5.650193311494382
}