{
    "b0": 0.1295523166828814,
    "b1": -0.018427967793157626,
    "b2": -0.005238944365496467,
    "b3": -0.04126839943015259,
    "t1": 8.919311597068106,
    "t2": 30.413226737494114
}