{
    "b0": 0.11096256272182765,
    "b1": 0.10152031532996728,
    "b2": -0.21211297109465635,
    "b3": 0.08754110533329584,
    "t1": 2.0,
    "t2": 5.0
}