{
    "b0": 0.13965778586357383,
    "b1": -0.023708853270008663,
    "b2": 0.04967668411821974,
    "b3": -0.059602570238244,
    "t1": 2.236198069594593,
    "t2": 5.014552400978118
}