{
    "b0": 0.11888206282123569,
    "b1": 0.0034484930010752904,
    "b2": -4.462972194558732e-05,
    "b3": 0.018200771273004727,
    "t1": 2.974534536767506,
    "t2": 1.0165969520963731
}