{
    "b0": 0.10881959797991879,
    "b1": 0.0037917109092094597,
    "b2": 0.008151763224854938,
    "b3": 0.005395293791720903,
    "t1": 2.0,
    "t2": 5.0
}