{
    "b0": 12.681580704843368,
    "b1": 15.647077906215458,
    "b2": -30.486859993909455,
    "b3": -4.173822624011493,
    "t1": 0.6017390161338756,
    "t2": 21.843618409746743
}