{
    "b0": 0.12849107421107916,
    "b1": -0.02187259766097414,
    "b2": 0.03867107216696716,
    "b3": -0.03403383618009226,
    "t1": 0.8807795762375288,
    "t2": 3.59848413476491
}