{
    "b0": 0.12390151587058128,
    "b1": -0.02453394454867529,
    "b2": 0.11003238080812486,
    "b3": -0.06443802071153741,
    "t1": 2.0,
    "t2": 5.0
}