{
    "b0": 0.12640785112372077,
    "b1": -0.015858385243990802,
    "b2": 0.006055500488498887,
    "b3": -0.040392293230304945,
    "t1": 7.454221885750066,
    "t2": 21.146633564486955
}