{
    "b0": 12.78071324505332,
    "b1": -1.1790849282060876,
    "b2": 1204.1885043723335,
    "b3": -1206.0458552526754,
    "t1": 17.390368577316014,
    "t2": 17.409093989509905
}