{
    "b0": 0.10821779249579955,
    "b1": 0.011760954512545548,
    "b2": -0.008503607781467321,
    "b3": 0.03276225695299974,
    "t1": 2.0,
    "t2": 5.0
}