{
    "b0": 0.1123710491529815,
    "b1": -0.0029881245112883936,
    "b2": -0.14667865066578858,
    "b3": 0.11671968081164175,
    "t1": 0.6985948387936045,
    "t2": 0.7956534273329776
}