{
    "b0": 11.857715008423048,
    "b1": 0.22398795679708705,
    "b2": 0.6703481247232105,
    "b3": 1.2712881587632667,
    "t1": 167.85581572386835,
    "t2": 425.37681026110386
}