{
    "b0": 12.471421245831088,
    "b1": -2.3095613460743114,
    "b2": -21219.570735642934,
    "b3": 21218.365418306694,
    "t1": 11.141998746895402,
    "t2": 11.140167320131436
}