{
    "b0": 11.94132521540183,
    "b1": 0.27076957821070113,
    "b2": 1.6225744514827374,
    "b3": 0.492039192758055,
    "t1": 346.10381654479886,
    "t2": 411.6290927891775
}