{
    "b0": 11.243737228962154,
    "b1": 1.2231420688213932,
    "b2": 9180.539594906524,
    "b3": -9178.876644691554,
    "t1": 11.528794041149835,
    "t2": 11.525954111775102
}