{
    "b0": 12.538424576433563,
    "b1": -0.6713556282473747,
    "b2": -474.6112762305391,
    "b3": 473.48365375468603,
    "t1": 10.941839154819789,
    "t2": 10.914052904302991
}