{
    "b0": 0.12430854136340155,
    "b1": -0.015993449622652246,
    "b2": 0.031001838686303372,
    "b3": -0.03147115860816316,
    "t1": 2.0,
    "t2": 5.0
}