{
    "b0": 0.12149064779433148,
    "b1": -0.0029783923359105865,
    "b2": 0.004820677119452716,
    "b3": 0.014185005522714811,
    "t1": 1.5040974646163336,
    "t2": 0.8478578153748743
}