{
    "b0": 0.3300540943118115,
    "b1": -0.20649874798952855,
    "b2": 0.34917905560204643,
    "b3": -0.750189170291693,
    "t1": 6.204944421430445,
    "t2": 8.92885561840301
}