{
    "b0": 0.1063475122379505,
    "b1": 0.011619924839107867,
    "b2": -0.03754244594750015,
    "b3": 0.02674082513755788,
    "t1": 0.6277202336640573,
    "t2": 2.689237403369309
}