{
    "b0": 0.11251988261880427,
    "b1": 0.003867354071383119,
    "b2": 0.5606811111175318,
    "b3": -0.5923770977953253,
    "t1": 1.0000000614559512,
    "t2": 0.9517974862432562
}