{
    "b0": 11.26605985064839,
    "b1": -0.3931343059160093,
    "b2": -1580.8601847086904,
    "b3": 1577.3316066587995,
    "t1": 118.75349166013244,
    "t2": 118.5011948239075
}