{
    "b0": 11.178145509808214,
    "b1": 0.16980492622246368,
    "b2": 3114.033004411718,
    "b3": -3117.6703456586843,
    "t1": 125.17640060471656,
    "t2": 125.28002670839484
}