{
    "b0": 0.12951437294632395,
    "b1": -0.011455774373643519,
    "b2": 0.025967481082594498,
    "b3": -0.02546497262939422,
    "t1": 1.2830691267208563,
    "t2": 4.396669593506109
}