{
    "b0": 0.1206023603907957,
    "b1": 0.0033471607345532915,
    "b2": -0.5637460333128044,
    "b3": 0.580828528529948,
    "t1": 1.0634198983913832,
    "t2": 1.0829136478291248
}