{
    "b0": 12.452971568504397,
    "b1": -1.6711022866209673,
    "b2": -2217.2564347471443,
    "b3": 2217.3236871365575,
    "t1": 5.765454973472021,
    "t2": 5.756512547622229
}