{
    "b0": 0.11917235782280407,
    "b1": 0.0002110075536128829,
    "b2": 4.188787413472554e-05,
    "b3": 0.02225565274049919,
    "t1": -2.2175741920413916,
    "t2": 1.1363242680512777
}