{
    "b0": 0.11955206386910636,
    "b1": -0.0007207731163942433,
    "b2": 0.017647277423441188,
    "b3": 0.004139121238012786,
    "t1": 0.8847185773554007,
    "t2": 3.881261632553681
}