{
    "b0": 0.12366018117475704,
    "b1": -0.012014158028550392,
    "b2": 0.031602311029235344,
    "b3": 0.0018921452918351555,
    "t1": 0.9524483307518906,
    "t2": 0.23020292604251746
}