{
    "b0": 0.11574778581927452,
    "b1": 0.004535457130252052,
    "b2": 0.01828389515685758,
    "b3": 0.011576305537551741,
    "t1": 0.7181029453808776,
    "t2": 3.64154833688582
}