{
    "b0": 0.1004446691797082,
    "b1": -0.030072500975235027,
    "b2": 0.6876399207194703,
    "b3": -0.7365051273152555,
    "t1": 85.8215793490572,
    "t2": 92.34650678062674
}