{
    "b0": 10.345949685177716,
    "b1": -2.354249450008557,
    "b2": -4.987222448295596,
    "b3": -1.755052708620398,
    "t1": 178.84024813830297,
    "t2": 634.5676528172795
}