{
    "b0": 11.563088565275121,
    "b1": -2.035736881742963,
    "b2": -1.5281579553246196,
    "b3": -7.287416965287829,
    "t1": 40.161428605464366,
    "t2": 187.40646665306625
}