{
    "b0": 10.366402749253979,
    "b1": -2.9051141221252426,
    "b2": -4.033338745175007,
    "b3": -1.5180227126066177,
    "t1": 191.1427012982136,
    "t2": 627.9270222882503
}