{
    "b0": 0.11797364251298872,
    "b1": -0.016988686124713354,
    "b2": 0.010818552431173432,
    "b3": -0.06451216545719958,
    "t1": 1.0000000459998737,
    "t2": 0.6537609143891294
}