{
    "b0": 0.1159918983434224,
    "b1": -0.008386941669321489,
    "b2": 0.00022598510602919036,
    "b3": -0.04664553478719441,
    "t1": 68.76480721842381,
    "t2": 174.63524379520095
}