{
    "b0": 0.120618397999735,
    "b1": -0.023263130233409438,
    "b2": -0.07198551069447981,
    "b3": -0.0005786074587476944,
    "t1": 0.6103563982797142,
    "t2": 2.6696721872179783
}