{
    "b0": 0.0977776814302336,
    "b1": -0.02211832924232314,
    "b2": 0.019682114115093872,
    "b3": -0.08598706988698365,
    "t1": 42.532957725643875,
    "t2": 132.1155965431151
}