{
    "b0": 0.11002682789811263,
    "b1": -0.026260232803994386,
    "b2": 0.7675495601518155,
    "b3": -0.8189707092751509,
    "t1": 1.0417296502043691,
    "t2": 1.0106055976324644
}