{
    "b0": 0.09733922902222579,
    "b1": -0.025507956562052216,
    "b2": -0.044865038383350514,
    "b3": 0.012425839528182905,
    "t1": 0.9887316489051736,
    "t2": 3.5928001870289545
}