{
    "b0": 0.0965322386539644,
    "b1": -0.02810738437950268,
    "b2": 0.03960033730088389,
    "b3": -0.09569598549591582,
    "t1": 66.84615054603452,
    "t2": 137.47429314611966
}