{
    "b0": 0.1168232106232225,
    "b1": -0.02461469800059113,
    "b2": 0.06026579129397853,
    "b3": -0.12353210772395513,
    "t1": 59.81200368962259,
    "t2": 114.73231693853374
}