{
    "b0": 0.0949665377220469,
    "b1": -0.02747743561713835,
    "b2": 0.030238467362002655,
    "b3": -0.09459024978145376,
    "t1": 64.80486523429093,
    "t2": 175.85002204367282
}