{
    "b0": 10.880652547078034,
    "b1": -2.0890126059399714,
    "b2": -1.3530935476212544,
    "b3": -8.135018327116153,
    "t1": 52.80628526911191,
    "t2": 210.84800139619006
}