{
    "b0": 0.09984640768067232,
    "b1": -0.026799572688199713,
    "b2": -0.016786029262797687,
    "b3": -0.07800958958252008,
    "t1": 28.018416334235514,
    "t2": 166.0254208957108
}