{
    "b0": 0.10658488566968598,
    "b1": -0.021863067225008234,
    "b2": -1.1969848386434014,
    "b3": 1.1551425607441972,
    "t1": 94.41181827374895,
    "t2": 90.30907573298641
}