{
    "b0": 11.761329558050662,
    "b1": -1.5144762884740617,
    "b2": 24.595100800059637,
    "b3": -30.433686858532297,
    "t1": 161.83209160329565,
    "t2": 170.92054045604937
}