{
    "b0": 0.17850114687936366,
    "b1": -0.08990441502842614,
    "b2": -0.09486659431609752,
    "b3": -0.182480668510415,
    "t1": 0.8921319161435912,
    "t2": 5.935564043286149
}