{
    "b0": 11.822738726491194,
    "b1": -1.4170820786440528,
    "b2": -0.0018682098120250679,
    "b3": -6.885937431848141,
    "t1": 60.55281961021276,
    "t2": 202.51346029803977
}