{
    "b0": 11.067850583148726,
    "b1": -2.662088496732067,
    "b2": 0.005374014795624493,
    "b3": -7.604393935971272,
    "t1": 131.81624030050347,
    "t2": 259.77533407397726
}