{
    "b0": 0.11637397277783058,
    "b1": -0.008408659642554765,
    "b2": -0.0037295228499525136,
    "b3": -0.04346223683464183,
    "t1": 64.88313427270623,
    "t2": 179.19009378412738
}