{
    "b0": 0.10242378156647781,
    "b1": -0.02522391993391477,
    "b2": 0.11462711348251409,
    "b3": -0.17456869770898456,
    "t1": 81.47091086356701,
    "t2": 124.76431137061486
}