{
    "b0": 10.48694567240578,
    "b1": -2.569692576914697,
    "b2": -4.974925291049981,
    "b3": -2.2422178128108197,
    "t1": 171.7107134014618,
    "t2": 467.36869779535783
}