{
    "b0": 11.425706322612035,
    "b1": -1.0949353063796607,
    "b2": 1910.2408152150074,
    "b3": -1916.0070639937721,
    "t1": 152.6856238148717,
    "t2": 152.86488135282264
}