{
    "b0": 0.09658227562574619,
    "b1": -0.020286791328512153,
    "b2": 0.07514362792279847,
    "b3": -0.12789388850428499,
    "t1": 66.83189305053705,
    "t2": 112.23615211026942
}