{
    "b0": 10.0274561710185,
    "b1": -2.928660559903431,
    "b2": -0.002206167810497206,
    "b3": -6.191985666062645,
    "t1": 121.70038259462034,
    "t2": 247.0648659626479
}