{
    "b0": 0.0960206536367805,
    "b1": -0.028212466976521904,
    "b2": 0.05889044412196327,
    "b3": -0.11007673741328472,
    "t1": 67.3819441645678,
    "t2": 122.44319371283964
}