{
    "b0": 0.10160506215015397,
    "b1": -0.02534594729032176,
    "b2": 0.04177206177487084,
    "b3": -0.11203425161720285,
    "t1": 68.22134720231212,
    "t2": 131.41881134921599
}