{
    "b0": 10.520358739507705,
    "b1": -3.1208956493190882,
    "b2": -3.375303997274156,
    "b3": -2.3172415325081737,
    "t1": 198.87246726457937,
    "t2": 493.383280830385
}