{
    "b0": 0.10981979280552258,
    "b1": -0.02159220108193769,
    "b2": -0.060486668812517935,
    "b3": -0.00045831364282480046,
    "t1": 0.615991321792305,
    "t2": 2.534747144654661
}