{
    "b0": 0.11165372207698547,
    "b1": -0.03739638225673328,
    "b2": -0.04586819797294747,
    "b3": -0.026465592671643043,
    "t1": 0.6177210676887279,
    "t2": 2.636219593591391
}