{
    "b0": 10.529444062092502,
    "b1": -2.921906415108811,
    "b2": -4.668049498153798,
    "b3": -2.163904796524496,
    "t1": 172.32669432095594,
    "t2": 536.8242950128235
}