{
    "b0": 11.748162826455482,
    "b1": -2.218410495568933,
    "b2": 1.5369245658392492,
    "b3": -8.121887614482521,
    "t1": 128.00228626887366,
    "t2": 189.48480634859317
}