{
    "b0": 0.11516278487667483,
    "b1": -0.020247403055917663,
    "b2": -0.05199573221193583,
    "b3": 0.0001527537054815658,
    "t1": 0.5705420156832319,
    "t2": 2.119848102965208
}