{
    "b0": 10.557168327032977,
    "b1": -2.879980138923143,
    "b2": -4.673640401122139,
    "b3": -2.0550148119415095,
    "t1": 164.90290743988913,
    "t2": 542.8946096331223
}