{
    "b0": 0.11513898682451172,
    "b1": -0.030672075458989076,
    "b2": -0.07903471141398573,
    "b3": 0.023123321951850843,
    "t1": 0.9069944500904491,
    "t2": 1.6751002469311291
}