{
    "b0": 11.035252838994806,
    "b1": -2.6736805727047006,
    "b2": -2261.2304295028384,
    "b3": 2254.1565639952037,
    "t1": 186.27128474891072,
    "t2": 186.0837271937188
}