{
    "b0": 0.0991110535720927,
    "b1": -0.02829398595987251,
    "b2": 0.004593646873502066,
    "b3": -0.08197296460051379,
    "t1": 54.640701769887144,
    "t2": 176.2996261464943
}