{
    "b0": 0.10135219388297224,
    "b1": -0.025414219089067006,
    "b2": 0.04866238450456267,
    "b3": -0.11332790731361886,
    "t1": 71.07772937908535,
    "t2": 150.2625384923581
}