{
    "b0": 0.10681504889082499,
    "b1": -0.02665520313374961,
    "b2": 0.13457782054708156,
    "b3": -0.20121354501266953,
    "t1": 92.70858652201015,
    "t2": 134.1345981971673
}