{
    "b0": 0.13487542899888377,
    "b1": -0.05494316962929345,
    "b2": -0.07580115870856949,
    "b3": -0.09255569796376717,
    "t1": 0.7596126140981367,
    "t2": 4.780405918120811
}