{
    "b0": 0.11313284200938889,
    "b1": -0.039491928415035446,
    "b2": -0.044669613973079794,
    "b3": -0.03357345534148443,
    "t1": 0.6825931261746381,
    "t2": 3.1045410999410734
}