{
    "b0": 0.10073874718445924,
    "b1": -0.028391488147164495,
    "b2": -0.010771320739746973,
    "b3": -0.07878458285489622,
    "t1": 38.75196258083647,
    "t2": 177.9042217632866
}