{
    "b0": 0.18922244296059784,
    "b1": -0.09711650406079206,
    "b2": -0.10224416667396641,
    "b3": -0.20929837740396293,
    "t1": 0.8758908696419577,
    "t2": 6.10147416689619
}