{
    "b0": 0.4704761579836803,
    "b1": -0.3989087663589671,
    "b2": -0.22159168979556199,
    "b3": -0.9861876112401815,
    "t1": 1.4674784315751184,
    "t2": 7.542839033711446
}