{
    "b0": 11.28300623775391,
    "b1": -2.465701196398231,
    "b2": 0.0013105085373590342,
    "b3": -7.435068511719881,
    "t1": 112.44466718236613,
    "t2": 233.83872087427545
}