{
    "b0": 9.871924349799247,
    "b1": -2.7035126525162028,
    "b2": -2.2710616239688646,
    "b3": -2.5146945807039986,
    "t1": 222.572170374483,
    "t2": 442.7331964622832
}