{
    "b0": 0.1172128385626653,
    "b1": -0.016679214791244817,
    "b2": -0.003845771503586705,
    "b3": -0.0812452694753249,
    "t1": 43.83342591716193,
    "t2": 187.9247150381323
}