{
    "b0": 0.10714202604133995,
    "b1": -0.020989364604700002,
    "b2": -0.0656440489692045,
    "b3": 0.00280974190874384,
    "t1": 0.7317877159304802,
    "t2": 1.7596437346177138
}