{
    "b0": 0.11416991630436009,
    "b1": -0.020798331407611684,
    "b2": 0.03521313463142166,
    "b3": -0.10607700677693879,
    "t1": 52.944558845539866,
    "t2": 141.0101155880833
}