{
    "b0": 0.1198733709020878,
    "b1": -0.014941243382947035,
    "b2": -0.05643889272947854,
    "b3": -0.0034591363719076035,
    "t1": 0.6358275026820623,
    "t2": 2.9094076162295224
}