{
    "b0": 0.11096376030214698,
    "b1": -0.020537251526529805,
    "b2": 0.03712432218160254,
    "b3": -0.09665106825792914,
    "t1": 65.68322618330693,
    "t2": 134.78454935608798
}