{
    "b0": 0.11482694890344079,
    "b1": -0.009538840992264475,
    "b2": -0.042158227348316646,
    "b3": 0.007544901655155284,
    "t1": 0.5789119540260348,
    "t2": 2.271218553238802
}