{
    "b0": 0.10812046835248625,
    "b1": -0.02330622760500154,
    "b2": 0.054503240867305354,
    "b3": -0.12698958067840183,
    "t1": 80.75936228139895,
    "t2": 139.75568574043882
}