{
    "b0": 0.1024528427806985,
    "b1": -0.02175590790802623,
    "b2": 0.2951431308492096,
    "b3": -0.35259998252694014,
    "t1": 102.99508317267687,
    "t2": 119.95295330677237
}