{
    "b0": 0.11718765287387152,
    "b1": -0.021845196834937373,
    "b2": -0.053976371343927444,
    "b3": -0.0038192910977852615,
    "t1": 0.5834341571701673,
    "t2": 2.426265281789524
}