{
    "b0": 10.060518770436547,
    "b1": -2.9832140028051928,
    "b2": -0.011280780937750201,
    "b3": -6.333225120392223,
    "t1": 114.87538167973034,
    "t2": 234.54166564855132
}