{
    "b0": 0.11608682652726174,
    "b1": -0.0084877008818511,
    "b2": -0.14284274320119986,
    "b3": 0.10971228762036449,
    "t1": 0.6911612491402828,
    "t2": 0.7898645251554237
}