{
    "b0": 0.10290665451544455,
    "b1": -0.023700316904478602,
    "b2": 0.02913012039018071,
    "b3": -0.09984369685850056,
    "t1": 64.56523377795344,
    "t2": 164.77663819188518
}