{
    "b0": 0.19163377042113505,
    "b1": -0.1030344197272196,
    "b2": -0.10873309174665809,
    "b3": -0.21686739746984462,
    "t1": 0.8937626226834774,
    "t2": 5.968518527332051
}