{
    "b0": 9.976555356839503,
    "b1": -2.872573919951593,
    "b2": -1.4557858126980294,
    "b3": -7.8380596470298665,
    "t1": 51.972580667438876,
    "t2": 252.0285421819656
}