{
    "b0": 0.108322284107561,
    "b1": -0.03679959280248711,
    "b2": -0.0373438269275828,
    "b3": -0.034727470662984844,
    "t1": 0.8182280143943135,
    "t2": 3.646566835121451
}