{
    "b0": 0.11262813671694843,
    "b1": -0.02812902354263043,
    "b2": -0.06543150717631398,
    "b3": 0.013470468954128074,
    "t1": 0.8195010837726016,
    "t2": 3.117826328410127
}