{
    "b0": 9.802695756165347,
    "b1": -2.6521100831340894,
    "b2": -1.9574374523666402,
    "b3": -2.5734709803343017,
    "t1": 230.1364800253358,
    "t2": 437.08017235917305
}