{
    "b0": 0.09732990335792609,
    "b1": -0.029788217139353118,
    "b2": 0.08423614291440952,
    "b3": -0.13589687634046974,
    "t1": 77.77693176151438,
    "t2": 121.66465336439231
}