{
    "b0": 10.59698272558219,
    "b1": -2.696373334396206,
    "b2": -5.059305494317503,
    "b3": -2.4466594372980546,
    "t1": 168.42529876845583,
    "t2": 434.8680139024876
}