{
    "b0": 0.10183854696870098,
    "b1": -0.027400002175452444,
    "b2": 0.07180166656263907,
    "b3": -0.13563400993394725,
    "t1": 67.31646819765955,
    "t2": 108.70389345017465
}