{
    "b0": 0.09936869620253758,
    "b1": -0.024856134609504726,
    "b2": -0.025705153853377388,
    "b3": -0.0795792743074698,
    "t1": 17.315583579662743,
    "t2": 143.7249146312052
}