{
    "b0": 10.67127616265417,
    "b1": -2.763139453416912,
    "b2": -5.113681133444617,
    "b3": -2.3859398058157057,
    "t1": 170.64066700249444,
    "t2": 477.99726386016954
}