{
    "b0": 0.12710579437850253,
    "b1": -0.05297794201961363,
    "b2": -0.05740274897979846,
    "b3": -0.06394211489537689,
    "t1": 0.7311341815632029,
    "t2": 4.509283757023111
}