{
    "b0": 0.10601154714858185,
    "b1": -0.020054522501831498,
    "b2": 0.004565955782920277,
    "b3": -0.09156596390117014,
    "t1": 42.492248137768755,
    "t2": 165.14157586743625
}