{
    "b0": 0.10270151625621432,
    "b1": -0.021873904914554557,
    "b2": 0.32586970376735264,
    "b3": -0.3842012016217432,
    "t1": 104.93124344825287,
    "t2": 120.45350074185623
}