{
    "b0": 0.11704736035167657,
    "b1": -0.024225177744216696,
    "b2": 0.07299754622810764,
    "b3": -0.1366258652369709,
    "t1": 71.47883085841849,
    "t2": 119.52031064416931
}