{
    "b0": 0.11517427272721781,
    "b1": -0.04070694291431351,
    "b2": -0.050237498470047354,
    "b3": -0.044669792440159284,
    "t1": 0.5901819039792426,
    "t2": 3.4303810402986947
}