{
    "b0": 0.11460316062010394,
    "b1": -0.029864861358773587,
    "b2": -0.07423173054961182,
    "b3": 0.013712210209590101,
    "t1": 0.8579050741034803,
    "t2": 1.5691872491148204
}