{
    "b0": 0.10220579876198688,
    "b1": -0.027228056974427275,
    "b2": 0.0317496183183662,
    "b3": -0.10475650849234165,
    "t1": 54.76366474586669,
    "t2": 123.84904343840321
}