{
    "b0": 0.1138070824124809,
    "b1": -0.019063319608008986,
    "b2": -0.012463830503482133,
    "b3": -0.07715536513023237,
    "t1": 22.528809636895716,
    "t2": 148.29683983368986
}