{
    "b0": 0.10592106958166805,
    "b1": -0.034203765607519546,
    "b2": -0.040593458774161435,
    "b3": -0.01881726840567816,
    "t1": 0.7215793274161606,
    "t2": 2.9412766750482695
}