{
    "b0": 0.11855628816632245,
    "b1": -0.01367197811174757,
    "b2": -0.023637588670398377,
    "b3": -0.041530121606616455,
    "t1": 200.00806434981146,
    "t2": 279.03570253415205
}