{
    "b0": 10.859999287631586,
    "b1": -2.038545912409475,
    "b2": -1.5246565035669781,
    "b3": -8.071194361385096,
    "t1": 57.51097207563894,
    "t2": 217.01867596505951
}