{
    "b0": 0.10478647588031366,
    "b1": -0.03310315445831209,
    "b2": -0.038702188664999575,
    "b3": -0.01702829926543642,
    "t1": 0.7817311624480934,
    "t2": 3.1938298118061237
}