{
    "b0": 0.11455909559721829,
    "b1": -0.041750655232818304,
    "b2": -0.05087811218421995,
    "b3": -0.03910376241271224,
    "t1": 0.7337049159844695,
    "t2": 3.358974039372099
}