{
    "b0": 10.339210029641741,
    "b1": -3.08820126203684,
    "b2": -2.1616974571330623,
    "b3": -4.149322167348723,
    "t1": 175.55706879711735,
    "t2": 364.39027883104967
}