{
    "b0": 0.11308873787555077,
    "b1": -0.030076855176975274,
    "b2": -0.06321033515442159,
    "b3": -0.01820894857224608,
    "t1": 0.7192453128007652,
    "t2": 3.2126383344487297
}