{
    "b0": 0.1141456993480506,
    "b1": -0.010914426273895394,
    "b2": -0.05810611068869137,
    "b3": 0.007809620245577265,
    "t1": 0.6318041494373494,
    "t2": 2.7155377327961747
}