{
    "b0": 11.826838663313177,
    "b1": -2.272879277588094,
    "b2": -0.005995040919821726,
    "b3": -3.9824303825837686,
    "t1": 481.0779333312834,
    "t2": 192.28805315051648
}