{
    "b0": 0.11465057595260135,
    "b1": -0.04089886175409868,
    "b2": -0.04617482964794163,
    "b3": -0.035201387226158454,
    "t1": 0.666316717620208,
    "t2": 3.0528974980403953
}