{
    "b0": 0.10803399470962906,
    "b1": -0.016361528539922357,
    "b2": -0.06339607560835775,
    "b3": -0.010248172707329094,
    "t1": 0.6574854895383614,
    "t2": 0.07870747945785063
}