{
    "b0": 0.11369124545844089,
    "b1": -0.020890008926523186,
    "b2": 0.08218325125030412,
    "b3": -0.14488794107559808,
    "t1": 67.14980957723658,
    "t2": 121.5508091747744
}