{
    "b0": 0.10169408756948509,
    "b1": -0.02992696422854115,
    "b2": 0.5186455509765853,
    "b3": -0.5564648906762741,
    "t1": 1.0107142308320307,
    "t2": 0.9987974045202827
}