{
    "b0": 0.09717404154907983,
    "b1": -0.02645225461047019,
    "b2": 0.02845051244370229,
    "b3": -0.0881259508302388,
    "t1": 47.07662859007884,
    "t2": 118.78917604490618
}