{
    "b0": 0.11007630304654469,
    "b1": -0.030686973176069665,
    "b2": -0.05596990738457065,
    "b3": -0.03270051066518345,
    "t1": 0.5488603800239051,
    "t2": 2.7583305145979686
}