{
    "b0": 10.112015822899338,
    "b1": -2.977488328548456,
    "b2": -1.468700083412748,
    "b3": -4.342113533483446,
    "t1": 176.24914210345491,
    "t2": 363.8857702100246
}