{
    "b0": 0.10116675761026664,
    "b1": -0.02411734394000359,
    "b2": -0.0035851894958547036,
    "b3": -0.08671319214070604,
    "t1": 28.189433547908,
    "t2": 176.23669173989634
}