{
    "b0": 0.11581972551103752,
    "b1": -0.010494942320122318,
    "b2": 0.031038400519377052,
    "b3": -0.07007926985993079,
    "t1": 50.04517594342411,
    "t2": 110.14750872871052
}