{
    "b0": 10.508858954265335,
    "b1": -3.082199412139153,
    "b2": -0.005829467703548641,
    "b3": -2.630700591429189,
    "t1": 492.56138894200825,
    "t2": 201.04922009332734
}