{
    "b0": 0.1117474217718083,
    "b1": -0.031733827568833584,
    "b2": -0.0554415774932481,
    "b3": -0.037334644965018614,
    "t1": 0.6234204136070485,
    "t2": 3.1178544752993864
}