{
    "b0": 0.11678389709459484,
    "b1": -0.013953355099904176,
    "b2": -0.05600176358794417,
    "b3": 0.003110191986833006,
    "t1": 0.5950882269400573,
    "t2": 2.602005500986344
}