{
    "b0": 10.605096201041157,
    "b1": -3.1729058557653183,
    "b2": -4.18647762242787,
    "b3": -0.9827544769861751,
    "t1": 229.22477854617821,
    "t2": 499.4300799833542
}