{
    "b0": 0.10947949678932258,
    "b1": -0.02995107081610849,
    "b2": -0.056088736286207766,
    "b3": -0.0324796020836296,
    "t1": 0.5602752437141039,
    "t2": 2.816201613733745
}