{
    "b0": 0.11881264614687091,
    "b1": -0.014431409556518573,
    "b2": 2.0457651035907243e-06,
    "b3": -0.06792483864122427,
    "t1": 89.62431907501414,
    "t2": 217.76489553103264
}