{
    "b0": 0.11268172528874064,
    "b1": -0.020105981649425758,
    "b2": -0.04899900597357636,
    "b3": -0.003269587718029333,
    "t1": 0.5886768274255163,
    "t2": 2.4138367908093303
}