{
    "b0": 11.628623982928996,
    "b1": -2.097487070840888,
    "b2": -1.9795353547582928,
    "b3": -7.624516219832186,
    "t1": 37.80511085827118,
    "t2": 191.62697417810935
}