{
    "b0": 0.11526743220049736,
    "b1": -0.042062104818620744,
    "b2": -0.04679421592422586,
    "b3": -0.037707921770713984,
    "t1": 0.7167494382104571,
    "t2": 3.295626783654704
}