{
    "b0": 0.11350128046933339,
    "b1": -0.010104665692986178,
    "b2": -0.05610772617444218,
    "b3": 0.004291236774214094,
    "t1": 0.6184522661751135,
    "t2": 2.7736015923902686
}