{
    "b0": 11.10845811132367,
    "b1": -2.2649408070063366,
    "b2": 0.0033068463680305804,
    "b3": -7.6962083769830585,
    "t1": 110.29115995940847,
    "t2": 236.97795220084095
}