{
    "b0": 0.11556109458557833,
    "b1": -0.008831291060195832,
    "b2": -0.2625587894609227,
    "b3": 0.23167510253287601,
    "t1": 0.6976199986346097,
    "t2": 0.735771089344154
}