{
    "b0": 9.837157010484193,
    "b1": -2.940614931869659,
    "b2": 0.0017296854522341754,
    "b3": -6.848758668073904,
    "t1": 81.91731560994081,
    "t2": 241.4142964284622
}