{
    "b0": 11.589856444286589,
    "b1": -1.3226877992845862,
    "b2": -98.6901202351564,
    "b3": 92.82742900285984,
    "t1": 160.54800790795323,
    "t2": 157.13410857587542
}