{
    "b0": 0.13644026369318515,
    "b1": -0.06215562317625804,
    "b2": -0.06297643380635942,
    "b3": -0.09445296504095539,
    "t1": 0.7692447475214292,
    "t2": 5.130756154799438
}