{
    "b0": 0.12192273150161625,
    "b1": -0.021295807378011122,
    "b2": -0.0623718805515541,
    "b3": -0.017375415599380436,
    "t1": 0.5629502540568114,
    "t2": 2.8393125836817865
}