{
    "b0": 0.10882128286824894,
    "b1": -0.037135267900846106,
    "b2": -0.039470111912458805,
    "b3": -0.0351555478445009,
    "t1": 0.7775098103322997,
    "t2": 3.519820591725339
}