{
    "b0": 0.18212514045030306,
    "b1": -0.11087708108441285,
    "b2": -0.08180175757161134,
    "b3": -0.21821922758790957,
    "t1": 1.1012858062770758,
    "t2": 6.327767588268415
}