{
    "b0": 0.09717192218867975,
    "b1": -0.029579367212785444,
    "b2": 0.09682658974982472,
    "b3": -0.14778892882451505,
    "t1": 79.27967569053361,
    "t2": 118.03917381747839
}