{
    "b0": 0.09760740005884977,
    "b1": -0.02056717281598966,
    "b2": 0.0008034792642523554,
    "b3": -0.07822736749302825,
    "t1": 28.429512975879298,
    "t2": 145.05086650879653
}