{
    "b0": 0.1149619243509967,
    "b1": -0.039136980351222386,
    "b2": -0.05471548998444484,
    "b3": -0.03712628213387685,
    "t1": 0.5766239283003423,
    "t2": 3.4344007801131933
}