{
    "b0": 0.12142846411676518,
    "b1": -0.024405945949422955,
    "b2": -0.0674339513425912,
    "b3": -0.010128337760750096,
    "t1": 0.6203040643975053,
    "t2": 2.883377484076099
}