{
    "b0": 0.10958408163125226,
    "b1": -0.022574950094431154,
    "b2": -0.06394466266411233,
    "b3": -0.0061627985399189955,
    "t1": 0.6657849207782194,
    "t2": 2.92149182502822
}