{
    "b0": 0.11389734734664458,
    "b1": -0.014833341625216614,
    "b2": 0.13197547148321817,
    "b3": -0.18050593942670276,
    "t1": 72.44033151300391,
    "t2": 103.0133229859639
}