{
    "b0": 0.11816089466806037,
    "b1": -0.03847011219511513,
    "b2": -0.06385502119177537,
    "b3": -0.05366886646587503,
    "t1": 0.641382204212348,
    "t2": 3.789202022857281
}