{
    "b0": 9.896054362078216,
    "b1": -2.9682313906439948,
    "b2": 0.00456396848989904,
    "b3": -6.882577903786345,
    "t1": 82.95307307852357,
    "t2": 237.4287990725135
}