{
    "b0": 0.32420795008265507,
    "b1": -0.2528679009766562,
    "b2": -0.14501167680506105,
    "b3": -0.6018460748249015,
    "t1": 1.46482273815381,
    "t2": 7.541494440753471
}