{
    "b0": 0.12085720873953948,
    "b1": -0.02455874951810124,
    "b2": -0.05804092815099628,
    "b3": -0.006640004081989774,
    "t1": 0.5960187360279621,
    "t2": 2.503999938338664
}