{
    "b0": 0.09978311259613831,
    "b1": -0.027896458866111598,
    "b2": -0.00897825101267671,
    "b3": -0.08131275718968173,
    "t1": 29.35002852434313,
    "t2": 153.8619082534299
}