{
    "b0": 10.301481357714154,
    "b1": -2.3193621373599314,
    "b2": -4.7779722153915785,
    "b3": -2.101346637135147,
    "t1": 177.89402171756532,
    "t2": 575.6966671392967
}