{
    "b0": 0.10729583035352587,
    "b1": -0.027383563894209692,
    "b2": -0.054468055408390025,
    "b3": -0.025647799691483633,
    "t1": 0.5170222342247144,
    "t2": 2.541759580748306
}