{
    "b0": 9.799067828870871,
    "b1": -2.7676086610284605,
    "b2": 2.365475270719164,
    "b3": -8.616836278493341,
    "t1": 125.50144787164206,
    "t2": 236.76638851663193
}