{
    "b0": 10.379771300416007,
    "b1": -3.0954440794226805,
    "b2": -2.4166564823953633,
    "b3": -3.8655797907954668,
    "t1": 189.01490826928122,
    "t2": 383.5183567823584
}