{
    "b0": 10.07040085574508,
    "b1": -2.9342926276602173,
    "b2": -1.8212465128485902,
    "b3": -3.1970507287869507,
    "t1": 217.62071846317264,
    "t2": 401.75183905645224
}