{
    "b0": 0.11323623714901512,
    "b1": -0.03202664111340181,
    "b2": 0.020742879585343165,
    "b3": -0.1106382484033997,
    "t1": 60.252548902409714,
    "t2": 172.82545942042591
}