{
    "b0": 0.1093443473923807,
    "b1": -0.0244864261311575,
    "b2": 0.20343933126795471,
    "b3": -0.25422060836643123,
    "t1": 88.31863062800795,
    "t2": 111.36318884829919
}