{
    "b0": 0.09662371885641947,
    "b1": -0.02886461483329584,
    "b2": 0.21366243403643376,
    "b3": -0.25968357712126894,
    "t1": 90.8905333629541,
    "t2": 111.2500943260143
}