{
    "b0": 0.11418485410753423,
    "b1": -0.0058914251104009215,
    "b2": -0.260367067775378,
    "b3": 0.2325850831585896,
    "t1": 0.7191474069691144,
    "t2": 0.7702467650412701
}