{
    "b0": 11.290947805437927,
    "b1": -2.209339732185404,
    "b2": 0.15383677976722554,
    "b3": -6.2899923297997695,
    "t1": 121.23178240924304,
    "t2": 227.59168781255386
}