{
    "b0": 0.1337202286749409,
    "b1": -0.05923168948780491,
    "b2": -0.06267220564741323,
    "b3": -0.09302126548005013,
    "t1": 0.6939118947168227,
    "t2": 4.724231290439152
}