{
    "b0": 0.1160066888288399,
    "b1": -0.03585760510765905,
    "b2": -0.06380900613267737,
    "b3": -0.04665563004574119,
    "t1": 0.5704587749484435,
    "t2": 3.81606792380835
}