{
    "b0": 0.3546579983769314,
    "b1": -0.28238307122788026,
    "b2": -0.1760703734401658,
    "b3": -0.6734721496103581,
    "t1": 1.351046635153878,
    "t2": 7.293906714340544
}