{
    "b0": 0.11940175754681755,
    "b1": -0.014521450273188873,
    "b2": -0.05995494198971993,
    "b3": 0.001111177218703947,
    "t1": 0.6721482955422209,
    "t2": 2.9947091529402505
}