{
    "b0": 10.460293193440421,
    "b1": -2.3555769756767884,
    "b2": -0.40085652853789866,
    "b3": -6.809199570411844,
    "t1": 170.96799883997315,
    "t2": 275.556629240699
}