{
    "b0": 0.1058479330511186,
    "b1": -0.034218736699250164,
    "b2": -0.04071075208632091,
    "b3": -0.018065748660418754,
    "t1": 0.8031954923545943,
    "t2": 3.3258777757785216
}