{
    "b0": 0.11365936301572718,
    "b1": -0.005394545033603799,
    "b2": -0.04130685487265588,
    "b3": 0.011401625864194237,
    "t1": 0.5284545330241557,
    "t2": 1.8913662239278333
}