{
    "b0": 11.553328953870027,
    "b1": -2.0057257389335383,
    "b2": -2.329010951363585,
    "b3": -7.910546029231895,
    "t1": 33.737819840865804,
    "t2": 197.37348829994343
}