{
    "b0": 0.11258689189286936,
    "b1": -0.03842745854988257,
    "b2": -0.045287505919659826,
    "b3": -0.027610982705814233,
    "t1": 0.647332952400717,
    "t2": 2.8250126854011066
}