{
    "b0": 0.18450955887792275,
    "b1": -0.0899888031201232,
    "b2": -0.10122015126981074,
    "b3": -0.19501309219981008,
    "t1": 0.7589885495247437,
    "t2": 5.6114303207426115
}