{
    "b0": 0.10423444445836433,
    "b1": -0.021482497661023836,
    "b2": 0.0508477034157437,
    "b3": -0.10954850698629948,
    "t1": 79.58209400304183,
    "t2": 144.0534675443731
}