{
    "b0": 0.09732927011776703,
    "b1": -0.02690286364000704,
    "b2": 0.053598460656937484,
    "b3": -0.10666911318742446,
    "t1": 55.340764468389025,
    "t2": 106.68224524145234
}