{
    "b0": 11.27509772858739,
    "b1": -0.4606833455343531,
    "b2": 355.88669448268087,
    "b3": -359.15339541292803,
    "t1": 107.06780437210183,
    "t2": 107.68016935304878
}