{
    "b0": 0.10709775591222466,
    "b1": -0.022742884676320158,
    "b2": 0.11179586678375897,
    "b3": -0.1608564474553276,
    "t1": 71.83147063104755,
    "t2": 108.9037681382631
}