{
    "b0": 12.358079846317352,
    "b1": -2.303934496069682,
    "b2": -6.408744762690766,
    "b3": -2.073288551105497,
    "t1": 208.10918659545365,
    "t2": 1169.6090226599574
}