{
    "b0": 0.10156182181800782,
    "b1": -0.0169505394433028,
    "b2": -0.06200359322542738,
    "b3": 0.03003698618332216,
    "t1": 0.7376528251970522,
    "t2": 4.479179199468528
}