{
    "b0": 12.01791739040196,
    "b1": -2.441010910310866,
    "b2": -0.006294573010765525,
    "b3": -7.390452424386684,
    "t1": 107.1607538790185,
    "t2": 201.92953206325643
}