{
    "b0": 9.829941906014342,
    "b1": -2.9071957797272194,
    "b2": 0.00014345889170819248,
    "b3": -6.699782250350554,
    "t1": 91.11645875478754,
    "t2": 255.4802718978666
}