{
    "b0": 0.15474902240999214,
    "b1": -0.04652146211885938,
    "b2": -0.07086880334773134,
    "b3": -0.1118961038569642,
    "t1": 0.6826626146130509,
    "t2": 5.97528419050576
}