{
    "b0": 0.1185622209031819,
    "b1": -0.0204672017602908,
    "b2": -0.0669948330688549,
    "b3": -0.009260858509544074,
    "t1": 0.6145246530757804,
    "t2": 2.8663483484443155
}