{
    "b0": 11.655378965504841,
    "b1": -2.0017178923653143,
    "b2": -0.0007953048994120415,
    "b3": -8.685975025504504,
    "t1": 67.08996255563869,
    "t2": 210.44742990205268
}