{
    "b0": 10.858188566159255,
    "b1": -2.566801186528453,
    "b2": -5.739347615427038,
    "b3": -0.9056863338795551,
    "t1": 255.6868993437055,
    "t2": 558.6865678642372
}