{
    "b0": 0.1004152370528328,
    "b1": -0.024103522179449735,
    "b2": 0.01038600943972981,
    "b3": -0.08852676312088345,
    "t1": 37.86197061650455,
    "t2": 164.50061301374808
}