{
    "b0": 0.09658662882223124,
    "b1": -0.028852344130644955,
    "b2": 0.011214362996737379,
    "b3": -0.08378193524641159,
    "t1": 47.18789910148784,
    "t2": 177.48454038996218
}