{
    "b0": 0.11541690639038606,
    "b1": -0.009980742388110073,
    "b2": -0.047201780372691626,
    "b3": 0.006102216553395615,
    "t1": 0.5879970251470921,
    "t2": 2.516028854263185
}