{
    "b0": 0.18556882638874064,
    "b1": -0.0876752154006615,
    "b2": -0.11779014059201484,
    "b3": -0.19128080031462202,
    "t1": 0.7886041244954125,
    "t2": 5.732866021342496
}