{
    "b0": 0.11429174079078507,
    "b1": -0.02540601533310754,
    "b2": -0.05325420420254985,
    "b3": -0.004302684116700015,
    "t1": 0.6742694660992732,
    "t2": 2.765357786331694
}