{
    "b0": 0.10896184214811269,
    "b1": -0.030200265000224727,
    "b2": -0.057204899452389664,
    "b3": -0.026872900531343853,
    "t1": 0.5031643818971374,
    "t2": 2.049308417977932
}