{
    "b0": 0.10388678775639787,
    "b1": -0.01949988213741069,
    "b2": 0.031650887247258425,
    "b3": -0.09475932341728013,
    "t1": 48.60708524216898,
    "t2": 133.183237667894
}