{
    "b0": 0.11463414070001143,
    "b1": -0.008705842958615082,
    "b2": 0.004020397967449716,
    "b3": -0.05093056005927928,
    "t1": 20.429360880691092,
    "t2": 122.50308544418658
}