{
    "b0": 0.10662703260291499,
    "b1": -0.027281568350648856,
    "b2": -0.05336492932008838,
    "b3": -0.022830458095819538,
    "t1": 0.5359056363903033,
    "t2": 2.3079347967021544
}