{
    "b0": 10.34816494174208,
    "b1": -3.0753728033698433,
    "b2": -1.8869877443826795,
    "b3": -4.980233001346997,
    "t1": 156.0269855978854,
    "t2": 343.02938189306576
}