{
    "b0": 9.950110886450586,
    "b1": -2.774796074360496,
    "b2": -2.0739199143120572,
    "b3": -2.6886955374123134,
    "t1": 238.62212658951336,
    "t2": 436.86459036540316
}