{
    "b0": 0.09625337929224567,
    "b1": -0.021001287092690807,
    "b2": 0.05252025620087267,
    "b3": -0.1041482400059094,
    "t1": 55.834859126559905,
    "t2": 118.54849043315608
}