{
    "b0": 0.10854695884601663,
    "b1": -0.025173058177590156,
    "b2": -0.059739030664166706,
    "b3": -0.008322351879734244,
    "t1": 0.7003186077066108,
    "t2": 3.027022053411028
}