{
    "b0": 0.1156539752629922,
    "b1": -0.022146241331621075,
    "b2": -0.7759395031678165,
    "b3": 0.7275563845521814,
    "t1": 0.755586094654888,
    "t2": 0.7707876517761614
}