{
    "b0": 0.1135899717787536,
    "b1": -0.02216731158389476,
    "b2": 0.7972482782674771,
    "b3": -0.8463274834873863,
    "t1": 80.53875744556134,
    "t2": 86.32674135445711
}