{
    "b0": 0.1030318351080797,
    "b1": -0.023798532533261474,
    "b2": 0.03254734325904796,
    "b3": -0.10279425567378778,
    "t1": 69.37916980876845,
    "t2": 165.15748195449063
}