{
    "b0": 0.18352059061378012,
    "b1": -0.08883903522465489,
    "b2": -0.10044333179681789,
    "b3": -0.19107281288181654,
    "t1": 0.7769491231588236,
    "t2": 5.663671438365627
}