{
    "b0": 0.32051008235599876,
    "b1": -0.24894375426153098,
    "b2": -0.15077050866889158,
    "b3": -0.589944564729225,
    "t1": 1.3233800615200222,
    "t2": 7.115306407360412
}