{
    "b0": 0.11527362817593564,
    "b1": -0.04315002413721919,
    "b2": -0.04927127373113378,
    "b3": -0.044838248341651676,
    "t1": 0.7389597215053303,
    "t2": 4.130446937910035
}