{
    "b0": 11.779660746497115,
    "b1": -2.215898964368842,
    "b2": -0.04506866077389726,
    "b3": -7.187663357622004,
    "t1": 104.17612090826879,
    "t2": 211.7952253836241
}