{
    "b0": 0.11719401562682534,
    "b1": -0.015316187599061934,
    "b2": 0.5524880480826057,
    "b3": -0.6050613565360987,
    "t1": 0.8331312919434168,
    "t2": 0.8074854605447772
}