{
    "b0": 11.867816332413211,
    "b1": -1.4750946891105787,
    "b2": 0.0015628749932672381,
    "b3": -7.146305678979589,
    "t1": 61.45447523226445,
    "t2": 206.03318266934988
}