{
    "b0": 0.12118751725090239,
    "b1": -0.04594548950186303,
    "b2": -0.06037656200620154,
    "b3": -0.054412370399937404,
    "t1": 0.6289831976612247,
    "t2": 3.9798493810620448
}