{
    "b0": 0.11043217436925601,
    "b1": -0.03916663852325659,
    "b2": -0.040474632813358655,
    "b3": -0.030127563056247544,
    "t1": 0.8072354346090451,
    "t2": 3.4935897998891527
}