{
    "b0": 0.10929202664438067,
    "b1": -0.021368756395782305,
    "b2": 0.05742305810856767,
    "b3": -0.10815327990073473,
    "t1": 65.15872378281281,
    "t2": 119.72451852861647
}