{
    "b0": 0.09388262999383998,
    "b1": -0.024999761383682165,
    "b2": 0.0563414713319985,
    "b3": -0.1038309707505917,
    "t1": 75.13152764949258,
    "t2": 130.95455789686795
}