{
    "b0": 0.14469243916809318,
    "b1": -0.07116239302965242,
    "b2": -0.06448769626389689,
    "b3": -0.11021813568986594,
    "t1": 0.8417799047480581,
    "t2": 5.1047347704886175
}