{
    "b0": 0.129899313179672,
    "b1": -0.05550118828925878,
    "b2": -0.05898963060352758,
    "b3": -0.0802842506765512,
    "t1": 0.6931914934913403,
    "t2": 4.545223463350317
}