{
    "b0": 0.1020420880793696,
    "b1": -0.023348050647872265,
    "b2": -0.015574438638786096,
    "b3": -0.09000680046512853,
    "t1": 25.222642164317428,
    "t2": 154.79561218897328
}