{
    "b0": 0.1885894535582713,
    "b1": -0.0915400209730346,
    "b2": -0.11782963263726685,
    "b3": -0.19481828650944782,
    "t1": 0.8013720787381664,
    "t2": 5.78257836983429
}