{
    "b0": 0.09590687405828939,
    "b1": -0.0276031144609308,
    "b2": 0.2017959874051953,
    "b3": -0.2474220344884182,
    "t1": 91.91927958442042,
    "t2": 113.82535847437887
}