{
    "b0": 0.17108420131557148,
    "b1": -0.09914300836239925,
    "b2": -0.08168831812463415,
    "b3": -0.18504068501965582,
    "t1": 1.063743614912562,
    "t2": 6.46320760118252
}