{
    "b0": 0.1133276109774551,
    "b1": -0.041706459198699544,
    "b2": -0.04322931767849964,
    "b3": -0.03811786841566974,
    "t1": 0.7760615703185121,
    "t2": 3.5002629358821298
}