{
    "b0": 10.02832531706902,
    "b1": -2.9158312774361086,
    "b2": 0.000780096601821878,
    "b3": -6.493192257999115,
    "t1": 111.61842383105657,
    "t2": 249.23303329613884
}