{
    "b0": 0.11289173243335579,
    "b1": -0.003677226972465499,
    "b2": -0.054587660838637926,
    "b3": 0.02113615512192169,
    "t1": 0.5603818144782631,
    "t2": 0.8077584407923544
}