{
    "b0": 0.11451884564026317,
    "b1": -0.03723056574014737,
    "b2": -0.05893038982477454,
    "b3": -0.032383712650550296,
    "t1": 0.5221791590574807,
    "t2": 3.009825135671772
}