{
    "b0": 0.10867659741689922,
    "b1": -0.029636028617986858,
    "b2": -0.05454911837630341,
    "b3": -0.027904062403518375,
    "t1": 0.5475462990754085,
    "t2": 2.6708449769608498
}