{
    "b0": 0.11468417684712988,
    "b1": -0.02227642633608999,
    "b2": 0.02011986325141465,
    "b3": -0.08923430776027627,
    "t1": 41.896399534953346,
    "t2": 136.52025808248646
}