{
    "b0": 0.12925542575280938,
    "b1": -0.054751876546155875,
    "b2": -0.05970500456393272,
    "b3": -0.07864738844069805,
    "t1": 0.6688399074475875,
    "t2": 4.485041952138335
}