{
    "b0": 11.207722098071399,
    "b1": -2.5565641330299718,
    "b2": -5.291904046214002,
    "b3": -1.3469668584982053,
    "t1": 223.1336032522801,
    "t2": 693.5643292311689
}