{
    "b0": 0.11284115717001433,
    "b1": -0.022531630094585343,
    "b2": -0.10099366275712095,
    "b3": 0.0610261451822772,
    "t1": 0.8541717016116843,
    "t2": 0.9745579576950978
}