{
    "b0": 10.802302130648835,
    "b1": -1.993415884189127,
    "b2": -5.741012782002466,
    "b3": -0.33419255459657693,
    "t1": 221.48258235672697,
    "t2": 918.9793232252724
}