{
    "b0": 0.11109025208095069,
    "b1": -0.03973248577319819,
    "b2": -0.03996620539724502,
    "b3": -0.03436451503037262,
    "t1": 0.8264995979074388,
    "t2": 3.64160187522068
}