{
    "b0": 11.676901586568302,
    "b1": -1.4676449421459647,
    "b2": 1.8782448278270067,
    "b3": -8.082844248332027,
    "t1": 123.18198416292998,
    "t2": 191.03406763143693
}