{
    "b0": 0.11520538994954718,
    "b1": -0.02237541765532538,
    "b2": 0.1489950939869549,
    "b3": -0.20670964391495333,
    "t1": 85.31362398304054,
    "t2": 111.87454849460664
}