{
    "b0": 0.3098479575678789,
    "b1": -0.2209610724749272,
    "b2": -0.17330241935885193,
    "b3": -0.544665788160226,
    "t1": 1.0732147807137213,
    "t2": 6.540178259669514
}