{
    "b0": 10.749817359903714,
    "b1": -2.415407843652238,
    "b2": -5.72370307430954,
    "b3": -0.7411696978807905,
    "t1": 246.90399335313026,
    "t2": 621.2046300392077
}