{
    "b0": 9.846198976802212,
    "b1": -2.8756159811954216,
    "b2": 0.43139688594615366,
    "b3": -7.310902471556659,
    "t1": 94.37546791694817,
    "t2": 250.88265481530283
}