{
    "b0": 0.10626463363990396,
    "b1": -0.02242316149168601,
    "b2": -0.061113884255449155,
    "b3": 0.00830600616810934,
    "t1": 0.7199807155968978,
    "t2": 2.828704693255562
}