{
    "b0": 0.10748271832611357,
    "b1": -0.024244833234281747,
    "b2": -0.07754122094375858,
    "b3": 0.02762559566596544,
    "t1": 0.8643897204707143,
    "t2": 1.5377060442736379
}