{
    "b0": 10.10506132108299,
    "b1": -2.915067715988994,
    "b2": -3.7333015340564497,
    "b3": -0.830196547036004,
    "t1": 258.6582330187505,
    "t2": 616.9926097502183
}