{
    "b0": 0.10054067973163215,
    "b1": -0.030350837472260327,
    "b2": -0.5252187126674946,
    "b3": 0.480228310220967,
    "t1": 92.86364673695141,
    "t2": 83.21680433426835
}