{
    "b0": 0.10850635283907278,
    "b1": -0.022919994718447176,
    "b2": -0.26421855324535726,
    "b3": 0.2185424775078796,
    "t1": 113.948638141287,
    "t2": 92.68405058497439
}