{
    "b0": 0.09821809906210886,
    "b1": -0.02315948052235941,
    "b2": 0.10222733343500956,
    "b3": -0.15419630236114917,
    "t1": 65.17644870429662,
    "t2": 101.75258573224794
}