{
    "b0": 0.10652009518647257,
    "b1": -0.034702100315583635,
    "b2": -0.039889687134311166,
    "b3": -0.022282308567881742,
    "t1": 0.7868140706844353,
    "t2": 3.2965236714164603
}