{
    "b0": 0.09980837544423403,
    "b1": -0.021864096587996998,
    "b2": 0.0007101283812338648,
    "b3": -0.07457572252406511,
    "t1": 60.884069321386846,
    "t2": 175.30388586520908
}