{
    "b0": 11.81968170411131,
    "b1": -2.246416788842116,
    "b2": -0.0003072990094028505,
    "b3": -8.86819925268513,
    "t1": 67.47603519675008,
    "t2": 202.21113792055456
}