{
    "b0": 0.11278284559148986,
    "b1": -0.011863031576037443,
    "b2": 0.07290761104655691,
    "b3": -0.12506618988564522,
    "t1": 77.01813131694674,
    "t2": 127.0660970439175
}