{
    "b0": 0.11106723536053999,
    "b1": -0.030062620005789145,
    "b2": 0.053984980890382187,
    "b3": -0.13021498905964907,
    "t1": 82.30639134534613,
    "t2": 160.22081669295548
}