{
    "b0": 0.18976993521735439,
    "b1": -0.11911524486386277,
    "b2": -0.08563326248547201,
    "b3": -0.2449859714335677,
    "t1": 1.1567853068039327,
    "t2": 6.47747879446663
}