{
    "b0": 0.09808703121790315,
    "b1": -0.02717620254833874,
    "b2": 0.36141631794621015,
    "b3": -0.40703306743754,
    "t1": 76.47390796233663,
    "t2": 87.31862099518139
}