{
    "b0": 0.09909977340835295,
    "b1": -0.028722428849016546,
    "b2": 0.010346612768445042,
    "b3": -0.08364607700543758,
    "t1": 55.47542187720621,
    "t2": 165.9009059110505
}