{
    "b0": 0.09879778730921815,
    "b1": -0.02279913967683466,
    "b2": 0.2801035331105855,
    "b3": -0.3322592950937777,
    "t1": 86.4262449642565,
    "t2": 101.76763003729533
}