{
    "b0": 0.1094187114162237,
    "b1": -0.02415634435630965,
    "b2": -0.49787732414664887,
    "b3": 0.4517545570805923,
    "t1": 106.66542803823806,
    "t2": 96.01319447431888
}