{
    "b0": 0.11427651546364719,
    "b1": -0.015087212160960796,
    "b2": 0.046151064706505526,
    "b3": -0.079528903150693,
    "t1": 38.66340927302372,
    "t2": 97.90982519130921
}