{
    "b0": 0.11565615190525468,
    "b1": -0.0035487817140776937,
    "b2": -0.03057799132883119,
    "b3": -0.026917045204512338,
    "t1": 66.75030673731672,
    "t2": 377.43182543457124
}