{
    "b0": 0.1010151807712611,
    "b1": -0.029086763340396594,
    "b2": -0.03306852269450094,
    "b3": -0.015030557677182638,
    "t1": 0.7511944703579094,
    "t2": 1.93144102709983
}