{
    "b0": 0.1076548275886103,
    "b1": -0.024507620116041594,
    "b2": 0.04535538443709111,
    "b3": -0.0954708994889216,
    "t1": 1.0000001103793101,
    "t2": 0.8342060425953951
}