{
    "b0": 0.10784117632496211,
    "b1": -0.028775007859235743,
    "b2": -0.0540082479201789,
    "b3": -0.0268314511304809,
    "t1": 0.48024284680681495,
    "t2": 1.5181745122331636
}