{
    "b0": 0.11796114391748268,
    "b1": -0.022450393157137663,
    "b2": -0.055391346068202715,
    "b3": -0.003316542621789622,
    "t1": 0.591878817581103,
    "t2": 2.413669642135231
}