{
    "b0": 0.10960264426587638,
    "b1": -0.02485406395052498,
    "b2": 0.01640205644435986,
    "b3": -0.05488570884798516,
    "t1": 1.742662482176616,
    "t2": 0.7496137646405714
}