{
    "b0": 0.10706886965657064,
    "b1": -0.023126601815554593,
    "b2": -0.060375047771014545,
    "b3": 0.0011653055082150587,
    "t1": 0.6991755993257529,
    "t2": 2.8233063520466155
}