{
    "b0": 0.11493844068759974,
    "b1": -0.011573760208246547,
    "b2": 0.03625660530751772,
    "b3": -0.08471454926345423,
    "t1": 1.0000000880903699,
    "t2": 0.7440183233102736
}