{
    "b0": 0.10014248299944353,
    "b1": -0.02851450558695203,
    "b2": 0.26516401929231453,
    "b3": -0.29655233840041334,
    "t1": 1.3373035576451637,
    "t2": 1.2714247206312055
}