{
    "b0": 10.549214991173235,
    "b1": -2.4329389252021896,
    "b2": 0.19586982866961278,
    "b3": -7.252669172041495,
    "t1": 171.05981277309047,
    "t2": 256.0453751191469
}