{
    "b0": 0.11711542770343597,
    "b1": -0.017055036726558614,
    "b2": -0.06076981685163972,
    "b3": 0.010793639524604378,
    "t1": 0.5741008758694174,
    "t2": 0.1646213600489798
}