{
    "b0": 0.09730144727778682,
    "b1": -0.021519136710504365,
    "b2": 0.07343098858631814,
    "b3": -0.12737063620695438,
    "t1": 63.516575382106495,
    "t2": 113.00386521485214
}