{
    "b0": 0.10891851924620928,
    "b1": -0.021742625977945483,
    "b2": -0.06593521505314487,
    "b3": -0.006825428085000584,
    "t1": 0.6784391789641293,
    "t2": 2.9545165135320866
}