{
    "b0": 10.346373621744858,
    "b1": -2.4317951985820763,
    "b2": -4.633906297110503,
    "b3": -2.0660020338887617,
    "t1": 177.71762427825723,
    "t2": 525.3849014392378
}