{
    "b0": 9.826403620250392,
    "b1": -2.6507544725899708,
    "b2": -2.2776786769916026,
    "b3": -2.2964030304077907,
    "t1": 233.23562949028576,
    "t2": 433.3646035189968
}