{
    "b0": 11.963403674471184,
    "b1": -2.400792368945279,
    "b2": -0.017961220772972464,
    "b3": -7.7102678798809166,
    "t1": 90.29355620564714,
    "t2": 194.83645943784464
}