{
    "b0": 0.11384629051007503,
    "b1": -0.005227554524463883,
    "b2": 0.01564147177584338,
    "b3": -0.04321613214927332,
    "t1": 1.0000000360370602,
    "t2": 0.5689379580153459
}