{
    "b0": 0.1004731918174696,
    "b1": -0.028835755972294805,
    "b2": -0.04387871923021383,
    "b3": 0.0023011574722130793,
    "t1": 0.9423175945394133,
    "t2": 3.5408323418984304
}