{
    "b0": 11.070369687199339,
    "b1": -2.641246003263613,
    "b2": -0.019247620429490908,
    "b3": -8.506146522555039,
    "t1": 107.61324304045299,
    "t2": 240.65401850205575
}