{
    "b0": 11.119124547682404,
    "b1": -2.3120130557425673,
    "b2": 0.0004231289453056064,
    "b3": -7.653262757403235,
    "t1": 84.68243013335591,
    "t2": 218.4916633369925
}