{
    "b0": 0.12023145884209833,
    "b1": -0.02400840029047524,
    "b2": -0.058635826203117886,
    "b3": -0.0032780969612513887,
    "t1": 0.5722712371979322,
    "t2": 2.304208235864337
}