{
    "b0": 0.10101365960292864,
    "b1": -0.028993378733999563,
    "b2": -0.04461994152703434,
    "b3": 0.0008922654431278206,
    "t1": 0.857386177549722,
    "t2": 3.222007136109567
}