{
    "b0": 9.805857480259426,
    "b1": -2.7585138540467016,
    "b2": 1.1149705294031547,
    "b3": -8.369037965334671,
    "t1": 105.49543777231227,
    "t2": 249.06086113499293
}