{
    "b0": 0.11475491085011491,
    "b1": -0.043457505326130616,
    "b2": -0.04286063074481387,
    "b3": -0.04235373726686411,
    "t1": 0.7789202054623097,
    "t2": 3.585072315301995
}