{
    "b0": 0.2569205798013572,
    "b1": -0.1744363614527028,
    "b2": -0.1550582436855727,
    "b3": -0.4068526488198959,
    "t1": 1.0616897530888434,
    "t2": 6.5741998666653725
}