{
    "b0": 11.498024783211841,
    "b1": -0.7748945063573935,
    "b2": -1156.991652320565,
    "b3": 1153.4821455978317,
    "t1": 106.6367621241814,
    "t2": 106.44250389197789
}