{
    "b0": 10.552571326637915,
    "b1": -2.824816406934552,
    "b2": -4.608423006418521,
    "b3": -1.9144709928457848,
    "t1": 162.84575821358303,
    "t2": 492.4992511085625
}