{
    "b0": 0.11574585828723535,
    "b1": -0.022457532372166862,
    "b2": 0.22195598307036002,
    "b3": -0.2858139601620843,
    "t1": 94.38692046357905,
    "t2": 118.15770017874407
}