{
    "b0": 0.18313072427553942,
    "b1": -0.1125526563225942,
    "b2": -0.08222960018647774,
    "b3": -0.2261619094497222,
    "t1": 1.0883959929314306,
    "t2": 6.079543529749921
}