{
    "b0": 0.11317250749579363,
    "b1": -0.03504489335153865,
    "b2": -0.05973327718580121,
    "b3": -0.03075210291201575,
    "t1": 0.5024484296445637,
    "t2": 2.452896558688043
}