{
    "b0": 0.11786907438640049,
    "b1": -0.013784720993544275,
    "b2": -0.02409165178845915,
    "b3": -0.07238286365220031,
    "t1": 29.046342315529863,
    "t2": 224.7843047894284
}