{
    "b0": 0.10136096144291849,
    "b1": -0.023599825292478664,
    "b2": 0.10542554694284872,
    "b3": -0.1658159533227143,
    "t1": 84.85705180373733,
    "t2": 128.83508135896292
}