{
    "b0": 0.11883579551967112,
    "b1": -0.023296029583662524,
    "b2": -0.0550816502333898,
    "b3": -0.005963271466047495,
    "t1": 0.5819640142687703,
    "t2": 2.4431587562805297
}