{
    "b0": 11.211031647244136,
    "b1": -1.751330725410182,
    "b2": -2.1496881914289765,
    "b3": -6.939653280808358,
    "t1": 34.68831346326282,
    "t2": 204.11558297458652
}