{
    "b0": 10.65079866099852,
    "b1": -2.90892227558723,
    "b2": -4.977944440703812,
    "b3": -1.6521662398964332,
    "t1": 168.5709149809702,
    "t2": 507.2631528253377
}