{
    "b0": 0.1310963602271966,
    "b1": -0.041970189114879916,
    "b2": -0.08036431919714804,
    "b3": -0.06694477925046852,
    "t1": 0.7381213727616307,
    "t2": 5.425244974208576
}