{
    "b0": 11.570660097629913,
    "b1": -0.7204828346142493,
    "b2": -1.7824857983366753,
    "b3": -5.008656270923825,
    "t1": 12.209270399787602,
    "t2": 154.51788430439817
}