{
    "b0": 0.10062071784521681,
    "b1": -0.023737086296880053,
    "b2": 0.01211788992678368,
    "b3": -0.08605897436099688,
    "t1": 48.312328830533545,
    "t2": 165.6843982328645
}