{
    "b0": 11.68895649529098,
    "b1": -1.2908790478067527,
    "b2": 0.00902018386058101,
    "b3": -6.677544972993168,
    "t1": 50.15885420962752,
    "t2": 197.69476992684372
}