{
    "b0": 0.10899662190126665,
    "b1": -0.027117660941456394,
    "b2": -0.061991025366245664,
    "b3": -0.007317370342646255,
    "t1": 0.7189970602348181,
    "t2": 3.049175216913751
}