{
    "b0": 0.09687901399636742,
    "b1": -0.028019223480899996,
    "b2": 0.0050192255767998635,
    "b3": -0.0764089834720125,
    "t1": 43.51195090445402,
    "t2": 158.51770628202718
}