{
    "b0": 0.10045461035952793,
    "b1": -0.033668927919920356,
    "b2": 0.14079789060093345,
    "b3": -0.18667891125198643,
    "t1": 58.62081975524789,
    "t2": 75.96091767843626
}