{
    "b0": 12.561687128605696,
    "b1": -3.9691655898679565,
    "b2": -970.4570718654608,
    "b3": 966.6364659181803,
    "t1": 105.12947938469955,
    "t2": 104.94073486583775
}