{
    "b0": 0.18895379091849823,
    "b1": -0.10289963579927977,
    "b2": 0.16161485907206705,
    "b3": -0.25996263502015654,
    "t1": 2.8490577875531082,
    "t2": 5.0869303915207595
}