{
    "b0": 0.11141667095933253,
    "b1": -0.0407828133523134,
    "b2": -0.042416359836537146,
    "b3": -0.029846017820502176,
    "t1": 0.7219356942969322,
    "t2": 3.426616778299164
}