{
    "b0": 0.11881109858897176,
    "b1": -0.04986264690968951,
    "b2": 0.04561610414626461,
    "b3": -0.07004005241723264,
    "t1": 1.9087610517641984,
    "t2": 3.9220641731033106
}