{
    "b0": 0.13253268616741717,
    "b1": -0.03856469400508275,
    "b2": 0.10883967174044434,
    "b3": -0.1646157681123408,
    "t1": 63.32080320041374,
    "t2": 97.09869336675355
}