{
    "b0": 10.269863402432692,
    "b1": -3.3733672428115553,
    "b2": -0.7394679425086287,
    "b3": -0.8294566183901235,
    "t1": 272.02537398805197,
    "t2": 301.3168019828033
}