{
    "b0": 0.11014771507662159,
    "b1": -0.027717921989282707,
    "b2": -0.11075369782845444,
    "b3": 0.13988092320718346,
    "t1": 1.7174250665199755,
    "t2": 1.8558151218316155
}