{
    "b0": 0.11918391405557019,
    "b1": -0.040518863165326824,
    "b2": 0.09347191919719187,
    "b3": -0.14255122630186404,
    "t1": 56.368160469557274,
    "t2": 87.6208968281293
}