{
    "b0": 0.1122166574907217,
    "b1": -0.03590440364116911,
    "b2": -0.00014432585392000485,
    "b3": -0.04061057160646324,
    "t1": 0.48606327309627795,
    "t2": 1.235039695813807
}