{
    "b0": 0.09595439283673306,
    "b1": -0.026560042342530336,
    "b2": 0.024212745470511676,
    "b3": -0.06046395740223455,
    "t1": 52.69190784948907,
    "t2": 126.92747146672023
}