{
    "b0": 0.13111522685974505,
    "b1": -0.034750846858783845,
    "b2": 0.7854611413693049,
    "b3": -0.7996308316778391,
    "t1": 0.6902811193270096,
    "t2": 0.6876631072417704
}