{
    "b0": 0.3413826123758985,
    "b1": -0.27131824190817794,
    "b2": -0.14777096387005467,
    "b3": -0.6372681274004137,
    "t1": 1.3228820749446994,
    "t2": 6.980724791223304
}