{
    "b0": 0.19857770374313033,
    "b1": -0.10387539974411833,
    "b2": 0.09179191269439158,
    "b3": -0.2247382867841458,
    "t1": 2.445273272272411,
    "t2": 5.235218936754081
}