{
    "b0": 10.036067017980876,
    "b1": -2.9930574949865862,
    "b2": -2.1872176950608684,
    "b3": -5.404403994429493,
    "t1": 48.9861556051698,
    "t2": 211.07938307722554
}