{
    "b0": 0.14974070233312795,
    "b1": -0.05592802655934947,
    "b2": 0.03625670828035191,
    "b3": -0.07072135532909218,
    "t1": 1.703559003455518,
    "t2": 4.759261654081868
}