{
    "b0": 0.12184799604665944,
    "b1": -0.03782561241759739,
    "b2": 0.37172330486270716,
    "b3": -0.4175687797477582,
    "t1": 52.307018326619875,
    "t2": 59.44396430507557
}