{
    "b0": 0.13372090532184788,
    "b1": -0.034486079244691215,
    "b2": 0.17157940145590553,
    "b3": -0.1864609359981125,
    "t1": 1.0000002666572203,
    "t2": 0.9142024637742816
}