{
    "b0": 0.09784205973305586,
    "b1": -0.030503485055218514,
    "b2": 0.04353730164047517,
    "b3": -0.08984408799090116,
    "t1": 51.79536237676408,
    "t2": 90.42921124440429
}