{
    "b0": 10.178409107849827,
    "b1": -3.24659587278576,
    "b2": -1.3102185611958799,
    "b3": -0.5389693680830991,
    "t1": 259.11855706187947,
    "t2": 613.3196028693374
}