{
    "b0": 12.074527047396758,
    "b1": -2.826504679195027,
    "b2": 2.2922965105287734,
    "b3": -4.278989143366719,
    "t1": 175.48777101533156,
    "t2": 212.690102828052
}