{
    "b0": 0.10216537093939103,
    "b1": -0.03237785748624439,
    "b2": 0.09593828166488062,
    "b3": -0.126544355470849,
    "t1": 76.6878969061315,
    "t2": 112.53705593701741
}