{
    "b0": 11.888743975616531,
    "b1": -4.072071568757347,
    "b2": -1207.2634547807577,
    "b3": 1203.3245430871787,
    "t1": 114.3588957419114,
    "t2": 114.07061333396463
}