{
    "b0": 0.21112788928899695,
    "b1": -0.12371277708684009,
    "b2": 0.3601798770250305,
    "b3": -0.491949323159849,
    "t1": 3.5350056754875356,
    "t2": 4.9668184218865985
}