{
    "b0": 11.508307708614362,
    "b1": -3.224818978215718,
    "b2": -2.6048710650369533,
    "b3": -6.187079398622865,
    "t1": 23.982481044614815,
    "t2": 136.86214407970112
}