{
    "b0": 0.11216574948444534,
    "b1": -0.037445287981553284,
    "b2": 0.04153436869260165,
    "b3": -0.09073493844783916,
    "t1": 38.958059515608426,
    "t2": 75.70848000328346
}