{
    "b0": 0.09478040425624365,
    "b1": -0.02818707321412249,
    "b2": 0.011299300462774914,
    "b3": -0.07647704301234871,
    "t1": 40.02615922133832,
    "t2": 149.21670963666594
}