{
    "b0": 0.11926048416884893,
    "b1": -0.036345419410765745,
    "b2": 0.03744484019267878,
    "b3": -0.017974447021719915,
    "t1": 2.243233168007464,
    "t2": 4.997147027474966
}