{
    "b0": 0.09482965341045942,
    "b1": -0.02633184387098693,
    "b2": 0.06613797336956755,
    "b3": -0.09421149398576807,
    "t1": 54.034348250622244,
    "t2": 85.91346426824627
}