{
    "b0": 10.290723130076385,
    "b1": -3.1064030280628216,
    "b2": 0.004447190173789473,
    "b3": -4.304069834965915,
    "t1": 150.30944219164795,
    "t2": 415.9170360046576
}