{
    "b0": 0.12657877439333376,
    "b1": -0.036858530370011765,
    "b2": 0.06561527003987465,
    "b3": -0.1126667743733217,
    "t1": 37.15455855000839,
    "t2": 64.91247388298302
}