{
    "b0": 10.107034407473774,
    "b1": -2.9794024842109623,
    "b2": -0.004833348437752294,
    "b3": -2.9184090478802966,
    "t1": 110.99518947158384,
    "t2": 293.48730341105204
}