{
    "b0": 12.149431268220974,
    "b1": -3.144198428682981,
    "b2": -0.06672733687728272,
    "b3": -5.6177970016888,
    "t1": 58.125957120810355,
    "t2": 167.88801477401663
}