{
    "b0": 0.11416541128775572,
    "b1": -0.03507045533777509,
    "b2": 0.04454567835185982,
    "b3": -0.09548352755328851,
    "t1": 54.39899705367673,
    "t2": 104.92082399229889
}