{
    "b0": 0.10814834667163917,
    "b1": -0.03584738017445133,
    "b2": -2.39219065223395e-07,
    "b3": 0.009950862208733119,
    "t1": 2.3711463472364267,
    "t2": 0.3041293405598629
}