{
    "b0": 0.10480079434126101,
    "b1": -0.031115159379950075,
    "b2": 0.007024459386402761,
    "b3": -0.06055823375234329,
    "t1": 32.757722707128984,
    "t2": 103.09827428017229
}