{
    "b0": 0.10437975654209251,
    "b1": -0.022338126406785466,
    "b2": 0.017406017820657625,
    "b3": 0.01761815553074654,
    "t1": 2.0,
    "t2": 5.0
}