{
    "b0": 0.09297748219321071,
    "b1": -0.02327688638502169,
    "b2": 0.0052002263868002364,
    "b3": -0.04939331038892004,
    "t1": 24.953498449172464,
    "t2": 97.24471540763156
}