{
    "b0": 0.12105496042408136,
    "b1": -0.04145420950898941,
    "b2": 0.03441235712466796,
    "b3": -0.09223683545146424,
    "t1": 40.41417207514213,
    "t2": 83.98159267677356
}