{
    "b0": 12.026735193784534,
    "b1": -2.7733606091496235,
    "b2": 128.1757788659751,
    "b3": -129.98630223718357,
    "t1": 140.30384809283,
    "t2": 141.0864051551502
}