{
    "b0": 0.09434893198453664,
    "b1": -0.02502926342979246,
    "b2": 0.019580807814908726,
    "b3": -0.05462530987239474,
    "t1": 47.533658921898834,
    "t2": 122.7168681299051
}