{
    "b0": 0.1190893340802351,
    "b1": -0.026959426314998806,
    "b2": -0.017422605408746836,
    "b3": -0.038639382274695044,
    "t1": 0.08617789708552938,
    "t2": 0.3811327934100872
}