{
    "b0": 0.1239177835999389,
    "b1": -0.036795998104106054,
    "b2": 0.022815458173120723,
    "b3": -0.02010717911251541,
    "t1": 1.0000000330814809,
    "t2": 0.7039221245780447
}