{
    "b0": 0.12449153814778968,
    "b1": -0.0348835314588291,
    "b2": 0.03586392354195898,
    "b3": -0.08521604518148106,
    "t1": 32.14482409476015,
    "t2": 71.06731694109384
}