{
    "b0": 0.1236770700517711,
    "b1": -0.03965464259046182,
    "b2": 0.037758445867374965,
    "b3": -0.10150968406155216,
    "t1": 41.608800330320975,
    "t2": 81.93630188776388
}