{
    "b0": 0.09741701207803852,
    "b1": -0.031233407405023283,
    "b2": 0.029941796640336093,
    "b3": -0.08999514880945698,
    "t1": 60.57022497765515,
    "t2": 148.84784671316154
}