{
    "b0": 0.25116456558949174,
    "b1": -0.1657382735441181,
    "b2": 0.2760889104653551,
    "b3": -0.5096112488185095,
    "t1": 3.5082088604291672,
    "t2": 5.799425773470212
}