{
    "b0": 13.725630201316067,
    "b1": -4.029167305390615,
    "b2": 2132.2697458196444,
    "b3": -2137.4498679519274,
    "t1": 114.97182942345562,
    "t2": 115.175846345411
}