{
    "b0": 11.102607113316271,
    "b1": -3.4902695206901333,
    "b2": -0.0079246905179442,
    "b3": -4.10160704541203,
    "t1": 152.17993474849962,
    "t2": 388.77736894154185
}