{
    "b0": 10.383424571559882,
    "b1": -3.1647930455234388,
    "b2": 3.469103814690957,
    "b3": -5.435998960473949,
    "t1": 373.50294822044265,
    "t2": 479.3519817151115
}