{
    "b0": 0.12409565086643355,
    "b1": -0.040704934699111586,
    "b2": 0.02273436076730053,
    "b3": -0.09304030028463124,
    "t1": 33.048808319082816,
    "t2": 80.01056734350567
}