{
    "b0": 0.10267209919249858,
    "b1": -0.03124935303773889,
    "b2": -5.367227267601485e-07,
    "b3": 0.01137152316873528,
    "t1": 2.46280713852902,
    "t2": 0.31279258886940076
}