{
    "b0": 10.51565159225253,
    "b1": -3.468333081419458,
    "b2": -2.4520026389220275,
    "b3": -5.112226420137257,
    "t1": 67.07630998247575,
    "t2": 255.93078205944337
}