{
    "b0": 0.11579775314520127,
    "b1": -0.03933718220225231,
    "b2": 0.06491976133866818,
    "b3": -0.11599796155497617,
    "t1": 56.34468251236501,
    "t2": 99.81627193406894
}