{
    "b0": 0.12952854928265864,
    "b1": -0.049106714708775076,
    "b2": -0.528515129055883,
    "b3": 0.5497599593652391,
    "t1": 4.216475561236023,
    "t2": 3.8022179362389013
}