{
    "b0": 12.215889055607999,
    "b1": -4.01321452388657,
    "b2": -794.3252204046385,
    "b3": 790.9374561593853,
    "t1": 101.17388322991404,
    "t2": 100.88932117789194
}