{
    "b0": 0.1359359605881374,
    "b1": -0.041477971566200283,
    "b2": 0.00645302021961508,
    "b3": -0.0999214628486575,
    "t1": 30.93550400729922,
    "t2": 109.02760685143981
}