{
    "b0": 10.188575159714118,
    "b1": -3.2218871843853414,
    "b2": -0.4901657147155809,
    "b3": -0.6386502444201624,
    "t1": 361.58856877390804,
    "t2": 388.5901060201953
}