{
    "b0": 0.3854943155246623,
    "b1": -0.31539105854202915,
    "b2": -0.173487070278492,
    "b3": -0.75804278239019,
    "t1": 1.4106248182660672,
    "t2": 7.341969447402022
}