{
    "b0": 0.11406464147390036,
    "b1": -0.030634798868197498,
    "b2": 0.038048146618811625,
    "b3": 0.005861475476404443,
    "t1": 2.246397252162751,
    "t2": 4.978284034691569
}