{
    "b0": 0.13199846132842818,
    "b1": -0.03285602858585196,
    "b2": -0.3342053155042723,
    "b3": 0.315327515478089,
    "t1": 0.9146675120157194,
    "t2": 0.9571626156292534
}