{
    "b0": 10.106662556883997,
    "b1": -3.0663424218968123,
    "b2": -2.2100295367883707,
    "b3": -5.450097720293039,
    "t1": 47.46116756162542,
    "t2": 208.10429813035998
}