{
    "b0": 0.18777903962530168,
    "b1": -0.11759265669097865,
    "b2": -0.08527315946953257,
    "b3": -0.23028795800976934,
    "t1": 1.0991388447188537,
    "t2": 6.356695687158155
}