{
    "b0": 10.063077488601445,
    "b1": -3.0181403054009746,
    "b2": -2.1822054884318733,
    "b3": -4.024080804963557,
    "t1": 64.77624595606603,
    "t2": 249.70055975150856
}