{
    "b0": 0.09742249016724883,
    "b1": -0.029729425269558844,
    "b2": 0.023576313180061943,
    "b3": -0.0718227434791949,
    "t1": 41.85747824328972,
    "t2": 82.84291484883968
}