{
    "b0": 0.14313357924485165,
    "b1": -0.04940154888289118,
    "b2": 0.3697120230842219,
    "b3": -0.36358678215510004,
    "t1": 2.31868686566531,
    "t2": 2.619237830429909
}