{
    "b0": 0.13153947790114454,
    "b1": -0.034798559865078224,
    "b2": -0.3645720837438286,
    "b3": 0.3541452956066014,
    "t1": 0.7814389505517445,
    "t2": 0.798880357380776
}