{
    "b0": 0.10236780652406706,
    "b1": -0.03219003790724986,
    "b2": -7.337942179735588e-05,
    "b3": -0.027206918900639036,
    "t1": 0.5102833380818024,
    "t2": 1.028894031122892
}