{
    "b0": 0.09958738771417369,
    "b1": -0.02924903168041231,
    "b2": 4.081963058105015e-07,
    "b3": -0.01628884934319676,
    "t1": 1.8811232826332398,
    "t2": 0.704280726577224
}