{
    "b0": 0.3323718389164893,
    "b1": -0.2637206742196375,
    "b2": -2.7731131371222517e-06,
    "b3": -0.5903617908796466,
    "t1": 2.707074464788005,
    "t2": 8.511003722134863
}