{
    "b0": 0.18273807958954502,
    "b1": -0.11351013501885449,
    "b2": 0.13005101903635377,
    "b3": -0.27734254895298865,
    "t1": 3.401152201265707,
    "t2": 5.965602431176916
}