{
    "b0": 0.121478487466896,
    "b1": -0.033960137824832926,
    "b2": -0.021466461959823997,
    "b3": -0.07408567315374363,
    "t1": 14.00764796563432,
    "t2": 94.49042636226044
}