{
    "b0": 0.1030789379645707,
    "b1": -0.03151797037195805,
    "b2": -0.02853930106665903,
    "b3": -0.049716523240238106,
    "t1": 0.14531134142316185,
    "t2": 0.5783208878323176
}