{
    "b0": 10.020141595202162,
    "b1": -3.08777071445898,
    "b2": 0.006014161098413684,
    "b3": -6.5069428833798835,
    "t1": 105.38316447326156,
    "t2": 245.57166981561855
}