{
    "b0": 0.10934818174436925,
    "b1": -0.030445478790828033,
    "b2": 0.031557968353872264,
    "b3": -0.07682786532749418,
    "t1": 47.40546872786705,
    "t2": 99.49828185971168
}