{
    "b0": 0.09482902076537847,
    "b1": -0.01291636058399144,
    "b2": 0.016765045168192723,
    "b3": 0.0417752897610002,
    "t1": 2.0,
    "t2": 5.0
}