{
    "b0": 0.15021878261824256,
    "b1": -0.0546324157063775,
    "b2": 0.11477735724433119,
    "b3": -0.11392813536821618,
    "t1": 3.1720619721926373,
    "t2": 4.891087775374415
}