{
    "b0": 0.11073730728258945,
    "b1": -0.027691071459255166,
    "b2": 0.02250007500541311,
    "b3": 0.013957830486778173,
    "t1": 2.0,
    "t2": 5.0
}