{
    "b0": 0.15077992900738912,
    "b1": -0.05755595890264482,
    "b2": 0.09903673774845685,
    "b3": -0.11668180837883665,
    "t1": 2.023889470633958,
    "t2": 3.4762734506343334
}