{
    "b0": 13.242034397164465,
    "b1": -3.5598916437361545,
    "b2": 1531.3481161250122,
    "b3": -1535.982462787385,
    "t1": 120.95368041101017,
    "t2": 121.19546298799463
}