{
    "b0": 0.13632007518033706,
    "b1": -0.0419103305986757,
    "b2": 0.010914125389483026,
    "b3": -0.10018738183117565,
    "t1": 37.39265814018208,
    "t2": 118.07998752148555
}