{
    "b0": 0.149992387317987,
    "b1": -0.07941986963078737,
    "b2": -0.06747112410351118,
    "b3": -0.12896638454736592,
    "t1": 0.9026258365496116,
    "t2": 5.419881352264564
}