{
    "b0": 10.139243532681641,
    "b1": -3.2047950179947033,
    "b2": -0.007058748019519001,
    "b3": -6.818872499431421,
    "t1": 102.5956075538176,
    "t2": 243.09472235330833
}