{
    "b0": 0.1532076524221643,
    "b1": -0.06665533460864163,
    "b2": 0.06686482030080834,
    "b3": -0.10466477361997151,
    "t1": 2.3105144306277907,
    "t2": 5.033212810599252
}