{
    "b0": 0.0973233655166212,
    "b1": -0.02954027931363557,
    "b2": 0.03663787493727448,
    "b3": -0.08295460255434221,
    "t1": 50.03474866846455,
    "t2": 94.74513590459689
}