{
    "b0": 0.10380112263845909,
    "b1": -0.03307594900563771,
    "b2": -2.406684672471432e-07,
    "b3": 0.014270624796096825,
    "t1": 2.694923315704554,
    "t2": 0.3558148506250701
}