{
    "b0": 0.09972058938778126,
    "b1": -0.03241861450297999,
    "b2": 0.002821204743112579,
    "b3": -0.08256949382838177,
    "t1": 41.03171943608577,
    "t2": 156.92185277148468
}