{
    "b0": 0.12177449501648846,
    "b1": -0.03099328627708265,
    "b2": 0.5059552794294796,
    "b3": -0.5243933409265942,
    "t1": 0.336185268060882,
    "t2": 0.3463574309184465
}