{
    "b0": 0.11780103357848395,
    "b1": -0.04258466143323415,
    "b2": 0.11734879855985479,
    "b3": -0.16663050576550467,
    "t1": 63.603213300638785,
    "t2": 91.98496199231678
}