{
    "b0": 0.09825166879104275,
    "b1": -0.0016923209257656315,
    "b2": 0.007203502869810316,
    "b3": 0.09748636158916892,
    "t1": 2.0,
    "t2": 5.0
}