{
    "b0": 0.10701707390517591,
    "b1": -0.029043158176646343,
    "b2": -0.010760528554373757,
    "b3": -0.0193515205151938,
    "t1": 2.6419701974716516,
    "t2": 0.042797214572508235
}