{
    "b0": 0.11949840150581621,
    "b1": -0.025341490225633784,
    "b2": -0.024535617992742603,
    "b3": -0.058674661664458394,
    "t1": 16.14560310305561,
    "t2": 102.09096522939419
}