{
    "b0": 11.599047306583588,
    "b1": -3.5288638334803615,
    "b2": -389.4126339405068,
    "b3": 385.9877721143425,
    "t1": 118.61077807456927,
    "t2": 117.81563585591698
}