{
    "b0": 10.089863710743174,
    "b1": -3.134962523974508,
    "b2": 0.09374245015307858,
    "b3": -2.6119407662742424,
    "t1": 203.34670008514112,
    "t2": 291.9872516519445
}