{
    "b0": 0.12093529563855625,
    "b1": -0.024394543125174317,
    "b2": -8.072199741788674e-07,
    "b3": -0.012585365952993055,
    "t1": 1.0546802268686029,
    "t2": 0.036811676667520186
}