{
    "b0": 0.11816072638890468,
    "b1": -0.02809315237374592,
    "b2": 0.06986708678409084,
    "b3": -0.10709580614109938,
    "t1": 48.168687856718094,
    "t2": 72.53198048882913
}