{
    "b0": 0.10303852218886735,
    "b1": -0.0338348544094178,
    "b2": 4.1924549311171677e-07,
    "b3": -0.01004555795860752,
    "t1": 1.0664750756407981,
    "t2": 2.274643223193282
}