{
    "b0": 0.11924217879876801,
    "b1": -0.032508542951493205,
    "b2": 0.02043498606100844,
    "b3": -0.07659152149141005,
    "t1": 31.051935045604548,
    "t2": 95.2104799813209
}