{
    "b0": 0.10274882557275015,
    "b1": -0.03333396133512589,
    "b2": -4.316504669706067e-07,
    "b3": -0.013572519223774759,
    "t1": 0.8893829288489304,
    "t2": 1.717997936575984
}