{
    "b0": 9.837748421026593,
    "b1": -2.943560248453082,
    "b2": 0.015311179279256848,
    "b3": -6.566609819668523,
    "t1": 98.17915372030195,
    "t2": 249.84212144877338
}