{
    "b0": 0.45343659620506077,
    "b1": -0.3844342901841163,
    "b2": 7.860853743837937e-06,
    "b3": -0.8758424225515135,
    "t1": 3.3317400191249327,
    "t2": 9.736592787207238
}