{
    "b0": 10.926677116392247,
    "b1": -3.324303675714046,
    "b2": 0.32105956625793275,
    "b3": -3.611886069619626,
    "t1": 142.4712930548885,
    "t2": 307.2255893428062
}