{
    "b0": 0.098303964545644,
    "b1": -0.0017403180997711612,
    "b2": 0.0069791200801429575,
    "b3": 0.09538584783317823,
    "t1": 2.0,
    "t2": 5.0
}