{
    "b0": 12.190374679758923,
    "b1": -3.868261760136086,
    "b2": 250.9666027503903,
    "b3": -254.26869855259477,
    "t1": 98.62651902737427,
    "t2": 99.49932935419967
}