{
    "b0": 11.015068014025436,
    "b1": -3.6566005660931973,
    "b2": -0.00486579146514643,
    "b3": -5.559309017281597,
    "t1": 117.83060974152357,
    "t2": 320.86148928788606
}