{
    "b0": 0.09961663106460611,
    "b1": -0.030020957219981173,
    "b2": -0.021461560206812183,
    "b3": -0.08380031462440803,
    "t1": 22.581356725585557,
    "t2": 159.61988460479168
}