{
    "b0": 10.281748552883649,
    "b1": -3.386675823943333,
    "b2": 32.40059977959557,
    "b3": -34.39372003415206,
    "t1": 230.55422022301218,
    "t2": 233.1464136572368
}