{
    "b0": 0.11562065632561433,
    "b1": -0.03634632429252975,
    "b2": 0.016623544783507714,
    "b3": -0.07707998093387627,
    "t1": 39.449366319707536,
    "t2": 107.0596163454316
}