{
    "b0": 0.09737672409124903,
    "b1": -0.02942036464399239,
    "b2": 0.0021842724258191656,
    "b3": -0.06562785130039449,
    "t1": 36.43847703374497,
    "t2": 120.96748501476782
}