{
    "b0": 0.11526380735137426,
    "b1": -0.038122363634195064,
    "b2": -6.779889172777061e-05,
    "b3": -0.0002000297202484798,
    "t1": 0.8735784191966605,
    "t2": 4.282670570489802
}