{
    "b0": 0.12070117406981712,
    "b1": -0.033382363404748816,
    "b2": -0.015338870254434287,
    "b3": -0.06976805918487954,
    "t1": 16.801702625555077,
    "t2": 98.46117981333911
}