{
    "b0": 0.10881669321482434,
    "b1": -0.03810908861337299,
    "b2": -0.040925346854606456,
    "b3": -0.026022573595794754,
    "t1": 0.7557360238013671,
    "t2": 3.2435378728086426
}