{
    "b0": 0.12084994844436164,
    "b1": -0.03553066409840781,
    "b2": 0.031701346011500264,
    "b3": -0.08681412571456154,
    "t1": 42.01410307290554,
    "t2": 93.6631615520424
}