{
    "b0": 0.12752224162410872,
    "b1": -0.03457089974861895,
    "b2": -0.008933520397445724,
    "b3": 0.0019569061540262583,
    "t1": 0.5737729494131338,
    "t2": 3.996611346978276
}