{
    "b0": 0.12994102854123216,
    "b1": -0.037353105337979794,
    "b2": 0.07319960210592935,
    "b3": -0.12406350740654867,
    "t1": 52.804846419317094,
    "t2": 84.82091000155835
}