{
    "b0": 11.52399429052437,
    "b1": -3.238124280791487,
    "b2": -2.875231107970579,
    "b3": -6.454914974831237,
    "t1": 23.595029281903233,
    "t2": 142.50526422675205
}