{
    "b0": 0.3456499924776291,
    "b1": -0.27563282990235577,
    "b2": -0.15554485604480478,
    "b3": -0.6500030292807505,
    "t1": 1.3202745227022847,
    "t2": 7.0548015339940555
}