{
    "b0": 0.27263019115377446,
    "b1": -0.203957254669741,
    "b2": 0.2494930228745562,
    "b3": -0.56994932657242,
    "t1": 4.369719535882332,
    "t2": 7.104145035939782
}