{
    "b0": 0.10689877234122044,
    "b1": -0.029517739929541254,
    "b2": 0.06346575735080044,
    "b3": 0.011037550402547693,
    "t1": 2.634382966487343,
    "t2": 0.10232975931484489
}