{
    "b0": 0.11000414480359062,
    "b1": -0.03942275162086881,
    "b2": -0.04160298678700483,
    "b3": -0.029757566558593174,
    "t1": 0.7501581899944765,
    "t2": 3.314320900799395
}