{
    "b0": 0.14556779894205207,
    "b1": -0.052125867978116726,
    "b2": 0.034347832548986296,
    "b3": -0.05629318984835741,
    "t1": 1.569253577899464,
    "t2": 4.67150548268062
}