{
    "b0": 12.63986198690321,
    "b1": -3.353398192871663,
    "b2": 3.67825364417952,
    "b3": -7.148377119494375,
    "t1": 86.19105993012737,
    "t2": 124.65857927865748
}