{
    "b0": 0.10360156614888737,
    "b1": -0.0339591889677107,
    "b2": 1.5158794042843121e-06,
    "b3": -0.01859352644923188,
    "t1": 0.7740274115651598,
    "t2": 1.629680196294269
}