{
    "b0": 0.14104783327304266,
    "b1": -0.04763094833981613,
    "b2": 0.02958288182582957,
    "b3": -0.045028197975831935,
    "t1": 1.651308100795615,
    "t2": 4.779472801892771
}