{
    "b0": 0.0972800417486687,
    "b1": -0.03087575257462078,
    "b2": 0.05533255143552147,
    "b3": -0.10935529224358423,
    "t1": 74.001607044163,
    "t2": 137.97864303161046
}