{
    "b0": 10.26310420125829,
    "b1": -3.375563490156888,
    "b2": -0.9237933899108228,
    "b3": -0.6167605590518221,
    "t1": 255.31279457147954,
    "t2": 245.65383586229572
}