{
    "b0": 0.1341617659674011,
    "b1": -0.04123040801890446,
    "b2": 0.024636323188982418,
    "b3": -0.03793946135698805,
    "t1": 1.7317956564964079,
    "t2": 4.830672003191355
}