{
    "b0": 9.755870177492996,
    "b1": -2.862834431575733,
    "b2": 0.3175724245094673,
    "b3": -6.719331372764678,
    "t1": 90.70988311496073,
    "t2": 239.87034946691088
}