{
    "b0": 0.15122018692206823,
    "b1": -0.08247861428084116,
    "b2": 2.8878317604383308e-06,
    "b3": -0.13034072807282351,
    "t1": 1.5629821736926415,
    "t2": 6.3329904121350005
}