{
    "b0": 0.11696626546624796,
    "b1": -0.026649438735870862,
    "b2": 0.054933904553743494,
    "b3": -0.09380597341681687,
    "t1": 29.339016393431677,
    "t2": 51.1118051525775
}