{
    "b0": 0.09931824860503807,
    "b1": -0.031093655195856516,
    "b2": 0.03402009091372112,
    "b3": -0.06839504834304418,
    "t1": 49.911297568477075,
    "t2": 113.67745282600015
}