{
    "b0": 0.114908590266381,
    "b1": -0.04008447522667259,
    "b2": 0.1035139443431175,
    "b3": -0.15141369863774706,
    "t1": 43.001350983994215,
    "t2": 60.49042694053916
}