{
    "b0": 0.14109313062764972,
    "b1": -0.04750484283693732,
    "b2": 0.04041163437844989,
    "b3": -0.06142867505802428,
    "t1": 1.9102671970648133,
    "t2": 4.9457013231323295
}