{
    "b0": 0.12548006880811116,
    "b1": -0.03263781731187623,
    "b2": 0.013455682189664125,
    "b3": -0.010405433892531759,
    "t1": 1.635339798874234,
    "t2": 4.8250950233422065
}