{
    "b0": 0.11007153507293606,
    "b1": -0.03421558576815463,
    "b2": -0.01108367990577776,
    "b3": 0.01319550864581212,
    "t1": 1.181043036595052,
    "t2": 0.42255660849061094
}