{
    "b0": 0.1295205324310329,
    "b1": -0.05972871629756188,
    "b2": -0.029535015718460567,
    "b3": -0.08409747227780952,
    "t1": 0.9344596794504265,
    "t2": 5.33182756303358
}