{
    "b0": 0.1754200843901934,
    "b1": -0.080455278900069,
    "b2": 0.0732337366533436,
    "b3": -0.14904093135634008,
    "t1": 2.2972264334880492,
    "t2": 5.048343417479373
}