{
    "b0": 0.09714907846350122,
    "b1": -0.02932344598731105,
    "b2": 0.007854427528525734,
    "b3": -0.06290409046448141,
    "t1": 33.758464292375834,
    "t2": 98.25616222596976
}