{
    "b0": 0.1305685652726127,
    "b1": -0.03578833217856203,
    "b2": 0.020693259673444597,
    "b3": -0.09118224375664337,
    "t1": 40.33722083511969,
    "t2": 103.90369813931889
}