{
    "b0": 10.587438143737348,
    "b1": -3.320813834028555,
    "b2": 0.0038907942242394356,
    "b3": -4.512304162761168,
    "t1": 125.187917254361,
    "t2": 373.58242126590835
}