{
    "b0": 0.2032718744275409,
    "b1": -0.13421217672484193,
    "b2": 0.3028506985279995,
    "b3": -0.4596689098544182,
    "t1": 4.41427187836636,
    "t2": 6.1944706905642795
}