{
    "b0": 0.14435448494432288,
    "b1": -0.07578912274766615,
    "b2": 0.07666063502303044,
    "b3": -0.14341348776275958,
    "t1": 2.729773147504172,
    "t2": 5.346012445914038
}