{
    "b0": 0.11219614998378487,
    "b1": -0.03319763994123202,
    "b2": 0.05024442752018608,
    "b3": -0.09537230506426973,
    "t1": 58.578300895433586,
    "t2": 104.9071829062129
}