{
    "b0": 0.11150250939139499,
    "b1": -0.014958224318632262,
    "b2": 0.01949865091280591,
    "b3": 0.05311442166913354,
    "t1": 2.251463549793698,
    "t2": 4.905194815228242
}