{
    "b0": 0.1205504450765248,
    "b1": -0.035044078515658064,
    "b2": 0.3227729585397114,
    "b3": -0.30866639239319593,
    "t1": 1.047158842180947,
    "t2": 1.019509879806
}