{
    "b0": 0.11937743182241693,
    "b1": -0.04083167216394671,
    "b2": 0.03173267502641039,
    "b3": -0.015052459553928784,
    "t1": 1.3823931292174292,
    "t2": 4.648086896135395
}