{
    "b0": 0.12289935071040557,
    "b1": -0.03023920563023331,
    "b2": 0.0008839019082953117,
    "b3": -0.0028576438469864827,
    "t1": 1.097161274715718,
    "t2": 4.494872348303707
}