{
    "b0": 0.10155771274674943,
    "b1": -0.029281385467029006,
    "b2": -0.029473703351521115,
    "b3": 0.01782164786653943,
    "t1": 1.0545115268333853,
    "t2": 0.47976868665191486
}