{
    "b0": 0.11809945212581895,
    "b1": -0.027180881620219775,
    "b2": 0.00639705941878848,
    "b3": -0.06349560523589766,
    "t1": 21.580064633791,
    "t2": 73.47863334883773
}