{
    "b0": 0.16498474336596405,
    "b1": -0.09615703398910565,
    "b2": 0.41251974349209564,
    "b3": -0.49413608493859174,
    "t1": 3.900989625326973,
    "t2": 4.811125450517494
}