{
    "b0": 0.10493761183369543,
    "b1": -0.031249133379655923,
    "b2": 0.011865198886250605,
    "b3": -0.06232104886963024,
    "t1": 32.3180834670881,
    "t2": 87.2344177918288
}