{
    "b0": 0.10855166590706766,
    "b1": -0.03801449176892922,
    "b2": -0.041178076116267684,
    "b3": -0.02588886118191901,
    "t1": 0.7846234043639801,
    "t2": 3.375621864148923
}