{
    "b0": 0.12222516421097501,
    "b1": -0.02358312397184134,
    "b2": 0.05026159759444779,
    "b3": -0.009442684482331123,
    "t1": 3.039597991201661,
    "t2": 0.44248752493363597
}