{
    "b0": 0.11481813598439762,
    "b1": -0.03592659527731334,
    "b2": 0.03650449730083245,
    "b3": -0.08757168341882324,
    "t1": 47.7532142190226,
    "t2": 102.73015537504314
}