{
    "b0": 12.812464067143054,
    "b1": -3.6046521190736964,
    "b2": 653.0714370900671,
    "b3": -655.5687216092032,
    "t1": 121.80931570953658,
    "t2": 122.0412759379096
}