{
    "b0": 0.2306033307269874,
    "b1": -0.1615861814459224,
    "b2": 0.3500378475432927,
    "b3": -0.5666577485230799,
    "t1": 4.457151573035654,
    "t2": 6.331356107995864
}