{
    "b0": 10.354491726804554,
    "b1": -3.338598755840902,
    "b2": -2.375818452775171,
    "b3": -4.720208498388268,
    "t1": 62.472255368222996,
    "t2": 229.76206312769017
}