{
    "b0": 11.782708792533501,
    "b1": -3.912437759221336,
    "b2": 679.2585417005475,
    "b3": -683.0975663738749,
    "t1": 119.24633536285114,
    "t2": 119.75424573094976
}