{
    "b0": 9.840614426424212,
    "b1": -2.9276080679737913,
    "b2": -0.0012561303324001294,
    "b3": -6.341012017630424,
    "t1": 110.47131428664223,
    "t2": 263.4286662791242
}