{
    "b0": 0.18741506573660177,
    "b1": -0.08927201079143127,
    "b2": -0.06661365303510475,
    "b3": -0.14173725939317647,
    "t1": 0.7647493187906704,
    "t2": 5.911400444537309
}