{
    "b0": 0.09920234356060774,
    "b1": -0.03231132494612913,
    "b2": 0.2983811982226123,
    "b3": -0.3382067591074635,
    "t1": 56.53219690578721,
    "t2": 63.98519621839611
}