{
    "b0": 0.1495371538897569,
    "b1": -0.07931387159053213,
    "b2": -0.06568462977914022,
    "b3": -0.13765441457334038,
    "t1": 0.9773114911286276,
    "t2": 5.617063366510333
}