{
    "b0": 0.12957665495055815,
    "b1": -0.05710901498831046,
    "b2": 0.010726820291467622,
    "b3": -0.08055241381226846,
    "t1": 1.8322098689981114,
    "t2": 4.381318739074985
}