{
    "b0": 12.699136846667827,
    "b1": -3.5057860118545836,
    "b2": -197.81779160052108,
    "b3": 195.17735123782737,
    "t1": 118.74852254257907,
    "t2": 117.77654898472665
}