{
    "b0": 10.178781708803884,
    "b1": -3.0184010437453037,
    "b2": 0.002511388596597275,
    "b3": -3.2746939728038713,
    "t1": 109.1792348167922,
    "t2": 315.427532916043
}