{
    "b0": 0.10245698603810914,
    "b1": -0.03193686821293748,
    "b2": 3.494677995805051e-07,
    "b3": -0.015308470498070364,
    "t1": 1.9623901597533202,
    "t2": 0.595811300412919
}