{
    "b0": 0.09334073736098276,
    "b1": -0.026998206967054295,
    "b2": 0.007556679142755429,
    "b3": -0.07325571275634965,
    "t1": 33.46527281315621,
    "t2": 147.55394361996633
}