{
    "b0": 0.096230682000425,
    "b1": -0.02982483201449626,
    "b2": 0.027180417170125964,
    "b3": -0.08597889307576634,
    "t1": 59.94903814212433,
    "t2": 153.69616000894365
}