{
    "b0": 12.854529083556047,
    "b1": -3.539307878437337,
    "b2": 59.37423054097485,
    "b3": -62.458308041721985,
    "t1": 102.2490796663803,
    "t2": 105.64696049009981
}