{
    "b0": 10.304262610700262,
    "b1": -3.414169784808625,
    "b2": 0.3340362330908473,
    "b3": -0.5513548047309014,
    "t1": 353.5071728034137,
    "t2": 423.4063566303562
}