{
    "b0": -0.27000083372852546,
    "b1": 0.35220462665504565,
    "b2": 0.5212543741603866,
    "b3": -0.004562903533272822,
    "t1": 8.646743142471717,
    "t2": -4.466092583222718
}