{
    "b0": 9.85362853154121,
    "b1": -2.8252487327497633,
    "b2": -1.853434436147584,
    "b3": -4.531726356985938,
    "t1": 55.3050506578929,
    "t2": 210.1252800801184
}