{
    "b0": 0.18194963681140702,
    "b1": -0.11159170150407477,
    "b2": -0.08335145004307631,
    "b3": -0.20890607381871176,
    "t1": 1.0497202772362502,
    "t2": 6.330813591119375
}