{
    "b0": 12.573975113293844,
    "b1": -4.008671910973233,
    "b2": -1422.080868501341,
    "b3": 1418.2080538840612,
    "t1": 106.41754553822967,
    "t2": 106.28591508345986
}