{
    "b0": 10.04074979072061,
    "b1": -2.8313414717046017,
    "b2": -0.004647651391125329,
    "b3": -3.929074484019835,
    "t1": 142.84311794096595,
    "t2": 397.8135828769318
}