{
    "b0": 0.10893604440162093,
    "b1": -0.026889174717791415,
    "b2": 0.12629005113769382,
    "b3": -0.11051905560442468,
    "t1": 1.5760891116748093,
    "t2": 1.468316799045637
}