{
    "b0": 12.597213652581148,
    "b1": -4.011788133780275,
    "b2": -911.9145917815858,
    "b3": 907.9579227646967,
    "t1": 105.5655021932802,
    "t2": 105.3421274460952
}