{
    "b0": 0.10835271448327834,
    "b1": -0.03941945075209005,
    "b2": 0.019033903734456674,
    "b3": -0.029582334993306775,
    "t1": 2.0,
    "t2": 5.0
}