{
    "b0": 0.11561888421545732,
    "b1": -0.036493456147083686,
    "b2": 0.022353396746044613,
    "b3": -0.08042702736527071,
    "t1": 42.55302207746903,
    "t2": 108.99106032189162
}