{
    "b0": 11.25893250908952,
    "b1": -2.9617098069191696,
    "b2": -2.695980949508019,
    "b3": -5.96784591669894,
    "t1": 27.63779302226804,
    "t2": 159.01310717970935
}