{
    "b0": 0.10497925022623411,
    "b1": -0.03345820898551899,
    "b2": -6.023932695093347e-05,
    "b3": 0.011994691047569676,
    "t1": 2.6724430586810652,
    "t2": 0.3868901619076466
}