{
    "b0": 0.12233590870534086,
    "b1": -0.037972423405118874,
    "b2": 0.18809782452139118,
    "b3": -0.23420633009356756,
    "t1": 62.606815895461374,
    "t2": 76.19240967374427
}