{
    "b0": 12.160616222482675,
    "b1": -2.8135417679079957,
    "b2": -2.1348335074768143,
    "b3": -4.191783861266197,
    "t1": 32.445127047567375,
    "t2": 147.77842790660128
}