{
    "b0": 0.10399652396716029,
    "b1": -0.03333708517840536,
    "b2": -0.03727319806420167,
    "b3": -0.018918136800381964,
    "t1": 0.8292257306600705,
    "t2": 3.431014665422797
}