{
    "b0": 0.15139969475044793,
    "b1": -0.08174475451815472,
    "b2": -0.04165341627962679,
    "b3": -0.13853351692261817,
    "t1": 1.0306652844135658,
    "t2": 5.795046766965439
}