{
    "b0": 0.10187337046539029,
    "b1": -0.03134456769106842,
    "b2": -0.03680101533958237,
    "b3": -0.011043487776593072,
    "t1": 0.8689974459046323,
    "t2": 3.429255970116242
}