{
    "b0": 10.567323707855376,
    "b1": -3.5128381079816435,
    "b2": -2.7007141144358195,
    "b3": -5.549230115762815,
    "t1": 57.21449387870592,
    "t2": 233.47209095331456
}