{
    "b0": 13.311015075133142,
    "b1": -3.687894917259416,
    "b2": -2919.114313059898,
    "b3": 2914.3518472010405,
    "t1": 104.93016929463847,
    "t2": 104.81402535958976
}