{
    "b0": 0.12101268864521472,
    "b1": -0.030676510742667584,
    "b2": 0.1572275573396672,
    "b3": -0.1544832561871608,
    "t1": 1.0000002073293293,
    "t2": 0.9314899815512279
}