{
    "b0": 0.09867736864478065,
    "b1": -0.01636462759564208,
    "b2": 0.015187568443072804,
    "b3": 0.039673779367280795,
    "t1": 2.0,
    "t2": 5.0
}