{
    "b0": 0.1104742089511654,
    "b1": -0.04005427545581215,
    "b2": -0.03987037233141383,
    "b3": -0.030996869335145893,
    "t1": 0.7215718932961748,
    "t2": 3.167186306260151
}