{
    "b0": 10.842845431292927,
    "b1": -3.4479958255108,
    "b2": -0.0006874377065178017,
    "b3": -5.278465805092664,
    "t1": 122.72719029758264,
    "t2": 316.6768250770106
}