{
    "b0": 0.09801565429815147,
    "b1": -0.03129928800489679,
    "b2": 0.035700442225830256,
    "b3": -0.08770553015048983,
    "t1": 49.61741719604329,
    "t2": 98.58479200924401
}