{
    "b0": 0.09371733860324892,
    "b1": -0.028300866868294042,
    "b2": 0.025498367057139655,
    "b3": -0.08041847886232899,
    "t1": 47.970409875177126,
    "t2": 140.531521851601
}