{
    "b0": 0.18260538261779896,
    "b1": -0.11259402574318039,
    "b2": -0.0770609344516696,
    "b3": -0.21313670439100016,
    "t1": 1.0065917856636701,
    "t2": 5.893629132029136
}