{
    "b0": 0.18109197293606885,
    "b1": -0.1105773143050485,
    "b2": -0.08108481897352632,
    "b3": -0.2171660596257703,
    "t1": 1.0529203581913862,
    "t2": 6.0181601921608685
}