{
    "b0": 0.30626496425473315,
    "b1": -0.21064713530739654,
    "b2": 0.1811861105859507,
    "b3": -0.5348904102757429,
    "t1": 3.6097494007798376,
    "t2": 7.002329818388348
}