{
    "b0": 0.2512428109213642,
    "b1": -0.15624073579398465,
    "b2": 0.21360667097538005,
    "b3": -0.4403795354683344,
    "t1": 3.2991176596091116,
    "t2": 5.716507664858751
}