{
    "b0": 0.12020330736680773,
    "b1": -0.029126757381813993,
    "b2": 0.02813542681600414,
    "b3": -0.07519593424067347,
    "t1": 36.63875011240345,
    "t2": 73.59820323723252
}