{
    "b0": 0.11487804676200704,
    "b1": -0.03365594149293335,
    "b2": -0.1331285535593322,
    "b3": 0.14476948978407236,
    "t1": 1.2769884853582711,
    "t2": 1.4187588852393425
}