{
    "b0": 12.298298408669396,
    "b1": -4.174680989336581,
    "b2": -2522.820801080113,
    "b3": 2519.3528990942414,
    "t1": 97.90756837551079,
    "t2": 97.80342452577891
}