{
    "b0": 0.12156933538451645,
    "b1": -0.030890754195480655,
    "b2": -0.2642285902359751,
    "b3": 0.25888612021160784,
    "t1": 0.7741114032481713,
    "t2": 0.8090490973836104
}