{
    "b0": 0.13956306736951676,
    "b1": -0.04114568175590509,
    "b2": -0.04212134154063661,
    "b3": 0.000603187724833143,
    "t1": 0.5810776396063229,
    "t2": -5.708160066071894
}