{
    "b0": 10.308273144870489,
    "b1": -3.362545171429158,
    "b2": -2.2463484342921376,
    "b3": -1.983964754866399,
    "t1": 162.18816621102238,
    "t2": 479.74237594961096
}