{
    "b0": 10.25837580466402,
    "b1": -3.231076972261569,
    "b2": -3.334809590144392,
    "b3": -1.0292269489915464,
    "t1": 266.5534025861681,
    "t2": 648.0515350501221
}