{
    "b0": 0.11029169457154353,
    "b1": -0.03646200514104214,
    "b2": 0.056979433382447674,
    "b3": -0.09821958553920637,
    "t1": 60.049747959650404,
    "t2": 94.70213699467254
}