{
    "b0": 12.599914842369488,
    "b1": -4.382584346603743,
    "b2": -1688.0944613676759,
    "b3": 1684.104889968785,
    "t1": 98.71299224939682,
    "t2": 98.55981990079282
}