{
    "b0": 0.12062252491953958,
    "b1": -0.038941465933035734,
    "b2": 0.10308268960035567,
    "b3": -0.15084094237618,
    "t1": 48.167805530426804,
    "t2": 69.05537987363743
}