{
    "b0": 0.12336458351961575,
    "b1": -0.040735040492044586,
    "b2": 0.07215127000363254,
    "b3": -0.12609666303055608,
    "t1": 41.98234509307312,
    "t2": 70.56511830433743
}