{
    "b0": 13.631011431154908,
    "b1": -3.8453533847339205,
    "b2": -2.333685297164609,
    "b3": -8.641195741334622,
    "t1": 27.92327416471286,
    "t2": 151.39462194050097
}