{
    "b0": 0.11937930994878414,
    "b1": -0.03417356666861453,
    "b2": 0.02635906184005966,
    "b3": -0.08031685422464448,
    "t1": 43.08239603965552,
    "t2": 98.4305424314316
}