{
    "b0": 0.10719223933409625,
    "b1": -0.03396801441407732,
    "b2": 0.10532164614307267,
    "b3": -0.13164132950500762,
    "t1": 0.6644144648803254,
    "t2": 0.7942053528486044
}