{
    "b0": 0.10927892418603481,
    "b1": -0.031448995452438996,
    "b2": 0.02957779341644115,
    "b3": -0.07857139250229489,
    "t1": 37.71996796707546,
    "t2": 89.76944625498209
}