{
    "b0": 10.740661792335441,
    "b1": -3.4019611374245144,
    "b2": -0.000970558951335132,
    "b3": -4.914785013768139,
    "t1": 115.23751672101268,
    "t2": 325.2656669560863
}