{
    "b0": 0.10547171846113591,
    "b1": -0.03269007244894024,
    "b2": 0.002972742458209273,
    "b3": -0.043004000428372526,
    "t1": 0.386833526698549,
    "t2": 1.0150725884288514
}