{
    "b0": 12.35687798741466,
    "b1": -3.7375420098414356,
    "b2": -1053.2437601574075,
    "b3": 1049.594907714118,
    "t1": 111.82468181832164,
    "t2": 111.61957314968504
}