{
    "b0": 0.09865900850903898,
    "b1": -0.0315184602492614,
    "b2": -0.0025278319497444406,
    "b3": -0.08005262414689586,
    "t1": 33.009326482418444,
    "t2": 151.6596562681975
}