{
    "b0": 0.09978034405951537,
    "b1": -0.02802638982352948,
    "b2": -0.020776683775330543,
    "b3": -0.05853371872634859,
    "t1": 19.97031778279657,
    "t2": 145.21162951311928
}