{
    "b0": 0.09765696392728976,
    "b1": -0.029837794830691683,
    "b2": 0.027608345201232225,
    "b3": -0.07910669346437611,
    "t1": 41.99053122374061,
    "t2": 84.7660246769932
}