{
    "b0": 13.182010015876054,
    "b1": -3.4728882234583045,
    "b2": 104.95104622047977,
    "b3": -109.63288389923812,
    "t1": 119.29918548627874,
    "t2": 122.70472154431803
}