{
    "b0": 0.10412041786749411,
    "b1": -0.03247170330990069,
    "b2": 4.561998666443093e-07,
    "b3": 0.01065905705685421,
    "t1": 2.380830782195482,
    "t2": 0.2783023983926627
}