{
    "b0": 0.10733515080263341,
    "b1": -0.03690346036098035,
    "b2": -0.04045610646216706,
    "b3": -0.015994387031668486,
    "t1": 0.7659614164056372,
    "t2": 3.0088251492133526
}