{
    "b0": 0.10667775423749222,
    "b1": -0.033433426095661134,
    "b2": 0.03800164246543155,
    "b3": -0.06467194598443952,
    "t1": 0.6891161619698218,
    "t2": 1.036725251607745
}