{
    "b0": 0.10170025717987868,
    "b1": -0.030090289527079102,
    "b2": 0.0012551263077182871,
    "b3": -0.032577240225397486,
    "t1": 0.31491187169763046,
    "t2": 0.8712992487995317
}