{
    "b0": 13.200835994383315,
    "b1": -3.495148595014822,
    "b2": 484.6937785201817,
    "b3": -489.34551360818955,
    "t1": 120.44579473084652,
    "t2": 121.20461274913065
}