{
    "b0": 0.15464382924251507,
    "b1": -0.06107387439926518,
    "b2": 0.04130454170055836,
    "b3": -0.078929034359285,
    "t1": 1.7110454638905663,
    "t2": 4.81333576291657
}