{
    "b0": 0.09771499841973022,
    "b1": -0.03071602759429476,
    "b2": 0.011145378308949863,
    "b3": -0.07144465474621103,
    "t1": 43.63949404003983,
    "t2": 120.22204940862937
}