{
    "b0": 0.12192717032572535,
    "b1": -0.04391561395806878,
    "b2": 0.022497311964172956,
    "b3": -0.08768577850210962,
    "t1": 33.35518896901898,
    "t2": 88.18204306471758
}