{
    "b0": 0.22865075015588077,
    "b1": -0.15937387627167196,
    "b2": -2.6497489043625366e-06,
    "b3": -0.31835381509867017,
    "t1": 2.3151745571871567,
    "t2": 7.707273155948625
}