{
    "b0": 0.1290612937144893,
    "b1": -0.037513932890830444,
    "b2": 0.11938701605377187,
    "b3": -0.16523940240843785,
    "t1": 51.39465448788682,
    "t2": 71.53741887750925
}