{
    "b0": 0.14232689152527217,
    "b1": -0.06984958060160978,
    "b2": 0.012471639222900514,
    "b3": -0.11117230873372563,
    "t1": 2.0,
    "t2": 5.0
}