{
    "b0": 12.54683947481059,
    "b1": -3.9807573513918824,
    "b2": 3145.9170383744663,
    "b3": -3149.814274155448,
    "t1": 102.9754249695314,
    "t2": 103.03761882715922
}