{
    "b0": 12.818441544776332,
    "b1": -3.5615567644539707,
    "b2": 274.435742108398,
    "b3": -277.3677896640621,
    "t1": 104.10650527207355,
    "t2": 104.65527905031607
}