{
    "b0": 11.00404065286936,
    "b1": -2.9064106762649957,
    "b2": 134.7890527378859,
    "b3": -137.61814109270574,
    "t1": 129.58172298985335,
    "t2": 131.53970698453324
}