{
    "b0": 0.11414221082336654,
    "b1": -0.03782505417956544,
    "b2": 0.02261745112609533,
    "b3": 0.007367327326132984,
    "t1": 1.641010282214951,
    "t2": 0.35869065105482645
}