{
    "b0": 0.09836657367527685,
    "b1": -0.03051765167867812,
    "b2": 0.01830913065523232,
    "b3": -0.05581282905164615,
    "t1": 42.47609128157164,
    "t2": 124.01987183491002
}