{
    "b0": 11.360135046282693,
    "b1": -3.6481075660800606,
    "b2": -838.4792468254175,
    "b3": 835.67997445596,
    "t1": 105.02540699578209,
    "t2": 104.7686976179088
}