{
    "b0": 11.582990108033467,
    "b1": -3.858567337625522,
    "b2": -2.136454910186546,
    "b3": -5.744850673135031,
    "t1": 29.802158381225574,
    "t2": 105.5532933339419
}