{
    "b0": 0.13178451304220834,
    "b1": -0.03883489406603084,
    "b2": 0.06208596465185309,
    "b3": -0.1230055446743718,
    "t1": 47.98664310177193,
    "t2": 91.95726032972388
}