{
    "b0": 0.10028981160457161,
    "b1": -0.03364581447510758,
    "b2": 6.058047119473962,
    "b3": -6.099277860693702,
    "t1": 69.82666938116363,
    "t2": 70.32546196048999
}