{
    "b0": 0.1589864315879494,
    "b1": -0.0897990624832257,
    "b2": -0.044604797772841695,
    "b3": -0.15505862849577548,
    "t1": 1.0568801027274104,
    "t2": 5.859915342966217
}