{
    "b0": 0.10079188085816745,
    "b1": -0.03226318038777138,
    "b2": 0.05134901088032818,
    "b3": -0.08398711617216559,
    "t1": 62.88202028651685,
    "t2": 118.23587361569452
}