{
    "b0": 11.932745233453614,
    "b1": -2.672573267785661,
    "b2": 25.213609463820088,
    "b3": -26.975699983782246,
    "t1": 137.87907305514875,
    "t2": 142.08121982552433
}