{
    "b0": 10.061174805747738,
    "b1": -3.159027729312171,
    "b2": -1.27146357072056,
    "b3": -0.5818678473073569,
    "t1": 200.2458146460175,
    "t2": 607.9536183896785
}