{
    "b0": 0.16200534521645313,
    "b1": -0.07588639260397363,
    "b2": 0.1201925048485191,
    "b3": -0.1641283292786679,
    "t1": 2.738978745539361,
    "t2": 5.0381998563831925
}