{
    "b0": 13.320643862557155,
    "b1": -3.631470224696142,
    "b2": -951.0297051968615,
    "b3": 946.2756587782931,
    "t1": 114.60552347880105,
    "t2": 114.2505942895369
}