{
    "b0": 0.10103114803088355,
    "b1": -0.02049471668554312,
    "b2": 0.029219455088154114,
    "b3": 0.037008393936320425,
    "t1": 2.223699235843924,
    "t2": 4.954254470926571
}