{
    "b0": 10.197756186504138,
    "b1": -3.2224450409018313,
    "b2": -0.24121290991622635,
    "b3": -2.468835700659256,
    "t1": 183.0084049977319,
    "t2": 369.9063726915364
}