{
    "b0": 0.13029437765848234,
    "b1": -0.035951457145255175,
    "b2": 0.35462994617042554,
    "b3": -0.40289661307783026,
    "t1": 71.18118692037976,
    "t2": 82.8643251855475
}