{
    "b0": 0.1003500220423748,
    "b1": -0.03289073629303341,
    "b2": -0.0009130555463488337,
    "b3": -0.08048243662721755,
    "t1": 36.146699795804714,
    "t2": 144.41185697403552
}