{
    "b0": 0.09768960672561912,
    "b1": -0.029924183259549972,
    "b2": -0.0007135585418607364,
    "b3": -0.0662162777956294,
    "t1": 33.72779157745311,
    "t2": 126.18717615925368
}