{
    "b0": 0.10761918253610409,
    "b1": -0.0283854455594244,
    "b2": 0.02946531451566261,
    "b3": 0.012093380973345528,
    "t1": 1.463500768893434,
    "t2": 4.842135750003591
}