{
    "b0": 0.09726011705695062,
    "b1": -0.031029187838655117,
    "b2": 0.04752102067844069,
    "b3": -0.10499356454207434,
    "t1": 58.948500751659026,
    "t2": 126.3388881131599
}