{
    "b0": 10.943447809012723,
    "b1": -3.351505614800717,
    "b2": 0.8341296094530053,
    "b3": -3.2114230243972326,
    "t1": 167.59368603784807,
    "t2": 307.2518570446103
}