{
    "b0": 0.12465836212416224,
    "b1": -0.02868690853245051,
    "b2": 0.05299638432188727,
    "b3": 0.00038876639967588226,
    "t1": 2.734884627759031,
    "t2": 4.818856061889112
}