{
    "b0": 12.107588841841805,
    "b1": -1.3186965434293914,
    "b2": 0.5557012998024555,
    "b3": -3.3994162689964007,
    "t1": 46.812885120619946,
    "t2": 97.85255660156218
}