{
    "b0": 0.12408790768196395,
    "b1": -0.015355138957744176,
    "b2": -0.023373955154996635,
    "b3": -0.0009303643036287189,
    "t1": 0.6044040855881629,
    "t2": 1.262639950958997
}