{
    "b0": 0.16127770454469975,
    "b1": -0.05357736083988028,
    "b2": -0.044960843913921994,
    "b3": -0.0921330958388491,
    "t1": 0.5747734543064024,
    "t2": 4.744996169986246
}