{
    "b0": 0.11830873505438684,
    "b1": -0.012892325657401893,
    "b2": 0.20365111729942026,
    "b3": -0.22076508060739414,
    "t1": 37.97623902850361,
    "t2": 45.02342905944616
}