{
    "b0": 0.11961948058163559,
    "b1": -0.01313546290394101,
    "b2": 0.522473033184094,
    "b3": -0.5031106678999646,
    "t1": 1.6895454434111312,
    "t2": 1.7785490476494221
}