{
    "b0": 0.11951695023746617,
    "b1": -0.007819665079297072,
    "b2": -0.00459196076569309,
    "b3": -0.017607024041298356,
    "t1": 2.0,
    "t2": 5.0
}