{
    "b0": 0.13593795174175718,
    "b1": -0.03697253018767687,
    "b2": 0.07921684952280084,
    "b3": -0.12909306616966884,
    "t1": 60.803894529835915,
    "t2": 95.96732067903345
}