{
    "b0": 11.085126713947943,
    "b1": -0.3842799924222926,
    "b2": -128.99853208033906,
    "b3": 128.70539277364207,
    "t1": 8.193741235674514,
    "t2": 8.145581360418333
}