{
    "b0": 12.703235272299478,
    "b1": -1.8242233671801977,
    "b2": -2.410191375985093,
    "b3": -1.3791372285569519,
    "t1": 182.26483985774192,
    "t2": 1189.1166528672948
}