{
    "b0": 0.17321909599865332,
    "b1": -0.06434429255083148,
    "b2": -0.06336687291944229,
    "b3": -0.11788855828168437,
    "t1": 0.5804418189230375,
    "t2": 5.056471713123041
}