{
    "b0": 11.930620679940828,
    "b1": -1.19938580143085,
    "b2": -6005.463396628994,
    "b3": 6003.56219206331,
    "t1": 24.619346145206716,
    "t2": 24.611376837407686
}