{
    "b0": 0.13488879338161944,
    "b1": -0.03715077368418948,
    "b2": -0.013482457123169388,
    "b3": -0.08515282515062925,
    "t1": 23.69211623862495,
    "t2": 132.3486317987147
}