{
    "b0": 0.12364079826286449,
    "b1": -0.016790864555656163,
    "b2": 0.008573868102643446,
    "b3": -0.052334153814881545,
    "t1": 7.4164486779393215,
    "t2": 34.506920091216074
}