{
    "b0": 0.11748639734338757,
    "b1": -0.010478631785288718,
    "b2": 0.006175318413301201,
    "b3": -0.029802599214558537,
    "t1": 10.655688447390276,
    "t2": 32.61553296672355
}