{
    "b0": 11.291074027915801,
    "b1": -0.510109927732606,
    "b2": -1962.8461219751773,
    "b3": 1961.9621224600844,
    "t1": 25.03210621814105,
    "t2": 25.019838840934042
}