{
    "b0": 13.478356178020729,
    "b1": -3.2156231414984244,
    "b2": 219.36005941689405,
    "b3": -222.86510505488658,
    "t1": 113.5186848963497,
    "t2": 114.83242257736907
}