{
    "b0": 0.133854992540026,
    "b1": -0.03581700857016658,
    "b2": 0.06830184120177207,
    "b3": -0.11860329461560806,
    "t1": 48.823063262735914,
    "t2": 88.12283024829674
}