{
    "b0": 0.12768174302470478,
    "b1": -0.020904356682643722,
    "b2": 0.020021619415239257,
    "b3": -0.004962762589434785,
    "t1": 2.0,
    "t2": 5.0
}