{
    "b0": 0.17162104699671765,
    "b1": -0.06285537779629406,
    "b2": -0.0548514024648221,
    "b3": -0.12486179679391979,
    "t1": 0.6136072849048658,
    "t2": 5.008238220223058
}