{
    "b0": 0.13121079233110455,
    "b1": -0.028484327797807026,
    "b2": 0.513984331938348,
    "b3": -0.5509290044362851,
    "t1": 56.77392076392114,
    "t2": 61.767220628611284
}