{
    "b0": 0.12973625014772683,
    "b1": -0.02811740815013481,
    "b2": 0.17018577712921631,
    "b3": -0.20366069437375917,
    "t1": 42.31376711529372,
    "t2": 55.25337256903292
}