{
    "b0": 0.1689795696759045,
    "b1": -0.06162034626212813,
    "b2": 0.014417645957749789,
    "b3": -0.14561701298158203,
    "t1": 1.3046119211734553,
    "t2": 5.705924248802795
}