{
    "b0": 13.05758998406471,
    "b1": -2.618483806910702,
    "b2": 0.00026353989677407874,
    "b3": -4.992492740614232,
    "t1": 60.64563323858792,
    "t2": 168.91504000033652
}