{
    "b0": 0.12202464684880582,
    "b1": -0.013540765805119242,
    "b2": -0.01637064938826169,
    "b3": -0.015185752072377889,
    "t1": 0.39330955929506217,
    "t2": 3.7703545949919985
}