{
    "b0": 0.12484385181272464,
    "b1": -0.019768993961838732,
    "b2": 0.9739289604715592,
    "b3": -0.9986621560771197,
    "t1": 45.897446427722144,
    "t2": 47.79033071142409
}