{
    "b0": 11.64107619075711,
    "b1": -0.9962946374663826,
    "b2": 2003.486948640654,
    "b3": -2004.7581337608708,
    "t1": 17.255246671407924,
    "t2": 17.27162932253558
}