{
    "b0": 0.16162323012500018,
    "b1": -0.05910111816713489,
    "b2": 0.27788320815308365,
    "b3": -0.29168063917469267,
    "t1": 2.491465952180591,
    "t2": 3.0909796144157937
}