{
    "b0": 0.12145750444318312,
    "b1": -0.016016583621275907,
    "b2": 0.026614696444106602,
    "b3": -0.05616773780023635,
    "t1": 27.645056169526267,
    "t2": 67.76872774664429
}