{
    "b0": 0.17408580629514764,
    "b1": -0.06505580002511788,
    "b2": -0.06143018885850761,
    "b3": -0.12227543774496949,
    "t1": 0.5697552133459665,
    "t2": 4.880319925212721
}