{
    "b0": 0.12461892933546752,
    "b1": -0.01840598173653902,
    "b2": 0.08943351788287499,
    "b3": -0.11981751371400093,
    "t1": 45.67722706357488,
    "t2": 64.48315196471532
}