{
    "b0": 12.51919678322655,
    "b1": -1.6868076747846654,
    "b2": -1.3426286159462952,
    "b3": -4.410288527704218,
    "t1": 7.891913805263569,
    "t2": 49.644196932355676
}