{
    "b0": 0.11573312346692215,
    "b1": -0.00935097124606838,
    "b2": 0.043265628790226156,
    "b3": -0.031105410188319093,
    "t1": 1.0471591008849859,
    "t2": 3.861485389936311
}