{
    "b0": 12.312563924828067,
    "b1": -1.5180615157562545,
    "b2": -0.0022417148125895014,
    "b3": -4.040660376612578,
    "t1": 55.46966168714743,
    "t2": 165.59927263436356
}