{
    "b0": 13.812558869466404,
    "b1": -3.507748332550677,
    "b2": -2.501542254554425,
    "b3": -5.682251185782233,
    "t1": 28.62622936840421,
    "t2": 124.30892832847003
}