{
    "b0": 0.1473589576138791,
    "b1": -0.04077399898712227,
    "b2": -0.8989639795939042,
    "b3": 0.8543259507591862,
    "t1": 3.406935288130322,
    "t2": 3.157722242318533
}