{
    "b0": 0.1178687693290124,
    "b1": -0.01312033659091201,
    "b2": 0.14122398975018946,
    "b3": -0.1559116283899622,
    "t1": 37.14254016311507,
    "t2": 46.975310410482635
}