{
    "b0": 0.11703110310459745,
    "b1": -0.0017442946153942082,
    "b2": 0.034024739592512634,
    "b3": 0.015265859598686215,
    "t1": 0.6346258135713327,
    "t2": 1.6177253679884607
}