{
    "b0": 0.18374215843172637,
    "b1": -0.08109691552655769,
    "b2": 0.05718504355842272,
    "b3": -0.1422658231043395,
    "t1": 1.944731716178199,
    "t2": 4.913068660204899
}