{
    "b0": 13.165633816629102,
    "b1": -2.3017656874518,
    "b2": -1.7230028625531997,
    "b3": -6.0911657836372886,
    "t1": 18.244420146363755,
    "t2": 107.72066588283651
}