{
    "b0": 0.1334676210075954,
    "b1": -0.028110571896996724,
    "b2": -0.27982720106602893,
    "b3": 0.2727041098150215,
    "t1": 1.0549232844887189,
    "t2": 1.1021118519553819
}