{
    "b0": 12.040014908469123,
    "b1": -1.16283253425864,
    "b2": -1.7888538719512321,
    "b3": -0.26948622293820834,
    "t1": 111.81670486253351,
    "t2": 623.4690033219684
}