{
    "b0": 0.24761089176761433,
    "b1": -0.14048082774299656,
    "b2": 0.1312659614796806,
    "b3": -0.4028388610368173,
    "t1": 4.000969298962707,
    "t2": 7.005280097808059
}