{
    "b0": 13.336526117791966,
    "b1": -2.880543492390551,
    "b2": 946.2362319505108,
    "b3": -949.970251552396,
    "t1": 93.81581264086972,
    "t2": 94.04737639644023
}