{
    "b0": 12.61854378990742,
    "b1": -1.8657558231879832,
    "b2": 577.1657194350266,
    "b3": -580.0809890065184,
    "t1": 74.04547489577352,
    "t2": 74.31232738084383
}