{
    "b0": 0.13218869325896634,
    "b1": -0.030001265909291412,
    "b2": 0.33659320699041106,
    "b3": -0.37497184007877415,
    "t1": 53.055865660040894,
    "t2": 60.31895766174209
}