{
    "b0": 0.2003162970585189,
    "b1": -0.0974735891979334,
    "b2": 0.10930119066065835,
    "b3": -0.2218311084854773,
    "t1": 2.4995929544283952,
    "t2": 5.030976158489045
}