{
    "b0": 12.978767027844555,
    "b1": -2.229945848062566,
    "b2": 529.6665808861045,
    "b3": -533.1643470076672,
    "t1": 87.6769946430358,
    "t2": 88.01609315292781
}