{
    "b0": 11.562746213007054,
    "b1": -0.8342329065420755,
    "b2": -2886.0387922528002,
    "b3": 2884.756585405561,
    "t1": 6.5553350315496175,
    "t2": 6.551845629981992
}