{
    "b0": 0.15718682241169385,
    "b1": -0.048428935414113014,
    "b2": -0.045666377305984926,
    "b3": -0.0874893146665581,
    "t1": 0.5452052360750821,
    "t2": 4.944716644923833
}