{
    "b0": 0.13822848368459725,
    "b1": -0.03186271951115671,
    "b2": 0.3327774286793059,
    "b3": -0.33124681993399036,
    "t1": 2.2871993635396626,
    "t2": 2.624890814523146
}