{
    "b0": 0.1360799894732223,
    "b1": -0.040261437294340924,
    "b2": 0.03995792616788457,
    "b3": -0.11504408068690725,
    "t1": 47.193958991866126,
    "t2": 111.86704623154972
}