{
    "b0": 0.12100404966517933,
    "b1": -0.012560857661896362,
    "b2": -0.017142629062658284,
    "b3": -0.0122143220228032,
    "t1": 0.5511745502103564,
    "t2": 2.766635038747942
}