{
    "b0": 0.12216564459515529,
    "b1": -0.01922650404257842,
    "b2": 0.037705039226920214,
    "b3": -0.03352207204455741,
    "t1": 2.0,
    "t2": 5.0
}