{
    "b0": 0.1312314395590547,
    "b1": -0.02218534813692629,
    "b2": -0.4721804136365916,
    "b3": 0.4508709941738218,
    "t1": 0.5645539927374378,
    "t2": 0.5795125386607745
}