{
    "b0": 0.14188353536784976,
    "b1": -0.03327257292268816,
    "b2": -0.03358301087075048,
    "b3": -0.054420682506592516,
    "t1": 0.5254067700033451,
    "t2": 4.004674010919432
}