{
    "b0": 13.603466106026254,
    "b1": -3.4931347632681655,
    "b2": 881.0425482978768,
    "b3": -884.8309831341286,
    "t1": 111.58298726161478,
    "t2": 111.91862782156309
}