{
    "b0": 0.16374264394097035,
    "b1": -0.05511549343959761,
    "b2": -0.04889442161034527,
    "b3": -0.11251855772035113,
    "t1": 0.8472165747451387,
    "t2": 5.723641374202739
}