{
    "b0": 0.13104101784380737,
    "b1": -0.025480423873459182,
    "b2": 0.009136977580506488,
    "b3": -0.07138774170313934,
    "t1": 24.096771440455267,
    "t2": 86.64985754674017
}