{
    "b0": 0.1319898531359776,
    "b1": -0.025815826583222967,
    "b2": 0.3007172002365107,
    "b3": -0.3040920670704293,
    "t1": 2.297784225821948,
    "t2": 2.6512110768886545
}