{
    "b0": 12.729536903150057,
    "b1": -1.3131720741964243,
    "b2": -22134.195257061176,
    "b3": 22132.566429356717,
    "t1": 6.376591879145174,
    "t2": 6.375934013747659
}