{
    "b0": 0.11318132219928873,
    "b1": -0.01525793311189814,
    "b2": 0.035843812210556714,
    "b3": 0.026490813946967586,
    "t1": 0.8817039334085037,
    "t2": 0.042340507369855715
}