{
    "b0": 13.116524130431118,
    "b1": -2.3600684280986024,
    "b2": 28.252512986396816,
    "b3": -32.002160189513525,
    "t1": 93.24490548150246,
    "t2": 99.49609582138078
}