{
    "b0": 0.13876966869186075,
    "b1": -0.03749650018431295,
    "b2": 0.7684980952558363,
    "b3": -0.8010300893602939,
    "t1": 0.8247973818372618,
    "t2": 0.8113581151554151
}