{
    "b0": 0.12373001741661813,
    "b1": -0.01895963633242008,
    "b2": 0.009717066584653735,
    "b3": 0.01967730639516305,
    "t1": 2.0,
    "t2": 5.0
}