{
    "b0": 12.029287210134697,
    "b1": -1.176302891501005,
    "b2": -0.006840412810972918,
    "b3": -1.1548972782441356,
    "t1": 562.1759816588989,
    "t2": 194.53624140038582
}