{
    "b0": 12.247046920206948,
    "b1": -0.7746307042148146,
    "b2": -1016.7959648423007,
    "b3": 1015.7095686916175,
    "t1": 5.036802519095513,
    "t2": 5.029439623367446
}