{
    "b0": 11.55225655270952,
    "b1": -1.495751530940486,
    "b2": 8881.556005801796,
    "b3": -8881.377866384124,
    "t1": 4.928694166177771,
    "t2": 4.930171416929622
}