{
    "b0": 0.16500239900382135,
    "b1": -0.056597806857956,
    "b2": -0.04761841616792436,
    "b3": -0.11943187693479132,
    "t1": 0.8688831156142124,
    "t2": 5.645268313400281
}