{
    "b0": 0.13043763024391966,
    "b1": -0.02386121966760984,
    "b2": 0.021880492276854135,
    "b3": -0.016809326064598548,
    "t1": 2.0,
    "t2": 5.0
}