{
    "b0": 12.362487694955341,
    "b1": -1.529207194014035,
    "b2": -14.75779150350029,
    "b3": 12.151229706406173,
    "t1": 171.9031933821032,
    "t2": 161.99345430455577
}