{
    "b0": 0.12661156734951115,
    "b1": -0.01283668771801761,
    "b2": 0.02786834014417138,
    "b3": -0.049291552697372114,
    "t1": 6.089089360163993,
    "t2": 12.638832769220594
}