{
    "b0": 11.496841776630271,
    "b1": -0.7366307920232131,
    "b2": -856.3871508822328,
    "b3": 855.1661849761442,
    "t1": 22.075301805353334,
    "t2": 22.041338030797203
}