{
    "b0": 0.12758625980744823,
    "b1": -0.01747074220220757,
    "b2": 0.022953190924664822,
    "b3": -0.0024047336484885624,
    "t1": 0.7371471340295537,
    "t2": 3.521865024959173
}