{
    "b0": 0.11580956260060202,
    "b1": -0.010126751812964237,
    "b2": 0.02984153121032631,
    "b3": -0.04484983724337657,
    "t1": 20.16920699225335,
    "t2": 41.40380995888513
}