{
    "b0": 0.10323981730783201,
    "b1": -0.004638921164432822,
    "b2": 0.004570699911493727,
    "b3": 0.09458056755120167,
    "t1": 2.0,
    "t2": 5.0
}