{
    "b0": 12.861650528435893,
    "b1": -1.8717111438110843,
    "b2": 1997.894225609245,
    "b3": -2000.295461381465,
    "t1": 23.05171848366764,
    "t2": 23.072345629417498
}