{
    "b0": 0.11963959657182258,
    "b1": -0.015624474365711329,
    "b2": 0.05168935373812711,
    "b3": -0.07409616441636609,
    "t1": 34.56015436715834,
    "t2": 67.0482002928735
}