{
    "b0": 13.396420102324939,
    "b1": -3.0850778977692537,
    "b2": -187.94531288462295,
    "b3": 184.42910655084904,
    "t1": 122.81420855134543,
    "t2": 121.14769338221534
}