{
    "b0": 11.961291435997616,
    "b1": -1.1169175843034578,
    "b2": -0.018456335084436226,
    "b3": -0.6931274371005152,
    "t1": 895.8699280945929,
    "t2": 135.82986427671793
}