{
    "b0": 0.11841933182987177,
    "b1": -0.012012579879924839,
    "b2": 0.04490000830806373,
    "b3": -0.03346722645355227,
    "t1": 1.233960342807612,
    "t2": 2.676609439700418
}