{
    "b0": 12.442980709852863,
    "b1": -1.6047903060212114,
    "b2": -1.3446214077497571,
    "b3": -4.270131635329343,
    "t1": 6.901745089286315,
    "t2": 43.55956896095288
}