{
    "b0": 0.13403891014438327,
    "b1": -0.03401729755930745,
    "b2": 0.03823558561156619,
    "b3": -0.08857720650555673,
    "t1": 48.436964114618576,
    "t2": 102.12533643498983
}