{
    "b0": 13.768454730816533,
    "b1": -3.471886206770245,
    "b2": -2.335179255995261,
    "b3": -6.059594110442462,
    "t1": 23.616303189052445,
    "t2": 104.10227579154025
}