{
    "b0": 0.11980022824815773,
    "b1": -0.013894609962564794,
    "b2": 0.011200336523006397,
    "b3": -0.04400138369832776,
    "t1": 20.949548522899974,
    "t2": 81.45262839952981
}