{
    "b0": 0.13531246844214542,
    "b1": -0.030352714593717054,
    "b2": -0.2763924074649317,
    "b3": 0.26421080936962854,
    "t1": 0.8667270840843367,
    "t2": 0.8903740784145158
}