{
    "b0": 0.12099363911441254,
    "b1": -0.015876062816874703,
    "b2": 0.006885985582614733,
    "b3": -0.04443500238340299,
    "t1": 14.93385767314884,
    "t2": 74.28118463222425
}