{
    "b0": 0.33024895276751176,
    "b1": -0.22447960831500718,
    "b2": -0.10425854052798453,
    "b3": -0.5303851829953166,
    "t1": 1.476656923100843,
    "t2": 7.419328200326497
}