{
    "b0": 12.363580782135344,
    "b1": -1.5068441605993486,
    "b2": -2.0481291695568062,
    "b3": -0.6330736195711097,
    "t1": 210.3141618260017,
    "t2": 855.1150993304415
}