{
    "b0": 0.12306690551620841,
    "b1": -0.015192167479459014,
    "b2": -0.031785558801951094,
    "b3": 0.008949126418610048,
    "t1": 0.47776548937616026,
    "t2": 0.18419112626855227
}