{
    "b0": 0.12092840575766983,
    "b1": -0.017094779568290232,
    "b2": 0.08539920589825319,
    "b3": -0.10162434535208512,
    "t1": 13.10540957459407,
    "t2": 18.790023837990596
}