{
    "b0": 0.12871512525379375,
    "b1": -0.023123972209381394,
    "b2": 0.02645311443968537,
    "b3": -0.07127811751426065,
    "t1": 35.15800806001768,
    "t2": 79.88346292829398
}