{
    "b0": 0.1196313439734783,
    "b1": -0.013584886220407731,
    "b2": 0.027943377268570557,
    "b3": -0.05447330289264795,
    "t1": 36.34810451167919,
    "t2": 82.43794289390624
}