{
    "b0": 12.543698029003117,
    "b1": -1.1761828853543208,
    "b2": -3373.8601557764227,
    "b3": 3372.332855688308,
    "t1": 2.5819279530389316,
    "t2": 2.5803181450741492
}