{
    "b0": 0.12258181661272667,
    "b1": -0.018183849655731367,
    "b2": 0.030675749113970065,
    "b3": -0.06296962554000696,
    "t1": 31.15427276977892,
    "t2": 79.79358173821912
}