{
    "b0": 0.12712068617382252,
    "b1": -0.021579681659345498,
    "b2": 0.036628005491658955,
    "b3": -0.0756656455344382,
    "t1": 32.09153089159643,
    "t2": 64.50135408305741
}