{
    "b0": 11.95758561114343,
    "b1": -0.5132515128623909,
    "b2": 4.282102803315921,
    "b3": 0.5768399150588474,
    "t1": 232.82511148175934,
    "t2": 3.6337347945298117
}