{
    "b0": 0.12208244578014393,
    "b1": -0.013771103303014762,
    "b2": 0.0059012561460368654,
    "b3": -0.033491578696162656,
    "t1": 0.36115033802179286,
    "t2": 0.5293284101815594
}