{
    "b0": 0.12464160903734957,
    "b1": -0.018162719659158603,
    "b2": 0.40886462544666163,
    "b3": -0.4026890988690153,
    "t1": 2.164969812763449,
    "t2": 2.335943607043453
}