{
    "b0": 0.13172219357574283,
    "b1": -0.028867733194585174,
    "b2": 0.1274852982720254,
    "b3": -0.16758812787848434,
    "t1": 53.37033947648829,
    "t2": 71.00948204883525
}