{
    "b0": 0.11615290944094572,
    "b1": -0.007132952438281102,
    "b2": -0.018765401936661534,
    "b3": 0.016773511982529094,
    "t1": 0.23337997295284013,
    "t2": 0.895518805663366
}