{
    "b0": 0.12931582446018047,
    "b1": -0.02734357197745197,
    "b2": 0.05180691548043154,
    "b3": -0.09317768968752768,
    "t1": 43.20062888964124,
    "t2": 78.74014748918407
}