{
    "b0": 0.1669142826905898,
    "b1": -0.05823360813019256,
    "b2": -0.054137352514860175,
    "b3": -0.10227155435955085,
    "t1": 0.5870453168675398,
    "t2": 4.816917422119151
}