{
    "b0": 0.12237419801107685,
    "b1": -0.014049663847606142,
    "b2": 0.030880117395734454,
    "b3": -0.059574247785004475,
    "t1": 0.3382353351037235,
    "t2": 0.43904380169372725
}