{
    "b0": 11.10196195276229,
    "b1": -0.33021660992803503,
    "b2": -913.6381083923445,
    "b3": 913.1733038035501,
    "t1": 10.01136429369612,
    "t2": 10.003855554715326
}