{
    "b0": 0.1603510985962399,
    "b1": -0.051442401136796045,
    "b2": -0.050236021623894796,
    "b3": -0.09417695076550382,
    "t1": 0.5467022885968685,
    "t2": 4.842251713414966
}