{
    "b0": 0.11981031440158432,
    "b1": 0.19769971516359647,
    "b2": -0.4377635314206951,
    "b3": 0.08586276416598651,
    "t1": 2.0,
    "t2": 5.0
}