{
    "b0": 11.733369988601424,
    "b1": -1.039596463867348,
    "b2": -6465.3121407317385,
    "b3": 6463.78850764212,
    "t1": 25.833947033214002,
    "t2": 25.82669646870491
}