{
    "b0": 0.12850871372416625,
    "b1": -0.02341014871665744,
    "b2": 0.06247364231122666,
    "b3": -0.10197612840395362,
    "t1": 35.46860254413157,
    "t2": 60.9448498291575
}