{
    "b0": 12.372733045266054,
    "b1": -1.5459362942194894,
    "b2": 0.0005806462553321623,
    "b3": -3.620994069666831,
    "t1": 94.47914011614063,
    "t2": 204.64854439215233
}