{
    "b0": 0.1336958800526343,
    "b1": -0.032946009095113894,
    "b2": 0.8054081475794534,
    "b3": -0.8172387628297687,
    "t1": 1.0465887649237202,
    "t2": 1.0122260319819902
}