{
    "b0": 0.12570115357031025,
    "b1": -0.021005578443791632,
    "b2": 0.07289909006918392,
    "b3": -0.10401951923674838,
    "t1": 31.98580841247076,
    "t2": 51.73998187917252
}