{
    "b0": 0.1329044598581632,
    "b1": -0.029585015191917682,
    "b2": 0.37042014818796437,
    "b3": -0.4102975122856686,
    "t1": 60.897242349332565,
    "t2": 68.07783812393892
}