{
    "b0": 0.15909571283853918,
    "b1": -0.05040833743615296,
    "b2": -0.046597485278659645,
    "b3": -0.1003504186678535,
    "t1": 0.7966318800256824,
    "t2": 5.479902726386194
}