{
    "b0": 13.633233648647895,
    "b1": -3.8102357991763043,
    "b2": -6936.960491642807,
    "b3": 6931.670843361216,
    "t1": 119.87414635347922,
    "t2": 119.81149380365807
}