{
    "b0": 0.12156264772972727,
    "b1": -0.0069188254952800825,
    "b2": 0.012373804480730147,
    "b3": 0.01631638366867166,
    "t1": 0.44944203164097507,
    "t2": 1.4436865080499972
}