{
    "b0": 0.12268642703646399,
    "b1": -0.01678676980791278,
    "b2": 0.10422115876817727,
    "b3": -0.12703826504710242,
    "t1": 18.12069722966663,
    "t2": 24.995664841437392
}