{
    "b0": 0.13573584342729864,
    "b1": -0.02725249731538499,
    "b2": -0.02839298881476106,
    "b3": -0.041334779910685945,
    "t1": 0.5334202640265409,
    "t2": 4.6484582821080025
}