{
    "b0": 0.1754797552580602,
    "b1": -0.06647566280852822,
    "b2": -0.05763503954149516,
    "b3": -0.13448456849133117,
    "t1": 0.6140731914524603,
    "t2": 4.881664522769616
}