{
    "b0": 0.12256176349439869,
    "b1": -0.014806661726286509,
    "b2": 0.04998588266807107,
    "b3": -0.04921413950860747,
    "t1": 2.0,
    "t2": 5.0
}