{
    "b0": 0.18558753661259142,
    "b1": -0.07701847564579516,
    "b2": -0.06053240400897983,
    "b3": -0.17171208153459272,
    "t1": 0.995197881429657,
    "t2": 6.358864821463341
}