{
    "b0": 0.2535342157698266,
    "b1": -0.14699340432879535,
    "b2": 0.2999836556846402,
    "b3": -0.5688920524625787,
    "t1": 3.73432578365515,
    "t2": 5.718352475554314
}