{
    "b0": 0.19571233969806318,
    "b1": -0.08969430002403794,
    "b2": -0.06256551614026845,
    "b3": -0.17490674881849744,
    "t1": 0.740364565494531,
    "t2": 5.51340854976278
}