{
    "b0": 12.56932841268864,
    "b1": -1.0766456980359913,
    "b2": -3975.3208673771665,
    "b3": 3973.6727717897243,
    "t1": 9.149001321391525,
    "t2": 9.14497493158356
}