{
    "b0": 11.94442429948714,
    "b1": -1.1746669222603727,
    "b2": 4921.223683513991,
    "b3": -4923.111469837035,
    "t1": 11.680715129586467,
    "t2": 11.684862795231806
}