{
    "b0": 0.11264167882235733,
    "b1": -0.003216111522708901,
    "b2": 0.025873303228985723,
    "b3": 0.021459354024121195,
    "t1": 0.7306508605411135,
    "t2": 3.754942865740867
}