{
    "b0": 12.445557475848377,
    "b1": -1.5754635834457917,
    "b2": -2.0959165041731884,
    "b3": -1.422653195544379,
    "t1": 171.4785517606958,
    "t2": 1073.4820435682263
}