{
    "b0": 12.580379261604048,
    "b1": -1.8588966088499301,
    "b2": -1102.098422686982,
    "b3": 1099.2104920008258,
    "t1": 67.06911592903133,
    "t2": 66.93210531510263
}