{
    "b0": 0.13525209361959856,
    "b1": -0.032066608766049984,
    "b2": -0.04872360502494547,
    "b3": 0.04629882238694459,
    "t1": 1.095275074963934,
    "t2": 1.4380072870241383
}