{
    "b0": 0.11747363535927818,
    "b1": -0.008676140065277109,
    "b2": -0.01467879330158894,
    "b3": 0.0005936862852063468,
    "t1": 0.3325894806720438,
    "t2": 1.0435285156922576
}