{
    "b0": 0.15945628366712178,
    "b1": -0.05054552941088615,
    "b2": -0.05030835833200789,
    "b3": -0.09029987687066564,
    "t1": 0.5268489269422022,
    "t2": 4.858133557557151
}