{
    "b0": 0.13214339575190226,
    "b1": -0.029640672884701694,
    "b2": 0.7905253137689766,
    "b3": -0.8282171976632083,
    "t1": 57.53795479348342,
    "t2": 60.86016392320705
}