{
    "b0": 0.12151981488157462,
    "b1": -0.0067009406344445965,
    "b2": 0.010001020239304477,
    "b3": 0.027437707010337535,
    "t1": 0.35088475913520334,
    "t2": 1.1165685724644634
}