{
    "b0": 0.125398139704992,
    "b1": -0.018625495690847337,
    "b2": 0.038221764128177516,
    "b3": -0.07246356522154067,
    "t1": 20.884611620119866,
    "t2": 38.093565855776944
}