{
    "b0": 0.13341958767211093,
    "b1": -0.02487414519986266,
    "b2": -0.027515437512330924,
    "b3": -0.03533638559053527,
    "t1": 0.44953291714855154,
    "t2": 4.386400325244115
}