{
    "b0": 0.20769643930356052,
    "b1": -0.10438313347398172,
    "b2": 0.10195761734167563,
    "b3": -0.23625454820770286,
    "t1": 2.67282541214837,
    "t2": 5.438456021787786
}