{
    "b0": 11.363469333069169,
    "b1": -0.6202921486952924,
    "b2": -2570.7890032014884,
    "b3": 2569.869566481635,
    "t1": 19.38817105878684,
    "t2": 19.379236181059984
}