{
    "b0": 13.326710253519991,
    "b1": -2.7742738673934593,
    "b2": 0.006207990685878517,
    "b3": -5.895698276570794,
    "t1": 41.30319936663185,
    "t2": 123.73898939679962
}