{
    "b0": 13.231069160015059,
    "b1": -2.6618479275305478,
    "b2": -854.0319986201735,
    "b3": 850.5775506158908,
    "t1": 96.58724356538377,
    "t2": 96.34387817418951
}