{
    "b0": 0.12290543514045062,
    "b1": -0.01425376055039531,
    "b2": -0.02266181339301698,
    "b3": -0.00057246788430362,
    "t1": 0.6313870038248777,
    "t2": 1.77822736163397
}