{
    "b0": 13.791302378008277,
    "b1": -3.6202346337125944,
    "b2": 1078.2164252129044,
    "b3": -1081.6639438822272,
    "t1": 113.31176750074485,
    "t2": 113.52691461694546
}