{
    "b0": 0.1324465717314888,
    "b1": -0.027425203731986755,
    "b2": 0.0490124555902596,
    "b3": -0.049290529253159396,
    "t1": 1.2304939987497971,
    "t2": 0.9399065672484994
}