{
    "b0": 0.13223229916757276,
    "b1": -0.03196741186889645,
    "b2": 0.04536532667689713,
    "b3": -0.09134396317473371,
    "t1": 52.451060428340874,
    "t2": 102.88983783355647
}