{
    "b0": 0.1275779251563815,
    "b1": -0.01701939541778829,
    "b2": -0.05373330817493301,
    "b3": 0.08026233890744638,
    "t1": 1.0000001536265002,
    "t2": 0.8975210640309843
}