{
    "b0": 0.11647932085981372,
    "b1": -0.011328865264153873,
    "b2": 0.0443908999068054,
    "b3": -0.05988479313975743,
    "t1": 19.691572204863334,
    "t2": 36.907504021383815
}