{
    "b0": 0.11988133532278165,
    "b1": -0.014286439411846822,
    "b2": 0.20976915664938892,
    "b3": -0.2297818862926381,
    "t1": 44.427951178041944,
    "t2": 52.43930755401393
}