{
    "b0": 12.496387434685072,
    "b1": -1.6304486879431654,
    "b2": -2.302730434739483,
    "b3": -0.767175700663449,
    "t1": 190.485857301106,
    "t2": 904.8441488632569
}