{
    "b0": 0.16896206128588376,
    "b1": -0.062173152200804785,
    "b2": 0.07293576295850024,
    "b3": -0.1912726093423314,
    "t1": 2.5978718149183457,
    "t2": 5.348124164558934
}