{
    "b0": 0.12342244724131839,
    "b1": -0.018588305640343396,
    "b2": 0.06274919757341194,
    "b3": -0.09037847226532097,
    "t1": 34.29116134259576,
    "t2": 58.00965487113399
}