{
    "b0": 12.18915745822097,
    "b1": -1.1999095170442287,
    "b2": 4064.161316728722,
    "b3": -4066.0268187219967,
    "t1": 9.70222933142901,
    "t2": 9.707331642268066
}