{
    "b0": 12.169854879188003,
    "b1": -1.356573012169131,
    "b2": 0.00580396684489437,
    "b3": -3.232611747628548,
    "t1": 40.980793524046554,
    "t2": 106.32781452560012
}