{
    "b0": 0.11592656531648134,
    "b1": -0.009227857946371713,
    "b2": -0.2786136503704932,
    "b3": 0.27651640948942147,
    "t1": 2.093749187906116,
    "t2": 1.9130974316594456
}