{
    "b0": 0.16009447750183067,
    "b1": -0.05173420914769403,
    "b2": -0.042794573369790256,
    "b3": -0.11301798265557127,
    "t1": 0.8201250212843558,
    "t2": 5.564320168781528
}