{
    "b0": 12.449435427879813,
    "b1": -1.390049463749388,
    "b2": 1103.490018881141,
    "b3": -1103.7589964402632,
    "t1": 2.6407904940822418,
    "t2": 2.648032570159353
}