{
    "b0": 0.1999874242815973,
    "b1": -0.09702664982816037,
    "b2": 0.09144245328405912,
    "b3": -0.20818646971821256,
    "t1": 2.429095881110821,
    "t2": 5.255082581841589
}