{
    "b0": 13.597928923909176,
    "b1": -3.1028769124772593,
    "b2": -0.0014493841091844928,
    "b3": -6.392313473884343,
    "t1": 42.474671502892065,
    "t2": 122.62639517067382
}