{
    "b0": 0.11128433478038562,
    "b1": 0.0017425064738606812,
    "b2": 0.038444485382890074,
    "b3": 0.01224481439568674,
    "t1": 0.6672986154397915,
    "t2": 3.334784160361614
}