{
    "b0": 12.548561278495246,
    "b1": -1.5473208957656035,
    "b2": 2408.7340291461683,
    "b3": -2410.8516782753936,
    "t1": 20.04307236004386,
    "t2": 20.054795233469054
}