{
    "b0": 0.13271351273811532,
    "b1": -0.03333616764756897,
    "b2": 0.030816030933493083,
    "b3": -0.08821396753827157,
    "t1": 42.149192499354996,
    "t2": 98.42932142724679
}