{
    "b0": 0.11491178060855714,
    "b1": -0.009457294522389352,
    "b2": -0.10782897252116429,
    "b3": 0.09913260227494591,
    "t1": 43.851658028678514,
    "t2": 32.318375643995
}