{
    "b0": 0.11745176358478436,
    "b1": -0.01094218463966782,
    "b2": 0.0339168294077611,
    "b3": -0.04150454426461654,
    "t1": 1.5430048585930944,
    "t2": 3.176840207046548
}