{
    "b0": 13.37128282560223,
    "b1": -2.904846118200746,
    "b2": -1062.7546090735868,
    "b3": 1058.992924842858,
    "t1": 91.61829692506488,
    "t2": 91.41507526832721
}