{
    "b0": 0.1548742686510198,
    "b1": -0.05179344627492369,
    "b2": 0.056951324810702905,
    "b3": -0.07636341859669363,
    "t1": 2.297833010768045,
    "t2": 5.023813808177238
}