{
    "b0": 0.12666579977489215,
    "b1": -0.019291115346799337,
    "b2": 0.018217174170048762,
    "b3": -0.04911065102862096,
    "t1": 9.662431766762415,
    "t2": 24.741938747604735
}