{
    "b0": 0.12036888413606518,
    "b1": -0.015338072711336696,
    "b2": 0.07811433255057186,
    "b3": -0.09981335481033728,
    "t1": 38.42535980502467,
    "t2": 58.78400067526512
}