{
    "b0": 0.1309142423841524,
    "b1": -0.02241700058434498,
    "b2": -0.023950379745502105,
    "b3": -0.031103395781983102,
    "t1": 0.4448360291822579,
    "t2": 4.165317197392218
}