{
    "b0": 0.17853401734881355,
    "b1": -0.06997300775566498,
    "b2": -0.05687555933508458,
    "b3": -0.15099931797147828,
    "t1": 0.9363019644130439,
    "t2": 6.209066799934595
}