{
    "b0": 13.106211310720548,
    "b1": -2.596343906627941,
    "b2": 2.7951785612587874,
    "b3": -6.756608563766516,
    "t1": 87.34913794744354,
    "t2": 129.02024645308495
}