{
    "b0": 13.066092213032052,
    "b1": -2.661537050079425,
    "b2": -0.0008443368103352444,
    "b3": -4.8341210846477,
    "t1": 65.99278565512451,
    "t2": 178.96350808862897
}