{
    "b0": 12.082148071426948,
    "b1": -1.5887098505111195,
    "b2": -8395.477525993061,
    "b3": 8394.902561585268,
    "t1": 7.641755861602143,
    "t2": 7.638725146583574
}