{
    "b0": 0.12783845891622578,
    "b1": -0.019123990416756165,
    "b2": -0.024188315790497544,
    "b3": -0.022027686721190036,
    "t1": 0.39149041372759613,
    "t2": 4.1044021853091
}