{
    "b0": 0.12158070382701759,
    "b1": -0.01297215718845519,
    "b2": -0.024120685157535553,
    "b3": 0.0017654564151881064,
    "t1": 0.6765465918070914,
    "t2": 2.2545303831937997
}