{
    "b0": 0.1466315868443293,
    "b1": -0.03776035190715886,
    "b2": -0.03789433132805008,
    "b3": -0.06287509437328713,
    "t1": 0.5482304016117179,
    "t2": 4.33013030509801
}