{
    "b0": 0.1400136473091096,
    "b1": -0.03160880022644355,
    "b2": -0.03155838492355631,
    "b3": -0.049848239232674244,
    "t1": 0.48738367017037326,
    "t2": 4.87313340384155
}