{
    "b0": 0.21465214851171674,
    "b1": -0.10934935189034181,
    "b2": -0.05451477311608965,
    "b3": -0.22536136285937008,
    "t1": 1.184139464696831,
    "t2": 6.514642063074513
}