{
    "b0": 0.23754456440798966,
    "b1": -0.13365729058213377,
    "b2": -0.05421656045407944,
    "b3": -0.27559381292356805,
    "t1": 1.2307823100181685,
    "t2": 6.901902521279707
}