{
    "b0": 0.1287539275968696,
    "b1": -0.023960178265009215,
    "b2": 0.05748961817727062,
    "b3": -0.0973807602115197,
    "t1": 36.70410817100809,
    "t2": 66.24957763998582
}