{
    "b0": 12.6498522406229,
    "b1": -1.9268643530532228,
    "b2": -940.2628139202685,
    "b3": 937.2709484105417,
    "t1": 71.18124627776855,
    "t2": 71.01061611386187
}