{
    "b0": 0.2312775811100325,
    "b1": -0.12722562032758614,
    "b2": -0.05885151761803986,
    "b3": -0.2571668326690398,
    "t1": 1.0606161095835291,
    "t2": 6.418604242696543
}