{
    "b0": 0.12640308118996565,
    "b1": -0.022033182121267883,
    "b2": 0.01273746891134506,
    "b3": 0.006708026866058574,
    "t1": 2.0,
    "t2": 5.0
}