{
    "b0": 12.363936690787598,
    "b1": -1.5167352845569915,
    "b2": -2.0717207995940385,
    "b3": -0.5855754371696726,
    "t1": 216.70747466853152,
    "t2": 817.8150001825113
}