{
    "b0": 0.14425413706555468,
    "b1": -0.03551343871575184,
    "b2": -0.0352597849137094,
    "b3": -0.06536096710723852,
    "t1": 0.6022719742882263,
    "t2": 4.562018668553903
}