{
    "b0": 0.1357696429309078,
    "b1": -0.029344652434434,
    "b2": 0.028895220981005693,
    "b3": -0.04982681515148905,
    "t1": 2.267760144811291,
    "t2": 5.031354743623524
}