{
    "b0": 0.12481415376391718,
    "b1": -0.016200428848643218,
    "b2": -0.01865778618902377,
    "b3": -0.028912191206178585,
    "t1": 0.3725022508686873,
    "t2": 4.142805742193235
}