{
    "b0": 12.973925115738336,
    "b1": -2.082635541305596,
    "b2": -2.557193571013365,
    "b3": -1.486508193998672,
    "t1": 161.34226070009146,
    "t2": 933.880845340145
}