{
    "b0": 13.120694175026413,
    "b1": -2.3982834816500507,
    "b2": 13539.173523211803,
    "b3": -13542.916070715657,
    "t1": 78.55316273202935,
    "t2": 78.5677545953504
}