{
    "b0": 0.13521953705427772,
    "b1": -0.02643432372562768,
    "b2": -0.030558021245209083,
    "b3": -0.038102139676862476,
    "t1": 0.5933776105158532,
    "t2": 4.442252825344749
}