{
    "b0": 0.11899907266125881,
    "b1": -0.017071246513477974,
    "b2": 0.059919079943270594,
    "b3": -0.07193734928440194,
    "t1": 10.048449152192916,
    "t2": 21.34346484170237
}