{
    "b0": 0.12837805712024947,
    "b1": -0.02670955807614841,
    "b2": 0.11865857328682332,
    "b3": -0.1507929224895818,
    "t1": 63.81098187390932,
    "t2": 85.15900257770848
}