{
    "b0": 0.111423422031526,
    "b1": -0.07927280332579578,
    "b2": 0.17158076434466318,
    "b3": -0.06340638397244916,
    "t1": 2.0,
    "t2": 5.0
}