{
    "b0": 13.676186531541827,
    "b1": -3.360778952141316,
    "b2": -2.353479494963545,
    "b3": -5.899076345428625,
    "t1": 25.48792313973201,
    "t2": 117.63429535435023
}