{
    "b0": 12.705772724725088,
    "b1": -1.7177108072297398,
    "b2": -2956.484220240456,
    "b3": 2954.2548842460715,
    "t1": 22.728563637214197,
    "t2": 22.716105657981874
}