{
    "b0": 0.12750004011434204,
    "b1": -0.05463829117111063,
    "b2": 0.24516760542928737,
    "b3": -0.14655958614858813,
    "t1": 2.0,
    "t2": 5.0
}