{
    "b0": 0.12697193898887688,
    "b1": -0.016271280409211164,
    "b2": -0.2991852111649291,
    "b3": 0.32383156081794356,
    "t1": 1.000000549357841,
    "t2": 0.968511986048855
}