{
    "b0": 0.1118180980097704,
    "b1": -0.010123291641069962,
    "b2": 0.010481910515434477,
    "b3": 0.06052229176949422,
    "t1": 2.0,
    "t2": 5.0
}