{
    "b0": 0.12466217447761407,
    "b1": -0.020364339527751817,
    "b2": 0.060756097546156275,
    "b3": -0.09085447093381223,
    "t1": 28.789123456750453,
    "t2": 51.039911534838716
}