{
    "b0": 0.08861082224837244,
    "b1": 0.009031122970532851,
    "b2": 0.005803099578415847,
    "b3": 0.13322912877417686,
    "t1": 2.0,
    "t2": 5.0
}