{
    "b0": 11.551501161827451,
    "b1": -0.18281461951228017,
    "b2": -1.8801234572629337,
    "b3": 5.180379503652088,
    "t1": 128.6722511061527,
    "t2": 205.79337416213605
}