{
    "b0": 0.1353377731697837,
    "b1": -0.03074047611008718,
    "b2": -0.801784480571698,
    "b3": 0.7986641760957682,
    "t1": 0.8356098410262873,
    "t2": 0.8443936502548478
}