{
    "b0": 0.12476227987074699,
    "b1": -0.020660822281278156,
    "b2": 0.05059566945943511,
    "b3": -0.08192250965610463,
    "t1": 26.937583924355962,
    "t2": 52.289779904458214
}