{
    "b0": 0.11376024493278694,
    "b1": 0.0008364499164195127,
    "b2": 0.03013640665538739,
    "b3": 0.010994296840176308,
    "t1": 0.7117835785072939,
    "t2": 3.4614721789651552
}