{
    "b0": 0.12850319366053367,
    "b1": -0.022390867950896516,
    "b2": 0.02362460244293168,
    "b3": 0.002636592687957336,
    "t1": 2.0,
    "t2": 5.0
}