{
    "b0": 0.15216615906257702,
    "b1": -0.044997325931655424,
    "b2": 0.0036324328077736133,
    "b3": -0.10420467919061185,
    "t1": 0.81079402025278,
    "t2": 5.805954198492333
}