{
    "b0": 0.12615244239464116,
    "b1": -0.016362376967258785,
    "b2": 0.005259641488367285,
    "b3": -0.043668865040783364,
    "t1": 7.3819452897774855,
    "t2": 24.563407684291864
}