{
    "b0": 12.602922846247422,
    "b1": -1.6972204165575335,
    "b2": 14103.27286868207,
    "b3": -14102.793310565761,
    "t1": 3.8825183955686566,
    "t2": 3.883830285817385
}