{
    "b0": 11.782621329486917,
    "b1": -0.9414202229259288,
    "b2": -0.01639835048807159,
    "b3": -2.0913531766548545,
    "t1": 92.09379199251255,
    "t2": 166.0985102804271
}