{
    "b0": 0.12155254464607192,
    "b1": -0.006953442613188948,
    "b2": 0.019938058627866285,
    "b3": 0.005045400113506628,
    "t1": 0.5866062759686945,
    "t2": 3.207884522249151
}