{
    "b0": 0.1345259046244968,
    "b1": -0.0348314698632778,
    "b2": 0.030246100197845745,
    "b3": -0.08322417473453317,
    "t1": 40.72411544666642,
    "t2": 92.41696183963825
}