{
    "b0": 12.694939515626311,
    "b1": -1.9488922323191198,
    "b2": -409.1794526217761,
    "b3": 406.1729623614038,
    "t1": 73.63696966364876,
    "t2": 73.2455559268161
}