{
    "b0": 12.127474994233928,
    "b1": -0.8938809228542988,
    "b2": -3901.544420769135,
    "b3": 3901.4928031781924,
    "t1": 3.1559116464461145,
    "t2": 3.1540632199858187
}