{
    "b0": 11.872134712905746,
    "b1": -1.1285453847041906,
    "b2": 2755.836094197916,
    "b3": -2757.641855797195,
    "t1": 25.28086408552482,
    "t2": 25.29718820330622
}