{
    "b0": 13.130849460749152,
    "b1": -2.569399596682741,
    "b2": 1621.797800627468,
    "b3": -1625.3023919782183,
    "t1": 82.79949128361412,
    "t2": 82.92351821005586
}