{
    "b0": 0.12154266836255628,
    "b1": -0.016858266891811635,
    "b2": 0.07167474263672079,
    "b3": -0.09675187746521105,
    "t1": 48.72803056406627,
    "t2": 76.94670260351481
}