{
    "b0": 0.13891334127511656,
    "b1": -0.03188390821118127,
    "b2": 0.03251270392709413,
    "b3": -0.09967859432349299,
    "t1": 1.8858932941748252,
    "t2": 4.658656608930591
}