{
    "b0": 0.1203787368389287,
    "b1": -0.012321928813816257,
    "b2": 0.0013046148161583067,
    "b3": -0.031782536418388296,
    "t1": 16.822726186469435,
    "t2": 46.259132410067544
}