{
    "b0": 13.389257586409316,
    "b1": -3.228569542230268,
    "b2": 760.7627631276803,
    "b3": -764.6085499485381,
    "t1": 130.6976554589696,
    "t2": 131.09958221434658
}