{
    "b0": 0.13649687078933986,
    "b1": -0.02761674196323346,
    "b2": -0.030632832493982208,
    "b3": -0.03639255369610411,
    "t1": 0.5176405054502595,
    "t2": 3.754227718172502
}