{
    "b0": 11.495882764758333,
    "b1": -0.7478144006109146,
    "b2": 5343.651316957908,
    "b3": -5344.826569521057,
    "t1": 17.973549471053364,
    "t2": 17.978380647152175
}