{
    "b0": 0.12668885966322546,
    "b1": -0.02082457143660091,
    "b2": 0.17550250002779333,
    "b3": -0.13509716249327636,
    "t1": 3.292494218298944,
    "t2": 3.4775563121562736
}