{
    "b0": 0.1191041863589781,
    "b1": -0.013886629819062565,
    "b2": 10.049531191312902,
    "b3": -10.067151551656725,
    "t1": 41.779328255456456,
    "t2": 41.94636999242961
}