{
    "b0": 0.15614800670278592,
    "b1": -0.04865222490309082,
    "b2": 0.010663168621265741,
    "b3": -0.11038712103994634,
    "t1": 1.0937401603419543,
    "t2": 5.670605236628337
}