{
    "b0": 12.084732115371644,
    "b1": -1.2216850762870748,
    "b2": -1.813195373680002,
    "b3": -0.28068598674893097,
    "t1": 113.89812082312562,
    "t2": 713.3577955775495
}