{
    "b0": 11.468619775614249,
    "b1": -0.7344666112173193,
    "b2": -2119.917198119446,
    "b3": 2118.795002134098,
    "t1": 21.254609110327124,
    "t2": 21.241208100757984
}