{
    "b0": 12.020011766241268,
    "b1": -1.251673355444582,
    "b2": -2240.760386749574,
    "b3": 2238.876761967091,
    "t1": 17.552091110632322,
    "t2": 17.539384951602592
}