{
    "b0": 0.1330048871577013,
    "b1": -0.026851994820890145,
    "b2": 0.14513432571938237,
    "b3": -0.15219636532520103,
    "t1": 2.172293481887419,
    "t2": 2.9757283382897612
}