{
    "b0": 0.1276069195533416,
    "b1": -0.019424039047324176,
    "b2": 0.026268294752295005,
    "b3": -0.05744682050156108,
    "t1": 10.83586252314567,
    "t2": 24.328190281586004
}