{
    "b0": 0.18233510087550983,
    "b1": -0.07351620567115827,
    "b2": -0.061995499007584116,
    "b3": -0.15235101987730182,
    "t1": 0.6418885085357758,
    "t2": 5.11323871425835
}