{
    "b0": 0.14704538894430808,
    "b1": -0.03824453713634286,
    "b2": -0.037908784118118585,
    "b3": -0.060188088656696156,
    "t1": 0.5334770259458341,
    "t2": 4.092767427740292
}