{
    "b0": 13.0737342218978,
    "b1": -2.181279021624264,
    "b2": -2.744960708517059,
    "b3": -1.467785604792078,
    "t1": 153.80929455852996,
    "t2": 1030.8235427861666
}