{
    "b0": 0.12998412734899295,
    "b1": -0.023125229810251745,
    "b2": -0.4924023051920276,
    "b3": 0.459296513162428,
    "t1": 0.25722590503799636,
    "t2": 0.24610485785493294
}