{
    "b0": 0.19526513401866952,
    "b1": -0.0887517622684873,
    "b2": -0.06320086311100104,
    "b3": -0.16547263632955744,
    "t1": 0.7308576088058675,
    "t2": 5.532289070204807
}