{
    "b0": 0.11574984991210817,
    "b1": -0.009749787129255911,
    "b2": 0.02209983292644517,
    "b3": -0.038158395335009046,
    "t1": 18.674846541488876,
    "t2": 43.912890271920645
}