{
    "b0": 0.11967550279990997,
    "b1": -0.015178941956955731,
    "b2": 0.05783560363015739,
    "b3": -0.08002524646204971,
    "t1": 38.73808102883064,
    "t2": 68.15145398243826
}