{
    "b0": 0.09616983861746828,
    "b1": 0.0014053112084492156,
    "b2": -0.014269745915248874,
    "b3": 0.12905548728001867,
    "t1": 2.177524416350319,
    "t2": 4.208701252025485
}