{
    "b0": 13.594461776099068,
    "b1": -3.729139260054156,
    "b2": -1.35004130053903,
    "b3": -7.90993168118173,
    "t1": 33.97181280675608,
    "t2": 157.75392863613519
}