{
    "b0": 0.1110117344544873,
    "b1": -0.010234257716094139,
    "b2": 0.04561248191522035,
    "b3": -0.03576338537407055,
    "t1": 2.0,
    "t2": 5.0
}