{
    "b0": 0.12615972018285337,
    "b1": -0.016888634337332727,
    "b2": 0.7767955635265573,
    "b3": -0.7928151884938384,
    "t1": 0.5665963320226735,
    "t2": 0.5579547286995187
}