{
    "b0": 0.12970456784011278,
    "b1": -0.025309697598422817,
    "b2": 0.02626854793721475,
    "b3": -0.07451732893811777,
    "t1": 31.31334027857607,
    "t2": 80.34612673622696
}