{
    "b0": 13.63781585469678,
    "b1": -3.8540785485028017,
    "b2": -1545.3056582128306,
    "b3": 1540.0265443660132,
    "t1": 112.14497455310502,
    "t2": 111.87177876251307
}