{
    "b0": 12.047764154922826,
    "b1": -5.019757660241977,
    "b2": -6932.930851498444,
    "b3": 6940.085322038781,
    "t1": 2.4518888361330835,
    "t2": 2.44998906797372
}