{
    "b0": 0.11716645213009026,
    "b1": -0.011162289612054663,
    "b2": 0.07961162393243261,
    "b3": -0.094463100850748,
    "t1": 14.866308911228078,
    "t2": 20.684531871001774
}