{
    "b0": 0.12942468758246845,
    "b1": -0.021277873229124653,
    "b2": 0.03510791738386779,
    "b3": -0.06755703399374416,
    "t1": 12.178809789182834,
    "t2": 25.032540028241133
}