{
    "b0": 0.12630680911782394,
    "b1": -0.022137954158885448,
    "b2": 0.07401476203163249,
    "b3": -0.07284031390635044,
    "t1": 2.0,
    "t2": 5.0
}