{
    "b0": 11.512305907539163,
    "b1": -0.7388395680518436,
    "b2": -2504.812654441003,
    "b3": 2503.542365837919,
    "t1": 7.185092654349199,
    "t2": 7.180981256300749
}