{
    "b0": 0.14215297183280518,
    "b1": -0.0352941664473077,
    "b2": 0.039804001612674146,
    "b3": -0.10399778982899537,
    "t1": 2.38344929191408,
    "t2": 5.163969713202347
}