{
    "b0": 13.620213082719875,
    "b1": -3.4838329468732816,
    "b2": 159.55260403548314,
    "b3": -163.3689459593762,
    "t1": 124.07425762840727,
    "t2": 126.13337576113358
}