{
    "b0": 0.1685374350276795,
    "b1": -0.060701213618758756,
    "b2": -0.05492238614779031,
    "b3": -0.10423100481853202,
    "t1": 0.5892901960960234,
    "t2": 5.275003094254985
}