{
    "b0": 0.12423627908194187,
    "b1": -0.01754886987091065,
    "b2": 0.31066998271338947,
    "b3": -0.3133566192804538,
    "t1": 2.3131583466956878,
    "t2": 2.5846424166626956
}