{
    "b0": 11.06559233375619,
    "b1": -0.28446325370420666,
    "b2": -252.76073816454607,
    "b3": 252.27782222333005,
    "t1": 10.886285174047398,
    "t2": 10.860221151505174
}