{
    "b0": 0.1322673206135245,
    "b1": -0.03305903058963515,
    "b2": 0.021970151885574284,
    "b3": -0.08225066163308702,
    "t1": 43.23996465093922,
    "t2": 112.70037073130479
}