{
    "b0": 0.11610103379993669,
    "b1": -0.009697217025834384,
    "b2": 0.04297198010324549,
    "b3": -0.06019448611058958,
    "t1": 26.628088315228297,
    "t2": 48.9940730884443
}