{
    "b0": 0.11670858825536513,
    "b1": -0.0144599284645527,
    "b2": 0.019160507540870543,
    "b3": 0.05185252375637582,
    "t1": 2.0,
    "t2": 5.0
}