{
    "b0": 0.12176772519799453,
    "b1": -0.013242782637669953,
    "b2": -0.017883739786647975,
    "b3": -0.012377859975439784,
    "t1": 0.37863552766357783,
    "t2": 4.197867826212658
}