{
    "b0": 0.13509984257189925,
    "b1": -0.028511747292909395,
    "b2": 0.01833868732861246,
    "b3": -0.045897645214038114,
    "t1": 2.0,
    "t2": 5.0
}