{
    "b0": 0.13551241303394662,
    "b1": -0.031343589205792166,
    "b2": -0.7645473203694341,
    "b3": 0.7668224664221183,
    "t1": 1.0520741518814944,
    "t2": 1.063236096024869
}