{
    "b0": 0.11428376306100656,
    "b1": 0.005265666058708273,
    "b2": 0.03459612086958846,
    "b3": -0.0048674351071851946,
    "t1": 0.6247890811590397,
    "t2": 2.676398254388745
}