{
    "b0": 12.268290766660037,
    "b1": 1.453114866336679,
    "b2": 22768.407635762695,
    "b3": -22764.824200134197,
    "t1": 85.88885305412413,
    "t2": 85.87591923124332
}