{
    "b0": 0.16152832294259023,
    "b1": -0.022266609893027686,
    "b2": 0.1453745327663431,
    "b3": -0.18042377942937637,
    "t1": 17.00627038807308,
    "t2": 21.705866566696862
}