{
    "b0": 13.404948342419216,
    "b1": 0.8160434262250029,
    "b2": 2872.680729771155,
    "b3": -2871.0650592535358,
    "t1": 61.38361243507417,
    "t2": 61.34537314412618
}