{
    "b0": 12.166495306219804,
    "b1": 1.4312800562153356,
    "b2": 1.3493074056492262,
    "b3": 5.676362440196047,
    "t1": 12.086287157638154,
    "t2": 96.66301449832116
}