{
    "b0": 0.16429118649566568,
    "b1": -0.025639288295364653,
    "b2": 0.4117152089773306,
    "b3": -0.386578953732835,
    "t1": 1.5489711224701912,
    "t2": 1.740669571311892
}