{
    "b0": 0.12374514994615074,
    "b1": 0.009580812363644123,
    "b2": -0.127810551600384,
    "b3": 0.15903751337558603,
    "t1": 69.87959942584135,
    "t2": 89.94461530967561
}