{
    "b0": 0.1767097012171182,
    "b1": -0.03628218562404657,
    "b2": 0.09889491094717191,
    "b3": -0.08851802733918532,
    "t1": 1.621190986737764,
    "t2": 3.0745103575644492
}