{
    "b0": 0.12887893092176056,
    "b1": 0.016176203803461672,
    "b2": -0.04727863327134175,
    "b3": 0.07481117453909246,
    "t1": 25.463740942306934,
    "t2": 53.31382698510185
}