{
    "b0": 0.1254509611127127,
    "b1": 0.013292501390352991,
    "b2": 0.42384447758764887,
    "b3": -0.3916917382411164,
    "t1": 79.97924097616672,
    "t2": 70.38865096137675
}