{
    "b0": 0.12446811329813828,
    "b1": -0.011263769891150587,
    "b2": 0.010891485895320487,
    "b3": -0.021097961306706214,
    "t1": 2.0,
    "t2": 5.0
}