{
    "b0": 0.16250807087903255,
    "b1": -0.019136260360173747,
    "b2": -0.00937925477084849,
    "b3": -0.06626219296419937,
    "t1": 2.0,
    "t2": 5.0
}