{
    "b0": 12.33136166548063,
    "b1": 1.345607328265367,
    "b2": 50447.32656585881,
    "b3": -50443.31455894139,
    "t1": 98.37707778748104,
    "t2": 98.37078170173375
}