{
    "b0": 0.11501522260937372,
    "b1": 0.004540529172035819,
    "b2": 0.03273581386637755,
    "b3": -0.003657314645631601,
    "t1": 0.606003354046035,
    "t2": 2.6398644452041857
}