{
    "b0": 0.1257901443321435,
    "b1": -0.001991067768371371,
    "b2": 0.013798335579155448,
    "b3": 0.01647932948859476,
    "t1": 0.5777877896523971,
    "t2": 0.3346544314474691
}