{
    "b0": 0.15696923812619623,
    "b1": -0.018641467160530258,
    "b2": 0.05861545265397711,
    "b3": -0.08702718912516262,
    "t1": 12.540102590449864,
    "t2": 21.146924830842867
}