{
    "b0": 12.311259908141487,
    "b1": 0.11920713149668716,
    "b2": 1691.742727844337,
    "b3": -1689.6946665441953,
    "t1": 99.42009887313183,
    "t2": 99.3177942083622
}