{
    "b0": 0.13131764656996547,
    "b1": 0.007819769169791513,
    "b2": 0.15748843681091187,
    "b3": -0.1437332973054381,
    "t1": 0.808366957041222,
    "t2": 0.9793611691970601
}