{
    "b0": 0.140188753907549,
    "b1": -2.7340199757896685e-05,
    "b2": -0.02472928312387731,
    "b3": 0.015754254713553854,
    "t1": 2.5731452553134773,
    "t2": 0.3565721395093995
}