{
    "b0": 0.11545328547429987,
    "b1": -0.0003413091534144076,
    "b2": 0.021621536267574876,
    "b3": 0.03230587772199753,
    "t1": 0.3778309218226714,
    "t2": 1.2836687034800915
}