{
    "b0": 0.11570529706275816,
    "b1": 0.019950306356359727,
    "b2": 0.046788244075275945,
    "b3": -0.09639213751359864,
    "t1": 0.4847302827061646,
    "t2": -76.76410503138007
}