{
    "b0": 0.13261266930503213,
    "b1": -0.010423064588582963,
    "b2": 0.022631598225990823,
    "b3": -0.032821687956475123,
    "t1": 2.0,
    "t2": 5.0
}