{
    "b0": 0.15884489192785547,
    "b1": -0.020265527293683257,
    "b2": 0.04051630750158382,
    "b3": -0.07450673818845187,
    "t1": 13.1284022939699,
    "t2": 25.755790991957923
}