{
    "b0": 0.17514882630159107,
    "b1": -0.03670006137596514,
    "b2": 0.21557935721124216,
    "b3": -0.209525468563896,
    "t1": 1.7589530455719458,
    "t2": 2.4235295027688775
}