{
    "b0": 12.913257049534396,
    "b1": 0.8576009016305499,
    "b2": 760.4547791684857,
    "b3": -757.7880282986425,
    "t1": 64.3960468557783,
    "t2": 64.22287520763416
}