{
    "b0": 0.16677150587128736,
    "b1": -0.027468277092628342,
    "b2": 0.19042012037047423,
    "b3": -0.22641617136094758,
    "t1": 25.378835975122275,
    "t2": 30.32849024554161
}