{
    "b0": 0.12248935122543186,
    "b1": -0.002612883743627895,
    "b2": -0.011032555868152,
    "b3": 0.03426136810942502,
    "t1": 1.0000000485178828,
    "t2": 0.580282837102869
}