{
    "b0": 0.12274378943747642,
    "b1": 0.016232187577562868,
    "b2": -0.05410797058006734,
    "b3": 0.09473178006550444,
    "t1": 49.4292912426512,
    "t2": 85.51586845379245
}