{
    "b0": 0.17777948956545486,
    "b1": -0.03816521776751946,
    "b2": 0.03664941236309733,
    "b3": -0.06783217682035314,
    "t1": 1.3458583341643893,
    "t2": 4.299127208512535
}