{
    "b0": 12.101758665079789,
    "b1": 1.1387473103180281,
    "b2": 475.2046477239022,
    "b3": -471.3853175363794,
    "t1": 103.60914813000686,
    "t2": 103.19370473017618
}