{
    "b0": 0.11537327118982325,
    "b1": 0.004080460082382477,
    "b2": 0.035284132171307235,
    "b3": -0.0087529497055647,
    "t1": 0.6386703152926363,
    "t2": 2.616134149951805
}