{
    "b0": 0.12693646358378144,
    "b1": 0.007602081379171739,
    "b2": 0.37595640365877325,
    "b3": -0.34383769184298923,
    "t1": 0.8941217643437878,
    "t2": 0.9719465332199455
}