{
    "b0": 0.12151472548055385,
    "b1": 0.003690917585252411,
    "b2": -0.034689982129688775,
    "b3": 0.031531196598184694,
    "t1": 2.0,
    "t2": 5.0
}