{
    "b0": 13.270790660106643,
    "b1": -3.1214055808529264,
    "b2": -3191.365516657979,
    "b3": 3194.068672511169,
    "t1": 2.414814431521673,
    "t2": 2.4112669352144755
}