{
    "b0": 0.12175714836611079,
    "b1": 0.0268893445276453,
    "b2": -0.08338780254527689,
    "b3": 0.02864321949778138,
    "t1": 2.0,
    "t2": 5.0
}