{
    "b0": 0.12796996272192968,
    "b1": -0.0050276627571292695,
    "b2": -0.01281162173830717,
    "b3": -0.005498281543617355,
    "t1": 2.0,
    "t2": 5.0
}