{
    "b0": 0.12228691951697278,
    "b1": 0.009402227390178031,
    "b2": 0.16719740527706003,
    "b3": -0.13870238988520472,
    "t1": 0.7192316291301016,
    "t2": 0.8135913299413352
}