{
    "b0": 16.004621558376382,
    "b1": -1.8994885581941254,
    "b2": -2191.3127299456764,
    "b3": 2188.511427936201,
    "t1": 37.3584940914774,
    "t2": 37.33191607587853
}