{
    "b0": 0.1504857991934203,
    "b1": -0.012377371039167896,
    "b2": 0.07368929148247623,
    "b3": -0.08766578805179592,
    "t1": 7.022729148055731,
    "t2": 10.91035226271052
}