{
    "b0": 15.689067472556149,
    "b1": -1.669390984771089,
    "b2": 9435.063198462418,
    "b3": -9437.611812930216,
    "t1": 18.7261583961408,
    "t2": 18.73113953332612
}