{
    "b0": 0.12740791298751247,
    "b1": 0.007201031687759521,
    "b2": 0.05192981262648195,
    "b3": -0.024186858901280354,
    "t1": 0.6529771916644238,
    "t2": 2.0020650388384897
}