{
    "b0": 0.11764452936303305,
    "b1": 0.0018120887199877013,
    "b2": 0.03109780395960602,
    "b3": -0.0016666530124924825,
    "t1": 0.5670404971702867,
    "t2": 2.668956569313308
}