{
    "b0": 0.12098464334031071,
    "b1": 0.01177893534007814,
    "b2": -0.9130853660149462,
    "b3": 0.9385491094697554,
    "t1": 0.8154282433241049,
    "t2": 0.799421860100491
}