{
    "b0": 15.936268502795905,
    "b1": -1.867095063129454,
    "b2": -4817.574939483214,
    "b3": 4814.693056284195,
    "t1": 25.068465249598123,
    "t2": 25.05832519069703
}