{
    "b0": 0.15177317045515537,
    "b1": -0.012504280944951478,
    "b2": -0.029317158798428673,
    "b3": 0.05177599790623167,
    "t1": 1.0000001148741136,
    "t2": 0.7694323331403528
}