{
    "b0": 0.12069558797197252,
    "b1": 0.01569291753038475,
    "b2": -0.008600529960732444,
    "b3": 0.06121387043847613,
    "t1": 21.95597808107042,
    "t2": 110.43620626536453
}