{
    "b0": 0.15684399002303506,
    "b1": -0.01688454950855079,
    "b2": 0.010799181699065892,
    "b3": -0.049577435589251706,
    "t1": 8.17439864454409,
    "t2": 27.922448870412108
}