{
    "b0": 0.1253228515034092,
    "b1": 0.010798208328055134,
    "b2": -0.5687105898240665,
    "b3": 0.5844566254114604,
    "t1": 0.7128285683451326,
    "t2": 0.6778951432274445
}