{
    "b0": 0.124386642072027,
    "b1": 0.009724016298139158,
    "b2": 0.49278904168460674,
    "b3": -0.4562538388523929,
    "t1": 0.8731604542463491,
    "t2": 0.9363808094873303
}