{
    "b0": 16.18281815436355,
    "b1": -2.1663412575012293,
    "b2": -2692.7507010027384,
    "b3": 2689.378121934602,
    "t1": 18.52782724112824,
    "t2": 18.508620217890712
}