{
    "b0": 0.16263168220764476,
    "b1": -0.025068686331480114,
    "b2": 0.06425496325431004,
    "b3": -0.10305793546696423,
    "t1": 12.270350376971447,
    "t2": 20.734328358284035
}