{
    "b0": 0.1488111847685011,
    "b1": -0.009920432461091488,
    "b2": 0.03947798065188259,
    "b3": -0.05283941375014872,
    "t1": 4.688079919011135,
    "t2": 9.06969018195494
}