{
    "b0": 12.589770445142381,
    "b1": 0.5343560809342143,
    "b2": -3982.7965154196854,
    "b3": 3985.9755818122653,
    "t1": 111.39050669626812,
    "t2": 111.44058691618113
}