{
    "b0": 0.12493463765026161,
    "b1": 0.013932393289384885,
    "b2": -0.16132834063482387,
    "b3": 0.1932512701378098,
    "t1": 61.84566081190555,
    "t2": 81.36652690345531
}