{
    "b0": 0.15557429006753826,
    "b1": -0.016011772299419365,
    "b2": 0.014494447926244741,
    "b3": 0.008062733703879164,
    "t1": 0.5645990649641539,
    "t2": 3.4012833704139487
}