{
    "b0": 12.25464264907459,
    "b1": 0.8990209821569652,
    "b2": 719.3543177455266,
    "b3": -715.7072038939776,
    "t1": 100.9430284858665,
    "t2": 100.63042794705461
}