{
    "b0": 15.855337466186336,
    "b1": -1.852336550851481,
    "b2": 20604.915662015865,
    "b3": -20607.339970064335,
    "t1": 19.929942950794736,
    "t2": 19.93202322089835
}