{
    "b0": 12.196609972798203,
    "b1": -0.5244139554070777,
    "b2": 3.752748097161502,
    "b3": -1.0508235869583837,
    "t1": 264.96685181094983,
    "t2": 1397.5156511111613
}