{
    "b0": 0.15352155231926684,
    "b1": -0.01471703194338831,
    "b2": 0.03434501250352483,
    "b3": -0.05808435958836866,
    "t1": 7.211292376181047,
    "t2": 15.449508333490083
}