{
    "b0": 15.776890733749182,
    "b1": -1.7361453857452696,
    "b2": 3358.62782800199,
    "b3": -3361.1511434716895,
    "t1": 29.001091786511026,
    "t2": 29.017913802509305
}