{
    "b0": 12.265274577736468,
    "b1": 1.2559752606179777,
    "b2": -589.681720523471,
    "b3": 593.4545906219265,
    "t1": 99.86200441986027,
    "t2": 100.31558580035761
}