{
    "b0": 0.1306120229809633,
    "b1": -0.006769717363521928,
    "b2": 0.034288943010389455,
    "b3": -0.0068977376162269715,
    "t1": 0.5476120037604622,
    "t2": 2.6646732401130095
}