{
    "b0": 0.12069078213438335,
    "b1": 0.015164836308120287,
    "b2": -0.00929799437363361,
    "b3": 0.062100520275714,
    "t1": 30.847529378478164,
    "t2": 122.58514784548558
}