{
    "b0": 12.299551528765175,
    "b1": 0.2970829336016352,
    "b2": -783.1580017139052,
    "b3": 785.8836736572357,
    "t1": 102.34495733076157,
    "t2": 102.5086726811337
}