{
    "b0": 0.12602374503181513,
    "b1": 0.008737707294018331,
    "b2": 0.5012497623601846,
    "b3": -0.4712443684814899,
    "t1": 0.9171625308989322,
    "t2": 0.9869139156198353
}