{
    "b0": 16.685822899868228,
    "b1": -2.6035969801630827,
    "b2": -6346.1514785740565,
    "b3": 6342.837894241488,
    "t1": 32.4062181829933,
    "t2": 32.395814253440825
}