{
    "b0": 0.12899794520028898,
    "b1": 0.001269076838169519,
    "b2": 0.03236215211039514,
    "b3": -0.014618431944796914,
    "t1": 0.6711532068318948,
    "t2": 2.5477117886805036
}