{
    "b0": 0.13584183104132486,
    "b1": -0.028152622740464824,
    "b2": 0.06817469799197563,
    "b3": -0.06356850051906343,
    "t1": 2.876792551952117,
    "t2": 6.166295533349506
}