{
    "b0": 0.16940966290586004,
    "b1": -0.029763748905670344,
    "b2": 0.03538141322913824,
    "b3": -0.05982809802501176,
    "t1": 1.198187233073392,
    "t2": 3.898903246678699
}