{
    "b0": 0.18395581912192469,
    "b1": -0.04410838133144378,
    "b2": 0.04597204266842468,
    "b3": -0.08744752051808206,
    "t1": 1.4613696931658255,
    "t2": 4.34246847765371
}