{
    "b0": 0.13368552896904656,
    "b1": -0.0384849170063532,
    "b2": 0.07545281469611896,
    "b3": -0.05036793930752102,
    "t1": 2.0,
    "t2": 5.0
}