{
    "b0": 0.12579776978021978,
    "b1": 0.009057572534961708,
    "b2": 0.9875763802733419,
    "b3": -0.9612434039886772,
    "t1": 0.7811058749358135,
    "t2": 0.8076793109389898
}