{
    "b0": 0.12610464442608324,
    "b1": -0.08157122891344526,
    "b2": 0.15573086550897167,
    "b3": -0.06922167157940397,
    "t1": 2.0,
    "t2": 5.0
}