{
    "b0": 0.12324334101647165,
    "b1": -0.00035241000433889474,
    "b2": -0.8923817900002315,
    "b3": 0.915668678164285,
    "t1": 0.8344254320940603,
    "t2": 0.8213236277987771
}