{
    "b0": 0.11927226158177301,
    "b1": 0.016033604858002804,
    "b2": 0.04353776014702784,
    "b3": -0.0012283528995998272,
    "t1": 0.4428182173745614,
    "t2": -5.139347243456102
}