{
    "b0": 0.11722442596538454,
    "b1": -0.0005211207665459135,
    "b2": 0.02761854000222523,
    "b3": 0.01117491267211081,
    "t1": 0.4871052052295721,
    "t2": 1.8643688831448681
}