{
    "b0": 12.312369645300025,
    "b1": 1.4121611462812687,
    "b2": 5743.632365667779,
    "b3": -5739.61566137355,
    "t1": 85.68359512569964,
    "t2": 85.63562052515395
}