{
    "b0": 0.16263328141564634,
    "b1": -0.021794787295378988,
    "b2": 0.03214787757938508,
    "b3": -0.014206922995680712,
    "t1": 1.0569145478935875,
    "t2": 4.021982985322136
}