{
    "b0": 0.12345628427031521,
    "b1": 0.0059068936731057516,
    "b2": -0.018871929717391205,
    "b3": 0.049929546129455354,
    "t1": 68.49065945882559,
    "t2": 128.14696065800285
}