{
    "b0": 11.55740194473497,
    "b1": 0.31469889599208223,
    "b2": 582.4266648845581,
    "b3": -579.5613654035539,
    "t1": 119.52028564468203,
    "t2": 119.19706536650372
}