{
    "b0": 15.387737525229928,
    "b1": -1.3701634495177917,
    "b2": -6533.974072560046,
    "b3": 6531.913128461455,
    "t1": 18.623297264639614,
    "t2": 18.617162062891172
}