{
    "b0": 0.1357355481629291,
    "b1": 0.008384131751565955,
    "b2": -0.03802100988846259,
    "b3": 0.048519985927665585,
    "t1": 18.533198254816647,
    "t2": 34.50838640780578
}