{
    "b0": 0.13061020804440915,
    "b1": 0.007854445001547248,
    "b2": -0.16033559053474958,
    "b3": 0.17662933007806245,
    "t1": 0.9089496069517227,
    "t2": 0.7682971164143151
}