{
    "b0": 13.65222155853757,
    "b1": 0.5381228906144258,
    "b2": -735.734670452006,
    "b3": 737.4087075205243,
    "t1": 69.97133365421487,
    "t2": 70.13739442113125
}