{
    "b0": 0.1283103999170724,
    "b1": -0.00780873520628872,
    "b2": -0.007298223624169377,
    "b3": 0.0016269246838615248,
    "t1": 2.0,
    "t2": 5.0
}