{
    "b0": 0.18409438365248354,
    "b1": -0.04561801190507642,
    "b2": 0.14642000546659506,
    "b3": -0.16639918132907847,
    "t1": 1.6188592321399211,
    "t2": 3.0082260132819862
}