{
    "b0": 0.11472362127098029,
    "b1": 0.007838282876176557,
    "b2": -0.11342822938418298,
    "b3": 0.1382471022436566,
    "t1": 75.70214404450962,
    "t2": 99.56444748851936
}