{
    "b0": 0.12469977747689828,
    "b1": 0.010277208463757657,
    "b2": 0.22306096439338752,
    "b3": -0.19596681257964052,
    "t1": 0.8901358650810737,
    "t2": 1.0302124175719893
}