{
    "b0": 12.569928772226097,
    "b1": 0.5336653249620387,
    "b2": -2221.7732723794693,
    "b3": 2224.4885499548996,
    "t1": 107.64026007319528,
    "t2": 107.7361640358401
}