{
    "b0": 11.673586407060213,
    "b1": 0.3936222128615485,
    "b2": 337.68979824756366,
    "b3": -334.961143868501,
    "t1": 119.23388117645383,
    "t2": 118.54575108060912
}