{
    "b0": 0.12764525490665568,
    "b1": -0.003791741797303748,
    "b2": 0.1029528302141485,
    "b3": -0.07433331265153124,
    "t1": 0.9290441316221529,
    "t2": 1.2022361140477882
}