{
    "b0": 0.12362255991702606,
    "b1": 0.016444436924310274,
    "b2": -0.053266182606959395,
    "b3": 0.09054474199157658,
    "t1": 38.54170612458841,
    "t2": 75.55175784712107
}