{
    "b0": 0.1257211940669304,
    "b1": 0.008209755144016336,
    "b2": -0.025141955828285427,
    "b3": 0.049563769470004876,
    "t1": 39.76823898040552,
    "t2": 116.30141613886492
}