{
    "b0": 13.250192913903698,
    "b1": -1.0126909909131678,
    "b2": -4849.819768506132,
    "b3": 4849.562852148071,
    "t1": 2.881691330598788,
    "t2": 2.88036663624908
}