{
    "b0": 11.612945582997233,
    "b1": 0.1930822274042232,
    "b2": -97.4595240073018,
    "b3": 100.39606229325479,
    "t1": 123.68638758345737,
    "t2": 125.17442084771241
}