{
    "b0": 0.1329645861653716,
    "b1": -0.007906727210807206,
    "b2": 0.017062231747741796,
    "b3": -0.02991500694540741,
    "t1": 0.3701427229007284,
    "t2": 4.9758741176077566
}