{
    "b0": 12.757908715784312,
    "b1": 0.35153944629851863,
    "b2": -365.94822594159285,
    "b3": 368.45355959102227,
    "t1": 105.6427875614287,
    "t2": 106.09478040317606
}