{
    "b0": 0.1439643872753016,
    "b1": -0.003219136118669203,
    "b2": -0.01394575681011119,
    "b3": 0.01061896279849504,
    "t1": 2.1218045296703543,
    "t2": 0.3783883138414623
}