{
    "b0": 0.13999846183275888,
    "b1": 0.0005191966749228538,
    "b2": -0.2667213067313582,
    "b3": 0.26574749929738367,
    "t1": 0.7051752500463221,
    "t2": 0.6636986076886683
}