{
    "b0": 15.907906182069254,
    "b1": -1.8379004240839185,
    "b2": 42259.92491824907,
    "b3": -42262.745213037124,
    "t1": 31.41035240443897,
    "t2": 31.411704355714
}