{
    "b0": 0.1696189769115537,
    "b1": -0.029847634973649534,
    "b2": 0.031203740759651752,
    "b3": -0.05567168112353017,
    "t1": 1.121388602329534,
    "t2": 3.9010586206291844
}