{
    "b0": 15.072236455684497,
    "b1": -0.9786215109858856,
    "b2": -817.0464554950022,
    "b3": 815.5037605010984,
    "t1": 20.385779986227845,
    "t2": 20.354276325574357
}