{
    "b0": 0.1687452639560924,
    "b1": -0.029773670680265707,
    "b2": 0.700859176891088,
    "b3": -0.6743064035606803,
    "t1": 1.6550663781874921,
    "t2": 1.7968136713923943
}