{
    "b0": 0.12459180600709638,
    "b1": -0.013909501084267032,
    "b2": 0.02714136215013649,
    "b3": -0.03243586615791132,
    "t1": 2.0,
    "t2": 5.0
}