{
    "b0": 0.12215203527440394,
    "b1": -0.001968807492750751,
    "b2": 0.0281889677308574,
    "b3": 0.0034243463372455717,
    "t1": 0.5880827139932032,
    "t2": 2.9991315010938737
}