{
    "b0": 11.822475021317324,
    "b1": 0.2579410958387087,
    "b2": 1595.6274862469547,
    "b3": -1593.132680968946,
    "t1": 112.810788609274,
    "t2": 112.6810052784516
}