{
    "b0": 0.11498156689307028,
    "b1": 0.0030442363285538097,
    "b2": 0.033076690281405766,
    "b3": -0.0024491959691211795,
    "t1": 0.5739270460635362,
    "t2": 2.606193692732328
}