{
    "b0": 0.12279082282050958,
    "b1": 0.0135066264470775,
    "b2": 0.03708464458745357,
    "b3": -0.0199126957743576,
    "t1": 0.4196880369700673,
    "t2": -20.894828371012856
}