{
    "b0": 0.12329570513664512,
    "b1": 0.01581101307281474,
    "b2": -0.4008465437627698,
    "b3": 0.4395122293451479,
    "t1": 79.31912419230738,
    "t2": 89.98379571590635
}