{
    "b0": 0.1288153018860628,
    "b1": -0.0007940749786230282,
    "b2": 0.02843529272112857,
    "b3": -0.016799630829448332,
    "t1": 0.528360754400294,
    "t2": 3.7432999536624676
}