{
    "b0": 0.1294291802378914,
    "b1": 0.0007863242284980206,
    "b2": 0.0316773990679375,
    "b3": -0.014945138044354538,
    "t1": 0.6491928816704915,
    "t2": 2.3910265957820482
}