{
    "b0": 0.12773333180321725,
    "b1": 0.0028331117521394576,
    "b2": 0.03745218608601933,
    "b3": -0.01478837190126039,
    "t1": 0.620828055926764,
    "t2": 2.2335847206286368
}