{
    "b0": 0.1547938874013495,
    "b1": -0.01615116320064334,
    "b2": 0.044870550974436915,
    "b3": -0.06971221375650888,
    "t1": 11.09773036795611,
    "t2": 20.253559427536675
}