{
    "b0": 0.12465836412027194,
    "b1": 0.01007784932574389,
    "b2": 0.9392919280999948,
    "b3": -0.9067059060814268,
    "t1": 0.9866180244064005,
    "t2": 1.018225906336495
}