{
    "b0": 15.750693053221791,
    "b1": -1.7301478790674403,
    "b2": -5789.7190832017695,
    "b3": 5786.910292455935,
    "t1": 17.961526553954307,
    "t2": 17.95266107446543
}