{
    "b0": 0.13564115632695314,
    "b1": 0.008747717169825309,
    "b2": -0.029721240085418803,
    "b3": 0.04262859296957519,
    "t1": 16.589168884951505,
    "t2": 40.244986714125844
}