{
    "b0": 0.131407163047998,
    "b1": -0.007166098089818034,
    "b2": 0.03173260049520844,
    "b3": -0.008212300535124251,
    "t1": 0.5757317824776051,
    "t2": 2.7042401727630647
}