{
    "b0": 0.13134780342114696,
    "b1": -0.007348048452490525,
    "b2": 0.03703238969208112,
    "b3": -0.011845191479971675,
    "t1": 0.6503396288905148,
    "t2": 2.9702210917188374
}