{
    "b0": 16.079650873791206,
    "b1": -2.0151388676932345,
    "b2": -5835.93999624786,
    "b3": 5832.768071248277,
    "t1": 27.02587844061859,
    "t2": 27.015662987361427
}