{
    "b0": 0.12230898090195845,
    "b1": 0.009936285081230352,
    "b2": 0.07129574962929558,
    "b3": -0.04238658045245382,
    "t1": 0.637678589487463,
    "t2": 0.8912761108323846
}