{
    "b0": 0.1618831822612315,
    "b1": -0.023141273576912594,
    "b2": 0.11932179212565948,
    "b3": -0.09548899874180623,
    "t1": 1.3208189273246362,
    "t2": 1.9245629363233232
}