{
    "b0": 12.502411223560863,
    "b1": 1.1671787685199573,
    "b2": -9700.008351546305,
    "b3": 9704.154478229797,
    "t1": 98.63415225379121,
    "t2": 98.6690019943456
}