{
    "b0": 0.12134709006547456,
    "b1": 0.012934993663283205,
    "b2": -0.14812910669018534,
    "b3": 0.18345723599710215,
    "t1": 63.574430899318685,
    "t2": 80.11681606276532
}