{
    "b0": 0.11557617025231752,
    "b1": 0.00960959327666979,
    "b2": -0.11428206971223458,
    "b3": 0.12974115168899927,
    "t1": 53.39924823844922,
    "t2": 77.50406468883739
}