{
    "b0": 0.11667314791782246,
    "b1": -0.0021106997748256175,
    "b2": 0.02964101957292071,
    "b3": 0.024029828811293938,
    "t1": 1.2314539453505007,
    "t2": 0.38464289413472685
}