{
    "b0": 0.13441300890623367,
    "b1": 0.005708326583321703,
    "b2": -0.04749569570320459,
    "b3": 0.05067502288429486,
    "t1": 1.000000033007484,
    "t2": 0.5964081167375036
}