{
    "b0": 15.858718752115593,
    "b1": -1.7869067845485738,
    "b2": 3538.80630196271,
    "b3": -3541.6419624462387,
    "t1": 29.860261096693534,
    "t2": 29.877095625956727
}