{
    "b0": 12.39684939801784,
    "b1": 1.2673505717943456,
    "b2": 4372.348814780393,
    "b3": -4368.1067668060505,
    "t1": 109.75171786023272,
    "t2": 109.66687982687553
}