{
    "b0": 0.12305928069627105,
    "b1": 0.003925382015269766,
    "b2": 0.03676411636279005,
    "b3": -0.0026558211796574374,
    "t1": 0.5654455011148218,
    "t2": 2.517357362072756
}