{
    "b0": 0.16382015032147634,
    "b1": -0.024003779052352518,
    "b2": 0.8690423550650035,
    "b3": -0.8559205202320816,
    "t1": 1.6571408398691108,
    "t2": 1.7380840433557294
}