{
    "b0": 0.16290793347014196,
    "b1": -0.023460954047426805,
    "b2": -0.32339677553474433,
    "b3": 0.2920144788069397,
    "t1": 26.104526882061247,
    "t2": 23.382256437943827
}