{
    "b0": 0.13453045264079186,
    "b1": 0.00569858536727386,
    "b2": 0.8626168318314005,
    "b3": -0.853785874095774,
    "t1": 0.6904651436080045,
    "t2": 0.7035819648328303
}