{
    "b0": 0.16684992718911668,
    "b1": -0.028003407249532288,
    "b2": 0.11326961757436228,
    "b3": -0.09454870543242042,
    "t1": 1.515197740629535,
    "t2": 2.36738416446166
}