{
    "b0": 0.1783395092660079,
    "b1": -0.03901913688241595,
    "b2": 0.020651791362607894,
    "b3": -0.0773080169251259,
    "t1": 0.9927700904498441,
    "t2": 4.593661684206573
}