{
    "b0": 0.12285394826052916,
    "b1": 0.01104209447791487,
    "b2": 0.38493984930135705,
    "b3": -0.35581950750738384,
    "t1": 75.26727029232947,
    "t2": 67.30733517178828
}