{
    "b0": 0.11606701871678392,
    "b1": 0.0016598731252535324,
    "b2": 0.0075517234536736835,
    "b3": 0.025817250570314074,
    "t1": 2.894970010905989,
    "t2": 0.45406931121653044
}