{
    "b0": 0.13797230350800266,
    "b1": 0.006822587725375594,
    "b2": -0.25703961544519977,
    "b3": 0.2655822820742557,
    "t1": 41.15242043291737,
    "t2": 46.76675009052841
}