{
    "b0": 0.12839547513756824,
    "b1": -0.008334364113938852,
    "b2": 0.006607508983386806,
    "b3": -0.023962597089543722,
    "t1": 2.0,
    "t2": 5.0
}