{
    "b0": 0.12408645774491606,
    "b1": 0.010010934361696672,
    "b2": 0.45649179169362947,
    "b3": -0.42170782692932096,
    "t1": 0.8456727052655134,
    "t2": 0.9058053290443647
}