{
    "b0": 0.1766402413349999,
    "b1": -0.032689258255662004,
    "b2": -0.007839803577811836,
    "b3": -0.11366197948398513,
    "t1": 2.0554767959292803,
    "t2": 4.944362758160423
}