{
    "b0": 14.497519220894663,
    "b1": -0.39128182650595067,
    "b2": -101.72004177920132,
    "b3": 101.28663747597395,
    "t1": 11.744517803516997,
    "t2": 11.678857612247741
}