{
    "b0": 0.135886118070313,
    "b1": -0.01370049563712477,
    "b2": 0.033220484960360466,
    "b3": -0.050600181615131815,
    "t1": 2.9993617629473173,
    "t2": 6.406774594686123
}