{
    "b0": 0.1591536330208677,
    "b1": -0.020473939503364756,
    "b2": 0.043741024522663846,
    "b3": -0.07914437864760696,
    "t1": 10.968134431804746,
    "t2": 20.383814918457823
}