{
    "b0": 0.13723305840987532,
    "b1": 0.002840458589809622,
    "b2": 0.05765768145548978,
    "b3": -0.03734628133378277,
    "t1": 0.5459920363557689,
    "t2": 0.6918070531137506
}