{
    "b0": 0.15779953831589225,
    "b1": -0.018971755300902962,
    "b2": 0.04296105449613288,
    "b3": -0.07462739834260475,
    "t1": 12.90305912781859,
    "t2": 24.056813978438555
}