{
    "b0": 0.27912636617643044,
    "b1": -0.13888627904523246,
    "b2": 0.24738397733568668,
    "b3": -0.4828282693719403,
    "t1": 3.1258499904910204,
    "t2": 5.172875943058872
}