{
    "b0": 0.1334927061159042,
    "b1": 0.006386020659989053,
    "b2": -0.06204201129918213,
    "b3": 0.06143678347505681,
    "t1": 1.0000000486083203,
    "t2": 0.593401091719601
}