{
    "b0": 0.12337840321231382,
    "b1": -0.0011453607690666244,
    "b2": -0.00946840816471877,
    "b3": 0.03674839750878676,
    "t1": 1.0000001095456554,
    "t2": 0.6658384144377911
}