{
    "b0": 0.166566187959993,
    "b1": -0.023732546947543426,
    "b2": -0.004845686357369821,
    "b3": -0.07091797930529276,
    "t1": 2.0,
    "t2": 5.0
}