{
    "b0": 0.12161202579379268,
    "b1": 0.012434782375938196,
    "b2": -0.07032435889142408,
    "b3": 0.10772449883689227,
    "t1": 61.18712779954386,
    "t2": 94.13387432447843
}