{
    "b0": 0.12910150783488905,
    "b1": 0.010994789465242606,
    "b2": -0.07698637198731373,
    "b3": 0.10089314639916333,
    "t1": 33.285784028746086,
    "t2": 52.329398437660814
}