{
    "b0": 15.637158579105416,
    "b1": -1.6425272735181644,
    "b2": 5092.0765310193465,
    "b3": -5094.536065062929,
    "t1": 18.660373041170118,
    "t2": 18.669902020653772
}