{
    "b0": 11.938877702424259,
    "b1": -0.24333904928097994,
    "b2": 13.053072458090417,
    "b3": -10.371025846893238,
    "t1": 147.16617161029347,
    "t2": 138.9950197489733
}