{
    "b0": 0.1574317568210177,
    "b1": -0.01859214891090371,
    "b2": 0.049557028671240344,
    "b3": -0.07990485670510676,
    "t1": 12.048963957385212,
    "t2": 21.362096841829683
}