{
    "b0": 12.235994243108014,
    "b1": -0.5720637249658409,
    "b2": 3.7654903575033716,
    "b3": -1.160100436077184,
    "t1": 267.7019121968025,
    "t2": 2039.294189808187
}