{
    "b0": 0.17378430925700364,
    "b1": -0.035086724685554724,
    "b2": 0.19108034913003857,
    "b3": -0.1820166511366092,
    "t1": 1.588603570390819,
    "t2": 2.3535260813756578
}