{
    "b0": 0.15639181065376176,
    "b1": -0.01768076739777491,
    "b2": 0.06909704854740499,
    "b3": -0.09668265836012363,
    "t1": 11.998135996214435,
    "t2": 19.882126579140852
}