{
    "b0": 15.120562093587738,
    "b1": -1.1193956317814502,
    "b2": -1370.8879411503347,
    "b3": 1369.4222949263528,
    "t1": 16.757769566031325,
    "t2": 16.739485514358428
}