{
    "b0": 0.12236476656536213,
    "b1": 0.0172038319536124,
    "b2": -0.05319937169187944,
    "b3": 0.09228243120843442,
    "t1": 41.016551544269426,
    "t2": 72.48704663686114
}