{
    "b0": 0.12438437292377415,
    "b1": 0.004600711367149964,
    "b2": 0.6044533958727527,
    "b3": -0.5784841278492852,
    "t1": 78.5568326673274,
    "t2": 74.98873655278034
}