{
    "b0": 11.54864817192907,
    "b1": 0.5335634946184546,
    "b2": -1486.4032951528648,
    "b3": 1489.1015556489708,
    "t1": 116.27099932780577,
    "t2": 116.42466523757979
}