{
    "b0": 0.12042255966064108,
    "b1": 0.015156863551044215,
    "b2": 0.04152627060488634,
    "b3": -0.0005343238648082421,
    "t1": 0.4379066586985285,
    "t2": -4.07441951709445
}