{
    "b0": 0.06872412189458524,
    "b1": 0.0681551616209359,
    "b2": 0.07638239782712888,
    "b3": 0.16015841122584662,
    "t1": 0.6473362858677421,
    "t2": 5.975198580434345
}