{
    "b0": 0.12275501631093975,
    "b1": 0.015683194277538823,
    "b2": -0.058193155665659614,
    "b3": 0.09720819038629772,
    "t1": 61.40865558380265,
    "t2": 108.37464579962106
}