{
    "b0": 0.14863467433395486,
    "b1": -0.009644437094975263,
    "b2": 0.03896641666181799,
    "b3": -0.05247947611426082,
    "t1": 5.046584231526975,
    "t2": 9.274131753671604
}