{
    "b0": 0.13308137017129873,
    "b1": -0.010587250100711397,
    "b2": 0.026892606729912394,
    "b3": -0.04086104233069926,
    "t1": 2.0,
    "t2": 5.0
}