{
    "b0": 0.1644412454552528,
    "b1": -0.02523159234996966,
    "b2": 0.08974812061887727,
    "b3": -0.08003519964099703,
    "t1": 1.3336356915507768,
    "t2": 2.2509631191876807
}