{
    "b0": 0.12540008995316212,
    "b1": -5.627179087690834e-05,
    "b2": -6.045866384268141e-06,
    "b3": 0.025319298959994442,
    "t1": -0.9762368774312933,
    "t2": 0.4171759130897224
}