{
    "b0": 13.26952789618304,
    "b1": -0.8602508470344934,
    "b2": 2381.5098891216317,
    "b3": -2382.301926343578,
    "t1": 3.609678122910194,
    "t2": 3.612341607294291
}