{
    "b0": 0.12322876924588613,
    "b1": 0.0025202013535062275,
    "b2": 0.027557036505170104,
    "b3": 0.0012584554780839044,
    "t1": 0.4972504649256646,
    "t2": 2.3643189398118807
}