{
    "b0": 15.792879317554108,
    "b1": -1.767481214322531,
    "b2": -8699.629702410664,
    "b3": 8697.218842511447,
    "t1": 12.149255282232568,
    "t2": 12.14510236445326
}