{
    "b0": 15.987331329274527,
    "b1": -1.8987411770306228,
    "b2": -798.1519089225786,
    "b3": 795.211336355378,
    "t1": 40.350145112052815,
    "t2": 40.26500360159003
}