{
    "b0": 0.17883453506490865,
    "b1": -0.03808548274441197,
    "b2": 3.105934589211698e-05,
    "b3": -0.05333237000355476,
    "t1": 0.5095357065678221,
    "t2": 5.574317560267642
}