{
    "b0": 0.12098248909255382,
    "b1": 0.017965017324324296,
    "b2": 0.14108013799390579,
    "b3": -0.10604519944000552,
    "t1": 70.64766702749586,
    "t2": 50.73851925309639
}