{
    "b0": 12.375229668537493,
    "b1": 0.7949163638425025,
    "b2": 1679.311817122991,
    "b3": -1675.7591204933224,
    "t1": 104.59220065411196,
    "t2": 104.46266516164108
}