{
    "b0": 0.13003326630188883,
    "b1": 0.00367724875855487,
    "b2": -0.04434852924547662,
    "b3": 0.012420403190801486,
    "t1": 2.0,
    "t2": 5.0
}