{
    "b0": 0.12166477207605975,
    "b1": 0.011742007908908343,
    "b2": -0.03759215956528261,
    "b3": 0.07728872482549216,
    "t1": 70.69072211372992,
    "t2": 113.16035647916992
}