{
    "b0": 12.482548318004266,
    "b1": 0.05879733897032091,
    "b2": -27.835114889408167,
    "b3": 30.360074361521868,
    "t1": 134.2462215962268,
    "t2": 137.1301292602557
}