{
    "b0": 15.896600932028624,
    "b1": -1.9153536832010505,
    "b2": -87539.02749230032,
    "b3": 87536.03102858632,
    "t1": 16.156433874241277,
    "t2": 16.155910347815905
}