{
    "b0": 12.443414270498193,
    "b1": 0.3589791258108932,
    "b2": -126.7743660494457,
    "b3": 129.81097819012868,
    "t1": 120.57341798466368,
    "t2": 121.62515325615205
}