{
    "b0": 0.12336310468273376,
    "b1": 0.01519966864337148,
    "b2": -0.011366427398142726,
    "b3": 0.06921405730622934,
    "t1": 26.89314772145168,
    "t2": 131.63552859916368
}