{
    "b0": 0.1445979333414012,
    "b1": -0.005205467948851707,
    "b2": -0.05391650626254468,
    "b3": 0.01955703750259208,
    "t1": 3.079171407056992,
    "t2": 0.3107944169131258
}