{
    "b0": 0.12492761261811111,
    "b1": -0.00014669436428574843,
    "b2": 0.026743893754014654,
    "b3": 0.0018219719481203378,
    "t1": 0.44487359177134866,
    "t2": 2.3242507774881602
}