{
    "b0": 0.12460120939452646,
    "b1": -0.0042603571044190006,
    "b2": 0.03511745645566347,
    "b3": -0.0074515262074711895,
    "t1": 0.6068825326374381,
    "t2": 2.780874433122195
}