{
    "b0": 0.12540062256461412,
    "b1": -0.0009108572654874733,
    "b2": 0.028924081646620754,
    "b3": 0.001438858813706562,
    "t1": 0.48348791957699455,
    "t2": 2.454436276556713
}