{
    "b0": 0.13770242008648684,
    "b1": 0.002670275042834276,
    "b2": 0.44031676355243266,
    "b3": -0.4380674992409333,
    "t1": 0.6529682879160423,
    "t2": 0.6794132453190398
}