{
    "b0": 0.17399881588880914,
    "b1": -0.048088094760697565,
    "b2": -0.07666095873313099,
    "b3": 0.02578580841536411,
    "t1": 11.134666151497903,
    "t2": 0.42345157663488703
}