{
    "b0": 12.659584580707817,
    "b1": -0.021405154167721818,
    "b2": -0.7757289148152673,
    "b3": 2.6505704711792486,
    "t1": 23.909296507499285,
    "t2": 154.87898918982586
}