{
    "b0": 13.820073298592218,
    "b1": 0.35642762356950497,
    "b2": -1556.8043194014786,
    "b3": 1557.5046592808526,
    "t1": 33.869548734690625,
    "t2": 33.88932133309875
}