{
    "b0": 12.422136654057166,
    "b1": 0.2958511398019379,
    "b2": -23.008719931542743,
    "b3": 26.542114314529776,
    "t1": 147.91680856866932,
    "t2": 153.09850764192498
}