{
    "b0": 15.964896751580719,
    "b1": -1.908009219352838,
    "b2": 917.7638917430627,
    "b3": -920.6854282914691,
    "t1": 30.605473042504244,
    "t2": 30.673714915062725
}