{
    "b0": 0.16777633186858304,
    "b1": -0.028101643639804157,
    "b2": 0.02147060025221398,
    "b3": -0.0697154694611003,
    "t1": 17.578242605601613,
    "t2": 38.714574089034905
}