{
    "b0": 0.16199647264097278,
    "b1": -0.02283954191631313,
    "b2": 0.03779757049699027,
    "b3": 0.007449095273886225,
    "t1": 0.8994890121897448,
    "t2": 0.2373689797083801
}