{
    "b0": 0.1667450733333589,
    "b1": -0.02799710566833403,
    "b2": 0.07516065816650817,
    "b3": -0.11638446648984566,
    "t1": 20.395680630385055,
    "t2": 30.738554059520403
}