{
    "b0": 0.06922768239091297,
    "b1": 0.04795545021811256,
    "b2": 0.033152757244174234,
    "b3": 0.02820213213318719,
    "t1": -10.500614454523626,
    "t2": 0.4706037175668669
}