{
    "b0": 0.1625343422480483,
    "b1": -0.022590238474126043,
    "b2": 0.06113194706847458,
    "b3": -0.09699666250396095,
    "t1": 13.915460306156902,
    "t2": 21.563938137912107
}