{
    "b0": 0.12303829356962037,
    "b1": 0.004982268929164407,
    "b2": -0.11310588057721765,
    "b3": 0.13475754304099855,
    "t1": 57.43754976827863,
    "t2": 72.86010529790721
}