{
    "b0": 12.92153421527996,
    "b1": 0.895028049380318,
    "b2": 1729.3461452726106,
    "b3": -1726.0471286226773,
    "t1": 71.71283304241642,
    "t2": 71.62000244587449
}