{
    "b0": 0.12619453504481312,
    "b1": -0.00235386884056634,
    "b2": 1.3445013915083012e-08,
    "b3": 0.03156054928069106,
    "t1": 1.7044558677284323,
    "t2": 0.4902873272869539
}