{
    "b0": 0.11303825322645634,
    "b1": 0.006205179827887441,
    "b2": 0.03608069932526106,
    "b3": -0.002717422069970162,
    "t1": 0.6457036373063856,
    "t2": 2.779853042673259
}