{
    "b0": 0.11969891465291391,
    "b1": 0.0144292916584981,
    "b2": -0.13448882665573308,
    "b3": 0.17437627217140877,
    "t1": 70.83305360167651,
    "t2": 91.005038843252
}