{
    "b0": 0.16128424460453214,
    "b1": -0.022904109855270645,
    "b2": 0.039151460338057026,
    "b3": -0.07553243827787424,
    "t1": 12.847731907619778,
    "t2": 26.04081141221849
}