{
    "b0": 0.12663471816174768,
    "b1": 0.0037190037527015385,
    "b2": 0.03933938543993046,
    "b3": -0.015582597844313003,
    "t1": 0.6281522863794817,
    "t2": 2.1941505519451834
}