{
    "b0": 0.1290379571582791,
    "b1": 0.011686739828199788,
    "b2": -0.10706274502600777,
    "b3": 0.13789963618393894,
    "t1": 47.77955753000151,
    "t2": 64.12684496957051
}