{
    "b0": 14.892608893952923,
    "b1": -0.8214115434698557,
    "b2": 21068.866257313788,
    "b3": -21070.130475930026,
    "t1": 14.050487773771442,
    "t2": 14.051317331538076
}