{
    "b0": 15.365421112815469,
    "b1": -1.5366301131648568,
    "b2": -4870.525726201776,
    "b3": 4869.041925096437,
    "t1": 10.38546301710163,
    "t2": 10.379816881665773
}