{
    "b0": 0.17026600808477804,
    "b1": -0.031332322056317155,
    "b2": -0.5531381199862928,
    "b3": 0.5822467588530326,
    "t1": 2.002461358411837,
    "t2": 1.7937387260577573
}