{
    "b0": 14.037036440974406,
    "b1": 0.13540525378951868,
    "b2": 92.93038567007952,
    "b3": -92.5814097688213,
    "t1": 36.56343376802836,
    "t2": 36.32031385985821
}