{
    "b0": 0.12450008403992842,
    "b1": 0.0065115359011786375,
    "b2": 0.043133752179337424,
    "b3": -0.013614300535339416,
    "t1": 0.5716764186255592,
    "t2": 1.7474684727139493
}