{
    "b0": 0.12407641030928586,
    "b1": 0.015786200411188882,
    "b2": -0.08796839672219019,
    "b3": 0.12258525373813237,
    "t1": 45.062361321420155,
    "t2": 69.37431719293778
}