{
    "b0": 0.12364105754179763,
    "b1": 0.0048280116618413076,
    "b2": -0.3809059931226731,
    "b3": 0.4121461429905716,
    "t1": 117.1768842871174,
    "t2": 121.82730148797984
}