{
    "b0": 0.12042212088210705,
    "b1": 0.014836581871309956,
    "b2": -0.03421889383308909,
    "b3": 0.07674375280904064,
    "t1": 47.31026304933118,
    "t2": 101.84879343979173
}