{
    "b0": 0.13276136278069198,
    "b1": -0.009071436350483249,
    "b2": 0.03618597691080284,
    "b3": -0.010515867452265803,
    "t1": 0.5569064146535059,
    "t2": 2.673031079998321
}