{
    "b0": 0.12624289502210878,
    "b1": 0.01869327003090126,
    "b2": -0.031035909741559117,
    "b3": 0.0658670297390542,
    "t1": 27.15004028179468,
    "t2": 65.84059830395866
}