{
    "b0": 0.1326040511353472,
    "b1": -0.009849080938040575,
    "b2": -0.07981414569891906,
    "b3": 0.11751654008778487,
    "t1": 1.0000001280575455,
    "t2": 0.787179614334471
}