{
    "b0": 0.12202297147942405,
    "b1": 0.01166882352281906,
    "b2": -0.05456303909973611,
    "b3": 0.09163769919355855,
    "t1": 58.52911981997015,
    "t2": 97.36965957072076
}