{
    "b0": 0.16438155411199482,
    "b1": -0.02465759183372453,
    "b2": 0.036135697016522236,
    "b3": -0.048313516902373295,
    "t1": 1.0568869735891426,
    "t2": 3.3915243800098773
}