{
    "b0": 0.13551401321869216,
    "b1": 0.008152614404100485,
    "b2": -0.04118305781075825,
    "b3": 0.052033277978466665,
    "t1": 18.36535005458191,
    "t2": 31.10444904271256
}