{
    "b0": 0.1544555850541518,
    "b1": -0.014583949737625442,
    "b2": 0.04411794377817896,
    "b3": -0.06881668289562709,
    "t1": 15.307270461992111,
    "t2": 23.68456119614597
}