{
    "b0": 0.1261923556830349,
    "b1": 0.006935423971941818,
    "b2": 0.30804240088373847,
    "b3": -0.28292331719121727,
    "t1": 82.20327068955449,
    "t2": 73.21071826068003
}