{
    "b0": 0.128272285473377,
    "b1": -0.0058164982040943836,
    "b2": -0.011008975051252524,
    "b3": -0.007239689177022908,
    "t1": 2.0,
    "t2": 5.0
}