{
    "b0": 0.12718835313551022,
    "b1": 0.0075598706911597785,
    "b2": 0.056689515260557224,
    "b3": -0.03251562011786388,
    "t1": 0.6980179308676859,
    "t2": 1.9797662317554288
}