{
    "b0": 0.17304966919413212,
    "b1": -0.030804306292859837,
    "b2": -0.03646054045995925,
    "b3": -0.05205759626871413,
    "t1": 0.20923711251699043,
    "t2": 5.074974705158765
}