{
    "b0": 16.627125759331953,
    "b1": -2.6498454084800604,
    "b2": -3170.7257633028125,
    "b3": 3166.9003922095662,
    "t1": 22.73294794519803,
    "t2": 22.711090568521033
}