{
    "b0": 0.13052467639145277,
    "b1": -0.006168604028064505,
    "b2": 0.03306821524157026,
    "b3": -0.010996648318665028,
    "t1": 0.5792911561782565,
    "t2": 2.6561176189569187
}