{
    "b0": 0.17329268638796572,
    "b1": -0.028795223688135398,
    "b2": -0.013622303257821076,
    "b3": -0.10361604701483554,
    "t1": 2.3762856371163017,
    "t2": 4.778644822633444
}