{
    "b0": 15.860420259809635,
    "b1": -1.8161664985878971,
    "b2": -3352.2321686724954,
    "b3": 3349.469278495123,
    "t1": 26.36492133052937,
    "t2": 26.347187000232655
}