{
    "b0": 0.11506734650515728,
    "b1": 0.004136102344227373,
    "b2": 0.5637859308393335,
    "b3": -0.5346453468497362,
    "t1": 0.362507925778628,
    "t2": 0.35265547059427677
}