{
    "b0": 0.12199945838983353,
    "b1": 0.012122960351807183,
    "b2": -0.1334007608904091,
    "b3": 0.1674766690134799,
    "t1": 59.1073273597285,
    "t2": 75.81096267143862
}