{
    "b0": 0.1598289580653974,
    "b1": -0.021378035441347594,
    "b2": 0.04684528688287111,
    "b3": -0.08178349243892642,
    "t1": 15.325565363904724,
    "t2": 28.237430847096146
}