{
    "b0": 0.13775401574026397,
    "b1": 0.006945140391582352,
    "b2": -0.38314740182361473,
    "b3": 0.3856008364386248,
    "t1": 19.866198237616906,
    "t2": 21.244779736064572
}