{
    "b0": 0.12026424282864538,
    "b1": 0.002333501903432598,
    "b2": 0.031016936319873237,
    "b3": -0.003622956408717906,
    "t1": 0.580119006707438,
    "t2": 2.5899613455632498
}