{
    "b0": 0.1228551254803925,
    "b1": 0.006624856806294049,
    "b2": -0.08362256633966679,
    "b3": 0.03106070694578248,
    "t1": 2.0,
    "t2": 5.0
}