{
    "b0": 0.16781348434093143,
    "b1": -0.029406980942454572,
    "b2": 0.06887436614367999,
    "b3": -0.11344073430380351,
    "t1": 19.532547568807715,
    "t2": 30.94218095552324
}