{
    "b0": 0.13131177348765985,
    "b1": -0.00692485245138705,
    "b2": 0.031300604652756296,
    "b3": -0.01016281691170462,
    "t1": 0.582415154572375,
    "t2": 2.666620562608251
}