{
    "b0": 12.981201109918445,
    "b1": 0.9379538171807509,
    "b2": 1434.8805761112988,
    "b3": -1431.8218326174713,
    "t1": 70.48909822939832,
    "t2": 70.39169611596319
}