{
    "b0": 0.12213075591466897,
    "b1": 0.009075147262122992,
    "b2": 0.13000245261303997,
    "b3": -0.0994730569302897,
    "t1": 0.6849627027962879,
    "t2": 0.8091338909624026
}