{
    "b0": 0.1255367153792083,
    "b1": 0.008349537041924138,
    "b2": 0.646782092424099,
    "b3": -0.6097843533581352,
    "t1": 0.8273950580303217,
    "t2": 0.8655615431015586
}