{
    "b0": 0.16566784049786668,
    "b1": -0.025711295275940318,
    "b2": 0.10747623135712847,
    "b3": -0.10131025633101086,
    "t1": 1.5957110043896874,
    "t2": 2.355904957481835
}