{
    "b0": 14.20045543550425,
    "b1": -0.0075371130952713306,
    "b2": 102.12118848164991,
    "b3": -101.93398667773789,
    "t1": 38.125024190498884,
    "t2": 37.9034899964231
}