{
    "b0": 0.1287343248359152,
    "b1": -0.0030846472357818886,
    "b2": 0.023181457450071052,
    "b3": -0.019324197224691843,
    "t1": 0.4125303369543787,
    "t2": 4.201703723487009
}