{
    "b0": 0.1403025411166417,
    "b1": 0.0002509112631086837,
    "b2": -0.09461080135906219,
    "b3": 0.09533468317289055,
    "t1": 0.7888003097860152,
    "t2": 0.6683154176885608
}