{
    "b0": 15.361472437709617,
    "b1": -1.3197096164456705,
    "b2": -2103.2548899350963,
    "b3": 2101.20576318464,
    "t1": 16.803749797616256,
    "t2": 16.785838491561808
}