{
    "b0": 12.3557995221141,
    "b1": 0.18372371862401504,
    "b2": -58.45083863458022,
    "b3": 61.17941230610998,
    "t1": 118.87724939895396,
    "t2": 120.64827283662886
}