{
    "b0": 0.12375785545094381,
    "b1": 0.0020680723250769244,
    "b2": 0.03053048747440088,
    "b3": -0.0034401285243006365,
    "t1": 0.45461882645721485,
    "t2": 1.7431491947651079
}