{
    "b0": 0.15933654947367676,
    "b1": -0.018348630824653673,
    "b2": -0.020035344693114736,
    "b3": 0.015002770887777767,
    "t1": 0.29805612362608636,
    "t2": 1.0098640408956752
}