{
    "b0": 0.12072418038949956,
    "b1": 0.012392180012400153,
    "b2": 0.5797407407327537,
    "b3": -0.5516434063810342,
    "t1": 0.7706380025812224,
    "t2": 0.7992023234507871
}