{
    "b0": 0.12876173531999707,
    "b1": 0.001672864043158995,
    "b2": 0.030340419272074686,
    "b3": -0.009972740128312958,
    "t1": 0.5863270557854339,
    "t2": 2.226032518380597
}