{
    "b0": 0.17633777713264437,
    "b1": -0.03698256287582653,
    "b2": 0.04623779119531134,
    "b3": -0.03304788217885872,
    "t1": 0.9881652640963132,
    "t2": 3.8186246257628014
}