{
    "b0": 0.13303006382970237,
    "b1": -0.004620399727836616,
    "b2": 0.02244899805942493,
    "b3": -0.028490628427315173,
    "t1": 0.4839236350681723,
    "t2": 4.36970621207413
}