{
    "b0": 0.12294499923163202,
    "b1": 0.003266968713422559,
    "b2": 0.024254279449316414,
    "b3": 0.010353406473350608,
    "t1": 0.4080676853264752,
    "t2": 0.8459312737687625
}