{
    "b0": 13.133820856893335,
    "b1": -0.7788791712093863,
    "b2": -2804.3961988129404,
    "b3": 2803.9729106123277,
    "t1": 2.36350714789992,
    "t2": 2.362218724010278
}