{
    "b0": 0.13618245887964261,
    "b1": -0.01246212205778028,
    "b2": 0.04029871347572894,
    "b3": -0.021284215761650703,
    "t1": 0.6372355323827015,
    "t2": 2.780304516713013
}