{
    "b0": 0.15187668005696647,
    "b1": -0.011959783162630746,
    "b2": 0.013204260360248637,
    "b3": -0.005291185726681476,
    "t1": 0.5332812318632321,
    "t2": 2.97223574551324
}