{
    "b0": 0.12920461207440886,
    "b1": -0.009980394554824482,
    "b2": 0.011498093595965535,
    "b3": -0.028785511571215096,
    "t1": 2.0,
    "t2": 5.0
}