{
    "b0": 11.602344485269201,
    "b1": 0.4916121509184739,
    "b2": 495.4239745886432,
    "b3": -492.9314855611573,
    "t1": 112.72413768568713,
    "t2": 112.2171184367159
}