{
    "b0": 0.12521087829331382,
    "b1": 0.011168587526933373,
    "b2": -0.06183624486829141,
    "b3": 0.0770979520058803,
    "t1": 1.0000000255771686,
    "t2": 0.6564821247345319
}