{
    "b0": 12.39756621512652,
    "b1": 1.3215156351122261,
    "b2": 3116.2509569247018,
    "b3": -3112.394682354832,
    "t1": 83.61168884673701,
    "t2": 83.53337269785585
}