{
    "b0": 0.12334981059830527,
    "b1": -0.007503759361824116,
    "b2": -0.007041117444041664,
    "b3": -0.0050339880218537875,
    "t1": 2.0,
    "t2": 5.0
}