{
    "b0": 0.17834746628021597,
    "b1": -0.03883054525842547,
    "b2": 0.039726142421209254,
    "b3": -0.06434456672402805,
    "t1": 1.2345571172490524,
    "t2": 4.21590863109018
}