{
    "b0": 0.11376130964431401,
    "b1": 0.002637069929674659,
    "b2": 0.03289875743471839,
    "b3": 0.014009104049103115,
    "t1": 0.5264170704004223,
    "t2": 2.9251138364472036
}