{
    "b0": 0.17906134403723178,
    "b1": -0.03921267238588897,
    "b2": 0.012999700726844279,
    "b3": -0.07085702383444947,
    "t1": 0.642048991441855,
    "t2": 5.114530375251515
}