{
    "b0": 0.1542228784151625,
    "b1": -0.014131115791672224,
    "b2": 0.017848835942735057,
    "b3": -0.02358074330296497,
    "t1": 0.7382487489798308,
    "t2": 3.0496067649638827
}