{
    "b0": 11.22351854933247,
    "b1": 2.5179389820947824,
    "b2": 2.1540494475414556,
    "b3": 6.963944037309212,
    "t1": 8.111783527809214,
    "t2": 49.50627716740819
}