{
    "b0": 12.24002453458744,
    "b1": 2.0232930666330424,
    "b2": -17884.861058461483,
    "b3": 17888.156593055126,
    "t1": 35.32072113332367,
    "t2": 35.32662304138092
}