{
    "b0": 0.12713121519164783,
    "b1": 0.013029999404522088,
    "b2": 0.035825694023854965,
    "b3": -0.03569915708514087,
    "t1": 0.3804841565914331,
    "t2": 1.1583942532687561
}