{
    "b0": 0.035723194213806715,
    "b1": 0.10827242691653055,
    "b2": -0.12864308051183476,
    "b3": 0.2903356316802538,
    "t1": 2.1955687939301747,
    "t2": 5.037121727568412
}