{
    "b0": 0.11242319262276522,
    "b1": 0.031703108112226375,
    "b2": -0.03253481526763716,
    "b3": 0.08967589677737631,
    "t1": 18.438589022128546,
    "t2": 41.28603882467142
}