{
    "b0": 12.957433462288577,
    "b1": 1.2992594303184593,
    "b2": 3825.973999415599,
    "b3": -3824.0801167885584,
    "t1": 20.289678252186793,
    "t2": 20.2780374990065
}