{
    "b0": 12.016939752793514,
    "b1": 2.2219481780335455,
    "b2": 6098.384690778637,
    "b3": -6094.7122997625365,
    "t1": 40.11442941368234,
    "t2": 40.09406804189125
}