{
    "b0": 12.637103172167262,
    "b1": 1.6926680325353147,
    "b2": -3966.331786717745,
    "b3": 3968.7907673386685,
    "t1": 30.75002717657085,
    "t2": 30.770621840093415
}