{
    "b0": 0.15138112895546202,
    "b1": -0.011322287265081683,
    "b2": 0.6836406313496521,
    "b3": -0.708680747484478,
    "t1": 129.49559786941973,
    "t2": 135.55923700972926
}