{
    "b0": 12.167523411903042,
    "b1": 1.5730807483473708,
    "b2": 15402.305428786227,
    "b3": -15399.719364894594,
    "t1": 11.743422641403283,
    "t2": 11.74155999610947
}