{
    "b0": 0.11892187360707424,
    "b1": 0.02481020840101296,
    "b2": -0.023898957111618428,
    "b3": 0.07629595643804846,
    "t1": 25.526957089107785,
    "t2": 63.384904260897514
}