{
    "b0": 12.388295786551444,
    "b1": 1.845433653454339,
    "b2": -6889.277150946674,
    "b3": 6892.391251752422,
    "t1": 26.26716937851168,
    "t2": 26.27812062693877
}