{
    "b0": 0.11832317584034745,
    "b1": 0.021526724968352593,
    "b2": 0.027012811965133436,
    "b3": -0.03824828843394522,
    "t1": 0.3332127053309384,
    "t2": 1.1943301299812106
}