{
    "b0": 14.578126966895084,
    "b1": -0.307037668649335,
    "b2": -4.990108117002871,
    "b3": 2.996084166813384,
    "t1": 512.3604687067321,
    "t2": 816.0075683104382
}