{
    "b0": 0.1197677358784245,
    "b1": 0.024373503188863166,
    "b2": -0.7568505102322035,
    "b3": 0.7924861093841076,
    "t1": 26.19407389174723,
    "t2": 27.748026270530826
}