{
    "b0": 13.781967641228459,
    "b1": 0.45348108833741385,
    "b2": -551.9386115701784,
    "b3": 552.3793826614652,
    "t1": 4.823110069256553,
    "t2": 4.834337380371719
}