{
    "b0": 0.11385442613177818,
    "b1": 0.02966406588906778,
    "b2": -0.06138549798759188,
    "b3": 0.10954623660828512,
    "t1": 23.544662595169523,
    "t2": 39.32386339495658
}