{
    "b0": 0.18795854163878975,
    "b1": -0.04535736884242059,
    "b2": 0.15195079027237568,
    "b3": -0.17371142181033675,
    "t1": 2.312200909346147,
    "t2": 3.5854128684332016
}