{
    "b0": 12.856016731097489,
    "b1": 1.3466163878875337,
    "b2": 5314.831602578365,
    "b3": -5312.555916192298,
    "t1": 22.107530350443593,
    "t2": 22.098201308546695
}