{
    "b0": 12.29806313819184,
    "b1": 1.9999130203502475,
    "b2": -4052.80884269451,
    "b3": 4055.9587775713176,
    "t1": 35.86989313078822,
    "t2": 35.897343633945844
}