{
    "b0": 0.13022407781149084,
    "b1": 0.009500849020622459,
    "b2": 0.027087042280525102,
    "b3": -0.033153229611331894,
    "t1": 0.23106488137238618,
    "t2": 1.200434705757681
}