{
    "b0": 12.481402572799738,
    "b1": 1.8396019537098862,
    "b2": -5916.092346258753,
    "b3": 5918.826462229219,
    "t1": 33.31673368682329,
    "t2": 33.3323079899619
}