{
    "b0": -0.20802997128115697,
    "b1": 0.35183477589178846,
    "b2": 0.26979703592003484,
    "b3": -0.11115766383163708,
    "t1": -14.703517690396744,
    "t2": 2.9877756595657665
}