{
    "b0": 11.939305639581269,
    "b1": 2.1612235351780154,
    "b2": -3385.1655951867083,
    "b3": 3387.6869263367535,
    "t1": 19.39113300800108,
    "t2": 19.407909803439512
}