{
    "b0": 0.12224933894270903,
    "b1": 0.018475879079122605,
    "b2": 0.03557261155685629,
    "b3": -0.05000188501789363,
    "t1": 0.35556860172301247,
    "t2": 0.9974677396893767
}