{
    "b0": 0.08444272025232358,
    "b1": 0.059528815966930465,
    "b2": -0.5633346270115158,
    "b3": 0.5859037035380267,
    "t1": 2.535222478503813,
    "t2": 3.020064411188713
}