{
    "b0": 0.16205608674200575,
    "b1": -0.019859568708305894,
    "b2": -0.024957905392950293,
    "b3": -0.0002800943184359129,
    "t1": 0.6029955708698185,
    "t2": -9.275422421485398
}