{
    "b0": 0.06113826562075914,
    "b1": 0.07999874065967832,
    "b2": -0.10297039423829141,
    "b3": 0.1918574342312212,
    "t1": 2.2275445404201464,
    "t2": 5.05497470157622
}