{
    "b0": 0.14177688119497803,
    "b1": 0.0009303378947640934,
    "b2": -0.026451050776148618,
    "b3": 0.0012941091559053942,
    "t1": 1.2809855013503075,
    "t2": 4.474649022412978
}