{
    "b0": 0.11722718174902705,
    "b1": 0.02771170609290982,
    "b2": -0.13328804533921088,
    "b3": 0.17705793140253256,
    "t1": 32.50933652784078,
    "t2": 44.422031697769164
}