{
    "b0": 0.15922774039979054,
    "b1": -0.01689588079395934,
    "b2": 0.22130550519229591,
    "b3": -0.2466250534180951,
    "t1": 1.0768904986302934,
    "t2": 1.0457848731475046
}