{
    "b0": 12.75825484789869,
    "b1": 1.4969475343392489,
    "b2": -1521.031612446497,
    "b3": 1523.404016779197,
    "t1": 26.509999335002675,
    "t2": 26.552182878971745
}