{
    "b0": 0.123814612500882,
    "b1": 0.016700035177580504,
    "b2": 0.031055427195088216,
    "b3": -0.022711732474136298,
    "t1": 0.35002992504315766,
    "t2": 1.4732066382180342
}