{
    "b0": 0.12590650574753096,
    "b1": 0.016475128826952408,
    "b2": -0.012360689460365126,
    "b3": 0.049098604317395725,
    "t1": 18.044595486209303,
    "t2": 46.03383498674087
}