{
    "b0": 0.13082633708172411,
    "b1": 0.009218345667831362,
    "b2": 0.0042229462688052055,
    "b3": 0.08848754086729439,
    "t1": 2.0,
    "t2": 5.0
}