{
    "b0": 12.235025274614019,
    "b1": 1.916023235540766,
    "b2": 6034.812299380037,
    "b3": -6032.674114602066,
    "t1": 19.53316661976323,
    "t2": 19.524840460888967
}