{
    "b0": 0.08436906462827767,
    "b1": 0.05165926932772558,
    "b2": 0.03872356525747219,
    "b3": 0.10430445453972118,
    "t1": 0.27981303212895364,
    "t2": 5.379599459449927
}