{
    "b0": 11.87030806382458,
    "b1": 2.3631042079733104,
    "b2": 25431.255812852723,
    "b3": -25427.263530888093,
    "t1": 41.48056694854078,
    "t2": 41.47544960628243
}