{
    "b0": 0.1391701641992403,
    "b1": 0.006772427828766508,
    "b2": -0.02785224948660865,
    "b3": 0.020874943164672026,
    "t1": 2.0,
    "t2": 5.0
}