{
    "b0": 0.11769069961246272,
    "b1": 0.02596907948709263,
    "b2": -0.060784765862837875,
    "b3": 0.10755951878777717,
    "t1": 36.01473721658938,
    "t2": 58.39243711597186
}