{
    "b0": 12.03621278633102,
    "b1": 1.9849225696114718,
    "b2": 3452.3482026322063,
    "b3": -3450.007335020724,
    "t1": 16.38783900841166,
    "t2": 16.373830202808584
}