{
    "b0": 0.11723948243658495,
    "b1": 0.026382288952214,
    "b2": 0.7021597193533233,
    "b3": -0.662380577235971,
    "t1": 43.71742085284024,
    "t2": 41.14655397186425
}