{
    "b0": 0.10736695812320209,
    "b1": 0.03160019207514134,
    "b2": -0.3501853025962199,
    "b3": 0.34010829673496373,
    "t1": 1.7935068476254983,
    "t2": 2.227774613312352
}