{
    "b0": 0.1193273307711966,
    "b1": 0.021515242750656513,
    "b2": 0.03317943077606984,
    "b3": -0.037431107684181744,
    "t1": 0.3387046231207133,
    "t2": 0.9408114333033191
}