{
    "b0": 0.12366547976093181,
    "b1": 0.021178182607111545,
    "b2": -0.050563414763062184,
    "b3": 0.08480538639018935,
    "t1": 17.112275659582444,
    "t2": 33.21673548101057
}