{
    "b0": 0.1400569280682388,
    "b1": 0.0005793751235193775,
    "b2": 0.0035406791770579817,
    "b3": 0.00161085091774467,
    "t1": 2.0,
    "t2": 5.0
}