{
    "b0": 0.09540548549416666,
    "b1": 0.0488021319112341,
    "b2": -0.1275881559364912,
    "b3": 0.15813828045190387,
    "t1": 2.86524845170024,
    "t2": 5.000404624947211
}