{
    "b0": 0.11327770856393048,
    "b1": 0.024536377119973612,
    "b2": -0.41554462335043485,
    "b3": 0.38372699317612413,
    "t1": 1.6007568951467952,
    "t2": 1.8498552675410995
}