{
    "b0": 0.09101723365210984,
    "b1": 0.04864474872215484,
    "b2": -0.0629258882980029,
    "b3": 0.1155005954894307,
    "t1": 1.3576612258276888,
    "t2": 4.143752063248845
}