{
    "b0": 0.11805183014738199,
    "b1": 0.025307031309963007,
    "b2": -0.046757200071095184,
    "b3": 0.0948705471918268,
    "t1": 29.925134750560296,
    "t2": 52.955546168537985
}