{
    "b0": 0.07921638810736381,
    "b1": 0.05976054534688386,
    "b2": -0.3968813501014074,
    "b3": 0.44695042302190685,
    "t1": 2.331627270381743,
    "t2": 3.049513227542445
}