{
    "b0": 14.808510921105452,
    "b1": -0.692465261394537,
    "b2": -12071.151334013932,
    "b3": 12068.54849455216,
    "t1": 177.35077939415703,
    "t2": 177.31406478429568
}