{
    "b0": 0.1251233065077969,
    "b1": 0.01808170089593856,
    "b2": -0.09664487054041176,
    "b3": 0.12717294701778492,
    "t1": 20.670689745393155,
    "t2": 28.742578221017844
}