{
    "b0": 0.11985514249031752,
    "b1": 0.0245092645170353,
    "b2": -0.02697891265370308,
    "b3": 0.07646366957200942,
    "t1": 20.675534395325535,
    "t2": 52.04556907951362
}