{
    "b0": 0.16358709232709345,
    "b1": -0.021100109920659454,
    "b2": 0.07551158434950643,
    "b3": -0.09057356876167878,
    "t1": 0.8952042753038483,
    "t2": 0.7498034842174626
}