{
    "b0": 0.11499618937504523,
    "b1": 0.02472542876509468,
    "b2": 0.034016117132172105,
    "b3": -0.042476704542145194,
    "t1": 0.48431805498663444,
    "t2": 1.0468270054494295
}