{
    "b0": 0.11687126594468634,
    "b1": 0.02871706933892839,
    "b2": -0.05523002877082618,
    "b3": 0.10456565524665658,
    "t1": 27.998976850212703,
    "t2": 53.50569632189709
}