{
    "b0": 0.09415168595660228,
    "b1": 0.0442330860530969,
    "b2": -0.06601135576433977,
    "b3": 0.10513213192803952,
    "t1": 1.2141181651370463,
    "t2": 4.027263473429377
}