{
    "b0": 11.962835517875455,
    "b1": 1.7799910328548925,
    "b2": 13651.214858767977,
    "b3": -13648.310233479957,
    "t1": 11.79901691806349,
    "t2": 11.796804103632383
}