{
    "b0": 0.11229371402458084,
    "b1": 0.027859241635455514,
    "b2": 0.03722264620078594,
    "b3": 0.05468415661790871,
    "t1": 0.2504348645868296,
    "t2": 8.084150210541349
}