{
    "b0": 11.386300880451458,
    "b1": 2.400022687998648,
    "b2": 2.8329265078396526,
    "b3": 6.5059232427065,
    "t1": 6.0981871586127125,
    "t2": 46.11117097805839
}