{
    "b0": 0.11899942030622959,
    "b1": 0.019497342742698313,
    "b2": -0.031344101803330304,
    "b3": 0.06835301047298906,
    "t1": 9.81912767460617,
    "t2": 19.812495445591708
}