{
    "b0": 0.22110721546817833,
    "b1": -0.07854746056662612,
    "b2": -0.05931469126206392,
    "b3": -0.2038862784187872,
    "t1": 1.3166347781213912,
    "t2": 6.580625609080222
}