{
    "b0": 11.179597424299216,
    "b1": 2.9907358983808177,
    "b2": 13684.117877093073,
    "b3": -13680.198711502282,
    "t1": 29.95426874632674,
    "t2": 29.94656484160415
}