{
    "b0": 0.12288758601261242,
    "b1": 0.017276217565706325,
    "b2": 0.03612003146767999,
    "b3": -0.02815313202688179,
    "t1": 0.365375100171725,
    "t2": 1.4140342825655634
}