{
    "b0": 0.16357260444638333,
    "b1": -0.02481176823472686,
    "b2": 0.004719448008934132,
    "b3": -0.060400591820478175,
    "t1": 34.017092893717745,
    "t2": 126.30468736864961
}