{
    "b0": 12.367163948891088,
    "b1": 1.843653104351589,
    "b2": -7353.881072940155,
    "b3": 7356.9681775122435,
    "t1": 27.274351488486065,
    "t2": 27.2847575914807
}