{
    "b0": 0.119772412459411,
    "b1": 0.024690093266643107,
    "b2": -0.3695678363788865,
    "b3": 0.405896940748581,
    "t1": 33.04429119437565,
    "t2": 37.3793438826075
}