{
    "b0": 0.12140160540623132,
    "b1": 0.016260300379698354,
    "b2": -0.013693386934829258,
    "b3": 0.05232350271581626,
    "t1": 6.482452794642545,
    "t2": 21.452477753908905
}