{
    "b0": 0.09987869039013585,
    "b1": 0.04076405133153673,
    "b2": -0.26466696037394105,
    "b3": 0.24619986522042073,
    "t1": 2.1998539030372926,
    "t2": 2.7510441616319823
}