{
    "b0": 0.27057044921258494,
    "b1": -0.12745441171411884,
    "b2": -0.4556021991051977,
    "b3": 0.3166224724161848,
    "t1": 4.934058673905555,
    "t2": 3.137560182451511
}