{
    "b0": 12.422949487797563,
    "b1": 1.4619694864727748,
    "b2": -25275.37281650763,
    "b3": 25277.197980314046,
    "t1": 10.471850497907917,
    "t2": 10.472936550441815
}