{
    "b0": 0.10953423819003068,
    "b1": 0.030676297552358903,
    "b2": -0.7996625856510042,
    "b3": 0.7912897800690267,
    "t1": 2.0145334035055864,
    "t2": 2.154282881798996
}