{
    "b0": 0.001285885338854792,
    "b1": 0.1432562148067832,
    "b2": -0.4470922253084827,
    "b3": 0.6523064309123779,
    "t1": 3.347613263667657,
    "t2": 4.82252721946728
}