{
    "b0": 0.0695742914436693,
    "b1": 0.0745046420113554,
    "b2": -0.11256910830127997,
    "b3": 0.22798486114928015,
    "t1": 2.4142656895022245,
    "t2": 5.125790702111692
}