{
    "b0": 14.519198045118292,
    "b1": -0.42488422905869117,
    "b2": 6.407608709462688,
    "b3": -8.775448278199192,
    "t1": 152.71151424263124,
    "t2": 220.02639385185324
}