{
    "b0": 0.1694643141414332,
    "b1": -0.030963638122744913,
    "b2": 0.050363623010766606,
    "b3": -0.10049733033036562,
    "t1": 57.19471698061566,
    "t2": 101.13321345615488
}