{
    "b0": 0.12689452067973,
    "b1": 0.015851880668915692,
    "b2": -0.07845812658463698,
    "b3": 0.10524550754689055,
    "t1": 19.542556761878473,
    "t2": 27.414428522278623
}