{
    "b0": 0.16165776314791594,
    "b1": -0.019127047602890298,
    "b2": -0.5460129376413252,
    "b3": 0.5257202221354056,
    "t1": 1.034567368944766,
    "t2": 1.0624179927157607
}