{
    "b0": 0.19029256005739173,
    "b1": -0.047646828889017556,
    "b2": 0.050182381022509714,
    "b3": -0.09297635810913503,
    "t1": 1.5900127078443234,
    "t2": 4.635248415164543
}