{
    "b0": 0.06262484967857723,
    "b1": 0.07839001188816935,
    "b2": -0.11655327830781903,
    "b3": 0.19137033761987085,
    "t1": 2.3948638063736007,
    "t2": 5.032841387518269
}