{
    "b0": 0.11409056456104921,
    "b1": 0.025577047892476314,
    "b2": 0.029106292318368705,
    "b3": -0.03250771688185074,
    "t1": 0.38587144776200744,
    "t2": 1.2705127998351355
}