{
    "b0": 0.13265117606011653,
    "b1": 0.0075089179279583034,
    "b2": 0.03289690157000164,
    "b3": -0.04430041183349391,
    "t1": 0.3204455010818519,
    "t2": 0.9589057070528191
}