{
    "b0": 0.1155934607173669,
    "b1": 0.023793694031639327,
    "b2": 0.024566281953611973,
    "b3": -0.03529575523874928,
    "t1": 0.3604829002139107,
    "t2": 1.2078501843065983
}