{
    "b0": -0.2802081583899276,
    "b1": 0.4246052901777658,
    "b2": 0.8142245757189243,
    "b3": -0.29059831903699285,
    "t1": 10.164797470292307,
    "t2": 4.215759829317057
}