{
    "b0": 0.14547200304044222,
    "b1": -0.0026460881457813275,
    "b2": 0.11181192231061832,
    "b3": -0.1268843262941663,
    "t1": 1.9587269285964974,
    "t2": 1.580787352657742
}