{
    "b0": 11.874799768602328,
    "b1": 1.8914308997484177,
    "b2": 2337.822475501046,
    "b3": -2334.8480447885745,
    "t1": 15.478155069675706,
    "t2": 15.461172011044763
}