{
    "b0": 0.11927044770058597,
    "b1": 0.02045626769428968,
    "b2": 0.02476431429493924,
    "b3": -0.03923409473404027,
    "t1": 0.31257899456753346,
    "t2": 1.278628578817117
}