{
    "b0": 16.61247782682147,
    "b1": -2.550830888521647,
    "b2": 0.847748177945205,
    "b3": -5.151664032645968,
    "t1": 87.43049724858108,
    "t2": 170.42464347453242
}