{
    "b0": 0.13908708998411,
    "b1": 0.0021899789802036366,
    "b2": -0.0007332482055142147,
    "b3": 0.00671495000356896,
    "t1": 2.0,
    "t2": 5.0
}