{
    "b0": 16.39819378857233,
    "b1": -2.3447236948607997,
    "b2": -1705.7144801159393,
    "b3": 1702.5181533355244,
    "t1": 122.87108618789038,
    "t2": 122.72738465182256
}