{
    "b0": 0.061504838042355375,
    "b1": 0.08079090620856022,
    "b2": -0.09766344109033745,
    "b3": 0.18926135466688113,
    "t1": 1.930699267086311,
    "t2": 4.983169058120438
}