{
    "b0": 12.455700931065023,
    "b1": 1.7634878134613197,
    "b2": -21029.848917229636,
    "b3": 21032.79474781038,
    "t1": 34.805718717357664,
    "t2": 34.80985000601833
}