{
    "b0": 0.11541312963613753,
    "b1": 0.028884102482958203,
    "b2": -0.08333759108631797,
    "b3": 0.12876431315286405,
    "t1": 24.705253466195114,
    "t2": 36.73463443577676
}