{
    "b0": 0.06769066269285187,
    "b1": 0.07374949504681913,
    "b2": -0.2311761110043403,
    "b3": 0.27721248311531665,
    "t1": 2.5468097916734824,
    "t2": 3.8730913655076025
}