{
    "b0": 16.8165509061261,
    "b1": -2.773465267502754,
    "b2": 246.6382321355683,
    "b3": -250.9900706291557,
    "t1": 133.80373511268954,
    "t2": 135.48671523618657
}