{
    "b0": 0.11895734794522704,
    "b1": 0.024932038846383335,
    "b2": -0.01353357943013589,
    "b3": 0.07111576821702997,
    "t1": 19.602475210299062,
    "t2": 61.26763617364373
}