{
    "b0": 12.48055326508623,
    "b1": 1.7953199801746917,
    "b2": -4009.016396835048,
    "b3": 4011.8002869184115,
    "t1": 25.88911050656108,
    "t2": 25.90713476234693
}