{
    "b0": 0.11354948226103624,
    "b1": 0.030674845147995393,
    "b2": -0.041671261300958294,
    "b3": 0.09415258304826885,
    "t1": 19.718995124527783,
    "t2": 39.537477738480455
}