{
    "b0": 11.944827259985585,
    "b1": 2.385441819427496,
    "b2": 7133.391589350877,
    "b3": -7129.663618975661,
    "t1": 32.231649863914036,
    "t2": 32.21607115805393
}