{
    "b0": 0.02376504852755692,
    "b1": 0.11734716111725463,
    "b2": -0.15980288238493187,
    "b3": 0.32256623204034085,
    "t1": 2.6053811641463547,
    "t2": 5.24105817363616
}