{
    "b0": 0.11711064922416076,
    "b1": 0.024799290278026437,
    "b2": -2.990611394449374,
    "b3": 3.0195063099435724,
    "t1": 20.838813805115333,
    "t2": 21.136179171968585
}