{
    "b0": 0.14211107731085934,
    "b1": -0.001373221757296329,
    "b2": -0.03185849618006346,
    "b3": 0.011984872514169673,
    "t1": 1.1100412324120645,
    "t2": 0.2554823441445502
}