{
    "b0": 0.06971567861751306,
    "b1": 0.07423142104926005,
    "b2": -0.17889605240782033,
    "b3": 0.25422084852498367,
    "t1": 3.023861804141145,
    "t2": 5.0340235909744475
}