{
    "b0": 0.1203466874324566,
    "b1": 0.02340274390165767,
    "b2": -0.09354827681607222,
    "b3": 0.13303575036604182,
    "t1": 30.46788122798378,
    "t2": 43.4630980176624
}