{
    "b0": 0.11668824124678912,
    "b1": 0.025031352707392006,
    "b2": -0.1190957504900106,
    "b3": 0.14968120653064354,
    "t1": 12.457612549094062,
    "t2": 17.413359915563902
}