{
    "b0": 0.1189256778524636,
    "b1": 0.02494863917603104,
    "b2": -0.19363030535605116,
    "b3": 0.23361766105559828,
    "t1": 26.583664856835238,
    "t2": 32.83683441721432
}