{
    "b0": 0.12224925103863395,
    "b1": 0.018465781889697667,
    "b2": 0.032865693638221616,
    "b3": -0.024491416715129145,
    "t1": 0.3934969555964264,
    "t2": 1.4754213746878246
}