{
    "b0": 0.12124520170806065,
    "b1": 0.022726273358325486,
    "b2": -0.24166508318844937,
    "b3": 0.2769067013135827,
    "t1": 24.162938214984113,
    "t2": 28.661711736323177
}