{
    "b0": 0.10348859498472487,
    "b1": 0.03583801809145008,
    "b2": -0.42490779524546335,
    "b3": 0.4194502980281351,
    "t1": 1.971802428899773,
    "t2": 2.3276067546824657
}