{
    "b0": 0.11755021311010663,
    "b1": 0.02187926174693986,
    "b2": 0.028526955484711847,
    "b3": -0.036595488330277884,
    "t1": 0.40088913198481846,
    "t2": 1.1505637305695142
}