{
    "b0": 0.1761293379859714,
    "b1": -0.03406941341593096,
    "b2": -0.2002528334169182,
    "b3": 0.2156245056471827,
    "t1": 2.7767822828270687,
    "t2": 2.158232725480945
}