{
    "b0": 0.06900716269630253,
    "b1": 0.07508555584092988,
    "b2": -0.19731976115647581,
    "b3": 0.2733307780162825,
    "t1": 3.105240150340393,
    "t2": 5.023006751822221
}