{
    "b0": 0.1716063847765321,
    "b1": -0.032168735465367124,
    "b2": 0.05241667304634289,
    "b3": -0.09994270214289981,
    "t1": 41.92679531104242,
    "t2": 72.26780151564952
}