{
    "b0": 14.553462351859233,
    "b1": -0.4624468245043707,
    "b2": -448.63602336541487,
    "b3": 446.5531809159726,
    "t1": 158.10489659701832,
    "t2": 157.24280952113114
}