{
    "b0": 11.892152676412255,
    "b1": 2.3485674110982346,
    "b2": 1498.9347200621944,
    "b3": -1495.1281745463748,
    "t1": 42.51863669814065,
    "t2": 42.434210557638906
}