{
    "b0": 0.1490213095988007,
    "b1": -0.0062204298222274,
    "b2": -0.026945287026320663,
    "b3": -0.0028131872278935105,
    "t1": 1.0405751647166657,
    "t2": 4.025946639254018
}