{
    "b0": 0.12387030812441033,
    "b1": 0.019285692666339817,
    "b2": -0.008254289982658026,
    "b3": 0.05474448562678932,
    "t1": 14.341495561917863,
    "t2": 49.75939329963511
}