{
    "b0": 11.977096389515712,
    "b1": 2.309543329346808,
    "b2": 3079.5530100551387,
    "b3": -3075.9562756370237,
    "t1": 27.203888699155037,
    "t2": 27.175345637143277
}