{
    "b0": 12.106998680534907,
    "b1": 1.8881500300777319,
    "b2": 1421.665730820376,
    "b3": -1419.021892160978,
    "t1": 24.24089754838747,
    "t2": 24.20244730403158
}