{
    "b0": 0.1611115265346821,
    "b1": -0.018408375757813365,
    "b2": -0.035825081290702616,
    "b3": 0.004475376828199849,
    "t1": 0.8228960949003725,
    "t2": 3.0915354988480583
}