{
    "b0": 0.11850620890870703,
    "b1": 0.025732907947654815,
    "b2": -0.08897159932908345,
    "b3": 0.13234879918601783,
    "t1": 29.199931043673892,
    "t2": 44.98258288155567
}