{
    "b0": 11.925550506959365,
    "b1": 2.125654224668928,
    "b2": -15717.25704211646,
    "b3": 15719.938348574975,
    "t1": 20.252693690652627,
    "t2": 20.25631986326029
}