{
    "b0": 12.3666127863421,
    "b1": 1.3435159936509908,
    "b2": -10030.96572179011,
    "b3": 10033.201260581289,
    "t1": 12.015110670607225,
    "t2": 12.018010378767384
}