{
    "b0": 0.12292163558970175,
    "b1": 0.019213771408847127,
    "b2": -0.021265609596205895,
    "b3": 0.06063775912933964,
    "t1": 25.35082815407077,
    "t2": 48.3408501870872
}