{
    "b0": 0.018474337851865634,
    "b1": 0.12494085307270492,
    "b2": -0.5184032376048812,
    "b3": 0.7032230871762437,
    "t1": 3.879289208998409,
    "t2": 5.123187248992289
}