{
    "b0": 0.112947433538596,
    "b1": 0.030872233238006176,
    "b2": -0.6063879202157887,
    "b3": 0.5966840324717485,
    "t1": 2.918839047772744,
    "t2": 3.186263051281027
}