{
    "b0": 0.16049369688396292,
    "b1": -0.0215055953651008,
    "b2": 0.0019847506694216054,
    "b3": -0.053872637876893954,
    "t1": 27.234499499054618,
    "t2": 119.2186823611643
}