{
    "b0": 0.1279894258078664,
    "b1": 0.01690374929896462,
    "b2": -0.06224691971548834,
    "b3": 0.08425391198844497,
    "t1": 15.327682665349652,
    "t2": 25.125629622168905
}