{
    "b0": 0.11948386615022813,
    "b1": 0.024019253522984438,
    "b2": -0.10876838503387055,
    "b3": 0.1505407955750162,
    "t1": 34.7692151344265,
    "t2": 48.06839349011774
}