{
    "b0": 11.99078076824007,
    "b1": 2.0502191747850484,
    "b2": 3133.993694505078,
    "b3": -3131.126293632303,
    "t1": 22.936019287607518,
    "t2": 22.91806143242878
}