{
    "b0": 0.1611689945785188,
    "b1": -0.022463998187608115,
    "b2": 0.39844927671344,
    "b3": -0.43081813514960304,
    "t1": 85.70525867070059,
    "t2": 94.83111303637813
}