{
    "b0": 0.11710625871157666,
    "b1": 0.028493582023348313,
    "b2": -0.057227199972194345,
    "b3": 0.10557460443291497,
    "t1": 21.856757136626452,
    "t2": 41.29735777409446
}