{
    "b0": 0.07544513944511912,
    "b1": 0.06074574997849028,
    "b2": 0.04719791558789924,
    "b3": 0.14384955423804133,
    "t1": 0.3042988251565123,
    "t2": 4.997502507607538
}