{
    "b0": 0.14512329382978073,
    "b1": -0.004217972535611096,
    "b2": -0.035538703049431075,
    "b3": 0.01273214660325633,
    "t1": 1.0192639220319726,
    "t2": 0.27361874036999173
}