{
    "b0": 0.13174156610845827,
    "b1": 0.008675750995709303,
    "b2": 0.03522527545551677,
    "b3": -0.04248648998715274,
    "t1": 0.3660477693120509,
    "t2": 0.9015773519976347
}