{
    "b0": 12.007018318256156,
    "b1": 2.069651871432116,
    "b2": 1.8252196953688191,
    "b3": 6.20876702471735,
    "t1": 6.866114947263846,
    "t2": 54.325657759238126
}