{
    "b0": 13.901463748427798,
    "b1": 0.4800272734900799,
    "b2": 1101.8960516333193,
    "b3": -1101.85199009515,
    "t1": 3.8293258768954503,
    "t2": 3.8262362309512223
}