{
    "b0": 11.79048916721616,
    "b1": 2.555414292047743,
    "b2": -4299.636081281235,
    "b3": 4303.310582431223,
    "t1": 26.86325282036187,
    "t2": 26.884862540979015
}