{
    "b0": 0.06131783986475037,
    "b1": 0.08295924333105575,
    "b2": -0.2149910627243336,
    "b3": 0.30122018285951724,
    "t1": 3.165585059572662,
    "t2": 5.030763566860827
}