{
    "b0": 0.18107229259112814,
    "b1": -0.03813216107470166,
    "b2": -0.04481875709842081,
    "b3": -0.041970596671412404,
    "t1": 0.8086984486602143,
    "t2": 4.540555699326393
}