{
    "b0": 12.122129233031204,
    "b1": 2.1290851089719967,
    "b2": 8456.360272773973,
    "b3": -8452.807480207293,
    "t1": 28.581282687824267,
    "t2": 28.570584445655278
}