{
    "b0": 0.12226357117623649,
    "b1": 0.0213778668538451,
    "b2": -0.04691296539045761,
    "b3": 0.04047910267899946,
    "t1": 1.5606228364508392,
    "t2": 4.339418702693804
}