{
    "b0": 13.84602034876378,
    "b1": 0.8721972526363603,
    "b2": -477.3753723263857,
    "b3": 476.7167827120594,
    "t1": 4.564592790151507,
    "t2": 4.580840160483254
}