{
    "b0": 0.11687600595675393,
    "b1": 0.026810382105116208,
    "b2": 0.6992270647110166,
    "b3": -0.6584499037886876,
    "t1": 44.18101466920794,
    "t2": 41.478904210674266
}