{
    "b0": 0.11904763172284474,
    "b1": 0.02576856890069497,
    "b2": -0.04857663218224089,
    "b3": 0.09447558550492136,
    "t1": 24.446863988607085,
    "t2": 47.858943036999726
}