{
    "b0": 11.296550117882983,
    "b1": 2.895205607693037,
    "b2": 2791.2544112565565,
    "b3": -2787.1803780011483,
    "t1": 31.950777846957976,
    "t2": 31.914804143537733
}