{
    "b0": 0.07835374130166374,
    "b1": 0.057947607368084714,
    "b2": 0.04939154670436471,
    "b3": 0.1361857299747933,
    "t1": 0.32303653580118674,
    "t2": 4.986943680119723
}