{
    "b0": 11.966149055126118,
    "b1": 2.0902125429645206,
    "b2": 8098.3362290264295,
    "b3": -8095.683109312503,
    "t1": 20.982844998058372,
    "t2": 20.97577558528701
}