{
    "b0": 0.1292699623817003,
    "b1": 0.011213753746107995,
    "b2": 0.021601389651953646,
    "b3": -0.027940693577490343,
    "t1": 0.2515329377724198,
    "t2": 1.9450552923415028
}