{
    "b0": 0.16402573373690701,
    "b1": -0.02155759172967884,
    "b2": -0.06097119372733235,
    "b3": 0.03786664640992894,
    "t1": 0.9657173938715009,
    "t2": 1.3585784395669673
}