{
    "b0": 0.11663562487675985,
    "b1": 0.026546413904196937,
    "b2": -0.1321416393339723,
    "b3": 0.17798493277545402,
    "t1": 38.41347026817364,
    "t2": 49.5886712441791
}