{
    "b0": 14.639606552340226,
    "b1": -0.5423750839581418,
    "b2": 7.774940996762524,
    "b3": -9.819473651903243,
    "t1": 148.85947718308446,
    "t2": 190.97040850546085
}