{
    "b0": 0.11708629151113341,
    "b1": 0.02630038012455417,
    "b2": -0.0030752109194842267,
    "b3": 0.07295192025553351,
    "t1": 16.287060575166503,
    "t2": 66.98433619506416
}