{
    "b0": 0.45858697016757594,
    "b1": -0.3194746961378285,
    "b2": -0.9018877376723482,
    "b3": 0.5030873560829136,
    "t1": 8.485010945989416,
    "t2": 5.179267712719593
}