{
    "b0": 0.120442813234469,
    "b1": 0.020479608446262232,
    "b2": 0.022797128734873093,
    "b3": 0.0718847849683101,
    "t1": 0.23850584047725887,
    "t2": 5.206902217573938
}