{
    "b0": 12.523049746123144,
    "b1": 1.830591402958511,
    "b2": 3042.156880793075,
    "b3": -3039.581938419491,
    "t1": 23.196069960907636,
    "t2": 23.173922564275216
}