{
    "b0": 0.11772981352500533,
    "b1": 0.027326857505283624,
    "b2": -0.1133609204648457,
    "b3": 0.15701302625239194,
    "t1": 31.534120517947564,
    "t2": 45.509040000566905
}