{
    "b0": 0.11012175693598303,
    "b1": 0.03181015857724603,
    "b2": -0.7962048222720243,
    "b3": 0.8409928938176409,
    "t1": 36.26070097685147,
    "t2": 38.30167641316056
}