{
    "b0": 12.367620852966068,
    "b1": 1.8825761206755707,
    "b2": 2776.5617846810105,
    "b3": -2773.4376861793503,
    "t1": 25.19204827338033,
    "t2": 25.16500041376199
}