{
    "b0": 0.11845885308168794,
    "b1": 0.025259494608730754,
    "b2": -0.009969460030193125,
    "b3": 0.07162773240862264,
    "t1": 17.746262444780847,
    "t2": 62.31141042758138
}