{
    "b0": 0.12488150568163277,
    "b1": 0.020608314323083167,
    "b2": -0.04844749539398217,
    "b3": 0.07966167670268093,
    "t1": 20.72582161921871,
    "t2": 38.93718898549994
}