{
    "b0": 0.2581185564374014,
    "b1": -0.11467207191405057,
    "b2": 0.1630503302688257,
    "b3": -0.3430719581755116,
    "t1": 2.691476929266427,
    "t2": 5.1813451221649975
}