{
    "b0": 0.12556341422365677,
    "b1": 0.01749628778145696,
    "b2": -0.11510291391583549,
    "b3": 0.14454037954859497,
    "t1": 22.28328230777901,
    "t2": 29.122809127548955
}