{
    "b0": 0.11044834156963135,
    "b1": 0.03198360995080979,
    "b2": -0.04600062794454242,
    "b3": 0.09868683566992155,
    "t1": 23.61616070116184,
    "t2": 44.42673731610518
}