{
    "b0": 11.407514991012917,
    "b1": 2.837796732379105,
    "b2": -5506.36379304719,
    "b3": 5510.3921041459425,
    "t1": 31.241208658934998,
    "t2": 31.259668492118905
}