{
    "b0": 0.12035544934430589,
    "b1": 0.023559921047536993,
    "b2": -0.04587958663449346,
    "b3": 0.04866650280382116,
    "t1": 1.4396482081845328,
    "t2": 4.314261201837965
}