{
    "b0": 0.12542727005602364,
    "b1": 0.017862627350031357,
    "b2": -0.012786637808834125,
    "b3": 0.05243807202343556,
    "t1": 14.98466538770475,
    "t2": 44.82469385545798
}