{
    "b0": 0.10390179240067825,
    "b1": 0.03675669837672773,
    "b2": 0.5543659801356183,
    "b3": -0.5620856047858387,
    "t1": 2.38382659238917,
    "t2": 2.1310846082525923
}