{
    "b0": 0.12215838358376502,
    "b1": 0.0218114803240661,
    "b2": -0.03182466423763708,
    "b3": 0.07278686504421242,
    "t1": 16.976788603449442,
    "t2": 36.88609111229293
}