{
    "b0": 0.11732350110219457,
    "b1": 0.023160368198145855,
    "b2": -0.07737971979995567,
    "b3": 0.11036209520321878,
    "t1": 16.503848739541425,
    "t2": 24.60660090717392
}