{
    "b0": 0.12913337395212138,
    "b1": 0.010988152496846018,
    "b2": 0.02515976476695823,
    "b3": -0.02515499134987869,
    "t1": 0.26095909890810576,
    "t2": 1.5089547516513837
}