{
    "b0": 0.07983394920337299,
    "b1": 0.06366042516726222,
    "b2": -0.11714854347905088,
    "b3": 0.18470568250798955,
    "t1": 2.678567332528318,
    "t2": 5.139568989986585
}