{
    "b0": 0.020016556156234367,
    "b1": 0.12449307126080891,
    "b2": -0.22115869672916894,
    "b3": 0.4173271542069067,
    "t1": 2.794788233325615,
    "t2": 5.0874264417078985
}