{
    "b0": 0.12566643859361867,
    "b1": 0.014651931638785568,
    "b2": 0.030838347889941217,
    "b3": -0.03182191766645581,
    "t1": 0.33565197196606134,
    "t2": 1.4936128864959408
}