{
    "b0": 0.20010264962710234,
    "b1": -0.057323218132321885,
    "b2": 0.0611068145457668,
    "b3": -0.12588922387300944,
    "t1": 1.8627472379731145,
    "t2": 4.879222111120662
}