{
    "b0": 0.12357470519407825,
    "b1": 0.018962291665047162,
    "b2": -0.02226002838204562,
    "b3": 0.060889208278406506,
    "t1": 21.838777060067514,
    "t2": 45.053489634010475
}