{
    "b0": 16.573056068321502,
    "b1": -2.3993145564425093,
    "b2": -1.7871529820115184,
    "b3": -5.678366771378302,
    "t1": 28.082124137772233,
    "t2": 158.1812322517619
}