{
    "b0": 0.12102896569198017,
    "b1": 0.01959790576216202,
    "b2": 0.03242560854792553,
    "b3": -0.04045944857438653,
    "t1": 0.33104273692633956,
    "t2": 1.0033900310418655
}