{
    "b0": 12.39577023363638,
    "b1": 1.877909756727962,
    "b2": 6714.101505375251,
    "b3": -6711.1965245630645,
    "t1": 26.294673533767096,
    "t2": 26.28319226279372
}