{
    "b0": 11.532993326257248,
    "b1": 2.524358432927092,
    "b2": -2287.8311293831275,
    "b3": 2291.3508708125623,
    "t1": 29.644069943299247,
    "t2": 29.68076743821414
}