{
    "b0": 17.155830162301484,
    "b1": -2.9066048697647915,
    "b2": -2.6693722022763176,
    "b3": -7.030395918979093,
    "t1": 19.33239465320571,
    "t2": 116.4537728843486
}