{
    "b0": 0.11745635758962812,
    "b1": 0.02389470207550036,
    "b2": -0.024978462642687736,
    "b3": 0.06434624860178548,
    "t1": 13.500724081064122,
    "t2": 30.949264987114468
}