{
    "b0": 0.057597006220511004,
    "b1": 0.08659585657791376,
    "b2": -0.2332914688630514,
    "b3": 0.33068477285450487,
    "t1": 3.191946647523822,
    "t2": 5.0384219867168305
}