{
    "b0": 0.10273273957273102,
    "b1": 0.03373020901437509,
    "b2": -0.20941312522783626,
    "b3": 0.19429487192748818,
    "t1": 1.6257793745516047,
    "t2": 2.322166558859922
}