{
    "b0": 0.09271015334048677,
    "b1": 0.048288583491563224,
    "b2": -0.07062175846815988,
    "b3": 0.07970226130154938,
    "t1": 1.62053159674418,
    "t2": 4.382938990656603
}