{
    "b0": 12.117777857021753,
    "b1": 1.6216872533534215,
    "b2": 6939.056187810881,
    "b3": -6936.385327510307,
    "t1": 13.400597020432762,
    "t2": 13.39580253679437
}