{
    "b0": 11.30015323253463,
    "b1": 2.6598000863262135,
    "b2": -6352.941879072337,
    "b3": 6357.128226166829,
    "t1": 40.131414032848426,
    "t2": 40.148494873078874
}