{
    "b0": 0.1636158999495343,
    "b1": -0.02475686938757765,
    "b2": 0.02334559005019343,
    "b3": -0.0739375436627984,
    "t1": 58.43871164239622,
    "t2": 148.78885969276544
}