{
    "b0": 0.12211950950458568,
    "b1": 0.01801450413950073,
    "b2": 0.03337170011414473,
    "b3": -0.023970573434525622,
    "t1": 0.3174592666350068,
    "t2": 1.4203032221664356
}