{
    "b0": 0.10020083634528702,
    "b1": 0.040306795552253916,
    "b2": 0.04787301366355201,
    "b3": 0.061153884525645616,
    "t1": 0.41138388420710453,
    "t2": 7.597967870159877
}