{
    "b0": 12.871264055054333,
    "b1": 1.383503895658746,
    "b2": -38900.091427985724,
    "b3": 38902.26200293799,
    "t1": 22.432635012598805,
    "t2": 22.434005863680863
}