{
    "b0": 12.00372551871544,
    "b1": 2.2168400606924026,
    "b2": -2894.695028929901,
    "b3": 2898.394903006132,
    "t1": 52.958545403190925,
    "t2": 53.00658739814008
}