{
    "b0": 0.11229181179578282,
    "b1": 0.026883620667119024,
    "b2": -0.028640906684133133,
    "b3": 0.07252350309135101,
    "t1": 8.658077807108185,
    "t2": 22.99579008229158
}