{
    "b0": 0.11685648077904738,
    "b1": 0.026628605282696415,
    "b2": -0.08809345513359079,
    "b3": 0.13536947626916396,
    "t1": 35.24184338941211,
    "t2": 51.17086898585635
}