{
    "b0": 0.16458823046253823,
    "b1": -0.024985608659667834,
    "b2": 0.09916334055123605,
    "b3": -0.12998679988796363,
    "t1": 23.92048607878947,
    "t2": 33.15340854048926
}