{
    "b0": 0.10995311878589,
    "b1": 0.030333332826304907,
    "b2": -0.4946727708195734,
    "b3": 0.48522560467497833,
    "t1": 1.9541815410748722,
    "t2": 2.182277519033745
}