{
    "b0": 0.15844520750553415,
    "b1": -0.015930774993105853,
    "b2": -0.030014592401075568,
    "b3": -0.0007096071576802865,
    "t1": 0.7737477871567271,
    "t2": 3.038658817712081
}