{
    "b0": 12.956740916626613,
    "b1": 1.2614416505562516,
    "b2": -10447.754119578745,
    "b3": 10449.79558129359,
    "t1": 19.586600785641803,
    "t2": 19.590739090431473
}