{
    "b0": 0.08866309783040627,
    "b1": 0.050350748902031776,
    "b2": -0.11882789206822271,
    "b3": 0.17788941295220126,
    "t1": 1.6920474205288656,
    "t2": 3.531230454052707
}