{
    "b0": 0.11715271877064114,
    "b1": 0.021725198960268467,
    "b2": 0.02861113211710919,
    "b3": -0.03779391526199599,
    "t1": 0.386766289664241,
    "t2": 1.1231191930801225
}