{
    "b0": 0.11326119399531669,
    "b1": 0.02732341256772755,
    "b2": -0.0024554503921238383,
    "b3": 0.0685957475536039,
    "t1": 13.323651560955842,
    "t2": 46.706050169854656
}