{
    "b0": 16.59255900898118,
    "b1": -2.5057066296394375,
    "b2": -718.119267530399,
    "b3": 714.0512475550439,
    "t1": 160.4616449151539,
    "t2": 159.88822246664688
}