{
    "b0": 14.597103830508555,
    "b1": -0.5105437385799565,
    "b2": 499.6645938568297,
    "b3": -501.3237110932714,
    "t1": 153.93827795980118,
    "t2": 154.54943197174524
}