{
    "b0": 0.09788191511573413,
    "b1": 0.03993030794235299,
    "b2": -0.06441452905244509,
    "b3": 0.07755160798831195,
    "t1": 1.124335461956096,
    "t2": 3.7853553387051515
}