{
    "b0": 11.978430006181467,
    "b1": 1.9923868066384443,
    "b2": 23734.648776735216,
    "b3": -23732.153481024765,
    "t1": 9.178728529122768,
    "t2": 9.177489743865129
}