{
    "b0": 0.07384151614253794,
    "b1": 0.07042796578798965,
    "b2": -0.2774441562141956,
    "b3": 0.3354015058655025,
    "t1": 2.491014164386074,
    "t2": 3.6596896628695785
}