{
    "b0": 0.1169488982553928,
    "b1": 0.024302748517202516,
    "b2": -0.23486373717751943,
    "b3": 0.26357251770538476,
    "t1": 10.994348089035233,
    "t2": 13.057015815352031
}