{
    "b0": 0.12536514066329557,
    "b1": 0.019001882206854406,
    "b2": -0.03223252441631766,
    "b3": 0.06674236935149704,
    "t1": 15.075131980440347,
    "t2": 35.486004047997994
}