{
    "b0": 0.1662744989201752,
    "b1": -0.02645969603195688,
    "b2": 0.04980078926639768,
    "b3": -0.0839936974733867,
    "t1": 28.06631664723149,
    "t2": 46.58179855083033
}