{
    "b0": 12.746614635200038,
    "b1": 1.5250219554978686,
    "b2": -4827.563950263041,
    "b3": 4829.929749913255,
    "t1": 24.951660897368622,
    "t2": 24.96490513960473
}