{
    "b0": 0.1644664654481434,
    "b1": -0.02476986996168204,
    "b2": 0.10751736121482391,
    "b3": -0.13685029110753955,
    "t1": 25.897955945287674,
    "t2": 34.952448160373564
}