{
    "b0": 13.593857233783313,
    "b1": 0.5883516655299461,
    "b2": 384.3772489381212,
    "b3": -383.4537714543725,
    "t1": 14.4105967353516,
    "t2": 14.37083675428185
}