{
    "b0": 0.1289492313210562,
    "b1": 0.011223390336319156,
    "b2": 0.031687735157993696,
    "b3": -0.03661804204944704,
    "t1": 0.2958767670364748,
    "t2": 1.0859627976491046
}