{
    "b0": 0.14758578129994804,
    "b1": -0.004770492564100648,
    "b2": -0.07741310094575034,
    "b3": 0.05301835339802205,
    "t1": 1.375891268341563,
    "t2": 1.785418600637799
}