{
    "b0": 11.967994551286344,
    "b1": 2.2728870075558287,
    "b2": 4374.564415529594,
    "b3": -4370.8512597278705,
    "t1": 43.12677487522426,
    "t2": 43.09676413121718
}