{
    "b0": 11.987926318766918,
    "b1": 2.1216416745209767,
    "b2": -8229.103817596544,
    "b3": 8231.490478363661,
    "t1": 18.263203276561395,
    "t2": 18.269771019870543
}