{
    "b0": 11.886405103791319,
    "b1": 2.3667278826016203,
    "b2": 6623.67401591182,
    "b3": -6619.708107842817,
    "t1": 41.4169132666575,
    "t2": 41.3966058634703
}