{
    "b0": 0.07833061056185316,
    "b1": 0.06527594249779091,
    "b2": -0.14991723853750916,
    "b3": 0.2204012362863362,
    "t1": 2.860391467527901,
    "t2": 5.03742298337779
}