{
    "b0": 0.11552660239317461,
    "b1": 0.028386923674318366,
    "b2": -0.05101751301874281,
    "b3": 0.10140501464715906,
    "t1": 21.559980371136668,
    "t2": 38.610479760059775
}