{
    "b0": 0.16741313987940273,
    "b1": -0.02738744849060961,
    "b2": 0.009937087120616837,
    "b3": -0.06149782071167389,
    "t1": 15.125657029817589,
    "t2": 41.792995131390114
}