{
    "b0": 0.13758903001956527,
    "b1": 0.03457948510544262,
    "b2": -0.07808619949085435,
    "b3": 0.045665848828458165,
    "t1": 2.0,
    "t2": 5.0
}