{
    "b0": 12.585819609037552,
    "b1": 1.6868407418076141,
    "b2": 1363.1457275234498,
    "b3": -1360.5047230485166,
    "t1": 32.775202843470744,
    "t2": 32.71501779541388
}