{
    "b0": 0.11409830005644922,
    "b1": 0.030587589583231684,
    "b2": -0.02148257719644546,
    "b3": 0.07900144268306972,
    "t1": 16.561128252908965,
    "t2": 43.348485425721556
}