{
    "b0": 0.1087872732706055,
    "b1": 0.03187917387359736,
    "b2": -1.158443337902005,
    "b3": 1.20616306814007,
    "t1": 42.37700825226393,
    "t2": 43.77253322884247
}