{
    "b0": 0.15494531730870068,
    "b1": -0.012496032949109614,
    "b2": -0.026551038792060593,
    "b3": -0.01638725921770163,
    "t1": 0.8949651976530055,
    "t2": 3.820683566379407
}