{
    "b0": 0.12183749350192552,
    "b1": 0.01834937976947589,
    "b2": 0.03852359618220237,
    "b3": -0.02968792376866972,
    "t1": 0.369083901097237,
    "t2": 1.3020326696279603
}