{
    "b0": 16.614071516014192,
    "b1": -2.5029559822459806,
    "b2": 3863.145285217473,
    "b3": -3866.2574725311874,
    "t1": 32.19433099856931,
    "t2": 32.2112324326258
}