{
    "b0": 0.12593835011408994,
    "b1": 0.017736216419624473,
    "b2": -0.37486574619177276,
    "b3": 0.40068953472275687,
    "t1": 25.76905620331666,
    "t2": 28.263849262319507
}