{
    "b0": 0.1133698275987964,
    "b1": 0.027155442866287988,
    "b2": 0.034084662214953654,
    "b3": 0.052529211803825,
    "t1": 0.261293095374888,
    "t2": 7.464913902053546
}