{
    "b0": 0.12399623595938143,
    "b1": 0.016327599059535992,
    "b2": 0.03280372886275791,
    "b3": -0.025819456165495358,
    "t1": 0.3597372803324521,
    "t2": 1.609964173394879
}