{
    "b0": 16.42426734254776,
    "b1": -2.2422378421352045,
    "b2": 809.4283284893467,
    "b3": -811.9591741688618,
    "t1": 42.22235149337885,
    "t2": 42.30178837877753
}