{
    "b0": 11.97785908895424,
    "b1": 1.759911409819788,
    "b2": 50869.411820508154,
    "b3": -50866.52825792344,
    "t1": 10.820542777781979,
    "t2": 10.820001960095807
}