{
    "b0": 0.16469785526880004,
    "b1": -0.02689903114361973,
    "b2": 0.08095523360163837,
    "b3": -0.11139543057726248,
    "t1": 22.790029676080074,
    "t2": 34.338768082994676
}