{
    "b0": 0.029650277174942313,
    "b1": 0.11464541456598448,
    "b2": -0.24535907601585727,
    "b3": 0.4136554159311129,
    "t1": 2.872490249697507,
    "t2": 4.877648585612217
}