{
    "b0": 12.40655362753654,
    "b1": 1.8748745220035974,
    "b2": 2528.6747037157775,
    "b3": -2525.7636081639394,
    "t1": 25.618718521815666,
    "t2": 25.58953334772599
}