{
    "b0": 0.06315061278199771,
    "b1": 0.08125744320440874,
    "b2": -0.25412191355167274,
    "b3": 0.3413309222888343,
    "t1": 3.321948704287543,
    "t2": 5.008995160999508
}