{
    "b0": 0.1176989190555144,
    "b1": 0.026632235127452594,
    "b2": -0.022333321416957295,
    "b3": 0.07896505946844369,
    "t1": 22.44588950670889,
    "t2": 60.31139235026373
}