{
    "b0": 0.17113712898120603,
    "b1": -0.03297594146396805,
    "b2": 0.11702605795031958,
    "b3": -0.16317313592496813,
    "t1": 63.098296846053444,
    "t2": 84.35505007896525
}