{
    "b0": 0.16246562514267202,
    "b1": -0.02278613978784562,
    "b2": 0.022603202521367997,
    "b3": -0.05955116517481378,
    "t1": 15.673547517149988,
    "t2": 34.48104699945696
}