{
    "b0": 0.09634571077288157,
    "b1": 0.042052293664752785,
    "b2": 0.036205625902804246,
    "b3": 0.08696775013924335,
    "t1": 0.3211926053800291,
    "t2": 4.766420463157253
}