{
    "b0": 12.178584978810678,
    "b1": 2.0957076747719916,
    "b2": 8154.794826757565,
    "b3": -8153.065653209126,
    "t1": 14.155036802985359,
    "t2": 14.14950042582768
}