{
    "b0": 0.11771952210757436,
    "b1": 0.021266870265082415,
    "b2": -0.04442313528066085,
    "b3": 0.0821139070248486,
    "t1": 8.194819572117213,
    "t2": 15.28619579508267
}