{
    "b0": 0.11097648408315927,
    "b1": 0.031711123864477955,
    "b2": 0.22728050893723195,
    "b3": -0.18991512536678537,
    "t1": 34.76560412433406,
    "t2": 28.203859495932907
}