{
    "b0": 0.12828402053590368,
    "b1": 0.015455627922084693,
    "b2": -0.03732959473653073,
    "b3": 0.062312839099765316,
    "t1": 14.572658885838718,
    "t2": 28.049610177786
}