{
    "b0": 0.12958958237772927,
    "b1": 0.014411264879074645,
    "b2": 0.05192995606639954,
    "b3": -0.08737158880311602,
    "t1": 2.4245899392484915,
    "t2": 1.5996826919839005
}