{
    "b0": 16.571707780067964,
    "b1": -2.4129661579128983,
    "b2": 2040.5660044921024,
    "b3": -2043.1525905011367,
    "t1": 39.25846270631155,
    "t2": 39.300313956673655
}