{
    "b0": 11.31227142391287,
    "b1": 2.8824913830359993,
    "b2": -10225.735694159941,
    "b3": 10229.536184148112,
    "t1": 29.07720334898156,
    "t2": 29.08696747234747
}