{
    "b0": 11.796602011215024,
    "b1": 2.4919014822405146,
    "b2": -9310.814216601133,
    "b3": 9314.636326506132,
    "t1": 27.69012170712177,
    "t2": 27.700089823051204
}