{
    "b0": 0.09638542408178787,
    "b1": 0.044534576073589904,
    "b2": -0.8444208764299234,
    "b3": 0.8353084280818126,
    "t1": 2.4990244971828632,
    "t2": 2.709278314868029
}