{
    "b0": 12.175102053678948,
    "b1": 1.752297330041591,
    "b2": 2.5997810213100636,
    "b3": 5.905576251456489,
    "t1": 3.2257053890089824,
    "t2": 34.621020160348316
}