{
    "b0": 12.629092149327025,
    "b1": 1.6512399608619885,
    "b2": 1122.103789144649,
    "b3": -1119.5630947161137,
    "t1": 29.02731858411365,
    "t2": 28.96100166784457
}