{
    "b0": 12.079022225865542,
    "b1": 2.1289904050773156,
    "b2": 5158.618559330021,
    "b3": -5154.972738390181,
    "t1": 46.21095378415072,
    "t2": 46.186650674832066
}