{
    "b0": 0.027538041383306035,
    "b1": 0.11682939394620692,
    "b2": -0.1839008265223034,
    "b3": 0.36707963315724446,
    "t1": 2.5981711693281895,
    "t2": 5.068877631805223
}