{
    "b0": 12.767909328090374,
    "b1": 1.4926072874938452,
    "b2": -3600.072921676848,
    "b3": 3602.4313739708195,
    "t1": 29.63961229398447,
    "t2": 29.658498096326486
}