{
    "b0": 0.1060715997316165,
    "b1": 0.03322157912972403,
    "b2": -0.40900568604610116,
    "b3": 0.4061861903192663,
    "t1": 2.008005333622602,
    "t2": 2.3942604057548755
}