{
    "b0": 0.1612249104465201,
    "b1": -0.018722975635674335,
    "b2": -3.664688360497737e-05,
    "b3": -0.014068194182675119,
    "t1": 9.54003446426168,
    "t2": 0.6987875626230271
}