{
    "b0": 0.12856715050319445,
    "b1": 0.01461636270495515,
    "b2": -0.029236715047709326,
    "b3": 0.05544246704252115,
    "t1": 16.813814648904202,
    "t2": 33.234019292595335
}