{
    "b0": 0.12920205448658023,
    "b1": 0.011352108467168963,
    "b2": 0.03190521853882472,
    "b3": -0.03481388669544377,
    "t1": 0.3432139297726774,
    "t2": 0.905784755274052
}