{
    "b0": 0.11940460017079033,
    "b1": 0.024286274918843602,
    "b2": 0.25895784263974186,
    "b3": -0.22476261361085625,
    "t1": 29.526353924348314,
    "t2": 24.751488045654675
}