{
    "b0": 0.14622166154781321,
    "b1": -0.004002094991788205,
    "b2": -0.010826991682182279,
    "b3": -0.013169856668308501,
    "t1": 0.9462501129821865,
    "t2": 2.16001563833371
}