{
    "b0": 0.13900993068612205,
    "b1": 0.0065579550883047635,
    "b2": -0.026227069478724798,
    "b3": 0.021333150009609867,
    "t1": 2.0,
    "t2": 5.0
}