{
    "b0": 0.11370271656504648,
    "b1": 0.026041178230132744,
    "b2": -0.058518126134472354,
    "b3": 0.09546741016072754,
    "t1": 12.573580364048324,
    "t2": 20.609579929497798
}