{
    "b0": 0.12371400710447249,
    "b1": 0.016472192368892614,
    "b2": 0.03261730719520159,
    "b3": -0.023320349731884342,
    "t1": 0.3385760065714788,
    "t2": 1.6599751287723898
}