{
    "b0": 0.10492048572615036,
    "b1": 0.03413455167163729,
    "b2": -0.7792896717036023,
    "b3": 0.767461114750538,
    "t1": 2.0344022797099086,
    "t2": 2.2126478238311735
}