{
    "b0": 0.0682696454094245,
    "b1": 0.07581407214899466,
    "b2": -0.19766278120654926,
    "b3": 0.271164389654332,
    "t1": 3.122794069671156,
    "t2": 5.020976686811707
}