{
    "b0": 16.33485037988639,
    "b1": -2.2307385344324153,
    "b2": -0.006791016773534109,
    "b3": -4.610023730750546,
    "t1": 79.17415829747294,
    "t2": 199.80313798320066
}