{
    "b0": 13.024167614536747,
    "b1": 1.2353327355343908,
    "b2": -3359.5104056646405,
    "b3": 3361.3418745110725,
    "t1": 21.841595792365755,
    "t2": 21.855662759017147
}