{
    "b0": 0.11820709738953986,
    "b1": 0.02098474839051296,
    "b2": -0.04295200564018305,
    "b3": 0.07977692847570242,
    "t1": 9.926738536357496,
    "t2": 18.725009888638905
}