{
    "b0": 12.513936734710512,
    "b1": 1.7373725066869974,
    "b2": 2633.664787916021,
    "b3": -2630.8810705280225,
    "t1": 28.471477305027435,
    "t2": 28.442573533950387
}