{
    "b0": 16.374619243992665,
    "b1": -2.283602787979939,
    "b2": 6.180910436055065,
    "b3": -10.371051126873862,
    "t1": 131.89351436699803,
    "t2": 179.42696547193017
}