{
    "b0": 0.12240977317155874,
    "b1": 0.017727887558903286,
    "b2": 0.035166163356538965,
    "b3": -0.026788095511729424,
    "t1": 0.32653254117797936,
    "t2": 1.4929204595896002
}