{
    "b0": 0.05002997571735396,
    "b1": 0.09408890217569703,
    "b2": -0.22809943258916596,
    "b3": 0.35140404671408443,
    "t1": 3.1353325588258167,
    "t2": 5.066242015515238
}