{
    "b0": 12.62937892353031,
    "b1": 1.572711146009846,
    "b2": 6108.974682386941,
    "b3": -6106.341647510961,
    "t1": 27.76320183682069,
    "t2": 27.752033290491617
}