{
    "b0": 0.11469429377135956,
    "b1": 0.02926785539324246,
    "b2": -0.0532085636580437,
    "b3": 0.053922539852757585,
    "t1": 1.5736398386326669,
    "t2": 4.656064150027215
}