{
    "b0": 0.1645054054196314,
    "b1": -0.022616155422064747,
    "b2": -0.02362879163453426,
    "b3": -0.002449803130427043,
    "t1": 0.7159638928835128,
    "t2": 1.9925836662866687
}