{
    "b0": 0.13044827385082677,
    "b1": 0.013291339145685747,
    "b2": -0.05125467997966035,
    "b3": 0.07040375105409137,
    "t1": 15.786676006295163,
    "t2": 26.678520995838173
}