{
    "b0": 11.167682003956736,
    "b1": 2.6277856731964473,
    "b2": 2.204370352378814,
    "b3": 6.858726290829114,
    "t1": 9.409580306261688,
    "t2": 55.336052937260874
}