{
    "b0": 12.459767700335457,
    "b1": 1.807310370654256,
    "b2": 3819.8516927127534,
    "b3": -3816.982885833812,
    "t1": 35.81837221486104,
    "t2": 35.79351110246289
}