{
    "b0": 0.11769439745763396,
    "b1": 0.02390008008181118,
    "b2": -0.05397377014928977,
    "b3": 0.09111233746949007,
    "t1": 19.376417104244666,
    "t2": 31.479275865465883
}