{
    "b0": 0.17350217379715827,
    "b1": -0.031221933318208862,
    "b2": -0.03676666348048764,
    "b3": 0.06160217105507534,
    "t1": 0.6434133495445087,
    "t2": -54.942729522965536
}