{
    "b0": 0.11802429998847083,
    "b1": 0.026601975346910355,
    "b2": -0.057186146510713576,
    "b3": 0.10433882625930882,
    "t1": 23.71161915107971,
    "t2": 42.7562211858976
}