{
    "b0": 16.397533832238395,
    "b1": -2.2716499086176962,
    "b2": -4473.805159451528,
    "b3": 4471.232834618081,
    "t1": 39.678213510452096,
    "t2": 39.66416897935142
}