{
    "b0": 12.042417011766236,
    "b1": 2.236999068549152,
    "b2": -1829.1400256570448,
    "b3": 1832.778932824286,
    "t1": 44.77373452838523,
    "t2": 44.848270745331234
}