{
    "b0": 0.11884509441562091,
    "b1": 0.024259111144237344,
    "b2": -0.341029532247762,
    "b3": 0.38016976021754845,
    "t1": 38.92252371015936,
    "t2": 43.32943365579919
}