{
    "b0": 0.08642682421930431,
    "b1": 0.050063430746844564,
    "b2": 0.041159841755450496,
    "b3": 0.106092276809376,
    "t1": 0.29054047540343336,
    "t2": 5.388155622605358
}