{
    "b0": 0.13799387013930758,
    "b1": 0.013759709692823797,
    "b2": -0.06252398164204223,
    "b3": 0.0429588163217052,
    "t1": 2.0,
    "t2": 5.0
}