{
    "b0": 0.11898138723859553,
    "b1": 0.026827383599672967,
    "b2": -0.16901960870703742,
    "b3": 0.20655009666764595,
    "t1": 32.71609196258548,
    "t2": 42.59106899842709
}