{
    "b0": 0.1078646321167497,
    "b1": -0.009604193513792138,
    "b2": -0.13924610584665262,
    "b3": 0.07787993566028052,
    "t1": 142.61286342272192,
    "t2": 94.61901284680992
}