{
    "b0": 9.972664183700092,
    "b1": 2.512412465638133,
    "b2": 9966.884565907898,
    "b3": -9965.402101795926,
    "t1": 6.4830377246894795,
    "t2": 6.480372489337648
}