{
    "b0": 12.75656958674874,
    "b1": -1.4489010752158702,
    "b2": -2.047987160357073,
    "b3": -9.378654836885277,
    "t1": 19.829951142860196,
    "t2": 174.35489935782869
}