{
    "b0": 10.994842984350623,
    "b1": -2.17749486658382,
    "b2": 93.2585277194641,
    "b3": -101.6298482609483,
    "t1": 164.40790362788525,
    "t2": 168.34869853265715
}