{
    "b0": 10.64952369087084,
    "b1": -2.403727873789008,
    "b2": -0.0013220351001010933,
    "b3": -9.554414487076674,
    "t1": 68.58594713404312,
    "t2": 202.5679055405892
}