{
    "b0": 10.774354415285421,
    "b1": -2.7013933709237374,
    "b2": 556.6295015058552,
    "b3": -564.8744298683142,
    "t1": 164.6012628890822,
    "t2": 165.30872986825068
}