{
    "b0": 0.09718803010536413,
    "b1": 0.02964879004993745,
    "b2": -0.0512210727288302,
    "b3": 0.07375475615061522,
    "t1": 4.120851607723371,
    "t2": 9.278997042779912
}