{
    "b0": 0.10204234525729725,
    "b1": 0.01820782615332614,
    "b2": -0.05539364876276784,
    "b3": 0.01150849736596251,
    "t1": 0.6858957010697455,
    "t2": 3.228835678207739
}