{
    "b0": 0.109555070635484,
    "b1": -0.02013557034737759,
    "b2": 0.4454151246526269,
    "b3": -0.5185714653800747,
    "t1": 111.08241670902609,
    "t2": 123.63469971390488
}