{
    "b0": 0.11101464737579368,
    "b1": -0.03669645711359788,
    "b2": -0.020668141758526784,
    "b3": -0.12195774087177283,
    "t1": 26.566765765477516,
    "t2": 163.22825730011115
}