{
    "b0": 0.199068775760374,
    "b1": -0.09630202829719509,
    "b2": -0.1389351637622484,
    "b3": -0.22820693556521554,
    "t1": 0.8850227648901932,
    "t2": 7.007608262148139
}