{
    "b0": 0.10928004771711217,
    "b1": -0.019869504014983053,
    "b2": 0.08827977131755395,
    "b3": -0.15158917439829328,
    "t1": 1.0000000063426522,
    "t2": 0.7888600864150651
}