{
    "b0": 0.1007617587463243,
    "b1": 0.022793857735257585,
    "b2": -0.04182016608583039,
    "b3": 0.08411690253635914,
    "t1": 8.4375717096691,
    "t2": 15.20720545963414
}