{
    "b0": 0.1216567825907918,
    "b1": -0.011612988298074285,
    "b2": 0.3558188474620584,
    "b3": -0.40983808831799684,
    "t1": 1.0000001039301591,
    "t2": 0.9147964625955104
}