{
    "b0": 0.10219212067537105,
    "b1": 0.02966504634523926,
    "b2": -0.05520408777371891,
    "b3": 0.09621215878755728,
    "t1": 12.672457768596049,
    "t2": 21.349870616737753
}