{
    "b0": 0.10904761702449899,
    "b1": 0.021443936494291816,
    "b2": -0.15332058369556276,
    "b3": 0.10803304483525838,
    "t1": 1.222121903571797,
    "t2": 1.6337533811407088
}