{
    "b0": 0.10661061387235271,
    "b1": -0.02307574628225227,
    "b2": -0.07226401594974544,
    "b3": 0.002041566404619638,
    "t1": 0.6533246900266008,
    "t2": 2.678705331534728
}