{
    "b0": 0.10514370335445476,
    "b1": -0.029658991828140767,
    "b2": -0.07424024937396324,
    "b3": 0.02634178518678301,
    "t1": 0.7103778514937316,
    "t2": 1.9145378196384124
}