{
    "b0": 0.11451426122686643,
    "b1": -0.012698940818430468,
    "b2": 0.2004949359177572,
    "b3": -0.27791869844127104,
    "t1": 180.08919613558493,
    "t2": 193.1566456131508
}