{
    "b0": 0.10064058407650352,
    "b1": 0.025724755665755467,
    "b2": -0.04957903575598249,
    "b3": 0.023826190566480297,
    "t1": 0.8170948605601327,
    "t2": 3.5677187194023254
}