{
    "b0": 10.775963673057579,
    "b1": -2.5607155614587755,
    "b2": 570.1553050703477,
    "b3": -578.453307547291,
    "t1": 176.23684673482387,
    "t2": 177.01643886492482
}