{
    "b0": 11.650342125478716,
    "b1": -4.827009809099113,
    "b2": 2461.2794194382896,
    "b3": -2470.3748452821146,
    "t1": 135.34322095871116,
    "t2": 135.6474588391847
}