{
    "b0": 0.10739231499918794,
    "b1": -0.02489156121593021,
    "b2": -0.0799045074396666,
    "b3": 0.0016441688372734013,
    "t1": 0.6627737239685241,
    "t2": 2.7896166416710653
}