{
    "b0": 0.10778572500204307,
    "b1": -0.022015257047619197,
    "b2": -0.36079049760654813,
    "b3": 0.2870395916549462,
    "t1": 122.27910217242717,
    "t2": 102.45826779083316
}