{
    "b0": 0.11471351335716258,
    "b1": -0.0435782338774776,
    "b2": -0.9612927687108265,
    "b3": 0.9084877081413507,
    "t1": 0.9919016688141424,
    "t2": 1.0318843114467044
}