{
    "b0": 0.10471002262529869,
    "b1": 0.017067422362785366,
    "b2": 0.2418161282339516,
    "b3": -0.3041600690591314,
    "t1": 1.0000001429337035,
    "t2": 0.918142226179143
}