{
    "b0": 0.11174471803774899,
    "b1": -0.015478234316323919,
    "b2": -0.04427840979466701,
    "b3": -0.06178657750798702,
    "t1": 115.71589263402737,
    "t2": 384.531398696111
}