{
    "b0": 10.240946460099297,
    "b1": 2.066183654406199,
    "b2": -10399.441489593726,
    "b3": 10402.745394230262,
    "t1": 7.302265927072145,
    "t2": 7.304573133881627
}