{
    "b0": 0.10389081950259411,
    "b1": 0.021842148800395686,
    "b2": 0.017506193991660403,
    "b3": -0.08173524949012041,
    "t1": 1.8846803475251683,
    "t2": 0.9220317124665046
}