{
    "b0": 0.11449024749468281,
    "b1": -0.04188424409679017,
    "b2": -0.3238503799649778,
    "b3": 0.2675838879182166,
    "t1": 0.8931298478329681,
    "t2": 1.0037607239272255
}