{
    "b0": 0.10554894645303681,
    "b1": 0.018629316242823348,
    "b2": -0.10264262791827884,
    "b3": 0.05111525081706494,
    "t1": 0.9802660046744696,
    "t2": 1.503801612827652
}