{
    "b0": 11.599580435915499,
    "b1": -4.768018979557343,
    "b2": -9799.693995182412,
    "b3": 9790.669464918928,
    "t1": 139.95126326867518,
    "t2": 139.87663238360835
}