{
    "b0": 0.1094992496323262,
    "b1": -0.012897698920938457,
    "b2": 0.014323822947059384,
    "b3": -0.08057555838147137,
    "t1": 272.5587729362986,
    "t2": 238.5046510687057
}