{
    "b0": 0.10821397004300484,
    "b1": -0.017167419541986702,
    "b2": -0.07837471450683266,
    "b3": 0.012595410377952377,
    "t1": 0.6245173039235117,
    "t2": 2.492369297241923
}