{
    "b0": 0.09627886788958513,
    "b1": 0.027356708929735775,
    "b2": -0.06534262036267639,
    "b3": 0.03803264755593124,
    "t1": 0.8472011157857222,
    "t2": 3.435181554414263
}