{
    "b0": 0.10778678861028404,
    "b1": -0.006999432227014751,
    "b2": -0.07193402015880204,
    "b3": 0.012920957478928905,
    "t1": 0.6408974419265145,
    "t2": 2.765736423389446
}