{
    "b0": 0.09850525060701926,
    "b1": 0.02821668442458964,
    "b2": -0.10163418625711595,
    "b3": 0.13967166765260908,
    "t1": 9.551181447518495,
    "t2": 13.977930530558726
}