{
    "b0": 10.586370960569822,
    "b1": 2.37896815309644,
    "b2": -3869.7647234239635,
    "b3": 3873.102743230094,
    "t1": 15.033487982728724,
    "t2": 15.042547195395011
}