{
    "b0": 0.11441514707810857,
    "b1": -0.009772767485154751,
    "b2": 0.6185833261116693,
    "b3": -0.6723386377105859,
    "t1": 1.070108441759149,
    "t2": 1.0154641565545808
}