{
    "b0": 11.491766374329034,
    "b1": -1.263699402936803,
    "b2": 2.705222590448919e-05,
    "b3": -8.436795315240914,
    "t1": 41.94568575367566,
    "t2": 208.85266604075798
}