{
    "b0": 0.11396117316168189,
    "b1": -0.04564966365725939,
    "b2": 0.04884731636053858,
    "b3": -0.15454452634638957,
    "t1": 78.10413342555856,
    "t2": 155.42990401060683
}