{
    "b0": 10.790377270330044,
    "b1": -2.615438853294256,
    "b2": -0.9350716225571132,
    "b3": -10.325407067394256,
    "t1": 57.15899847482345,
    "t2": 204.28244220763085
}