{
    "b0": 10.736672763419243,
    "b1": 2.2292944750361716,
    "b2": -11028.12934106012,
    "b3": 11031.542512786238,
    "t1": 12.023462178106973,
    "t2": 12.026806236437386
}