{
    "b0": 10.941396533746397,
    "b1": 2.0432198916417867,
    "b2": -25839.439884440264,
    "b3": 25842.922603057348,
    "t1": 12.85909769565115,
    "t2": 12.860644233134156
}