{
    "b0": 0.10733041246613766,
    "b1": -0.02443539537453905,
    "b2": -0.07921893660705889,
    "b3": 0.005062131454635323,
    "t1": 0.6898760446534844,
    "t2": 2.8518247121360134
}