{
    "b0": 0.11238346476415097,
    "b1": -0.03768101282372523,
    "b2": -0.021442167543217164,
    "b3": -0.11885463357423637,
    "t1": 0.09628714387084991,
    "t2": 0.4875779444841086
}