{
    "b0": 0.11162506906653481,
    "b1": -0.04049255173352553,
    "b2": -0.09144994634876398,
    "b3": 0.04026524597822614,
    "t1": 0.7760961942731812,
    "t2": 2.127821097467222
}