{
    "b0": 11.24006457326165,
    "b1": -3.9639867352695557,
    "b2": -127945.38084663093,
    "b3": 127936.82131347453,
    "t1": 145.09113356221198,
    "t2": 145.0869383190411
}