{
    "b0": 0.10470210423426485,
    "b1": 0.019239423661043958,
    "b2": 0.14947192188223773,
    "b3": -0.21281728527233865,
    "t1": 1.2895647387995421,
    "t2": 1.0590940536573648
}