{
    "b0": 0.07611853598160696,
    "b1": 0.045413125489910416,
    "b2": 0.040649220491291715,
    "b3": 0.09189527936376621,
    "t1": 0.19782666358630357,
    "t2": 5.126748282891155
}