{
    "b0": 0.10847121426907762,
    "b1": -0.007158245688313511,
    "b2": -0.07466239247874522,
    "b3": 0.02048640382729252,
    "t1": 0.6602166114417096,
    "t2": 2.7343396549952166
}