{
    "b0": 0.042065313662498584,
    "b1": 0.025969114248725167,
    "b2": 0.029450895889235162,
    "b3": 0.21755275392630885,
    "t1": 0.13001201888890682,
    "t2": 4.552659542970796
}