{
    "b0": 0.11330702952012534,
    "b1": -0.009823209167409974,
    "b2": -0.24126123620748455,
    "b3": 0.1826479234664805,
    "t1": 0.8949854159665382,
    "t2": 1.0507100948454182
}