{
    "b0": 0.041794276777926874,
    "b1": 0.02620662533081841,
    "b2": 0.0296732941955863,
    "b3": 0.2172208217890312,
    "t1": 0.12905966257572413,
    "t2": 4.4333903739720455
}