{
    "b0": 0.11294384097850504,
    "b1": -0.04676237135619997,
    "b2": 1.0956031848475056,
    "b3": -1.1789684323252279,
    "t1": 109.59722267362045,
    "t2": 116.45711196269491
}