{
    "b0": 10.875008038852936,
    "b1": -2.884314573662894,
    "b2": 193.1811444809408,
    "b3": -201.60554333795395,
    "t1": 160.10477774864196,
    "t2": 162.2541400373904
}