{
    "b0": 0.11032901518598369,
    "b1": 0.024056733785198008,
    "b2": 0.5507234268017993,
    "b3": -0.5933426725681138,
    "t1": 1.6531637877302385,
    "t2": 1.5246078736451656
}