{
    "b0": 0.1070568152081993,
    "b1": -0.013074933051373548,
    "b2": -0.16940793067617949,
    "b3": 0.1081909236445718,
    "t1": 0.8985189059746785,
    "t2": 1.147272331849308
}