{
    "b0": 0.07961074783239862,
    "b1": 0.041406788170620795,
    "b2": 0.04576499788608143,
    "b3": 0.0751647458921936,
    "t1": 0.18599327834248935,
    "t2": 5.2312550772005615
}