{
    "b0": 10.121976724847814,
    "b1": 2.4197193155088845,
    "b2": -14563.938481162433,
    "b3": 14564.985902286786,
    "t1": 5.492659069694184,
    "t2": 5.494106785300503
}