{
    "b0": 0.11242608294149758,
    "b1": -0.012460468707287897,
    "b2": -0.17230360324370983,
    "b3": 0.10451755030103145,
    "t1": 149.18371575889364,
    "t2": 110.58392595545726
}