{
    "b0": 0.10678419330495502,
    "b1": -0.0227986592397761,
    "b2": 0.3463779309072942,
    "b3": -0.4193117968727289,
    "t1": 109.91819390683762,
    "t2": 125.3675545621416
}