{
    "b0": 0.1063509801941863,
    "b1": 0.02011998294605293,
    "b2": 0.0187547863428573,
    "b3": -0.0749153177833349,
    "t1": 1.9153751068413039,
    "t2": 0.9881288754025227
}