{
    "b0": 0.10613141871524477,
    "b1": -0.027221373865063743,
    "b2": -0.11306691469186801,
    "b3": 0.04613984380629464,
    "t1": 0.7004728335262016,
    "t2": 0.9272916868276262
}