{
    "b0": 0.10172427857799689,
    "b1": 0.03292764331995179,
    "b2": -0.10940058734693921,
    "b3": 0.13572811073733032,
    "t1": 12.181961991639987,
    "t2": 17.947682299587253
}