{
    "b0": 10.675208699997166,
    "b1": -2.4302782532870237,
    "b2": -315.0507968777346,
    "b3": 307.29917913415863,
    "t1": 158.51853971640182,
    "t2": 156.93182214885263
}