{
    "b0": 0.10742016385300988,
    "b1": 0.006856043665808796,
    "b2": -0.06204579524994911,
    "b3": 0.0023792612220245846,
    "t1": 0.6050964998713657,
    "t2": 3.0277620137611305
}