{
    "b0": 0.10114146726403114,
    "b1": 0.018386279579513283,
    "b2": -0.05337389852430796,
    "b3": 0.009934474106359656,
    "t1": 0.6565616315847096,
    "t2": 3.218981849736645
}