{
    "b0": 10.642857463404306,
    "b1": -2.3980577268495926,
    "b2": 1.5278956236249175,
    "b3": -10.614526145891524,
    "t1": 115.31943920754631,
    "t2": 212.10268918650496
}