{
    "b0": 11.036149264883235,
    "b1": -1.9532214632638834,
    "b2": -2003.9443819528522,
    "b3": 1996.0147444356699,
    "t1": 159.487190058196,
    "t2": 159.31133016032194
}