{
    "b0": 0.1089178447052902,
    "b1": -0.02169867691027135,
    "b2": 0.07779694051046203,
    "b3": -0.14031811654780965,
    "t1": 1.0000001182481624,
    "t2": 0.7886133496578062
}