{
    "b0": 0.10830538843786566,
    "b1": -0.01292394888441082,
    "b2": 0.1862577250106589,
    "b3": -0.24195288233497098,
    "t1": 1.0000001267996876,
    "t2": 0.8908100464721848
}