{
    "b0": 0.12946194697325716,
    "b1": -0.014394191364171225,
    "b2": -0.006039136412599587,
    "b3": -0.06999327012724134,
    "t1": -5.0461309907246115,
    "t2": 0.710793523505207
}