{
    "b0": 10.983051743019765,
    "b1": -0.9229868146822087,
    "b2": -1.5544427637250078,
    "b3": -8.07111278941299,
    "t1": 39.64974909748248,
    "t2": 234.42041033503972
}