{
    "b0": 11.190711908147373,
    "b1": -3.8235844925507916,
    "b2": 2055.5054187644514,
    "b3": -2063.796664835055,
    "t1": 137.3025696775934,
    "t2": 137.57019753724768
}