{
    "b0": 0.11433829673685104,
    "b1": -0.041548815661290484,
    "b2": -0.009452927495338576,
    "b3": -0.1286200803841467,
    "t1": 38.38099670019784,
    "t2": 163.41404282904887
}