{
    "b0": 0.1070642474809599,
    "b1": 0.005506717547765567,
    "b2": -0.02182310646714829,
    "b3": -0.0510794823279788,
    "t1": 0.44932481573895655,
    "t2": 0.6710773223477575
}