{
    "b0": 11.498231884897594,
    "b1": -4.145666332979218,
    "b2": 955.107435230709,
    "b3": -964.0251793634069,
    "t1": 137.07880130688673,
    "t2": 137.68560921666065
}