{
    "b0": 0.11082703517842936,
    "b1": 0.027461193093675618,
    "b2": -0.016486417544200736,
    "b3": 0.0692104526548758,
    "t1": 7.051023601215023,
    "t2": 24.236778817237454
}