{
    "b0": 10.913542009898057,
    "b1": -1.7405437889707622,
    "b2": 36170.368604714175,
    "b3": -36178.00164311529,
    "t1": 167.20475407532894,
    "t2": 167.21477392186677
}