{
    "b0": 0.10473175048769028,
    "b1": 0.018310265453240313,
    "b2": 0.3902055362274726,
    "b3": -0.4494875725028079,
    "t1": 1.122663868133709,
    "t2": 1.040359797524868
}