{
    "b0": 11.289636811116454,
    "b1": 2.4859928893010625,
    "b2": -20142.267244157843,
    "b3": 20145.08294716009,
    "t1": 14.560252243458535,
    "t2": 14.56296971035937
}