{
    "b0": 0.15121914896147123,
    "b1": -0.06972618538177888,
    "b2": -0.11178519419573985,
    "b3": -0.12067522559122444,
    "t1": 0.7374954933564712,
    "t2": 6.0602303650591365
}