{
    "b0": 0.10741608198146647,
    "b1": -0.02480690780521705,
    "b2": -0.09421147556553637,
    "b3": 0.020085286984296635,
    "t1": 0.7504025207436225,
    "t2": 1.1838920582894463
}