{
    "b0": 10.858229186219138,
    "b1": 2.1524536706549187,
    "b2": 23062.29866328899,
    "b3": -23058.823896163907,
    "t1": 12.10734029516895,
    "t2": 12.10570855984743
}