{
    "b0": 0.10584083370322256,
    "b1": -0.008059582967233261,
    "b2": -0.06927644465260092,
    "b3": 0.010140809694518842,
    "t1": 0.6632633687752001,
    "t2": 2.8181883857083285
}