{
    "b0": 10.68665223758459,
    "b1": -1.40806138047172,
    "b2": -203.20236025189303,
    "b3": 195.98484517350786,
    "t1": 166.89977453818756,
    "t2": 164.85377427578487
}