{
    "b0": 0.11758147926831984,
    "b1": -0.00820170845475647,
    "b2": 0.06573152257562542,
    "b3": -0.1317534653557267,
    "t1": 137.13217483079717,
    "t2": 170.794514311262
}