{
    "b0": 10.671306528140835,
    "b1": -2.4333915433724824,
    "b2": -0.0009460884732583885,
    "b3": -9.912054917138423,
    "t1": 73.26653150172254,
    "t2": 211.37906598864882
}