{
    "b0": 0.11254936232063761,
    "b1": -0.009396286022124636,
    "b2": -0.10932123161502903,
    "b3": 0.05076323640017169,
    "t1": 0.8008750478721378,
    "t2": 1.2995590069713003
}