{
    "b0": 0.10711771320594833,
    "b1": 0.022200524758573977,
    "b2": -0.1758844165163488,
    "b3": 0.12806757752495382,
    "t1": 1.211632145219076,
    "t2": 1.5021287143312128
}