{
    "b0": 0.09888117029488583,
    "b1": 0.024804723243741028,
    "b2": -0.029519586634760713,
    "b3": 0.07480762487368667,
    "t1": 6.046207253007986,
    "t2": 12.651866856921625
}