{
    "b0": 10.195852324294382,
    "b1": 2.6132434484368856,
    "b2": 13032.980297232307,
    "b3": -13030.599408867109,
    "t1": 11.94723148706613,
    "t2": 11.94312257683869
}