{
    "b0": 0.11282959835859967,
    "b1": -0.044737634987452216,
    "b2": 0.06659131002069402,
    "b3": -0.16619398933811494,
    "t1": 84.16791883059255,
    "t2": 149.6023167356281
}