{
    "b0": 10.739952529968331,
    "b1": -2.51740969674872,
    "b2": -0.00014909544785979278,
    "b3": -9.766247919394116,
    "t1": 63.24845550858418,
    "t2": 198.96043279823598
}