{
    "b0": 0.11648818592811751,
    "b1": -0.015215103469294118,
    "b2": 0.10302622539738651,
    "b3": -0.16183692461453353,
    "t1": 107.05432915821902,
    "t2": 151.27383613022658
}