{
    "b0": 0.10802402565301689,
    "b1": -0.023979404563377445,
    "b2": 0.022261561563567595,
    "b3": -0.08368210075084717,
    "t1": 1.000000104168331,
    "t2": 0.6964764273995004
}