{
    "b0": 11.373450528236553,
    "b1": 0.02572519394469097,
    "b2": -1.679943317720233,
    "b3": -6.854940668814676,
    "t1": 2066.404719493072,
    "t2": 214.8179261089033
}