{
    "b0": 10.142498581699291,
    "b1": 2.133690833252442,
    "b2": -70488.72368695523,
    "b3": 70492.22561311221,
    "t1": 7.901683885396314,
    "t2": 7.902045513571805
}