{
    "b0": 0.1403350535484536,
    "b1": -0.003782495695867566,
    "b2": -0.0008525373808077772,
    "b3": -0.08405092601411725,
    "t1": -2.344450241781396,
    "t2": 1.1533731535667986
}