{
    "b0": 0.1117885915058009,
    "b1": -0.011271464478535519,
    "b2": -0.09374366707013701,
    "b3": 0.03071197029768313,
    "t1": 0.7506616333403285,
    "t2": 1.4397143499189449
}