{
    "b0": 0.10993284033431845,
    "b1": 0.029043189619651556,
    "b2": -0.06851457779371285,
    "b3": 0.10365332439549904,
    "t1": 11.503246617031076,
    "t2": 20.44457349757194
}