{
    "b0": 10.158746293259037,
    "b1": 2.0878311987325437,
    "b2": 45675.641146160546,
    "b3": -45672.11061789728,
    "t1": 10.9470529569867,
    "t2": 10.94631350862859
}