{
    "b0": 0.10009053944135367,
    "b1": 0.02337942894399049,
    "b2": -0.03741980777067831,
    "b3": 0.08207277816058085,
    "t1": 8.606282191666558,
    "t2": 16.317908044502015
}