{
    "b0": 10.352340132551662,
    "b1": 2.7602018278298477,
    "b2": 5004.784825115369,
    "b3": -5001.712699890562,
    "t1": 16.336148682664504,
    "t2": 16.327420073613084
}