{
    "b0": 0.10580000615517475,
    "b1": 0.01278994488783242,
    "b2": -0.13061434541752864,
    "b3": 0.07649108295800425,
    "t1": 0.7995233999626385,
    "t2": 0.9837744039219434
}