{
    "b0": 0.10512605434294912,
    "b1": 0.019042754271385794,
    "b2": -0.11689446317934761,
    "b3": 0.0595187484204883,
    "t1": 0.9647582800029395,
    "t2": 1.3948285692468017
}