{
    "b0": 0.11147322384674455,
    "b1": 0.020062070576394503,
    "b2": -0.08878429962577779,
    "b3": 0.03976090879719281,
    "t1": 1.128122323725212,
    "t2": 2.0321331500431308
}