{
    "b0": 0.10619244003253667,
    "b1": -0.023009805324933436,
    "b2": 0.2537545911608668,
    "b3": -0.3238027184994343,
    "t1": 92.5654250889198,
    "t2": 114.89791101357177
}