{
    "b0": 0.11507157669044854,
    "b1": -0.012040190615504938,
    "b2": -0.03755790674682803,
    "b3": -0.04225862219110684,
    "t1": 185.860666124383,
    "t2": 264.2402189230779
}