{
    "b0": 0.09884998190836032,
    "b1": 0.020863640772040087,
    "b2": -0.053840833756920475,
    "b3": 0.07638836931428916,
    "t1": 2.0,
    "t2": 5.0
}