{
    "b0": 10.920383804271257,
    "b1": -2.2499034302461416,
    "b2": 11.958844861631292,
    "b3": -19.948557050900256,
    "t1": 163.27395725606772,
    "t2": 185.3914203105587
}