{
    "b0": 0.10590424483947321,
    "b1": -0.024925207360295368,
    "b2": -0.0033992636758395436,
    "b3": -0.10777863675528696,
    "t1": 42.567352372058174,
    "t2": 186.84637279057037
}