{
    "b0": 0.11079412383218384,
    "b1": -0.004408121036740029,
    "b2": -0.06677965540605178,
    "b3": 0.018226049738010376,
    "t1": 0.6832464460910745,
    "t2": 2.8777827672024756
}