{
    "b0": 0.11544451316662184,
    "b1": -0.0465974973177011,
    "b2": 0.02851102340239014,
    "b3": -0.14309321911573034,
    "t1": 70.20328927388313,
    "t2": 163.3521557243046
}