{
    "b0": 10.415228277819566,
    "b1": 2.586235698493203,
    "b2": 2823.7665240991782,
    "b3": -2820.5396371370007,
    "t1": 16.38152114796091,
    "t2": 16.3674433741083
}