{
    "b0": 0.10761778521781516,
    "b1": 0.003728175320568657,
    "b2": -0.004286071580306973,
    "b3": -0.07353878877464332,
    "t1": 2.2116402086658926,
    "t2": 0.6196496218710048
}