{
    "b0": 0.12111214577234587,
    "b1": -0.010387641629088399,
    "b2": -0.0596925878709953,
    "b3": 0.019108263530914528,
    "t1": 0.7227162207672768,
    "t2": 2.5935970581931427
}