{
    "b0": 0.10864278262107092,
    "b1": -0.03744254389393557,
    "b2": -0.07753111080819734,
    "b3": 0.030982935615542762,
    "t1": 0.7252941360641287,
    "t2": 2.583605900365349
}