{
    "b0": 11.130930290750415,
    "b1": 0.15072813688487874,
    "b2": -1.4735726848706814,
    "b3": -7.48327152708763,
    "t1": 1760.7664529746135,
    "t2": 220.4713406505122
}