{
    "b0": 0.1107997052143505,
    "b1": -0.03965809159914965,
    "b2": 0.026865664229727478,
    "b3": -0.13270049252273827,
    "t1": 55.39299656531941,
    "t2": 148.43298349200032
}