{
    "b0": 11.233293127780842,
    "b1": -1.1579658722098847,
    "b2": 3.212528767126944,
    "b3": -10.738990160959405,
    "t1": 186.5857092591902,
    "t2": 211.41575132509584
}