{
    "b0": 0.10576940518295566,
    "b1": 0.017763788070726715,
    "b2": 0.40892986438023715,
    "b3": -0.4707714978983029,
    "t1": 1.1052472292274897,
    "t2": 1.0372774181781161
}