{
    "b0": 12.453142538067281,
    "b1": -1.6728573331407173,
    "b2": -7.64971275219908,
    "b3": -2.17979013983932,
    "t1": 240.00920875795137,
    "t2": 2611.7288984093298
}