{
    "b0": 11.6848299036858,
    "b1": -1.5669199764067185,
    "b2": 0.0009362962233616656,
    "b3": -7.499708037196572,
    "t1": 31.837713355118638,
    "t2": 198.25784164754307
}