{
    "b0": 11.099487576078975,
    "b1": 0.13714466856825824,
    "b2": -1.3584024613773915,
    "b3": -7.822957478855161,
    "t1": 1767.2552008379496,
    "t2": 218.82070803643757
}