{
    "b0": 0.05032568485774661,
    "b1": 0.023262117104990154,
    "b2": 0.02331858651881398,
    "b3": 0.16951872515036182,
    "t1": 0.12204273112928443,
    "t2": 4.488025296039052
}