{
    "b0": 9.927521253603814,
    "b1": 2.5351361648191233,
    "b2": 6780.361298903606,
    "b3": -6778.6843696166625,
    "t1": 6.98441548431711,
    "t2": 6.980010887283943
}