{
    "b0": 10.856070965726508,
    "b1": -3.4736469332003574,
    "b2": 1935.2657474678415,
    "b3": -1942.7945777005618,
    "t1": 135.916061063205,
    "t2": 136.20028158017018
}