{
    "b0": 0.11417916119006638,
    "b1": -0.009762923534316913,
    "b2": -0.3582873610278111,
    "b3": 0.31233991651854986,
    "t1": 1.0392313016117747,
    "t2": 1.154710118187747
}