{
    "b0": 10.125479811335268,
    "b1": 2.4565217728919064,
    "b2": -13878.846427881412,
    "b3": 13881.855448801565,
    "t1": 8.958381530010925,
    "t2": 8.960879053103435
}