{
    "b0": 10.380380766829903,
    "b1": 2.665978908921562,
    "b2": 21186.559274516356,
    "b3": -21183.68010763232,
    "t1": 15.522608832998799,
    "t2": 15.52074165256279
}