{
    "b0": 0.1042871241276154,
    "b1": 0.015910793690216904,
    "b2": 0.018849001847955592,
    "b3": -0.07877771637936123,
    "t1": 1.0000001059134584,
    "t2": 0.7109327353202988
}