{
    "b0": 0.10645296092106465,
    "b1": -0.013163587437316045,
    "b2": 0.020071654388900188,
    "b3": -0.06802771263471677,
    "t1": 2.2427928233693777,
    "t2": 0.6403018391773889
}