{
    "b0": 0.10504604203589099,
    "b1": -0.024136983811157364,
    "b2": 0.044837703906504815,
    "b3": -0.12818393723865534,
    "t1": 90.42380704311654,
    "t2": 168.54162767529488
}