{
    "b0": 10.953093366706653,
    "b1": -1.9211040525328418,
    "b2": -498.6118091027979,
    "b3": 490.4303614398412,
    "t1": 169.82068498241696,
    "t2": 169.13945032986243
}