{
    "b0": 0.11073324053584623,
    "b1": -0.038816884364779314,
    "b2": 0.009170248619828923,
    "b3": -0.12292533034341596,
    "t1": 46.54465415765392,
    "t2": 155.60677118537328
}