{
    "b0": 10.21120468403639,
    "b1": 1.16632781562656,
    "b2": -56746.52504619418,
    "b3": 56747.95745214367,
    "t1": 2.8723616341201983,
    "t2": 2.872472951636467
}