{
    "b0": 0.13267898006547763,
    "b1": -0.004046909779876645,
    "b2": -0.000908824614954791,
    "b3": -0.08515508119015115,
    "t1": -2.2311585703782404,
    "t2": 1.1238777330134733
}