{
    "b0": 10.930453995182688,
    "b1": 2.1388149480799363,
    "b2": -3534.6776760290277,
    "b3": 3537.873652081106,
    "t1": 11.322005968951373,
    "t2": 11.33217828799425
}