{
    "b0": 0.10754049420121319,
    "b1": -0.02017304740996112,
    "b2": -0.07724883939055505,
    "b3": 0.009106406673346504,
    "t1": 0.6598309140769285,
    "t2": 2.6599403516096998
}