{
    "b0": 11.710795412510143,
    "b1": -1.467438370170587,
    "b2": 216.10378631013072,
    "b3": -223.51795748230808,
    "t1": 165.54371581621126,
    "t2": 167.59733331677631
}