{
    "b0": 0.10629006686855935,
    "b1": -0.009297723363903311,
    "b2": -0.1331228671211316,
    "b3": 0.07765280907007774,
    "t1": 128.71411859556528,
    "t2": 78.16997306697947
}