{
    "b0": 0.10544697888279289,
    "b1": -0.02218327075383348,
    "b2": -0.07758225056085746,
    "b3": 0.005358653093391171,
    "t1": 0.690641792414755,
    "t2": 2.863352647380121
}