{
    "b0": 0.10463455839740282,
    "b1": -0.028554518386130212,
    "b2": 0.22358215377742527,
    "b3": -0.3007988058785715,
    "t1": 91.7778018573077,
    "t2": 116.29024203983978
}