{
    "b0": 0.09759966965920229,
    "b1": 0.028040255662210002,
    "b2": -0.04461869447391491,
    "b3": 0.07993593526685513,
    "t1": 5.8843985015396765,
    "t2": 12.808738062160069
}