{
    "b0": 0.10225691065501147,
    "b1": 0.02947409059358022,
    "b2": -0.0455827654989094,
    "b3": 0.08878046435378456,
    "t1": 12.071991174471847,
    "t2": 22.056605642730492
}