{
    "b0": 0.1157117648616611,
    "b1": -0.007964470580327294,
    "b2": -0.9854098618067195,
    "b3": 0.936773719881132,
    "t1": 0.9790680225099445,
    "t2": 1.0119369145141532
}