{
    "b0": 0.09757147105270049,
    "b1": 0.04964271078330516,
    "b2": -0.20361137460184972,
    "b3": 0.1300697374278953,
    "t1": 2.0,
    "t2": 5.0
}