{
    "b0": 0.10223647690580312,
    "b1": -0.008352899095106496,
    "b2": -0.07565652646950964,
    "b3": 0.025799411884562723,
    "t1": 0.7274242585224355,
    "t2": 2.924437276277641
}