{
    "b0": 10.95087620099673,
    "b1": -1.7250079995991472,
    "b2": 149.75028409368488,
    "b3": -157.36874490026034,
    "t1": 154.37161858624455,
    "t2": 157.27091176190407
}