{
    "b0": 0.10726171149650089,
    "b1": -0.02359082125742181,
    "b2": 0.019197230667278832,
    "b3": -0.08503513601337982,
    "t1": 1.0000000271638845,
    "t2": 0.7076098432436373
}