{
    "b0": 10.496468074273475,
    "b1": 2.4896632925079585,
    "b2": -10125.831173476652,
    "b3": 10129.102252632303,
    "t1": 16.5985828795141,
    "t2": 16.602391201160806
}