{
    "b0": 0.11699430687396933,
    "b1": -0.013983899610267081,
    "b2": 0.8392867782550157,
    "b3": -0.9060289022866278,
    "t1": 161.10162529017555,
    "t2": 167.0429536633821
}