{
    "b0": 0.10492116522342732,
    "b1": -0.029016804522696484,
    "b2": -0.08178568062854388,
    "b3": 0.03331657249329421,
    "t1": 0.7121346772996138,
    "t2": 1.919496623495733
}