{
    "b0": 0.10269146829338184,
    "b1": 0.01234048430371235,
    "b2": -0.054104802297395005,
    "b3": 0.013268233908216628,
    "t1": 0.6668703897883859,
    "t2": 3.1455442372653115
}