{
    "b0": 0.10802326704022948,
    "b1": -0.016713921700030915,
    "b2": -0.07844049675261662,
    "b3": 0.013410464146133883,
    "t1": 0.6195671799759539,
    "t2": 2.4624584444495894
}