{
    "b0": 0.11207383553120126,
    "b1": -0.04145534086674939,
    "b2": 0.06252246495079697,
    "b3": -0.16425610850844602,
    "t1": 76.29383498154104,
    "t2": 141.00756564116773
}