{
    "b0": 0.11452089573373357,
    "b1": -0.0076158727023592394,
    "b2": -0.35192780786245653,
    "b3": 0.2948315542065651,
    "t1": 0.9670448871072975,
    "t2": 1.072145514909846
}