{
    "b0": 0.1122986475001034,
    "b1": -0.012975656176815106,
    "b2": 0.2301199246099794,
    "b3": -0.28773122231659876,
    "t1": 93.64801862603053,
    "t2": 115.97537205812988
}