{
    "b0": 0.10721979786670588,
    "b1": 0.01809077277732971,
    "b2": 0.030768963625696255,
    "b3": -0.05444148802054462,
    "t1": 0.32856998114969854,
    "t2": 0.6515671092498011
}