{
    "b0": 0.11577307960492794,
    "b1": -0.013575033921783594,
    "b2": 1.026408079746697,
    "b3": -1.0884578013021384,
    "t1": 139.30879212102428,
    "t2": 144.4500347378739
}