{
    "b0": 10.951808383599923,
    "b1": 2.112552047126661,
    "b2": -13436.9118979537,
    "b3": 13440.290262845241,
    "t1": 12.583515206048872,
    "t2": 12.58674589942666
}