{
    "b0": 0.11499334740636585,
    "b1": -0.012475062074202459,
    "b2": -0.0046758072218119045,
    "b3": -0.07483197767709276,
    "t1": 185.3668318818632,
    "t2": 229.7299969842822
}