{
    "b0": 0.1063407212285299,
    "b1": -0.015490961791502222,
    "b2": 0.06588627535026172,
    "b3": -0.13781959699825427,
    "t1": 95.28306518225733,
    "t2": 154.9066414898102
}