{
    "b0": 10.899500687447112,
    "b1": -1.719836968274148,
    "b2": 512.5375796383586,
    "b3": -520.0772512941346,
    "t1": 161.59265509511047,
    "t2": 162.35939253106395
}