{
    "b0": 0.10528783963785783,
    "b1": 0.023826176367923182,
    "b2": -0.1492218875327385,
    "b3": 0.10405226772819635,
    "t1": 1.2295598947201136,
    "t2": 1.6399372359153408
}