{
    "b0": 0.10958200929576403,
    "b1": -0.01112603562813919,
    "b2": -0.07330818259271443,
    "b3": 0.009563035224592804,
    "t1": 0.697062349666318,
    "t2": 1.8137210980162226
}