{
    "b0": 11.840170669490501,
    "b1": -0.5088361629287093,
    "b2": -1.8674942631020492,
    "b3": -7.572845594429239,
    "t1": 19.487061771050367,
    "t2": 209.15384218807543
}