{
    "b0": 0.11362164721879399,
    "b1": -0.04220663686538019,
    "b2": 0.06688623694710732,
    "b3": -0.16867286504107465,
    "t1": 75.46109730919478,
    "t2": 138.10994347775113
}