{
    "b0": 0.09752016985649643,
    "b1": 0.03189089030988357,
    "b2": -0.06496441482794231,
    "b3": 0.09714486184931226,
    "t1": 7.419513896400617,
    "t2": 13.194265649662032
}