{
    "b0": 0.10775243337646036,
    "b1": 0.004844268705355788,
    "b2": 0.005127166878680553,
    "b3": -0.07215711748574143,
    "t1": 1.0000000421863011,
    "t2": 0.6346918233143236
}