{
    "b0": 0.10884096042771715,
    "b1": -0.01864749213772239,
    "b2": -0.08241078405013222,
    "b3": 0.008180702633790282,
    "t1": 0.6325982534535952,
    "t2": 2.6207066123756557
}