{
    "b0": 10.88871373973852,
    "b1": -2.193550752699858,
    "b2": -231.77956312758275,
    "b3": 223.8826350087771,
    "t1": 169.31595984716105,
    "t2": 167.5684480448911
}