{
    "b0": 11.854704571380095,
    "b1": -0.8739860520517047,
    "b2": -0.24295806988173774,
    "b3": -6.7914187268580575,
    "t1": 142.2427671682294,
    "t2": 217.37834717356404
}