{
    "b0": 11.29927103300613,
    "b1": -4.100858693734123,
    "b2": 279.68204315604714,
    "b3": -288.37309843295424,
    "t1": 142.38058862551185,
    "t2": 144.4154356291411
}