{
    "b0": 10.731360246953304,
    "b1": -2.5278240185534635,
    "b2": -0.7060095927411778,
    "b3": -10.214064582532664,
    "t1": 65.53324909666618,
    "t2": 213.01017170683915
}