{
    "b0": 0.10870039584840473,
    "b1": -0.021757416566492202,
    "b2": -0.07591198231410122,
    "b3": 0.005433104844721065,
    "t1": 0.6511626728368551,
    "t2": 2.6762966549938616
}