{
    "b0": 0.11137953837098463,
    "b1": -0.0402723448089439,
    "b2": -0.08465092144570426,
    "b3": 0.027045603057370627,
    "t1": 0.7496122550554745,
    "t2": 2.2214829250641044
}