{
    "b0": 0.10296380000108821,
    "b1": -0.023896180732588035,
    "b2": 0.17360005118411104,
    "b3": -0.2398795343080336,
    "t1": 84.11653014627639,
    "t2": 115.48241338799951
}