{
    "b0": 0.09797669204027316,
    "b1": 0.03088648018673199,
    "b2": -0.05199346354324311,
    "b3": 0.03405503190849032,
    "t1": 0.8961429956720124,
    "t2": 3.6413670907701317
}