{
    "b0": 0.10693494693418927,
    "b1": -0.019630088035702924,
    "b2": 0.3534874004236566,
    "b3": -0.4291344051527997,
    "t1": 96.42155928286596,
    "t2": 111.84481914096251
}