{
    "b0": 0.09744276805626559,
    "b1": 0.028122634098546206,
    "b2": -0.04744941310907251,
    "b3": 0.08393978284571729,
    "t1": 5.924731320250523,
    "t2": 12.18791399554146
}