{
    "b0": 0.11474392460151846,
    "b1": -0.048917661172819094,
    "b2": 0.12862422570732956,
    "b3": -0.2269857402548856,
    "t1": 90.80333607140925,
    "t2": 139.020342013476
}