{
    "b0": 0.11125862934207537,
    "b1": -0.0076048640937232195,
    "b2": -0.2684243719095299,
    "b3": 0.21445633391375882,
    "t1": 0.8977185034385524,
    "t2": 1.0213796179820829
}