{
    "b0": 0.10984459935484969,
    "b1": -0.03851730720660447,
    "b2": -0.07871971476377826,
    "b3": 0.028205237622156105,
    "t1": 0.7158476007193397,
    "t2": 2.6481304438789186
}