{
    "b0": 0.09923619481478752,
    "b1": 0.023681154171141302,
    "b2": -0.06276820257345947,
    "b3": 0.028433699983245762,
    "t1": 0.7520422769088415,
    "t2": 3.3267351404094474
}