{
    "b0": 0.11523200468294244,
    "b1": -0.010690416339937434,
    "b2": 0.588300254577965,
    "b3": -0.6369836986085929,
    "t1": 1.064944418938392,
    "t2": 1.0103669813741996
}