{
    "b0": 0.0989772631643601,
    "b1": 0.018679301228364885,
    "b2": -0.04723909828253277,
    "b3": 0.0732022393471656,
    "t1": 2.2202011264872508,
    "t2": 5.194162716630457
}