{
    "b0": 0.10710392073401823,
    "b1": -0.005264828297448003,
    "b2": -0.07667346883056311,
    "b3": 0.02687095016541028,
    "t1": 0.6923882225912761,
    "t2": 2.746845973917422
}