{
    "b0": 0.11384424665957983,
    "b1": -0.048574977632823646,
    "b2": 1.438704422684743,
    "b3": -1.524286560010744,
    "t1": 107.33117658700394,
    "t2": 113.05983087194689
}