{
    "b0": 0.11339962553710325,
    "b1": -0.0036155690880755806,
    "b2": -0.06513498630101261,
    "b3": 0.015982299066494655,
    "t1": 0.63371630853601,
    "t2": 2.6941128371378897
}