{
    "b0": 0.10794944275015807,
    "b1": -0.011967743024069454,
    "b2": -0.07585797311781003,
    "b3": 0.014981975978296692,
    "t1": 0.7386734448135029,
    "t2": 1.499610026195398
}