{
    "b0": 0.10513456800701029,
    "b1": 0.020861323820777676,
    "b2": -0.11887790276268656,
    "b3": 0.0717720293144555,
    "t1": 0.9957872146346012,
    "t2": 1.302059836484843
}