{
    "b0": 0.10762039080027912,
    "b1": -0.019032586666493698,
    "b2": 0.030140999513926674,
    "b3": -0.11122330030857497,
    "t1": 55.86166751624996,
    "t2": 146.73038850241826
}