{
    "b0": 0.10717722194894243,
    "b1": -0.00794928039532353,
    "b2": -0.07015764807895311,
    "b3": 0.009300931128996883,
    "t1": 0.650341598065322,
    "t2": 2.8162106747704576
}