{
    "b0": 0.1030563450273646,
    "b1": -0.009781067660224768,
    "b2": -0.07283042151570814,
    "b3": 0.017175226350083186,
    "t1": 0.6825081821974481,
    "t2": 2.8380925785380438
}