{
    "b0": 10.741804210867825,
    "b1": -1.4854943104870326,
    "b2": 301.1361848002574,
    "b3": -308.4846656837827,
    "t1": 163.06586127573914,
    "t2": 164.45138170872508
}