{
    "b0": 0.10542044247769243,
    "b1": -0.030554902936130224,
    "b2": 0.04869747473474677,
    "b3": -0.13477688392758724,
    "t1": 80.17631882971517,
    "t2": 147.50276248413104
}