{
    "b0": 0.10163977706986246,
    "b1": 0.02937152364119181,
    "b2": -0.07464949264741437,
    "b3": 0.10618103997141339,
    "t1": 11.491210120552898,
    "t2": 18.552931517935537
}