{
    "b0": 0.10022077373128124,
    "b1": -0.006495293829869506,
    "b2": -0.07467707867172987,
    "b3": 0.026063183342399758,
    "t1": 0.721233023296894,
    "t2": 2.87666272707483
}