{
    "b0": 0.10839214309681335,
    "b1": -0.016275785941791576,
    "b2": 0.001378516012725036,
    "b3": -0.09337820812567753,
    "t1": 43.68578448793787,
    "t2": 202.89338662072717
}