{
    "b0": 0.11049769603991515,
    "b1": -0.039182553444676554,
    "b2": -0.08135920667964597,
    "b3": 0.03258451355988369,
    "t1": 0.7321700086843466,
    "t2": 2.6734091991722266
}