{
    "b0": 0.09811964932208364,
    "b1": 0.033411751235338405,
    "b2": -0.11867553663996075,
    "b3": 0.09470443242521523,
    "t1": 2.0,
    "t2": 5.0
}