{
    "b0": 11.624650322304953,
    "b1": -1.3816597352083821,
    "b2": 3.0472981273010902e-05,
    "b3": -8.794910416130724,
    "t1": 48.63063920045337,
    "t2": 209.22100626269872
}