{
    "b0": 0.11354345012839881,
    "b1": -0.04258855975735833,
    "b2": -0.27035148695514966,
    "b3": 0.2196166818059369,
    "t1": 0.960847476317856,
    "t2": 1.1351540923563528
}