{
    "b0": 0.10931783295677949,
    "b1": -0.02015363931654264,
    "b2": 0.03284492230492626,
    "b3": -0.11735988439671814,
    "t1": 70.46520554855198,
    "t2": 151.7234518521076
}