{
    "b0": 0.106240352524379,
    "b1": 0.004246811958770113,
    "b2": 0.3678580995204401,
    "b3": -0.43730472991135083,
    "t1": 0.7793098153851087,
    "t2": 0.7492288453647685
}