{
    "b0": 0.1155531438100077,
    "b1": -0.048902247566446524,
    "b2": 4.906664011294332,
    "b3": -4.994483117052686,
    "t1": 118.524157021351,
    "t2": 120.18272350296549
}