{
    "b0": 0.11406278853375648,
    "b1": -0.010202966474702483,
    "b2": 0.24254536487534534,
    "b3": -0.2800861032014088,
    "t1": 1.17706536053198,
    "t2": 1.0292647365541105
}