{
    "b0": 0.11607153260556324,
    "b1": -0.015097566289000205,
    "b2": 0.029761248048873562,
    "b3": -0.08843547338094919,
    "t1": 71.5948755763757,
    "t2": 168.3822573153101
}