{
    "b0": 0.09869212445559443,
    "b1": 0.024926588050926277,
    "b2": -0.08582531888196523,
    "b3": 0.12527758861933425,
    "t1": 8.8144555704673,
    "t2": 12.543924482551802
}