{
    "b0": 0.10519206843970086,
    "b1": 0.02024283072471792,
    "b2": 0.15538347279565404,
    "b3": -0.2061829643390091,
    "t1": 1.3240220711486468,
    "t2": 1.1364727721726944
}