{
    "b0": 0.10433976453093989,
    "b1": -0.024719652263404446,
    "b2": 0.15735879280430617,
    "b3": -0.23532358788032592,
    "t1": 99.07819209757052,
    "t2": 135.24563102519105
}