{
    "b0": 0.11368720972619163,
    "b1": -0.009817544049467365,
    "b2": -0.10825527753037475,
    "b3": 0.06310143039417845,
    "t1": 0.9061276928978721,
    "t2": 1.411053898242446
}