{
    "b0": 10.444825504813195,
    "b1": 2.6100768155838296,
    "b2": -14563.396230893484,
    "b3": 14565.937205083294,
    "t1": 13.762660905644717,
    "t2": 13.765238530272532
}