{
    "b0": 0.1032540631611708,
    "b1": 0.01170890841614122,
    "b2": -0.0581788512106115,
    "b3": 0.014214476872319092,
    "t1": 0.6597291553499007,
    "t2": 3.0937599887952136
}