{
    "b0": 0.0975935717514217,
    "b1": 0.028526167994823916,
    "b2": -0.04488777596130633,
    "b3": 0.06402570457453528,
    "t1": 4.687367758434965,
    "t2": 10.12737277731483
}