{
    "b0": 0.10520052998088374,
    "b1": -0.027954588982697655,
    "b2": -0.07270224398744149,
    "b3": 0.011373858431225646,
    "t1": 0.6531147035601412,
    "t2": 2.3089091323432775
}