{
    "b0": 0.10577090494990742,
    "b1": -0.021581111823368575,
    "b2": 0.05802940588759569,
    "b3": -0.11584107982139276,
    "t1": 1.0000001280956519,
    "t2": 0.782844844360409
}