{
    "b0": 11.629958460513324,
    "b1": -4.69501544979428,
    "b2": -2.856237848469354,
    "b3": -13.718155717990909,
    "t1": 29.78088508169202,
    "t2": 174.98424623920684
}