{
    "b0": 0.1042851472222418,
    "b1": -0.021387879409801497,
    "b2": 0.09617028769270605,
    "b3": -0.17016973814224967,
    "t1": 96.24107825052388,
    "t2": 141.1788628340555
}