{
    "b0": 0.10461661311712502,
    "b1": 0.018812364440254307,
    "b2": -0.20666158336634244,
    "b3": 0.14918311487089603,
    "t1": 1.0015250362040238,
    "t2": 1.197675340999286
}