{
    "b0": 11.051107255338538,
    "b1": -1.9538308237724236,
    "b2": 2772.4942947944833,
    "b3": -2780.4265975286703,
    "t1": 156.41730242806733,
    "t2": 156.54963646532028
}