{
    "b0": 10.81300117393885,
    "b1": -2.7778432119800067,
    "b2": 661.3268092247705,
    "b3": -669.7235806743275,
    "t1": 164.06563978276273,
    "t2": 164.6765878016382
}