{
    "b0": 0.04097207889868671,
    "b1": 0.02716827685008802,
    "b2": 0.029219441224052033,
    "b3": 0.22696770087393323,
    "t1": 0.13391788511724567,
    "t2": 4.614205572226421
}