{
    "b0": 0.09935398013288899,
    "b1": -0.035352191274228534,
    "b2": -0.0379410519713531,
    "b3": 0.0504859624493053,
    "t1": 0.7359337937378324,
    "t2": 5.8462130627167666
}