{
    "b0": 0.13070397804838996,
    "b1": -0.06807045864519266,
    "b2": -0.031211038252634347,
    "b3": -0.017095141171917797,
    "t1": 0.9317113604085836,
    "t2": 1.0292574482209047
}