{
    "b0": 0.1261338750220882,
    "b1": -0.06627115750421586,
    "b2": 0.36271368232609935,
    "b3": -0.44828686363344217,
    "t1": 118.36580648866965,
    "t2": 135.49082759138938
}