{
    "b0": 11.754905924885705,
    "b1": -5.46623917577373,
    "b2": -1388.1373414619263,
    "b3": 1379.6294935903493,
    "t1": 166.30128432305503,
    "t2": 165.7374753035261
}