{
    "b0": 10.557709472290092,
    "b1": -4.008424714840676,
    "b2": -413.52802075551534,
    "b3": 405.95058198285284,
    "t1": 157.5777987413525,
    "t2": 156.12654024721735
}