{
    "b0": 0.1034864317599667,
    "b1": -0.03794764020331052,
    "b2": -0.07091556323377342,
    "b3": 0.014031757195402238,
    "t1": 0.8048448467778082,
    "t2": 2.7070842221373885
}