{
    "b0": 0.10993940051608046,
    "b1": -0.04780558022299519,
    "b2": 0.007405945268769469,
    "b3": -0.10407566334166032,
    "t1": 67.01229876248759,
    "t2": 165.98261468749487
}