{
    "b0": 0.1218984325248314,
    "b1": -0.060933128964236916,
    "b2": 0.004241200335108282,
    "b3": -0.11806114819203706,
    "t1": 65.11819302991347,
    "t2": 167.3426828462293
}