{
    "b0": 0.11572076857248334,
    "b1": -0.05139016005937566,
    "b2": -0.04368543090729274,
    "b3": -0.026139561954913303,
    "t1": 0.6588493265064677,
    "t2": 1.8962156698623458
}