{
    "b0": 0.019055954207887565,
    "b1": 0.044376606220116244,
    "b2": 0.03500873471376294,
    "b3": 0.3177847619541665,
    "t1": 1.0728812367654545,
    "t2": 6.202305427096489
}