{
    "b0": 0.10537121504673294,
    "b1": -0.03892132275153974,
    "b2": -0.00998976187375479,
    "b3": -0.11252260900592671,
    "t1": 31.56901479736821,
    "t2": 146.77844292144806
}