{
    "b0": 11.958925397522444,
    "b1": -5.67270321167285,
    "b2": -872.9920588346743,
    "b3": 864.4279265886847,
    "t1": 168.9430773486213,
    "t2": 168.04560734959327
}