{
    "b0": 0.10726050045831047,
    "b1": -0.04284971168953529,
    "b2": -0.11747354526413975,
    "b3": 0.07268828321060802,
    "t1": 1.0885456914731235,
    "t2": 1.6862270248632392
}