{
    "b0": 0.24348828792713956,
    "b1": -0.17917649185618084,
    "b2": -0.13477726518278646,
    "b3": -0.3531380253346091,
    "t1": 1.0859429487124392,
    "t2": 7.141015214878183
}