{
    "b0": 0.10671576910863668,
    "b1": -0.045417795806307115,
    "b2": -0.46846921879701786,
    "b3": 0.4094273096653387,
    "t1": 119.08900459390748,
    "t2": 106.95061174776366
}