{
    "b0": 0.10923388429310797,
    "b1": -0.04158690728686124,
    "b2": 0.15560544599839407,
    "b3": -0.20469657015606907,
    "t1": 1.0000001671171956,
    "t2": 0.8925078222629643
}