{
    "b0": 13.809961607821657,
    "b1": -7.551462731178262,
    "b2": 771.0356433056235,
    "b3": -779.3521119692407,
    "t1": 187.25611936070763,
    "t2": 188.07826957503477
}