{
    "b0": 0.3001499784070602,
    "b1": -0.23263332631049588,
    "b2": -0.18383956767612328,
    "b3": -0.5176726722367508,
    "t1": 1.078232946865525,
    "t2": 6.871386104093392
}