{
    "b0": 10.877806460096116,
    "b1": -4.452171940668008,
    "b2": 0.6607097564746915,
    "b3": -7.790572815627566,
    "t1": 166.33226416900635,
    "t2": 242.7615287477144
}