{
    "b0": 0.10916901907506803,
    "b1": -0.03907475470004808,
    "b2": 0.3315560519496301,
    "b3": -0.38189870277603816,
    "t1": 0.8875329335971021,
    "t2": 0.8385969476504762
}