{
    "b0": 0.13488114622520175,
    "b1": -0.07413365616546329,
    "b2": 1.4103187481329733,
    "b3": -1.5007877573085089,
    "t1": 133.03060005149948,
    "t2": 138.65651681618533
}