{
    "b0": 0.10687462191792474,
    "b1": -0.04660873305008115,
    "b2": 0.06552824241159742,
    "b3": -0.16374508923537462,
    "t1": 88.47579745708208,
    "t2": 167.7631341478119
}