{
    "b0": 0.10990776645372573,
    "b1": -0.03988931833132707,
    "b2": -0.06825635863277968,
    "b3": 0.0042626474908158615,
    "t1": 0.6685030315397889,
    "t2": 2.0627662303020875
}