{
    "b0": 12.540203202890789,
    "b1": -6.250061404186589,
    "b2": 80.95241355463997,
    "b3": -88.00956428597348,
    "t1": 205.85264702323948,
    "t2": 210.57684579809435
}