{
    "b0": 10.619330867884333,
    "b1": -4.09280150946012,
    "b2": 556.017344999369,
    "b3": -563.7559488699288,
    "t1": 157.30356960523775,
    "t2": 158.44159652709854
}