{
    "b0": 0.10895559757303584,
    "b1": -0.04390398047048591,
    "b2": 0.5325842201952895,
    "b3": -0.5734028793046121,
    "t1": 1.09873600621583,
    "t2": 1.0601151789177121
}