{
    "b0": 0.11993737055910794,
    "b1": -0.05818150741752488,
    "b2": -0.0005865512770377862,
    "b3": -0.1184751168287272,
    "t1": 76.12555027754473,
    "t2": 198.57270701389962
}