{
    "b0": 0.10230530342718856,
    "b1": -0.04080233170224415,
    "b2": 0.0810965351966158,
    "b3": -0.16189690006995702,
    "t1": 78.88675740166883,
    "t2": 135.24640110284287
}