{
    "b0": 11.100399853018262,
    "b1": -4.232161699825933,
    "b2": -7.981713089330058,
    "b3": 1.3705085465476037,
    "t1": 216.3793928492474,
    "t2": 81.13914105798915
}