{
    "b0": 0.12771035159433172,
    "b1": -0.06671758762428652,
    "b2": 0.04400365862277999,
    "b3": -0.15070788194720552,
    "t1": 93.70618477131796,
    "t2": 167.00971719898916
}