{
    "b0": 0.08885152990038726,
    "b1": -0.02409517443485533,
    "b2": -0.04878063482028143,
    "b3": 0.06035724318569185,
    "t1": 0.9287582008957765,
    "t2": 4.516765725863603
}