{
    "b0": 10.929669135390657,
    "b1": -4.330920728768497,
    "b2": 401.16505861084784,
    "b3": -409.2398888891309,
    "t1": 153.91933594978414,
    "t2": 155.49697036284437
}