{
    "b0": 13.724744701390033,
    "b1": -7.466482685992892,
    "b2": 1435.1307077293668,
    "b3": -1444.8463071159342,
    "t1": 201.23465820125986,
    "t2": 201.94309460350422
}