{
    "b0": 0.10640352312539617,
    "b1": -0.04111095955390463,
    "b2": 0.23105475767743994,
    "b3": -0.3065988840932339,
    "t1": 88.75189376880317,
    "t2": 113.63998132761314
}