{
    "b0": 0.13640423652790168,
    "b1": -0.07333087083711429,
    "b2": 0.3930257446475657,
    "b3": -0.3861472631491643,
    "t1": 1.6402713992473024,
    "t2": 1.5514365289673968
}