{
    "b0": 0.10321023495968266,
    "b1": -0.042576052622639304,
    "b2": 0.032225326315045794,
    "b3": -0.13202747588934358,
    "t1": 64.82039184101882,
    "t2": 165.162469374009
}