{
    "b0": 0.1024536210243659,
    "b1": -0.04116355892619479,
    "b2": 0.34816452200259373,
    "b3": -0.4257913422456017,
    "t1": 111.15805942977819,
    "t2": 131.8760052969583
}