{
    "b0": 0.10802394541883327,
    "b1": -0.0416719861394232,
    "b2": 1.2022872329153398,
    "b3": -1.2778261408202543,
    "t1": 111.89060177080763,
    "t2": 117.25808206628957
}