{
    "b0": 11.754963590437235,
    "b1": -5.404138469764146,
    "b2": 337.8953405452978,
    "b3": -344.47911316838474,
    "t1": 197.70682549301262,
    "t2": 198.92494404078258
}