{
    "b0": 11.312127476903669,
    "b1": -4.42319298528788,
    "b2": 4.4496093584971295,
    "b3": -14.48966471003587,
    "t1": 114.14253310257024,
    "t2": 185.48561530636175
}