{
    "b0": 0.1252796450029783,
    "b1": -0.06490875426988439,
    "b2": 0.06974359643580852,
    "b3": -0.1715352481913059,
    "t1": 99.53689482043723,
    "t2": 161.5454364025619
}