{
    "b0": 0.106570186848111,
    "b1": -0.041932984908278785,
    "b2": -0.30009001163833804,
    "b3": 0.2529501536260973,
    "t1": 1.1284765427447456,
    "t2": 1.2595383395012512
}