{
    "b0": 0.11071517414798418,
    "b1": -0.04043252945235666,
    "b2": -0.08971051821175853,
    "b3": 0.02679468158103683,
    "t1": 0.7262903223351878,
    "t2": 1.0281475893462715
}