{
    "b0": 0.1061535395881174,
    "b1": -0.04469496640161583,
    "b2": 0.0418525931885063,
    "b3": -0.12733077838502432,
    "t1": 71.29919797107601,
    "t2": 141.41976738494236
}