{
    "b0": 0.11348492355985834,
    "b1": -0.04881326376755209,
    "b2": 0.5467578657467865,
    "b3": -0.5624025178666748,
    "t1": 1.5325718874332692,
    "t2": 1.4132922504498866
}