{
    "b0": 11.298524548980495,
    "b1": -4.906529941939635,
    "b2": -395.73542927478155,
    "b3": 388.4483584205096,
    "t1": 184.3569840412015,
    "t2": 183.0747649942552
}