{
    "b0": 11.152298071160278,
    "b1": -4.707031760748187,
    "b2": -2.057085207012161,
    "b3": -7.168370499955721,
    "t1": 111.15719005303099,
    "t2": 266.6160392874752
}