{
    "b0": 0.1047706927656435,
    "b1": -0.040080559300941385,
    "b2": -0.08276324667935252,
    "b3": 0.0333276329038804,
    "t1": 0.954064394267937,
    "t2": 2.1597205753003283
}