{
    "b0": 0.06329425783692633,
    "b1": 0.001965218536507496,
    "b2": -0.010028078051643859,
    "b3": 0.20027582140284073,
    "t1": 0.14867253264237812,
    "t2": 5.848086371608223
}