{
    "b0": 0.06638287238288244,
    "b1": -0.0019257761421359598,
    "b2": -0.012648386557056347,
    "b3": 0.1931601940576178,
    "t1": 0.170079772881381,
    "t2": 6.168950434736662
}