{
    "b0": 0.11090792381476053,
    "b1": -0.04878005410729874,
    "b2": 0.03002459170019406,
    "b3": -0.11864099016410501,
    "t1": 88.1059385657774,
    "t2": 168.84067082002358
}