{
    "b0": 13.280174172204003,
    "b1": -7.038689315902577,
    "b2": -451.2896249925131,
    "b3": 444.6596327314572,
    "t1": 227.97164668957672,
    "t2": 227.12795466077998
}