{
    "b0": 0.08465515055686304,
    "b1": -0.021989084367126627,
    "b2": 0.010111327757909686,
    "b3": 0.15132918889835179,
    "t1": 1.5009576645413352,
    "t2": 5.830587282491028
}