{
    "b0": 0.10779292821009029,
    "b1": -0.038786110111482905,
    "b2": 0.021050290059071816,
    "b3": -0.06469841942544233,
    "t1": 1.0000000239081492,
    "t2": 0.647202674718044
}