{
    "b0": 0.1359147983037311,
    "b1": -0.07374094234043077,
    "b2": -0.042274175676645716,
    "b3": 0.02581436138798341,
    "t1": 0.997527822932895,
    "t2": -54.99446098628465
}