{
    "b0": 10.823388470565167,
    "b1": -4.390748582165019,
    "b2": -2.314157006636036,
    "b3": -10.904282149962036,
    "t1": 43.44903519779786,
    "t2": 201.55241538872562
}