{
    "b0": 0.09847073602418836,
    "b1": -0.038344371831203344,
    "b2": 0.0851633207293509,
    "b3": -0.15310998285042157,
    "t1": 84.08196241330074,
    "t2": 142.5482619854212
}