{
    "b0": 0.12309763284875697,
    "b1": -0.061943427244299354,
    "b2": 0.052693708920839036,
    "b3": -0.1669667629625947,
    "t1": 100.18319651435114,
    "t2": 190.76786975651356
}