{
    "b0": 11.099038423469292,
    "b1": -4.232613579441075,
    "b2": 0.6577277885562491,
    "b3": -10.947114489321041,
    "t1": 89.23774085507027,
    "t2": 196.2097770988404
}