{
    "b0": 0.15456481471502495,
    "b1": -0.09170484256005339,
    "b2": -0.1843069528251165,
    "b3": 0.22781579898926088,
    "t1": 4.623118556264782,
    "t2": 3.533731516428768
}