{
    "b0": 0.12306653115199769,
    "b1": -0.06068680741584886,
    "b2": 0.4736919670020132,
    "b3": -0.4639292503415521,
    "t1": 1.5428658303386897,
    "t2": 1.485213689483315
}