{
    "b0": 0.12565537766230145,
    "b1": -0.0632055466181869,
    "b2": 0.06534644270741595,
    "b3": -0.020299148492788226,
    "t1": 2.3788231163740496,
    "t2": 1.1982390475987414
}