{
    "b0": 10.97223680075134,
    "b1": -4.623093188159476,
    "b2": -566.0193282418687,
    "b3": 558.4487706806176,
    "t1": 161.09326895770297,
    "t2": 159.96627369361053
}