{
    "b0": 0.11984684400318282,
    "b1": -0.05547527888174715,
    "b2": -0.023974417749764533,
    "b3": -0.08554915046054892,
    "t1": 0.295970186948121,
    "t2": 0.7671103454181628
}