{
    "b0": 12.636308923114722,
    "b1": -6.381822686009166,
    "b2": 1028.941228919556,
    "b3": -1038.0397733144289,
    "t1": 174.8430182250681,
    "t2": 175.6765283506696
}