{
    "b0": 10.764617012414789,
    "b1": -4.401731619964729,
    "b2": 12643.263818465535,
    "b3": -12651.501353696132,
    "t1": 165.1344923866364,
    "t2": 165.1874447203192
}