{
    "b0": 0.10976353897375393,
    "b1": -0.040044867881867764,
    "b2": -0.07452384663533032,
    "b3": 0.014936033068780628,
    "t1": 0.6744587322388882,
    "t2": 1.596711367165181
}