{
    "b0": -0.12990269163980805,
    "b1": 0.19442925083750104,
    "b2": 0.5187104186252337,
    "b3": -0.006834003253798918,
    "t1": 8.990961889729588,
    "t2": 0.12190090454633362
}