{
    "b0": 0.10550735070331667,
    "b1": -0.04130038588812092,
    "b2": 0.026902692387862193,
    "b3": -0.12390386154141506,
    "t1": 50.780030580528546,
    "t2": 131.81845432038762
}