{
    "b0": 0.06239428346170599,
    "b1": 0.0020320832680248424,
    "b2": -0.010004687257433831,
    "b3": 0.18211567241267695,
    "t1": 0.2597282986810282,
    "t2": 5.846264193981061
}