{
    "b0": 0.12438830692530092,
    "b1": -0.06193203434506247,
    "b2": 0.04967540095833528,
    "b3": -0.026110904200140474,
    "t1": 1.9564662347256339,
    "t2": 1.037925424231408
}