{
    "b0": 0.12180826308010755,
    "b1": -0.056757610692046254,
    "b2": -0.0364525352247588,
    "b3": -0.09017037826494323,
    "t1": 0.22867336915761194,
    "t2": 0.7036453962836151
}