{
    "b0": 0.12065028093525577,
    "b1": -0.05740301251842559,
    "b2": -0.040870682956653775,
    "b3": -0.0002022172151610116,
    "t1": 0.8648624054715186,
    "t2": -4.979482533089087
}