{
    "b0": 11.211384981652895,
    "b1": -4.984184137445398,
    "b2": -381.5076782571047,
    "b3": 373.2397876179799,
    "t1": 158.29782398057205,
    "t2": 156.68785476844118
}