{
    "b0": 0.12390739550072347,
    "b1": -0.060960651629475344,
    "b2": -0.27353370626219325,
    "b3": 0.26637773417108623,
    "t1": 1.2834244500202325,
    "t2": 1.3539770889640743
}