{
    "b0": 0.1427679182381871,
    "b1": -0.07857026026124082,
    "b2": -0.06828164121694018,
    "b3": -0.09474867824579838,
    "t1": 0.8255071594623158,
    "t2": 5.293763179661774
}