{
    "b0": 13.774812200297387,
    "b1": -7.51581187004196,
    "b2": 14048.758567874705,
    "b3": -14056.387593359817,
    "t1": 188.45318171835055,
    "t2": 188.49476683335402
}