{
    "b0": 0.10523576377450457,
    "b1": -0.037778286496435734,
    "b2": -0.8276959348352093,
    "b3": 0.7818247410592105,
    "t1": 0.9353485921232555,
    "t2": 0.961659819933178
}