{
    "b0": 0.10216064342834512,
    "b1": -0.03729433707289474,
    "b2": 0.06323590350154516,
    "b3": -0.08068087104878958,
    "t1": 1.7444655615849987,
    "t2": 1.1545692307733393
}