{
    "b0": 0.10910546765291781,
    "b1": -0.04650503858631261,
    "b2": -0.008560572573424602,
    "b3": -0.10517250825824243,
    "t1": 44.680274266182394,
    "t2": 156.46997049544447
}