{
    "b0": 0.13154608468100318,
    "b1": -0.06706037129649495,
    "b2": -0.03195188061892487,
    "b3": -0.011079611536512133,
    "t1": 1.1745026173175601,
    "t2": 0.2175267320944254
}