{
    "b0": 0.14251778281163685,
    "b1": -0.0799481094765651,
    "b2": -0.039027137292668546,
    "b3": 0.005590724754225892,
    "t1": 1.133345569582287,
    "t2": -13.295110687779975
}