{
    "b0": 0.09992735043958054,
    "b1": -0.035022049155104325,
    "b2": 0.054555831751511324,
    "b3": -0.06965133527778222,
    "t1": 1.7376773117890136,
    "t2": 1.088193568513233
}