{
    "b0": 0.10768900147138086,
    "b1": -0.043226221246814724,
    "b2": -0.1100320050816403,
    "b3": 0.060187470684188234,
    "t1": 1.0495575042818674,
    "t2": 1.656826999486222
}