{
    "b0": 0.10771400153666515,
    "b1": -0.044355459478803774,
    "b2": -0.01515433535956974,
    "b3": -0.10473572738040841,
    "t1": 46.24623874391789,
    "t2": 181.72092347650369
}