{
    "b0": 0.11346740096699248,
    "b1": -0.049042759333378136,
    "b2": -0.05073691283140083,
    "b3": -0.014075769409446784,
    "t1": 0.7135190556026068,
    "t2": 2.117018808248387
}