{
    "b0": 11.038544668032825,
    "b1": -4.606115145995733,
    "b2": 3.176507156624727,
    "b3": -10.049966072798647,
    "t1": 186.98804685987375,
    "t2": 231.36580695520817
}