{
    "b0": 12.816531171069318,
    "b1": -6.599352798876655,
    "b2": -2212.3272629584185,
    "b3": 2205.605952093554,
    "t1": 186.10852331686593,
    "t2": 185.89858725941681
}