{
    "b0": 0.10307107346915424,
    "b1": -0.04031652160306476,
    "b2": 0.36334145062031853,
    "b3": -0.43358791647945677,
    "t1": 95.27382201064611,
    "t2": 112.24850158474425
}