{
    "b0": 0.12395623366995051,
    "b1": -0.06090899827627023,
    "b2": 0.06580821956035274,
    "b3": -0.03564336301816068,
    "t1": 2.019445928804846,
    "t2": 1.0782507881353398
}