{
    "b0": 11.263073201407321,
    "b1": -4.363561454401815,
    "b2": 1.564183151522299,
    "b3": -12.208389915324643,
    "t1": 98.09823023664478,
    "t2": 196.54599626727386
}