{
    "b0": 13.6651007165026,
    "b1": -7.3886240223484805,
    "b2": 11918.324732159512,
    "b3": -11926.097901703952,
    "t1": 191.3403340475823,
    "t2": 191.38649313325584
}