{
    "b0": 11.013257208977043,
    "b1": -4.152772072639865,
    "b2": -10.081832274972783,
    "b3": 3.2076910520697384,
    "t1": 185.4763462743218,
    "t2": 103.6794674960675
}