{
    "b0": 0.1263114066322125,
    "b1": -0.06375477192450398,
    "b2": -0.03670011712799087,
    "b3": 0.06500355463566443,
    "t1": 1.7195122357171377,
    "t2": 3.0303021618769614
}