{
    "b0": 0.0869106954415154,
    "b1": -0.0243785495880035,
    "b2": 1.8281139345872497e-05,
    "b3": 0.14199459748028703,
    "t1": 1.1716855308916183,
    "t2": 5.881635491072261
}