{
    "b0": 0.10645282442480006,
    "b1": -0.04249555831542787,
    "b2": 0.1502548170420955,
    "b3": -0.23054584921923252,
    "t1": 91.11287313178238,
    "t2": 125.72627818802115
}