{
    "b0": 0.10517183121160377,
    "b1": -0.039757106660942634,
    "b2": 0.05914781189395025,
    "b3": -0.14681099269853418,
    "t1": 67.21085879339152,
    "t2": 129.07943069934797
}