{
    "b0": 0.1238503638074092,
    "b1": -0.0602955065290859,
    "b2": -0.023300557293420548,
    "b3": -0.11210869821846575,
    "t1": 64.88335411610548,
    "t2": 202.2650315442237
}