{
    "b0": 12.282960056093888,
    "b1": -5.956093594680407,
    "b2": -504.182726130088,
    "b3": 497.63601477419775,
    "t1": 217.07639891032304,
    "t2": 216.34456395054818
}