{
    "b0": 12.568045459040194,
    "b1": -6.11904176495238,
    "b2": -5.163584629854315,
    "b3": -0.35437457145731954,
    "t1": 276.8971572899462,
    "t2": 26.77882531322762
}