{
    "b0": 0.10096720628651591,
    "b1": -0.03446960407419882,
    "b2": -0.06534493619944529,
    "b3": 0.02113224896439634,
    "t1": 0.7730902010883896,
    "t2": 2.224740604430229
}