{
    "b0": 13.61983320754188,
    "b1": -7.267458886662032,
    "b2": -642.1297444838366,
    "b3": 635.7022216291688,
    "t1": 228.01642253842698,
    "t2": 226.77998322557102
}