{
    "b0": 0.1278787914524028,
    "b1": -0.06760313612669513,
    "b2": 0.03369215328180073,
    "b3": -0.1668890031943031,
    "t1": 89.692783137911,
    "t2": 208.1724805494444
}