{
    "b0": 0.11146396021071808,
    "b1": -0.04995452207143747,
    "b2": 0.10467033736957748,
    "b3": -0.19188067995680794,
    "t1": 103.73220396675576,
    "t2": 154.28980052285027
}