{
    "b0": 0.06476669581025683,
    "b1": -0.000482555502103979,
    "b2": -0.009829385654606216,
    "b3": 0.17743132193260017,
    "t1": 0.2002281926983834,
    "t2": 5.619978994905479
}