{
    "b0": 10.570121340316131,
    "b1": -4.215171639755362,
    "b2": 1526.0538291435337,
    "b3": -1533.1634651428997,
    "t1": 170.69408366632427,
    "t2": 171.11726585722866
}