{
    "b0": 0.13220560909140278,
    "b1": -0.06979816313882019,
    "b2": -0.040042497239508985,
    "b3": 0.01722570633554073,
    "t1": 1.2582368094897258,
    "t2": 3.385118247553806
}