{
    "b0": 0.12688862585693156,
    "b1": -0.0641629801192573,
    "b2": -0.044332346384017625,
    "b3": -0.00010160880230147135,
    "t1": 0.885882104420568,
    "t2": -4.304173658097783
}