{
    "b0": 10.141143223931065,
    "b1": -3.8027638960718075,
    "b2": -433.1565436904016,
    "b3": 426.9023736942634,
    "t1": 168.80585303807803,
    "t2": 167.4131460746421
}