{
    "b0": 0.10801784448524641,
    "b1": -0.044113653608700995,
    "b2": 0.9019780189409099,
    "b3": -0.9390565797600847,
    "t1": 1.3128024903586064,
    "t2": 1.2658587936943384
}