{
    "b0": 11.046789834469983,
    "b1": -4.171441675202376,
    "b2": -8.631740411697209,
    "b3": 1.9788862763952109,
    "t1": 204.8236554396782,
    "t2": 93.80313882869658
}