{
    "b0": 0.10624165714642005,
    "b1": -0.04057988767473862,
    "b2": 0.8769097834625911,
    "b3": -0.9314872946450249,
    "t1": 1.0403052470135146,
    "t2": 1.015868667292865
}