{
    "b0": 0.10965353985510168,
    "b1": -0.045828991062101816,
    "b2": -0.12771548591616852,
    "b3": 0.08173974927412991,
    "t1": 0.983167980594867,
    "t2": 1.3116202403192059
}