{
    "b0": 0.115037947294233,
    "b1": -0.05084724393227419,
    "b2": -0.03830857499178187,
    "b3": -0.019747090716398998,
    "t1": 0.672836435523801,
    "t2": 1.1852652009336253
}