{
    "b0": 11.214988584309301,
    "b1": -4.846531892116487,
    "b2": 683.7362904679703,
    "b3": -691.2019550336611,
    "t1": 174.20395359567257,
    "t2": 175.04480258801274
}