{
    "b0": 0.10711371276836991,
    "b1": -0.043599025809697024,
    "b2": -0.07207457766456761,
    "b3": 0.02396141256494261,
    "t1": 0.821612052727408,
    "t2": 2.377427541846953
}