{
    "b0": 0.11158804696673763,
    "b1": -0.04812992280155168,
    "b2": -0.026027444823019483,
    "b3": -0.12103087109375513,
    "t1": 0.13356447928419968,
    "t2": 0.5666561061620534
}