{
    "b0": 0.05757640721396015,
    "b1": 0.0063902737958637795,
    "b2": 0.4833174441514163,
    "b3": -0.2992590832799774,
    "t1": 3.7185217785779,
    "t2": 2.607859461776656
}