{
    "b0": 0.13109062621557577,
    "b1": -0.0684055052048671,
    "b2": -0.4292162286658074,
    "b3": 0.43568697032065906,
    "t1": 1.5337259688495382,
    "t2": 1.5936695221902684
}