{
    "b0": 0.10829897136208012,
    "b1": -0.04337708790747188,
    "b2": -0.3731378681280881,
    "b3": 0.3390245960635138,
    "t1": 1.1375791616900843,
    "t2": 1.2352336246511744
}