{
    "b0": 12.296248937331997,
    "b1": -6.019939452644971,
    "b2": 10733.972325472314,
    "b3": -10742.631422151868,
    "t1": 173.46497562408285,
    "t2": 173.53983012183525
}