{
    "b0": 12.176580736008736,
    "b1": -5.6853234597772655,
    "b2": -3.405541164691333,
    "b3": -11.184054592764262,
    "t1": 60.505134544468625,
    "t2": 220.529944748628
}