{
    "b0": 0.10675639458391857,
    "b1": -0.04205850367399499,
    "b2": -0.06940000851343314,
    "b3": 0.024707027244538413,
    "t1": 0.8209849958433326,
    "t2": 1.1481903979522636
}