{
    "b0": 0.13454168706620137,
    "b1": -0.07435912465570146,
    "b2": 0.08042588586859112,
    "b3": -0.20728254014429748,
    "t1": 116.08649567876839,
    "t2": 206.53150779783607
}