{
    "b0": 0.10596575206420301,
    "b1": -0.04026460311963493,
    "b2": -0.47532598458879916,
    "b3": 0.42155488122243234,
    "t1": 0.9813128732538293,
    "t2": 1.0327985915214584
}