{
    "b0": 0.10420010120867956,
    "b1": -0.03855989160151471,
    "b2": -0.0001947054260034442,
    "b3": -0.11063805513943475,
    "t1": 36.09121428643196,
    "t2": 140.68804158594895
}