{
    "b0": 0.11139112903603778,
    "b1": -0.04456278998309522,
    "b2": 0.0039023535199575812,
    "b3": -0.1310139290755869,
    "t1": 47.319992415770564,
    "t2": 170.80384343153872
}