{
    "b0": 13.078638111341988,
    "b1": -6.8315793755211995,
    "b2": -578.0968621113323,
    "b3": 570.8003474993252,
    "t1": 208.42123594888935,
    "t2": 207.5805045205903
}