{
    "b0": 0.10015207947327402,
    "b1": -0.03944411239489547,
    "b2": 0.20259903295303233,
    "b3": -0.2684574634136119,
    "t1": 105.06361753151239,
    "t2": 136.5736771766512
}