{
    "b0": 0.10704851619379806,
    "b1": -0.04296342322438379,
    "b2": -0.19408071047907172,
    "b3": 0.15191553716847417,
    "t1": 1.1425530501859391,
    "t2": 1.3964319724545105
}