{
    "b0": 10.84386651668232,
    "b1": -4.468712830226024,
    "b2": 34.19910931726823,
    "b3": -41.25912732811232,
    "t1": 161.67571358762942,
    "t2": 175.606088669381
}