{
    "b0": 11.254268033256364,
    "b1": -4.887196574049665,
    "b2": -831.2034465573108,
    "b3": 823.7003411616972,
    "t1": 164.67660516619569,
    "t2": 164.05733745929027
}