{
    "b0": 0.10787401853889038,
    "b1": -0.03984961946567076,
    "b2": -0.06931028242320475,
    "b3": 0.00954692489540316,
    "t1": 0.6607966012065378,
    "t2": 1.6120951520825235
}