{
    "b0": 0.10545221634001159,
    "b1": -0.044494873319647854,
    "b2": 0.10600456324257206,
    "b3": -0.1961844191433912,
    "t1": 106.40718356512733,
    "t2": 164.604433543548
}