{
    "b0": 11.288251032263558,
    "b1": -4.908981974347387,
    "b2": -223.5073019964546,
    "b3": 217.7171602704449,
    "t1": 210.02882282437074,
    "t2": 208.65341070171505
}