{
    "b0": 0.1337549610622821,
    "b1": -0.0723186033206882,
    "b2": 0.016700755687601904,
    "b3": -0.13388490457812097,
    "t1": 107.49858365677558,
    "t2": 210.54903252687012
}