{
    "b0": 0.12111896158303598,
    "b1": -0.06032243192533636,
    "b2": 0.04519145727197614,
    "b3": -0.1485610380872835,
    "t1": 84.08406844037204,
    "t2": 156.0983978420453
}