{
    "b0": 10.843861176660091,
    "b1": -4.005067345036746,
    "b2": 0.06946570651472594,
    "b3": -10.427707746514464,
    "t1": 79.97657611065526,
    "t2": 193.56193167760998
}