{
    "b0": 0.06512315269778475,
    "b1": -0.0009456631537066301,
    "b2": -0.011046170250008591,
    "b3": 0.16845845970752477,
    "t1": 0.2780876979191467,
    "t2": 5.850742110844773
}