{
    "b0": 0.12240790853181092,
    "b1": -0.05768187347380577,
    "b2": -0.03673766798482341,
    "b3": -0.12879167816837347,
    "t1": 44.7538227887292,
    "t2": 200.88221146449746
}