{
    "b0": 0.10863328861841683,
    "b1": -0.03850282654809208,
    "b2": -0.1366009143115495,
    "b3": 0.08109297692843705,
    "t1": 0.7458372892425524,
    "t2": 0.9138024193706205
}