{
    "b0": 0.10632658148950211,
    "b1": -0.04154046961980358,
    "b2": -0.13017655002188927,
    "b3": 0.0821487929160358,
    "t1": 1.0735870173424085,
    "t2": 1.5261756059205194
}