{
    "b0": 0.12952662222807182,
    "b1": -0.06678396900832514,
    "b2": -0.041652489915694195,
    "b3": 0.0007896207052169035,
    "t1": 0.9422510488949465,
    "t2": -11.98386809284046
}