{
    "b0": 0.10500639458784417,
    "b1": -0.040126578714117594,
    "b2": -0.07929749327883255,
    "b3": 0.03932701765028533,
    "t1": 1.0815872803606001,
    "t2": 1.7410448883755496
}