{
    "b0": 0.1032962692360698,
    "b1": -0.03954121483017696,
    "b2": 0.045696198172303304,
    "b3": -0.1345258159697548,
    "t1": 79.33109160234669,
    "t2": 157.09238665324267
}