{
    "b0": 0.10434789414622932,
    "b1": -0.03942481508543324,
    "b2": -0.07213601778768758,
    "b3": 0.022220593564040627,
    "t1": 0.8196071168027661,
    "t2": 2.75734830595412
}