{
    "b0": 0.11266631724674556,
    "b1": -0.048016645723856645,
    "b2": -0.07462239852314993,
    "b3": 0.05541662610579981,
    "t1": 1.0648598908505424,
    "t2": 2.9081405153421827
}