{
    "b0": 0.10825640800823061,
    "b1": -0.046112250915694875,
    "b2": 0.022873769454725842,
    "b3": -0.11099130514597053,
    "t1": 80.31495086940109,
    "t2": 166.58686112251266
}