{
    "b0": 0.13528024112629736,
    "b1": -0.07269004045284823,
    "b2": -0.2225524015316287,
    "b3": 0.16613449901402255,
    "t1": 0.8711592279949536,
    "t2": 0.8373210318143522
}