{
    "b0": 0.10919567315890216,
    "b1": -0.044240477775080174,
    "b2": -0.14504645167677507,
    "b3": 0.1045164380339303,
    "t1": 1.0431034867670137,
    "t2": 1.30567214682487
}