{
    "b0": 0.06588269548310055,
    "b1": -0.0020409534863029336,
    "b2": -0.7485130271471916,
    "b3": 0.9251052515713192,
    "t1": 2.94537722129844,
    "t2": 3.4154730410095806
}