{
    "b0": 0.13208747344067526,
    "b1": -0.07162795352881209,
    "b2": 0.07224349225677786,
    "b3": -0.17589233332451323,
    "t1": 108.74546107927108,
    "t2": 173.35275703249525
}