{
    "b0": 0.10542436519157286,
    "b1": -0.04439971430207161,
    "b2": 0.11184176203115286,
    "b3": -0.18906929962604446,
    "t1": 87.19481552050361,
    "t2": 131.48487356067355
}