{
    "b0": 0.10984698764700114,
    "b1": -0.045254515393520184,
    "b2": 0.15385885375396885,
    "b3": -0.19318247359895663,
    "t1": 1.0000001680223731,
    "t2": 0.9369468250699114
}