{
    "b0": 0.04511248128500629,
    "b1": 0.019942834028918124,
    "b2": 0.21329151204840394,
    "b3": -0.011139309968842222,
    "t1": 6.310147169749221,
    "t2": 0.18327983846664814
}