{
    "b0": 0.1299038721577166,
    "b1": -0.06912395958960241,
    "b2": 0.08353707766409597,
    "b3": -0.18275814605196122,
    "t1": 108.34689494615448,
    "t2": 162.7594462553388
}