{
    "b0": 0.10597422053228209,
    "b1": -0.04131918030826693,
    "b2": -0.12161721848434828,
    "b3": 0.07250621980704691,
    "t1": 1.0650520226901306,
    "t2": 1.5196010062705625
}