{
    "b0": 0.1070765503039662,
    "b1": -0.040300374550016685,
    "b2": -0.022487015087567307,
    "b3": -0.11401716845685275,
    "t1": 0.10161313572646447,
    "t2": 0.5170461018802941
}