{
    "b0": 13.395316434007972,
    "b1": -7.145333388808284,
    "b2": -559.0825692842599,
    "b3": 551.7603535504775,
    "t1": 212.20155332185172,
    "t2": 211.32279884916323
}