{
    "b0": 0.12752181586510264,
    "b1": -0.06254502047273768,
    "b2": -0.04111699516228681,
    "b3": -0.08775724190392267,
    "t1": 0.26933350814615703,
    "t2": 0.8121481118909505
}