{
    "b0": 0.12752875019825094,
    "b1": -0.06728835534078319,
    "b2": 0.04983492246941698,
    "b3": -0.15053530581028804,
    "t1": 92.44924569765745,
    "t2": 161.0894971461782
}