{
    "b0": 0.10747917129608894,
    "b1": -0.046290219484257045,
    "b2": 0.6277279034570985,
    "b3": -0.7131456539138764,
    "t1": 128.41033674747936,
    "t2": 141.98568636965638
}