{
    "b0": 0.11466591788430287,
    "b1": -0.05403429649643429,
    "b2": 0.09861198272617541,
    "b3": -0.18382177097846186,
    "t1": 95.74898342079697,
    "t2": 144.93620137674628
}