{
    "b0": 0.10219586600374563,
    "b1": -0.037282990581424647,
    "b2": -0.07330562830100301,
    "b3": 0.03805266330993195,
    "t1": 1.0932508317799376,
    "t2": 1.9265183370296945
}