{
    "b0": 0.11722544073735555,
    "b1": -0.05471387088871957,
    "b2": -0.0336174484311055,
    "b3": 0.05952100392786269,
    "t1": 1.0687117967128434,
    "t2": 4.941833189182265
}