{
    "b0": 0.1113147447666911,
    "b1": -0.040771156256159374,
    "b2": -0.5582164974707808,
    "b3": 0.4986138665419766,
    "t1": 0.8246218338958973,
    "t2": 0.8564762641042085
}