{
    "b0": 0.10698214414012938,
    "b1": -0.047331253867828035,
    "b2": 0.06681993075897746,
    "b3": -0.1624676919356402,
    "t1": 83.24105174323755,
    "t2": 155.41555668351842
}