{
    "b0": 0.07870702210109498,
    "b1": -0.014464145282712816,
    "b2": -0.025516603281633465,
    "b3": 0.12142887308417677,
    "t1": 0.5491078211177631,
    "t2": 5.9180494143414295
}