{
    "b0": 10.896828926942248,
    "b1": -4.285515111953026,
    "b2": 11.023250635882773,
    "b3": -19.489908365031372,
    "t1": 135.92036644548153,
    "t2": 175.13094632900555
}