{
    "b0": 0.10561639224854777,
    "b1": -0.040750380176060565,
    "b2": -0.12941006813152575,
    "b3": 0.09160958123670516,
    "t1": 1.1617203034439032,
    "t2": 1.4850876921177654
}