{
    "b0": 0.12317108737971498,
    "b1": -0.05915823817150573,
    "b2": -0.031231144003088636,
    "b3": -0.12432739347157204,
    "t1": 53.67154006776902,
    "t2": 210.94464091191634
}