{
    "b0": 0.107031178588599,
    "b1": -0.042436242825393135,
    "b2": -0.386561720376205,
    "b3": 0.34671958546057297,
    "t1": 0.9182678120403873,
    "t2": 0.948606102776492
}