{
    "b0": 0.11018135690228005,
    "b1": -0.0468319908540999,
    "b2": -0.18039545058669043,
    "b3": 0.13390390008795372,
    "t1": 1.0207401005029433,
    "t2": 1.2244014516555648
}