{
    "b0": 0.10383415578207265,
    "b1": -0.041884735933234066,
    "b2": -0.0035981606082959375,
    "b3": -0.12143768781791682,
    "t1": 40.87324385770075,
    "t2": 177.3978850981748
}