{
    "b0": 0.11392004061681875,
    "b1": -0.049329671501942535,
    "b2": -0.15065511375847293,
    "b3": 0.12184791825726805,
    "t1": 1.0768992321031259,
    "t2": 1.4205337628886898
}