{
    "b0": 11.86110004436106,
    "b1": -5.502250361480448,
    "b2": -325.4985082396702,
    "b3": 319.19584880021284,
    "t1": 206.82268893308628,
    "t2": 205.71199696130333
}