{
    "b0": 0.10880519837595114,
    "b1": -0.04315242414184539,
    "b2": 0.10950532846357548,
    "b3": -0.009440747636975225,
    "t1": 3.97299010430676,
    "t2": 0.20566242095503567
}