{
    "b0": 11.007176265247693,
    "b1": -4.575682783320505,
    "b2": -0.9425384954201057,
    "b3": -7.699398301422674,
    "t1": 126.72419383112644,
    "t2": 251.67837946866786
}