{
    "b0": 0.11698965171363154,
    "b1": -0.052503320316118596,
    "b2": -0.046209383850361704,
    "b3": -0.028134765689947935,
    "t1": 0.6612592168762644,
    "t2": 2.2195658302124355
}