{
    "b0": 0.1095657592162901,
    "b1": -0.03957214225040744,
    "b2": -0.11247070519415434,
    "b3": 0.05592469752287062,
    "t1": 0.7719153448173963,
    "t2": 1.0103558392699497
}