{
    "b0": 0.11952441828673234,
    "b1": -0.056857899505900436,
    "b2": 0.1053834951645148,
    "b3": -5.261099918774104e-07,
    "t1": 3.4917971926433307,
    "t2": -1.2453389490547417
}