{
    "b0": 10.801330547124335,
    "b1": -4.480241449434953,
    "b2": -673.6535512703203,
    "b3": 665.4764175384113,
    "t1": 163.8446519351925,
    "t2": 162.82509542032497
}