{
    "b0": 0.10506121963995688,
    "b1": -0.04424327580732679,
    "b2": 0.13746764173525872,
    "b3": -0.22490615261926483,
    "t1": 95.96810012702257,
    "t2": 141.85245159501002
}