{
    "b0": 12.389232281561311,
    "b1": -6.09565962113466,
    "b2": 117.75029183340926,
    "b3": -124.83219550090098,
    "t1": 205.85601525398747,
    "t2": 209.38962908779192
}