{
    "b0": 10.853207251539168,
    "b1": -4.471252224738937,
    "b2": 701.2611478219361,
    "b3": -707.878890808141,
    "t1": 174.25448334792563,
    "t2": 174.91840615636224
}