{
    "b0": 0.10614845964570571,
    "b1": -0.04472995674158582,
    "b2": 0.055651509119289774,
    "b3": -0.15393063234590784,
    "t1": 86.87682434284434,
    "t2": 167.62421966701237
}