{
    "b0": 0.10561469474254825,
    "b1": -0.04544598820758822,
    "b2": 0.018266484825592448,
    "b3": -0.11943840545937387,
    "t1": 53.27698178104501,
    "t2": 159.725494558845
}