{
    "b0": 0.11194585998653277,
    "b1": -0.04152145606604208,
    "b2": 0.7075356995161556,
    "b3": -0.7648904448896817,
    "t1": 0.9080137529489689,
    "t2": 0.8787298616780568
}