{
    "b0": 10.755752538156651,
    "b1": -4.424591506360231,
    "b2": -468.8515069045257,
    "b3": 460.5986748570803,
    "t1": 167.3600344176132,
    "t2": 165.8400200975333
}