{
    "b0": 0.10067041791451076,
    "b1": -0.040029559946968496,
    "b2": 0.09051589806014876,
    "b3": -0.16368679340331688,
    "t1": 90.70038643153092,
    "t2": 150.32589925171175
}