{
    "b0": 10.94822270262945,
    "b1": -4.345467847662235,
    "b2": -8.834226622689513,
    "b3": 2.2732012175602856,
    "t1": 197.82984987486785,
    "t2": 81.94664537919044
}