{
    "b0": 0.11201668574232983,
    "b1": -0.04126752183358841,
    "b2": -0.9383451723643832,
    "b3": 0.8819536877745783,
    "t1": 0.9561672122406084,
    "t2": 0.9874626460093943
}