{
    "b0": 12.6958241515634,
    "b1": -6.465564821083936,
    "b2": -8188.933693747116,
    "b3": 8179.997981076859,
    "t1": 182.25310801670912,
    "t2": 182.14397652183595
}