{
    "b0": 0.13289309493240212,
    "b1": -0.06991816398274717,
    "b2": -0.06951150204114762,
    "b3": 0.09148994184446049,
    "t1": 1.6617976067088667,
    "t2": 2.4684484958780613
}