{
    "b0": 0.10684615379359302,
    "b1": -0.04433825745419814,
    "b2": 0.003759675575174398,
    "b3": -0.12446477694030733,
    "t1": 58.78832062996461,
    "t2": 189.87164774441973
}