{
    "b0": 0.10665000114465033,
    "b1": -0.04148701941654107,
    "b2": -0.06029003910397163,
    "b3": 0.014792383705806399,
    "t1": 0.8195751863115444,
    "t2": 2.2829738344281374
}