{
    "b0": 0.1307798087654521,
    "b1": -0.06922198180948017,
    "b2": 0.022838574399278368,
    "b3": -0.131547138242458,
    "t1": 114.46782628398174,
    "t2": 210.4722832272288
}