{
    "b0": 13.33822243085174,
    "b1": -7.095658633155628,
    "b2": -1034.125850836302,
    "b3": 1027.1905389338076,
    "t1": 203.9179269130098,
    "t2": 203.42789092340567
}