{
    "b0": 0.13383622762833636,
    "b1": -0.07105807925002117,
    "b2": 0.2095646221340811,
    "b3": -0.18145998547470116,
    "t1": 2.0512009067415047,
    "t2": 1.8738666232819865
}