{
    "b0": 0.11419637996196857,
    "b1": -0.049566597920084124,
    "b2": -0.6920594651577686,
    "b3": 0.6754903242565506,
    "t1": 1.410953305593416,
    "t2": 1.5057923083523903
}