{
    "b0": 0.14116969132770663,
    "b1": -0.07863595388123443,
    "b2": -0.03907720947244821,
    "b3": 0.016692696204901797,
    "t1": 1.113187640083207,
    "t2": -29.20012412000044
}