{
    "b0": 0.13379892038543822,
    "b1": -0.07291398860936364,
    "b2": 0.007358559546182031,
    "b3": -0.12573738264049833,
    "t1": 89.85205591709091,
    "t2": 201.54317412159804
}