{
    "b0": 12.284468359160314,
    "b1": -5.789164670089686,
    "b2": -3.549776114147811,
    "b3": -11.51395715555284,
    "t1": 60.54334824843477,
    "t2": 227.2342083105006
}