{
    "b0": 10.642000818110002,
    "b1": -4.267108073214113,
    "b2": -1981.7446305305114,
    "b3": 1973.6746037977318,
    "t1": 164.8427050286453,
    "t2": 164.5016483449765
}