{
    "b0": 0.10401912714664964,
    "b1": -0.03993543493175686,
    "b2": -0.0015758707220979995,
    "b3": -0.11185835524842419,
    "t1": 40.911464292798534,
    "t2": 164.39798098999734
}