{
    "b0": 10.75930853209237,
    "b1": -4.065728954084307,
    "b2": 158.2443926550107,
    "b3": -165.68949823428662,
    "t1": 131.80112220180976,
    "t2": 134.726329678205
}