{
    "b0": 0.12690037180068417,
    "b1": -0.06427945456881143,
    "b2": -0.04972209998680819,
    "b3": 0.08263042902539376,
    "t1": 1.8785378586874157,
    "t2": 2.682143873542617
}