{
    "b0": 0.10429912003696608,
    "b1": -0.037349250043305034,
    "b2": -0.4209456131739866,
    "b3": 0.3750561137612789,
    "t1": 0.9859642962936794,
    "t2": 1.0544127035008888
}