{
    "b0": 0.13089557917564343,
    "b1": -0.06767673022949355,
    "b2": -0.1510859423241579,
    "b3": 0.18734539991059304,
    "t1": 1.9074181104667915,
    "t2": 2.23378662276774
}