{
    "b0": 12.556342180899424,
    "b1": -6.330189904361994,
    "b2": 601.2653154180655,
    "b3": -607.9890619539209,
    "t1": 175.19585302767064,
    "t2": 175.9508277464459
}