{
    "b0": 0.10850713324396088,
    "b1": -0.043809862423395546,
    "b2": 0.43869489491647384,
    "b3": -0.478521779209919,
    "t1": 1.000000318700096,
    "t2": 0.973565921968248
}