{
    "b0": 0.10674804329381189,
    "b1": -0.04275223043499133,
    "b2": -0.4133852325101034,
    "b3": 0.3743184991250191,
    "t1": 1.177534333796575,
    "t2": 1.2800615132535063
}