{
    "b0": 10.857250718230455,
    "b1": -4.411873506484689,
    "b2": -2.5855948225850285,
    "b3": -12.66276843840881,
    "t1": 40.8489088457187,
    "t2": 212.6822812509036
}