{
    "b0": 10.709121769901612,
    "b1": -4.32108767733598,
    "b2": 355.7790644592758,
    "b3": -362.2373690884191,
    "t1": 177.6085754772393,
    "t2": 178.92667246511084
}