{
    "b0": 0.11802202008560168,
    "b1": -0.05713065831647311,
    "b2": 0.032839617702796906,
    "b3": -0.13800626571685415,
    "t1": 80.22244979236254,
    "t2": 163.09633047647299
}