{
    "b0": 0.13782407710830974,
    "b1": -0.07675770332087875,
    "b2": 0.08997623311125721,
    "b3": -0.2128598644494784,
    "t1": 135.68126996388003,
    "t2": 218.17024276034238
}