{
    "b0": 0.1154721440978723,
    "b1": -0.054561522272285556,
    "b2": 0.11012375690705435,
    "b3": -0.1937240124535644,
    "t1": 98.69095341891365,
    "t2": 142.24332167256173
}