{
    "b0": 10.892140204485367,
    "b1": -4.557675442307215,
    "b2": 3953.2949388785282,
    "b3": -3961.9055206467456,
    "t1": 165.7942512183975,
    "t2": 165.98895992694
}