{
    "b0": 0.12076452545290438,
    "b1": -0.05352912735848507,
    "b2": 0.095966377944858,
    "b3": -0.016208698572445952,
    "t1": 3.8254200964914458,
    "t2": 0.08850341854583064
}