{
    "b0": 13.386839387668555,
    "b1": -7.1500795724698385,
    "b2": -3077.702046224785,
    "b3": 3070.6082603569535,
    "t1": 207.30760044383723,
    "t2": 207.13663645444507
}