{
    "b0": 0.10706543480043385,
    "b1": -0.04147202351446776,
    "b2": 0.21898790886881833,
    "b3": -0.2762301531645021,
    "t1": 1.0000002530579675,
    "t2": 0.9386672727982794
}