{
    "b0": 11.04868772941217,
    "b1": -4.763489113490076,
    "b2": 558.1119112908317,
    "b3": -566.1912338781244,
    "t1": 166.8740731782302,
    "t2": 167.9223343128772
}