{
    "b0": 0.104429046428497,
    "b1": -0.04102241518456115,
    "b2": 0.6735331171129267,
    "b3": -0.7492701080902239,
    "t1": 120.21229732045042,
    "t2": 130.7301895040184
}