{
    "b0": 0.13037174697223555,
    "b1": -0.06732879514396227,
    "b2": -0.021519237407862702,
    "b3": -0.049569605700829036,
    "t1": 0.7020694336640179,
    "t2": 1.0455860024278802
}