{
    "b0": 0.10083106470188152,
    "b1": -0.03870350460196488,
    "b2": -0.445088490497288,
    "b3": 0.3822863440054285,
    "t1": 112.98267039494776,
    "t2": 96.79541392087242
}