{
    "b0": 0.07992994152220063,
    "b1": -0.017791004080972436,
    "b2": 0.001881307786227736,
    "b3": 0.1518189606637523,
    "t1": 2.0,
    "t2": 5.0
}