{
    "b0": 0.10318853488083876,
    "b1": -0.038686952268661215,
    "b2": -0.10880474497701872,
    "b3": 0.14437893914750421,
    "t1": 1.5053591273120677,
    "t2": 3.0721436870443664
}