{
    "b0": 0.10512914071556365,
    "b1": -0.041034105944538046,
    "b2": 0.05757525948878718,
    "b3": -0.14637264360553326,
    "t1": 79.6059926876241,
    "t2": 147.61656882159468
}