{
    "b0": 0.0914581423166198,
    "b1": -0.026510728610130666,
    "b2": -0.044825208231844375,
    "b3": 0.026197204161163643,
    "t1": 0.8572848805555242,
    "t2": 4.483000937708302
}