{
    "b0": 9.848564405578772,
    "b1": -3.4714986455983645,
    "b2": 7588.181580644446,
    "b3": -7594.017855099373,
    "t1": 178.2773398160211,
    "t2": 178.34806674628288
}