{
    "b0": 0.2094706575107317,
    "b1": -0.14549298472064662,
    "b2": -0.1366797918417978,
    "b3": -0.342775349134604,
    "t1": 1.248219190442833,
    "t2": 7.3043706874515415
}