{
    "b0": 0.102094686388,
    "b1": -0.046973865902812426,
    "b2": -0.07761937999312013,
    "b3": -0.06840237359378146,
    "t1": 0.764682910007641,
    "t2": 4.9860435274627255
}