{
    "b0": 0.09322767044897076,
    "b1": -0.032937928066006025,
    "b2": 0.25528010936411344,
    "b3": -0.3064510055093252,
    "t1": 94.88517173498802,
    "t2": 116.121967015665
}