{
    "b0": 0.09651908935540193,
    "b1": -0.03286388825872685,
    "b2": -9.709978202707484e-05,
    "b3": -0.08450075725035128,
    "t1": 0.23273730512401913,
    "t2": 0.6783774254786854
}