{
    "b0": 0.09319770240922197,
    "b1": -0.032283265110546834,
    "b2": 0.21320618890114368,
    "b3": -0.2673116472017483,
    "t1": 101.38999014199428,
    "t2": 127.7264238498268
}