{
    "b0": 7.2859802650478125,
    "b1": -2.3233447877046354,
    "b2": 208.78349595483814,
    "b3": -214.64509937013668,
    "t1": 212.65559415564204,
    "t2": 214.22898755153227
}