{
    "b0": 0.09824272013870655,
    "b1": -0.03332320525339143,
    "b2": -0.08248732136674206,
    "b3": 0.04741810742869251,
    "t1": 0.9805920404568,
    "t2": 1.349368872625715
}