{
    "b0": 0.08105666526617036,
    "b1": -0.03145051813201494,
    "b2": -0.05683641852489406,
    "b3": -0.01716450245383216,
    "t1": 0.7459646655381447,
    "t2": 3.152624605202335
}