{
    "b0": 0.08183123349582287,
    "b1": -0.03221161165571639,
    "b2": -0.05666910821007992,
    "b3": -0.023363984957249926,
    "t1": 0.7611306560352555,
    "t2": 3.3014791060530833
}