{
    "b0": 0.09508862618256332,
    "b1": -0.033362191919349256,
    "b2": 0.1074247721196646,
    "b3": -0.16843488148606867,
    "t1": 96.74121366353451,
    "t2": 141.14781022228732
}