{
    "b0": 0.07903917145069526,
    "b1": -0.029720494035097682,
    "b2": -0.05289922623619604,
    "b3": -0.016508463933775676,
    "t1": 0.6481411151392003,
    "t2": 2.750572664400451
}