{
    "b0": 10.01155735449825,
    "b1": -3.637927065732457,
    "b2": -7.261493046815192,
    "b3": 2.248597878185609,
    "t1": 220.02377977108299,
    "t2": 109.80605509481788
}