{
    "b0": 0.09591557486286523,
    "b1": -0.030911377234009024,
    "b2": -0.10804448789967017,
    "b3": 0.07284358219743424,
    "t1": 1.100288810990382,
    "t2": 1.36324676332986
}