{
    "b0": 9.937311429328494,
    "b1": -3.5857647036420506,
    "b2": -1441.9868947788843,
    "b3": 1435.9618396681917,
    "t1": 170.53601206078778,
    "t2": 170.1320797036733
}