{
    "b0": 0.07844994410398015,
    "b1": -0.028596111805849977,
    "b2": -0.055484214231065254,
    "b3": -0.013740646842053408,
    "t1": 0.7560151063634266,
    "t2": 3.150180041246778
}