{
    "b0": 0.08114692007670965,
    "b1": -0.03255298408519718,
    "b2": -0.05304774231300163,
    "b3": -0.015162368381092486,
    "t1": 0.644774558674083,
    "t2": 2.602331106778593
}