{
    "b0": 0.07390164268149399,
    "b1": -0.021598610725028694,
    "b2": 0.07060237143742304,
    "b3": -0.1376023818844313,
    "t1": 100.24209901015746,
    "t2": 159.20378252425417
}