{
    "b0": 0.0716795448291923,
    "b1": -0.02474232055815661,
    "b2": 0.06566957382633162,
    "b3": -0.12789271413521452,
    "t1": 89.00109228222995,
    "t2": 148.32901005898466
}