{
    "b0": 7.8956640083083265,
    "b1": -1.9189538869663094,
    "b2": 14.636531616363106,
    "b3": -20.470017469447033,
    "t1": 197.71132876358982,
    "t2": 218.41095122646635
}