{
    "b0": 0.07319409231716795,
    "b1": -0.03271246944885752,
    "b2": 0.7819641562947263,
    "b3": -0.83400188018217,
    "t1": 88.0199164430681,
    "t2": 94.51564837778513
}