{
    "b0": 9.777415737710228,
    "b1": -3.4033456320822015,
    "b2": -20.157524253705574,
    "b3": 14.734941685050895,
    "t1": 180.7620591333659,
    "t2": 152.2753535753167
}