{
    "b0": 0.09406722877264528,
    "b1": -0.0340508229154302,
    "b2": 0.0837486278379315,
    "b3": -0.14198314690665123,
    "t1": 74.9560432144356,
    "t2": 125.15504865090593
}