{
    "b0": 0.0933374886480604,
    "b1": -0.04839551799244446,
    "b2": -0.05726146768217433,
    "b3": -0.04768893724489057,
    "t1": 0.7579726564324163,
    "t2": 4.875241884487934
}