{
    "b0": 9.925111722676297,
    "b1": -3.542883492512228,
    "b2": -6.619188196728963,
    "b3": 1.8441782782732097,
    "t1": 223.20387225947076,
    "t2": 107.70875766500986
}