{
    "b0": 0.07274291076640611,
    "b1": -0.030408004708741714,
    "b2": 0.35548028023248046,
    "b3": -0.4099683118326266,
    "t1": 108.00761982476199,
    "t2": 121.41882771706071
}