{
    "b0": 0.0941945860652396,
    "b1": -0.02934612629760528,
    "b2": -0.04865467825813451,
    "b3": 0.02009496644276907,
    "t1": 0.9602240077547748,
    "t2": 3.18018348945574
}