{
    "b0": 0.09207471495729663,
    "b1": -0.02907964109357837,
    "b2": -0.052368139427735744,
    "b3": 0.009023435475499952,
    "t1": 1.0356721749339037,
    "t2": 0.15485123347116386
}