{
    "b0": 0.09351680486730425,
    "b1": -0.03288641879740607,
    "b2": 0.09855820479525176,
    "b3": -0.15660003962683536,
    "t1": 80.87434439360355,
    "t2": 126.06520497075654
}