{
    "b0": 0.09779661110578461,
    "b1": -0.03284746010551667,
    "b2": -0.0719739361404523,
    "b3": 0.03376475867112497,
    "t1": 0.947011543528596,
    "t2": 1.290183846673445
}