{
    "b0": 0.07415148125310123,
    "b1": -0.022084022577913913,
    "b2": 0.03838021652275962,
    "b3": -0.10222314987783275,
    "t1": 67.31548463117718,
    "t2": 150.23714406881217
}