{
    "b0": 8.002056163885399,
    "b1": -1.6825913876511391,
    "b2": -96.01234613638684,
    "b3": 89.94805064752002,
    "t1": 240.6627371178325,
    "t2": 237.34288642865354
}