{
    "b0": 0.08548111066491261,
    "b1": -0.020440722433903494,
    "b2": -0.04310435166975353,
    "b3": 0.0461687568459459,
    "t1": 0.8818450538616858,
    "t2": 4.479761591722498
}