{
    "b0": 0.09623652652750127,
    "b1": -0.031482092880732275,
    "b2": -0.04973051944999968,
    "b3": 0.01953868090672871,
    "t1": 0.9246303648883534,
    "t2": 2.9427108775979303
}