{
    "b0": 0.08094260876361759,
    "b1": -0.017516344479301352,
    "b2": -0.006983432715962017,
    "b3": -0.062134664211215856,
    "t1": 201.27596476627838,
    "t2": 323.1669768734996
}