{
    "b0": 0.09570738378423972,
    "b1": -0.030945641233509166,
    "b2": 0.041438063738176246,
    "b3": -0.052930899367550625,
    "t1": 1.9059448768355112,
    "t2": 1.0981834512495916
}