{
    "b0": 0.0953571258080904,
    "b1": -0.030564768586218746,
    "b2": 0.9445639478797904,
    "b3": -0.9691927881071501,
    "t1": 1.3930102431063656,
    "t2": 1.3573366498637718
}