{
    "b0": 0.09611058682533109,
    "b1": -0.031168797090178862,
    "b2": -0.08606351412098463,
    "b3": 0.0528176394976845,
    "t1": 1.073964179859825,
    "t2": 1.4576565254016156
}