{
    "b0": 9.882295286146949,
    "b1": -3.5062026227147394,
    "b2": -374.92627200373823,
    "b3": 369.04658583929415,
    "t1": 170.8950109015266,
    "t2": 169.53102317685725
}