{
    "b0": 0.09455659503860084,
    "b1": -0.033453214570400916,
    "b2": 0.13592440330182923,
    "b3": -0.19570434949378765,
    "t1": 96.34685236467568,
    "t2": 135.79066056617944
}