{
    "b0": 0.09549092438114257,
    "b1": -0.03046433633933581,
    "b2": -0.05065272892723566,
    "b3": 0.006523336936805343,
    "t1": 0.9382253142901864,
    "t2": 1.8380197899735158
}