{
    "b0": 0.07771200595795857,
    "b1": -0.02775976205173851,
    "b2": -0.05365237239782087,
    "b3": -0.019008315116601122,
    "t1": 0.7561911902869096,
    "t2": 3.281820831197268
}