{
    "b0": 0.08582839536141494,
    "b1": -0.022357664952620482,
    "b2": -0.0614419678411131,
    "b3": -0.01614930112808377,
    "t1": 0.8434480222469971,
    "t2": 3.527510341564043
}