{
    "b0": 8.089843514673714,
    "b1": -1.6691190599766412,
    "b2": 430.9616106187279,
    "b3": -436.9480841365697,
    "t1": 244.00930584645545,
    "t2": 244.89501166039113
}