{
    "b0": 0.07552804678246104,
    "b1": -0.02135758643726183,
    "b2": 0.14585659550416952,
    "b3": -0.2013140843089864,
    "t1": 101.17608749509941,
    "t2": 131.55843692516166
}