{
    "b0": 0.08163674581039174,
    "b1": -0.018991082340683772,
    "b2": 0.1575141451090172,
    "b3": -0.21255911835129973,
    "t1": 1.050581758735747,
    "t2": 1.0071460834313355
}