{
    "b0": 9.732797742866705,
    "b1": -3.362701952353956,
    "b2": 30.84440461820591,
    "b3": -36.619249406377705,
    "t1": 160.1245131144945,
    "t2": 174.70037278537586
}