{
    "b0": 0.09532904459245004,
    "b1": -0.03449460687136252,
    "b2": 0.2921085515520955,
    "b3": -0.3490840738554019,
    "t1": 93.75857413521474,
    "t2": 112.97132659803077
}