{
    "b0": 0.0711200098055737,
    "b1": -0.02561343686285815,
    "b2": 0.20275611344686145,
    "b3": -0.25734504449945134,
    "t1": 86.06863607350209,
    "t2": 107.87836566565643
}