{
    "b0": 0.09350227918969987,
    "b1": -0.02866465900376,
    "b2": -0.04714511507213819,
    "b3": 0.016542966869911288,
    "t1": 0.9623291561519398,
    "t2": 3.318870784703458
}