{
    "b0": 0.07761284872988944,
    "b1": -0.02829140582970928,
    "b2": -0.04854279033962253,
    "b3": -0.016112078026773557,
    "t1": 0.6561441602791602,
    "t2": 1.832242581733377
}