{
    "b0": 0.09011340026175307,
    "b1": -0.024859362104863815,
    "b2": -0.05085788051202399,
    "b3": 0.007689728626503278,
    "t1": 1.1096462661884763,
    "t2": 3.96866856234249
}