{
    "b0": 0.08308049225885672,
    "b1": -0.02476427277318924,
    "b2": -0.05259024933142451,
    "b3": -0.009518695738698724,
    "t1": 0.7254015970126892,
    "t2": 3.005268526841249
}