{
    "b0": 9.275800338741426,
    "b1": -2.9026758125216556,
    "b2": 624.6470336129672,
    "b3": -630.2401837984091,
    "t1": 189.88906340230494,
    "t2": 190.88945813747034
}