{
    "b0": 0.08364454665752685,
    "b1": -0.023724938425034273,
    "b2": -0.05406606919435001,
    "b3": -0.012434433229575109,
    "t1": 0.7362925961467013,
    "t2": 3.128905874856346
}