{
    "b0": 0.09841271909789924,
    "b1": -0.0345793081723,
    "b2": -0.006138863820027669,
    "b3": -0.08685357399337015,
    "t1": 0.19919771445230472,
    "t2": 0.6639426684415763
}