{
    "b0": 0.08562095504234468,
    "b1": -0.02225924277813917,
    "b2": -0.060193547699634344,
    "b3": -0.014775286972570047,
    "t1": 0.8226392332769175,
    "t2": 3.4491848639033766
}