{
    "b0": 7.370847366557374,
    "b1": -2.075623900244225,
    "b2": -383.2718519780572,
    "b3": 376.95319842305025,
    "t1": 243.15552639322618,
    "t2": 242.6514089384112
}