{
    "b0": 8.952375976155263,
    "b1": -2.574190738370276,
    "b2": 1.0908270602479027,
    "b3": -8.101277596596505,
    "t1": 110.48399417207364,
    "t2": 270.3397528983213
}