{
    "b0": 0.09149315960659442,
    "b1": -0.02803491086246817,
    "b2": -0.049000402658015516,
    "b3": 0.0075846432402946196,
    "t1": 0.9655337737490685,
    "t2": 0.1747826975529064
}