{
    "b0": 0.07988088352302784,
    "b1": -0.03279479800265543,
    "b2": -0.04770835343912887,
    "b3": -0.015594815250668411,
    "t1": 0.6603772755096464,
    "t2": 2.6082305953476177
}