{
    "b0": 0.09672791442053005,
    "b1": -0.0317338965631051,
    "b2": -0.0489481848226315,
    "b3": 0.014544008117083349,
    "t1": 0.864864433601094,
    "t2": 3.2080982225358943
}