{
    "b0": 0.08050533292872071,
    "b1": -0.01998879973356426,
    "b2": 0.014447356318827858,
    "b3": -0.06496581062397891,
    "t1": 1.0000001412857409,
    "t2": 0.8765996827732325
}