{
    "b0": 8.02319464317595,
    "b1": -2.0483123824409732,
    "b2": 1.803175274214392,
    "b3": -7.9817392355987895,
    "t1": 162.14870169903236,
    "t2": 253.4509566890058
}