{
    "b0": 9.689674201910625,
    "b1": -3.32333768992305,
    "b2": 313.4978832468644,
    "b3": -319.4086967106579,
    "t1": 172.67834525101122,
    "t2": 174.49360485301085
}