{
    "b0": 0.08894788240764837,
    "b1": -0.02378223413760281,
    "b2": -0.048370951923010934,
    "b3": 0.020670004339270895,
    "t1": 1.0319078079735835,
    "t2": 3.610944435454256
}