{
    "b0": 0.07589064452909818,
    "b1": -0.018874657724903827,
    "b2": 0.07111927470994443,
    "b3": -0.12299266143408245,
    "t1": 83.18291283757392,
    "t2": 138.55932796271344
}