{
    "b0": 0.0750973533271284,
    "b1": -0.016882029649910348,
    "b2": 0.017774890497450818,
    "b3": -0.0751968335207504,
    "t1": 42.40974368947655,
    "t2": 166.41339604507857
}