{
    "b0": 0.08059555388857734,
    "b1": -0.03139430419295146,
    "b2": -0.05391669305035916,
    "b3": -0.019142074001620477,
    "t1": 0.6656573861598958,
    "t2": 2.86791736710952
}