{
    "b0": 0.08454737439932597,
    "b1": -0.025892967055587468,
    "b2": -0.05259282596388264,
    "b3": -0.009175367279945551,
    "t1": 0.6940672362308122,
    "t2": 2.871089018929793
}