{
    "b0": 9.65642765215274,
    "b1": -3.280961987988883,
    "b2": -29.247211542322432,
    "b3": 23.94493209509746,
    "t1": 183.3596105994104,
    "t2": 164.66335550410352
}