{
    "b0": 0.0965895482982317,
    "b1": -0.03155540213215726,
    "b2": -0.048443139231879706,
    "b3": 0.011796701235380494,
    "t1": 0.8532454121211199,
    "t2": 2.78393135896081
}