{
    "b0": 0.09669966558784117,
    "b1": -0.03193436221808364,
    "b2": -0.04479868725114891,
    "b3": 0.006034925568490709,
    "t1": 0.8623436136694278,
    "t2": 2.929629438997344
}