{
    "b0": 8.09181127635229,
    "b1": -2.18734834162873,
    "b2": 5.5156669600679855,
    "b3": -11.287708864152787,
    "t1": 177.58659182206105,
    "t2": 212.4485868729296
}