{
    "b0": 0.08154629256390823,
    "b1": -0.02124500365250455,
    "b2": -0.3203837427114654,
    "b3": 0.28315407064582004,
    "t1": 123.92536940903827,
    "t2": 101.98978155499732
}