{
    "b0": 0.0972158695939017,
    "b1": -0.03220863869449272,
    "b2": -0.05350022361043221,
    "b3": 0.01310714680604575,
    "t1": 0.9838521424218476,
    "t2": 1.865124560900528
}