{
    "b0": 0.07509666263078138,
    "b1": -0.014471970686600305,
    "b2": 0.1007913695817606,
    "b3": -0.15135652440389588,
    "t1": 97.66438231879147,
    "t2": 142.44725743250456
}