{
    "b0": 0.0700766450859627,
    "b1": -0.023304355101586974,
    "b2": 1.9326781695269946,
    "b3": -1.9850513478975846,
    "t1": 118.34952094454695,
    "t2": 121.25310782333342
}