{
    "b0": 0.09570632648311253,
    "b1": -0.030831106803299403,
    "b2": -0.04696141127201912,
    "b3": 0.008941823876289749,
    "t1": 0.893732017746748,
    "t2": 3.019216496867755
}