{
    "b0": 0.07521867247600832,
    "b1": -0.021954166420467734,
    "b2": -0.016296509890436538,
    "b3": -0.07862489067334913,
    "t1": 0.24433035376920803,
    "t2": 0.8258151949808179
}