{
    "b0": 10.056353460598556,
    "b1": -3.68264120800662,
    "b2": -928.041384830337,
    "b3": 922.1740322712462,
    "t1": 175.2340513875934,
    "t2": 174.69522928332435
}