{
    "b0": 7.747494491428112,
    "b1": -2.923245511481488,
    "b2": -1.8034649339312145,
    "b3": -3.6921543477242187,
    "t1": 228.00505384896732,
    "t2": 270.7953278933854
}