{
    "b0": 9.885253230044338,
    "b1": -3.528003233213723,
    "b2": 415.8362476153183,
    "b3": -421.78594662020413,
    "t1": 160.03092432849675,
    "t2": 161.2536690892801
}