{
    "b0": 0.07489913482645946,
    "b1": -0.02154921322180664,
    "b2": -0.3018835329283394,
    "b3": 0.2537206467864458,
    "t1": 118.31311749063406,
    "t2": 99.92198227297163
}