{
    "b0": 0.09761760986085967,
    "b1": -0.03270948706873644,
    "b2": -0.102543987678926,
    "b3": 0.06785021105879313,
    "t1": 1.0471083954055183,
    "t2": 1.2971640935001325
}