{
    "b0": 0.09070004059900513,
    "b1": -0.025663434459364927,
    "b2": -0.04920189376341419,
    "b3": 0.023897089460537688,
    "t1": 0.9923445001465843,
    "t2": 3.2813470129879274
}