{
    "b0": 0.09272701143617663,
    "b1": -0.027792186109147465,
    "b2": -0.04988416704441764,
    "b3": 0.02104658673402495,
    "t1": 0.9556593957152077,
    "t2": 2.9573973313085533
}