{
    "b0": 0.07002577724712343,
    "b1": -0.02417315867629797,
    "b2": 1.1269740660388317,
    "b3": -1.1766501622483816,
    "t1": 100.1308760027796,
    "t2": 104.59246938533883
}