{
    "b0": 7.325001737489612,
    "b1": -2.0073213747529515,
    "b2": 67.22362897951058,
    "b3": -73.83942900604798,
    "t1": 241.06597800689968,
    "t2": 244.2685356256921
}