{
    "b0": 0.09607703606388603,
    "b1": -0.031062736248993555,
    "b2": -0.048050792825650904,
    "b3": 0.014022059580608452,
    "t1": 0.8429946078468271,
    "t2": 3.1622115027786997
}