{
    "b0": 9.673701166028536,
    "b1": -3.305581512279275,
    "b2": -3405.7245311308943,
    "b3": 3399.95305624946,
    "t1": 179.4545809316631,
    "t2": 179.2905647262102
}