{
    "b0": 8.241635337821016,
    "b1": -2.336490975800462,
    "b2": 3.066047686186266,
    "b3": -8.991854843016121,
    "t1": 179.45177386090296,
    "t2": 222.11969074590738
}