{
    "b0": 0.1200312869707341,
    "b1": -0.05619979255460915,
    "b2": -0.08393639138383223,
    "b3": -0.10056414078817787,
    "t1": 1.0727864322952012,
    "t2": 7.023070963716004
}