{
    "b0": 9.6601407530405,
    "b1": -3.2481147589036006,
    "b2": -1.6741182691801817,
    "b3": -8.650270024539358,
    "t1": 44.143785798557815,
    "t2": 221.36003648182748
}