{
    "b0": 0.09786558838006666,
    "b1": -0.032978308412197024,
    "b2": -0.06417938602676511,
    "b3": 0.02697791728311877,
    "t1": 1.0365375854870684,
    "t2": 1.6398365695313364
}