{
    "b0": 8.077141101914414,
    "b1": -1.6217707947200894,
    "b2": -1.1589315173354122,
    "b3": -7.536962694140481,
    "t1": 56.89160847995828,
    "t2": 276.6070355856072
}