{
    "b0": 0.08659831851771518,
    "b1": -0.020499988571004713,
    "b2": -0.054036540191115284,
    "b3": -0.010313196148836717,
    "t1": 0.9203227869462147,
    "t2": 3.7129481672644244
}