{
    "b0": 0.07653300129839809,
    "b1": -0.021955344688733558,
    "b2": 0.09569270766754696,
    "b3": -0.15424057620220055,
    "t1": 89.53163554090318,
    "t2": 131.81671045178595
}