{
    "b0": 0.0927691154273802,
    "b1": -0.03159122070885994,
    "b2": 0.11938032732469818,
    "b3": -0.17662859796117217,
    "t1": 95.40236474336751,
    "t2": 138.30852195160878
}