{
    "b0": 0.082253051160509,
    "b1": -0.02291456724612404,
    "b2": -0.05197829608042177,
    "b3": -0.003065038306635206,
    "t1": 0.7084813031443942,
    "t2": 2.855152691918903
}