{
    "b0": 0.08225434960558965,
    "b1": -0.018495595887237128,
    "b2": -0.040859780539264375,
    "b3": -0.027410033114643434,
    "t1": 259.41426571640505,
    "t2": 450.66066862386987
}