{
    "b0": 0.08165425546881469,
    "b1": -0.02732571570102589,
    "b2": -0.06525025613695168,
    "b3": -0.019139152757451795,
    "t1": 0.7776411800249419,
    "t2": 3.3798663515074696
}