{
    "b0": 9.704873874611268,
    "b1": -3.340863277526398,
    "b2": 6699.772037029712,
    "b3": -6705.297403127791,
    "t1": 179.6624284923215,
    "t2": 179.7409236270861
}