{
    "b0": 0.08024130725751367,
    "b1": -0.01800594516195421,
    "b2": 0.03729494895935596,
    "b3": -0.08914227255212341,
    "t1": 86.10386281305692,
    "t2": 190.8440450370894
}