{
    "b0": 9.65663560989192,
    "b1": -3.284405003461628,
    "b2": 452.5821502423361,
    "b3": -458.3856009226588,
    "t1": 181.4138326652252,
    "t2": 182.68069056872486
}