{
    "b0": 0.06891009311482757,
    "b1": -0.019309620462885625,
    "b2": 0.2141087967383464,
    "b3": -0.2720545087844263,
    "t1": 109.6494530045298,
    "t2": 134.72494010912942
}