{
    "b0": 0.06678798624195448,
    "b1": -0.02049822958030497,
    "b2": 0.07193819675029761,
    "b3": -0.12283449264262893,
    "t1": 78.6489897226954,
    "t2": 135.88476459856184
}