{
    "b0": 0.09388160403115187,
    "b1": -0.0338788510802565,
    "b2": 0.05934906308915601,
    "b3": -0.11940655013505132,
    "t1": 73.56674357510165,
    "t2": 139.265634885529
}