{
    "b0": 0.09601153997872189,
    "b1": -0.035953085872177236,
    "b2": -0.8814053827573889,
    "b3": 0.8288653986487117,
    "t1": 114.56651292789638,
    "t2": 106.38241047539235
}