{
    "b0": 7.61749400012143,
    "b1": -3.166670146675486,
    "b2": 1.876155706624956,
    "b3": -7.7283217987563,
    "t1": 169.47761998833312,
    "t2": 228.8991892944528
}