{
    "b0": 0.09589302373360549,
    "b1": -0.030974195689377128,
    "b2": -0.045579882470575796,
    "b3": 0.005213197672617083,
    "t1": 0.8300689073162086,
    "t2": 2.865139428808418
}