{
    "b0": 0.08492556318676557,
    "b1": -0.029574266590067337,
    "b2": -0.05963420158132424,
    "b3": -0.01588996767376817,
    "t1": 0.7457004365352791,
    "t2": 3.1809919407410447
}