{
    "b0": 0.09605131355890391,
    "b1": -0.031218182644706237,
    "b2": -0.04592530187129633,
    "b3": 0.007474828350904447,
    "t1": 0.8384286420163638,
    "t2": 2.818201470646757
}