{
    "b0": 0.07987553695940396,
    "b1": -0.029017245037607935,
    "b2": -0.06378943774774708,
    "b3": -0.016726507695214946,
    "t1": 0.830359582248728,
    "t2": 3.4563872194864933
}