{
    "b0": 7.650692629022763,
    "b1": -2.2158231297176574,
    "b2": 426.18261519816923,
    "b3": -432.9961946917547,
    "t1": 218.16728342098878,
    "t2": 218.91711313163339
}