{
    "b0": 0.09611846596433696,
    "b1": -0.031141703406299036,
    "b2": -0.16879241495252506,
    "b3": 0.13674968430168022,
    "t1": 1.2253344338181633,
    "t2": 1.4242126111112934
}