{
    "b0": 0.08122194064365328,
    "b1": -0.028256525091658255,
    "b2": -0.06353802254316894,
    "b3": -0.020478890844250735,
    "t1": 0.7669958258584866,
    "t2": 3.366657570249349
}