{
    "b0": 0.08132794744756874,
    "b1": -0.016738770465739267,
    "b2": 0.21287830304818825,
    "b3": -0.2720620184276142,
    "t1": 299.62239139841404,
    "t2": 309.225255883357
}