{
    "b0": 0.09929409067693655,
    "b1": -0.03440098932122393,
    "b2": 0.29048978638035017,
    "b3": -0.32414383703015137,
    "t1": 1.1388834672641235,
    "t2": 1.0823183291304277
}