{
    "b0": 0.07682512320723789,
    "b1": -0.021695551953167025,
    "b2": 0.11761982833200806,
    "b3": -0.17295149952112857,
    "t1": 97.84394291249477,
    "t2": 134.66361866717537
}