{
    "b0": 0.0892718531975253,
    "b1": -0.0439518024737911,
    "b2": -0.05117758100313466,
    "b3": -0.03709571630568552,
    "t1": 0.8445258985971509,
    "t2": 4.701659975600503
}