{
    "b0": 0.09816321926648668,
    "b1": -0.03322094267414499,
    "b2": -0.0594193758646155,
    "b3": 0.022470219783242967,
    "t1": 0.9794020015840985,
    "t2": 1.814266154434331
}