{
    "b0": 0.08309031103859563,
    "b1": -0.03446049832946869,
    "b2": -0.054857935251741485,
    "b3": -0.02264031817529756,
    "t1": 0.7200046514311738,
    "t2": 3.638843564688359
}