{
    "b0": 0.07759895496377271,
    "b1": -0.020665449011174036,
    "b2": 0.19901398988175092,
    "b3": -0.25026771587382884,
    "t1": 97.20681099987598,
    "t2": 118.7981028246914
}