{
    "b0": 0.09252305529560219,
    "b1": -0.03162725841596237,
    "b2": 0.12724632801461144,
    "b3": -0.18208399068381287,
    "t1": 85.80454465030994,
    "t2": 122.36315546952169
}