{
    "b0": 8.060719634583801,
    "b1": -2.39480935941085,
    "b2": 0.6946635178777087,
    "b3": -7.010638612039414,
    "t1": 190.9506778257934,
    "t2": 252.328057106204
}