{
    "b0": 0.09864425544428707,
    "b1": -0.03384355629599889,
    "b2": -0.0900599725571342,
    "b3": 0.05482921426156854,
    "t1": 1.0319201707094772,
    "t2": 1.3463716100334504
}