{
    "b0": 0.0926463991656778,
    "b1": -0.0313027531145073,
    "b2": -0.6224475182433676,
    "b3": 0.5724695044759429,
    "t1": 122.50947980062662,
    "t2": 111.98791303183283
}