{
    "b0": 0.09777684432687117,
    "b1": -0.032751131828465146,
    "b2": -0.05570008780663585,
    "b3": 0.014415875796087432,
    "t1": 0.9425450301286343,
    "t2": 1.7819162831578372
}