{
    "b0": 0.08261391000559394,
    "b1": -0.03674965719331267,
    "b2": -0.0463411560159903,
    "b3": -0.024442371569701204,
    "t1": 0.7413720266469352,
    "t2": 3.026291499136432
}