{
    "b0": 0.08056800374746496,
    "b1": -0.028427058026501258,
    "b2": -0.06453170430352419,
    "b3": -0.019907418655776388,
    "t1": 0.7945559977221412,
    "t2": 3.4041011620312567
}