{
    "b0": 0.09152695693316466,
    "b1": -0.03438821064392235,
    "b2": -0.0587970149215163,
    "b3": -0.032687977547406946,
    "t1": 0.7328799673624751,
    "t2": 3.882807628572165
}