{
    "b0": 10.044808741264266,
    "b1": -3.693345978249404,
    "b2": -330.8409513960093,
    "b3": 324.458562879533,
    "t1": 172.88998490312795,
    "t2": 170.90922950508235
}