{
    "b0": 9.838019457220074,
    "b1": -3.454469437496762,
    "b2": 8517.032299971754,
    "b3": -8522.875030291347,
    "t1": 175.03698568581189,
    "t2": 175.09671253825567
}