{
    "b0": 0.0783233856832991,
    "b1": -0.012609804075316908,
    "b2": -0.0506433392635518,
    "b3": 0.01123452900754025,
    "t1": 0.9327006858375475,
    "t2": 3.5172866426536515
}