{
    "b0": 0.07889326201873258,
    "b1": -0.03422091603521981,
    "b2": -0.04615245137894024,
    "b3": -0.006208791118120099,
    "t1": 0.6964445213980717,
    "t2": 2.3315403466037328
}