{
    "b0": 0.08045041071956238,
    "b1": -0.030925564300063914,
    "b2": -0.05420357748758681,
    "b3": -0.02040179785826847,
    "t1": 0.674882829055687,
    "t2": 2.910334194901642
}