{
    "b0": 0.09514377523545045,
    "b1": -0.03391349857913274,
    "b2": 0.07230774785962057,
    "b3": -0.13536505518005565,
    "t1": 85.60717249925787,
    "t2": 143.12183346300358
}