{
    "b0": 0.0868622683275728,
    "b1": -0.03893877316581558,
    "b2": -0.05533429968730019,
    "b3": -0.02629184465352321,
    "t1": 0.7259922471125003,
    "t2": 4.044309014266427
}