{
    "b0": 8.179565333359738,
    "b1": -2.3312671022221645,
    "b2": 0.4206128150235482,
    "b3": -6.571660569585708,
    "t1": 167.9105156407059,
    "t2": 243.62402738121418
}