{
    "b0": 0.07089476445353972,
    "b1": -0.023961301203965633,
    "b2": 0.09504820603370724,
    "b3": -0.15312369096335338,
    "t1": 90.97472861929568,
    "t2": 133.28858865555722
}