{
    "b0": 8.014949616189508,
    "b1": -2.0402780330987778,
    "b2": 0.025023897909800752,
    "b3": -6.5488463381751725,
    "t1": 156.6542909291187,
    "t2": 260.1235465501375
}