{
    "b0": 7.971391843894802,
    "b1": -2.0000118535728326,
    "b2": 1.2708975159664948,
    "b3": -7.565317044696176,
    "t1": 150.92725297585545,
    "t2": 241.14822982999982
}