{
    "b0": 0.08231021514077766,
    "b1": -0.022214960236814428,
    "b2": -0.05358322693118885,
    "b3": -0.007575630009287779,
    "t1": 0.7546598050226536,
    "t2": 3.1257713355704038
}