{
    "b0": 0.09756415310356971,
    "b1": -0.03275294006395838,
    "b2": -0.05341059127371658,
    "b3": 0.01702262278186461,
    "t1": 0.9720228459282558,
    "t2": 1.7152917116315731
}