{
    "b0": 0.09275756806757723,
    "b1": -0.027942077282605768,
    "b2": -0.04832187111878186,
    "b3": 0.024416630072951594,
    "t1": 0.9631331236563829,
    "t2": 3.222554306050899
}