{
    "b0": 9.780965041264704,
    "b1": -3.392444080482546,
    "b2": 273.9882075198795,
    "b3": -279.7749895227527,
    "t1": 182.12230481638764,
    "t2": 184.01416780126934
}