{
    "b0": 0.09389348401250762,
    "b1": -0.03340503716504026,
    "b2": 0.11401142712506812,
    "b3": -0.17014141297889504,
    "t1": 88.16890865596594,
    "t2": 129.8537519755507
}