{
    "b0": 0.0900113574378633,
    "b1": -0.045346815748963404,
    "b2": -0.05408919608665547,
    "b3": -0.03461093699502391,
    "t1": 0.7608509480877315,
    "t2": 4.6517515484079315
}