{
    "b0": 7.870261226082952,
    "b1": -3.4818335297734464,
    "b2": -4.995564302989555,
    "b3": 0.4381673789624163,
    "t1": 247.73652711935887,
    "t2": 43.04023014771907
}