{
    "b0": 9.976506827495333,
    "b1": -3.594035885842729,
    "b2": -348.56610691283305,
    "b3": 342.7157003765678,
    "t1": 182.10153630526008,
    "t2": 180.62782061016682
}