{
    "b0": 0.07516316380238591,
    "b1": -0.024659242479486927,
    "b2": -0.0005411957933816203,
    "b3": -0.036540952576104235,
    "t1": 2.407180246200672,
    "t2": 0.7125903529912381
}