{
    "b0": 9.58962803639319,
    "b1": -3.212637525865694,
    "b2": -6.781042199364644,
    "b3": 2.176445732687534,
    "t1": 221.45346032104567,
    "t2": 108.25342994442133
}