{
    "b0": 9.101870665490202,
    "b1": -2.701814229651885,
    "b2": -236.89721519858043,
    "b3": 231.61371708405858,
    "t1": 201.53402844085204,
    "t2": 199.12118949455777
}