{
    "b0": 8.752599977043435,
    "b1": -2.3843777810919953,
    "b2": 0.5492301823492758,
    "b3": -7.729506330457109,
    "t1": 89.96835581119765,
    "t2": 270.2897775497517
}