{
    "b0": 0.08033272180468064,
    "b1": -0.03034367166059318,
    "b2": -0.055440350768335825,
    "b3": -0.02486214674605084,
    "t1": 0.8181957227952259,
    "t2": 3.5139546655054703
}