{
    "b0": 0.09626991785795547,
    "b1": -0.03135771481320601,
    "b2": -0.045939078686691275,
    "b3": 0.010731889340725173,
    "t1": 0.900106657712513,
    "t2": 3.0526267432932306
}