{
    "b0": 0.20784859609895776,
    "b1": -0.14785047626867903,
    "b2": -0.13434524960315924,
    "b3": -0.3485071017885133,
    "t1": 1.0631649887578893,
    "t2": 6.604363784459489
}