{
    "b0": 0.08602302617098996,
    "b1": -0.02708127233588585,
    "b2": -0.05340723441387191,
    "b3": -0.01596737865788339,
    "t1": 0.6931605924795528,
    "t2": 2.9656382452959464
}