{
    "b0": 0.07067995769411059,
    "b1": -0.026489677494684928,
    "b2": 0.07741365320988047,
    "b3": -0.1335301691018288,
    "t1": 77.1766610929509,
    "t2": 121.04127522726533
}