{
    "b0": 7.44283576416716,
    "b1": -2.068414813783197,
    "b2": 139.5882973503325,
    "b3": -146.31422592968275,
    "t1": 231.60687494706968,
    "t2": 233.81858648865565
}