{
    "b0": 7.479892607420482,
    "b1": -2.5158216844902253,
    "b2": -1.3019087068648725,
    "b3": -5.933593330894077,
    "t1": 129.24348379414022,
    "t2": 270.45155800712786
}