{
    "b0": 8.326979279013354,
    "b1": -3.8422413806932703,
    "b2": -4.8955560480957985,
    "b3": -2.3739807591959825,
    "t1": 257.0809543492996,
    "t2": 1320.9461527989827
}