{
    "b0": 0.06944606351900022,
    "b1": -0.026253868397381003,
    "b2": 0.5061520459484558,
    "b3": -0.5544866177064798,
    "t1": 90.20782433637163,
    "t2": 98.81174321569353
}