{
    "b0": 0.09932994128671006,
    "b1": -0.03456876891821686,
    "b2": -0.04657037509701376,
    "b3": 0.003636495402882415,
    "t1": 0.7906471756342317,
    "t2": 2.43089499583726
}