{
    "b0": 0.0929918720020593,
    "b1": -0.032374040994391604,
    "b2": 0.07358397690687377,
    "b3": -0.13441788995877835,
    "t1": 87.8916845929946,
    "t2": 153.83299108923055
}