{
    "b0": 0.09386747810903112,
    "b1": -0.029063086725491613,
    "b2": -0.04735435670449136,
    "b3": 0.017351129145327177,
    "t1": 0.9315796548530269,
    "t2": 2.9083498844567774
}