{
    "b0": 9.652822045940146,
    "b1": -3.2852430012633604,
    "b2": 0.856479553325892,
    "b3": -8.126123175501514,
    "t1": 98.84948845012403,
    "t2": 215.3308892754573
}