{
    "b0": 0.07436256151556336,
    "b1": -0.018536940252087297,
    "b2": 0.17703240741457393,
    "b3": -0.2227713524391277,
    "t1": 80.6788549394114,
    "t2": 105.44008021987975
}