{
    "b0": 7.589700308273434,
    "b1": -2.6987491019209546,
    "b2": -1.12733282196873,
    "b3": -6.3266191893256085,
    "t1": 119.42732737149501,
    "t2": 251.10407400250926
}