{
    "b0": 7.303477330444809,
    "b1": -2.098187201866369,
    "b2": 131.45571225370577,
    "b3": -137.95266837701212,
    "t1": 235.66965391463793,
    "t2": 237.73449696717202
}