{
    "b0": 9.782405301494524,
    "b1": -3.415817333563438,
    "b2": -867.7355771658158,
    "b3": 862.1897978335361,
    "t1": 182.12885970333954,
    "t2": 181.51959375214196
}