{
    "b0": 0.08536048399356169,
    "b1": -0.026206320737368012,
    "b2": -0.05314689538016245,
    "b3": -0.009398774414393306,
    "t1": 0.6966407751094894,
    "t2": 2.862491434589074
}