{
    "b0": 0.0810749013290944,
    "b1": -0.0272517093616495,
    "b2": -0.06675325118908462,
    "b3": -0.016139083885806507,
    "t1": 0.8114308494789837,
    "t2": 3.4571536496171404
}