{
    "b0": 0.09698705541552453,
    "b1": -0.03186519089296556,
    "b2": -0.05970365774075817,
    "b3": 0.02011064859900262,
    "t1": 0.9971404508682801,
    "t2": 1.8927520949600587
}