{
    "b0": 9.77313328007273,
    "b1": -3.355322120557423,
    "b2": -1.6613889799553068,
    "b3": -8.973732869976406,
    "t1": 44.30123678050024,
    "t2": 213.6569279440846
}