{
    "b0": 9.915285142789006,
    "b1": -3.5389332144560077,
    "b2": -1801.6922687124866,
    "b3": 1795.8698462201219,
    "t1": 171.96732292305958,
    "t2": 171.68829122364087
}