{
    "b0": 0.08035449341589176,
    "b1": -0.026292109072661968,
    "b2": -0.0650642477024289,
    "b3": -0.015483733786473197,
    "t1": 0.7870131181933928,
    "t2": 3.364012490264786
}