{
    "b0": 0.09662901733733441,
    "b1": -0.03198935549872911,
    "b2": 0.3299522953601385,
    "b3": -0.3482038239507088,
    "t1": 1.512380046956403,
    "t2": 1.4081376681031263
}