{
    "b0": 0.08971397511516652,
    "b1": -0.02501219610343957,
    "b2": -0.05796480316100728,
    "b3": -0.02708729099189111,
    "t1": 0.908492571018946,
    "t2": 3.7694481980947185
}