{
    "b0": 7.738575305276407,
    "b1": -2.2219427391673428,
    "b2": -0.15803926138066582,
    "b3": -6.803612535554601,
    "t1": 155.43921314043047,
    "t2": 250.4491669090412
}