{
    "b0": 0.08244386515560721,
    "b1": -0.022329488470416714,
    "b2": -0.05515217873231511,
    "b3": -0.009704665446270608,
    "t1": 0.7521902045608753,
    "t2": 3.120997150938826
}