{
    "b0": 0.06729420471621438,
    "b1": -0.020577101844858815,
    "b2": 0.07605909864023586,
    "b3": -0.12834053321969982,
    "t1": 83.08725244497913,
    "t2": 136.56962492584603
}