{
    "b0": 0.07078937007854658,
    "b1": -0.026730711793840213,
    "b2": 0.07880926510486141,
    "b3": -0.13446668432972553,
    "t1": 76.31156249838959,
    "t2": 119.21764595264891
}