{
    "b0": 0.08899713081835368,
    "b1": -0.023729737555007006,
    "b2": -0.05290503501407525,
    "b3": -2.0874972071413533e-06,
    "t1": 0.9907335288312562,
    "t2": 5.004329694700424
}