{
    "b0": 9.745128298522447,
    "b1": -3.3883556626995777,
    "b2": 303.6675582822852,
    "b3": -309.7413345337136,
    "t1": 172.57570919809618,
    "t2": 174.54482612556092
}