{
    "b0": 0.08097855282371748,
    "b1": -0.020701315424629274,
    "b2": -0.053283979942972244,
    "b3": -0.0023945990383783915,
    "t1": 0.8417498601872877,
    "t2": 3.370607547691503
}