{
    "b0": 0.09723640348169388,
    "b1": -0.03223082559601412,
    "b2": -0.060250181002792086,
    "b3": 0.02494944237329158,
    "t1": 0.9975478048359065,
    "t2": 1.828665722325999
}