{
    "b0": 0.08565945762611943,
    "b1": -0.022003945093540755,
    "b2": -0.06177097189715794,
    "b3": -0.014249768289092838,
    "t1": 0.8467421898875163,
    "t2": 3.5514943868003424
}