{
    "b0": 7.588869491314735,
    "b1": -2.8992735288137608,
    "b2": -2.3387925374609315,
    "b3": -2.3044879296715117,
    "t1": 264.37344461821107,
    "t2": 256.52871417602955
}