{
    "b0": 0.08309056118532132,
    "b1": -0.035066931518331526,
    "b2": -0.052736543289558326,
    "b3": -0.021025259787723464,
    "t1": 0.6797676315475678,
    "t2": 2.8196312772859735
}