{
    "b0": 0.19843033564444895,
    "b1": -0.15366206546403122,
    "b2": -0.11685772316540141,
    "b3": -0.3325756163361497,
    "t1": 1.1403704646210562,
    "t2": 6.872684442133506
}