{
    "b0": 0.0850524386541851,
    "b1": -0.025181534584386572,
    "b2": -0.05667199489597306,
    "b3": -0.01833763103328493,
    "t1": 0.7298863901323815,
    "t2": 3.1867600746063482
}