{
    "b0": 0.07069287441241089,
    "b1": -0.02423963292340596,
    "b2": 0.14259034604727838,
    "b3": -0.197518094775014,
    "t1": 91.01822304541801,
    "t2": 119.61674441860166
}