{
    "b0": 0.09580891993750618,
    "b1": -0.03084848082291127,
    "b2": -0.05648904005219167,
    "b3": 0.022062499177823623,
    "t1": 0.9914775331010791,
    "t2": 1.8722295225111323
}