{
    "b0": 7.182117617513071,
    "b1": -2.20192072464475,
    "b2": -0.055142186041503116,
    "b3": -6.426103183460493,
    "t1": 163.77427046257466,
    "t2": 281.56202506504826
}