{
    "b0": 0.11670055123884707,
    "b1": -0.05698994223560887,
    "b2": -0.08024347163466689,
    "b3": -0.10285549085777185,
    "t1": 0.8167513791753114,
    "t2": 5.579581111206055
}