{
    "b0": 8.00162304545406,
    "b1": -2.043076719056087,
    "b2": -0.3838583974710841,
    "b3": -7.620427589697993,
    "t1": 67.9724378905768,
    "t2": 259.20544527675685
}