{
    "b0": 0.19101902943396654,
    "b1": -0.13066711042546447,
    "b2": -0.12755936974052445,
    "b3": -0.3043019677306201,
    "t1": 1.0429897153047483,
    "t2": 6.613884550066322
}