{
    "b0": 0.13976517034188282,
    "b1": -0.08243592997358756,
    "b2": -0.09289089197975375,
    "b3": -0.16076529343916424,
    "t1": 0.9270052069229825,
    "t2": 6.119604374119145
}