{
    "b0": 0.09897165338650715,
    "b1": -0.03393615088118785,
    "b2": -0.6194644459754775,
    "b3": 0.5889437070623167,
    "t1": 1.2278738677743195,
    "t2": 1.2729168770157149
}