{
    "b0": 0.08506010775940953,
    "b1": -0.023965197014430076,
    "b2": -0.33645539351135806,
    "b3": 0.2958999514672656,
    "t1": 136.77280953569368,
    "t2": 115.33026678315174
}