{
    "b0": 0.09711721895277999,
    "b1": -0.032185326063046554,
    "b2": -0.9238994782453631,
    "b3": 0.8915403243833734,
    "t1": 1.129521037115277,
    "t2": 1.1479649729267043
}