{
    "b0": 7.778693570479248,
    "b1": -3.336007241904724,
    "b2": -0.008426484006467838,
    "b3": -7.367634355670116,
    "t1": 111.90445919426126,
    "t2": 223.18124573880434
}