{
    "b0": 0.09040723438878646,
    "b1": -0.02476797084395177,
    "b2": -0.053580561981995754,
    "b3": -0.013938966804877091,
    "t1": 0.9523471347461712,
    "t2": 3.801284411381679
}