{
    "b0": 7.782543455297917,
    "b1": -2.283705661261763,
    "b2": 5.095620163450275,
    "b3": -11.458977736555411,
    "t1": 196.91585289137117,
    "t2": 231.91833062093914
}