{
    "b0": 9.718968158423271,
    "b1": -3.332120561610629,
    "b2": 287.6139790214333,
    "b3": -293.37972368036736,
    "t1": 179.8819546258021,
    "t2": 181.7259005259493
}