{
    "b0": 0.09787715009332437,
    "b1": -0.03302548008812687,
    "b2": -0.5770621319264289,
    "b3": 0.5454113480294176,
    "t1": 1.129445459180097,
    "t2": 1.158718041475394
}