{
    "b0": 0.11200433630883695,
    "b1": -0.053804240834428085,
    "b2": -0.07391932303163358,
    "b3": -0.08732530485669522,
    "t1": 0.83394978016253,
    "t2": 5.705758694725544
}