{
    "b0": 0.09274550093728258,
    "b1": -0.031711243824907163,
    "b2": 0.0983894494597008,
    "b3": -0.15607165162989323,
    "t1": 89.087376326421,
    "t2": 138.17964158184407
}