{
    "b0": 8.228822005413003,
    "b1": -2.3403704389040803,
    "b2": 2.0738194192396158,
    "b3": -8.098667792094647,
    "t1": 174.96896694432724,
    "t2": 229.29132633413033
}