{
    "b0": 0.07504530295738086,
    "b1": -0.013350450632758748,
    "b2": -0.7069670722813761,
    "b3": 0.6646697504537878,
    "t1": 127.077140982321,
    "t2": 118.61262343649287
}