{
    "b0": 0.09655031230067755,
    "b1": -0.031611079192613425,
    "b2": -0.05061412178835655,
    "b3": 0.014963937429645644,
    "t1": 0.8877228070390131,
    "t2": 2.9892665546347574
}