{
    "b0": 9.967225697827391,
    "b1": -3.599020104762875,
    "b2": 2619.186563892567,
    "b3": -2625.3808902989854,
    "t1": 177.58282700490287,
    "t2": 177.80728148522556
}