{
    "b0": 0.08356397301391649,
    "b1": -0.028218604738949174,
    "b2": -0.06046113552588456,
    "b3": -0.019410914360443694,
    "t1": 0.6876911023844838,
    "t2": 3.0640308477204456
}