{
    "b0": 7.726899701332027,
    "b1": -2.214766570673338,
    "b2": -0.43978210841948173,
    "b3": -7.2415677675326275,
    "t1": 122.88440831017306,
    "t2": 247.67118614638528
}