{
    "b0": 9.523423169212656,
    "b1": -3.1648628551669624,
    "b2": -313.94152031942934,
    "b3": 308.3181202457858,
    "t1": 172.61992450423836,
    "t2": 170.82031413707887
}