{
    "b0": 0.13559445742369075,
    "b1": -0.07579695794296754,
    "b2": -0.09137289298988921,
    "b3": -0.1521330274331252,
    "t1": 0.8934444073804668,
    "t2": 5.84623049951361
}