{
    "b0": 7.483971957890804,
    "b1": -2.550877054365074,
    "b2": -1.3938997224686087,
    "b3": -5.2762365152200665,
    "t1": 150.24003013529057,
    "t2": 269.05825799527855
}