{
    "b0": 9.609736732385043,
    "b1": -3.226394188525152,
    "b2": -773.1650769302744,
    "b3": 767.4796027032975,
    "t1": 176.71192565101688,
    "t2": 176.02467496501433
}