{
    "b0": 0.0810955535656336,
    "b1": -0.027600418347839058,
    "b2": -0.06675351759209186,
    "b3": -0.021231342794390033,
    "t1": 0.7757799714466604,
    "t2": 3.3943976665287012
}