{
    "b0": 0.09847275867987978,
    "b1": -0.033689856527135874,
    "b2": -0.04960637547873557,
    "b3": 0.008752527245889092,
    "t1": 0.8691861929145361,
    "t2": 2.4648182505884337
}