{
    "b0": 0.09481694187419161,
    "b1": -0.03375682816397036,
    "b2": 0.1406357772734446,
    "b3": -0.20050308074101558,
    "t1": 94.49784358734156,
    "t2": 131.70683872950417
}