{
    "b0": 0.07808111494619308,
    "b1": -0.03131386780854923,
    "b2": -8.43993377356439e-08,
    "b3": -0.023083803213759947,
    "t1": 1.9809146947693164,
    "t2": 0.5296674993041542
}