{
    "b0": 0.10047359304478348,
    "b1": -0.03544370872188254,
    "b2": -0.11530555569058376,
    "b3": 0.079471010848243,
    "t1": 1.1745852828123262,
    "t2": 1.4931108019037183
}