{
    "b0": 0.08212342174470191,
    "b1": -0.03444945419078675,
    "b2": -0.05080101372281174,
    "b3": -0.01892887567916544,
    "t1": 0.6873324274018502,
    "t2": 2.80297066787757
}