{
    "b0": 9.501616172045507,
    "b1": -3.115883133038592,
    "b2": -440.4980739277464,
    "b3": 434.7033919534236,
    "t1": 193.24253532072677,
    "t2": 191.84370558242261
}