{
    "b0": 0.08606856715680916,
    "b1": -0.02181344839143154,
    "b2": -0.06015360282006157,
    "b3": -0.01261861325804703,
    "t1": 0.8927748990915829,
    "t2": 3.654836912480774
}