{
    "b0": 7.756190204999722,
    "b1": -2.283277821346596,
    "b2": -0.24123864059822786,
    "b3": -7.338512425668695,
    "t1": 127.4618457174854,
    "t2": 243.97857959443152
}