{
    "b0": 0.10315131426087189,
    "b1": -0.0582857547719373,
    "b2": -0.0633377785952448,
    "b3": -0.07090321314034886,
    "t1": 0.8061084115156099,
    "t2": 5.369849270591473
}