{
    "b0": 8.044026092705153,
    "b1": -1.5953718779744017,
    "b2": -806.4527247455329,
    "b3": 800.6002032999904,
    "t1": 264.68730380169507,
    "t2": 264.27753987352554
}