{
    "b0": 7.5809208534937245,
    "b1": -3.1582819959192356,
    "b2": -108.33538678824988,
    "b3": 103.00949067892252,
    "t1": 198.0961761628212,
    "t2": 194.91600975180674
}