{
    "b0": 0.08222972478455114,
    "b1": -0.018462638515753874,
    "b2": -0.005589107003408247,
    "b3": -0.06821357698822268,
    "t1": 159.95831728514867,
    "t2": 317.9937575494138
}