{
    "b0": 0.07553885135670903,
    "b1": -0.025572059088307814,
    "b2": -0.05513624516300013,
    "b3": -0.006820665450163518,
    "t1": 0.7732646467663742,
    "t2": 3.189600753624672
}