{
    "b0": 0.08337947082342748,
    "b1": -0.02812466416410285,
    "b2": -0.06239062326257276,
    "b3": -0.018897364709620994,
    "t1": 0.6918586097148127,
    "t2": 3.0495288692089932
}