{
    "b0": 0.09591561376014046,
    "b1": -0.03523901973058095,
    "b2": 0.15958552386880032,
    "b3": -0.2192583577617132,
    "t1": 95.97908000679308,
    "t2": 130.27893331168826
}