{
    "b0": 0.0815753057898339,
    "b1": -0.020703533539312792,
    "b2": 0.2226290899814459,
    "b3": -0.264713779420838,
    "t1": 99.08147598454656,
    "t2": 124.52432061590392
}