{
    "b0": 7.7229757513540065,
    "b1": -2.909465232866916,
    "b2": -1.306017118723973,
    "b3": -6.373142329538535,
    "t1": 116.47766613973498,
    "t2": 263.349685056754
}