{
    "b0": 7.722303311143388,
    "b1": -2.863459707077043,
    "b2": -1.101410312424362,
    "b3": -5.981692003774618,
    "t1": 135.24651220739736,
    "t2": 252.80007411631576
}