{
    "b0": 0.09268093998540473,
    "b1": -0.0321067539398885,
    "b2": 0.13905352087126968,
    "b3": -0.1954423561446874,
    "t1": 90.96754862500751,
    "t2": 129.87289835998152
}