{
    "b0": 0.09795412963021871,
    "b1": -0.03306053111964568,
    "b2": -0.05018144175130593,
    "b3": 0.014734539798578314,
    "t1": 0.8764553973858933,
    "t2": 2.7681268394340757
}