{
    "b0": 7.6854189359111,
    "b1": -2.932565344206643,
    "b2": -1.535218504061075,
    "b3": -3.955349140963693,
    "t1": 225.39649333456455,
    "t2": 283.3222783800415
}