{
    "b0": 0.07474542572527308,
    "b1": -0.021896789662853508,
    "b2": 0.006225095941280106,
    "b3": -0.0862673352131302,
    "t1": 44.41688976462477,
    "t2": 172.2995250556579
}