{
    "b0": 0.07983147282399261,
    "b1": -0.02723006178664719,
    "b2": -0.06282437295044245,
    "b3": -0.016683943042389043,
    "t1": 0.8082585342359914,
    "t2": 3.4710182856463225
}