{
    "b0": 0.07543346720895369,
    "b1": -0.018466591300936953,
    "b2": 0.10063749251952858,
    "b3": -0.14920312205172795,
    "t1": 94.58414108673031,
    "t2": 140.65006728351278
}