{
    "b0": 0.09448499983459147,
    "b1": -0.0295738587707135,
    "b2": -0.048389855570298276,
    "b3": 0.01592419852281802,
    "t1": 0.9632098428783751,
    "t2": 3.1868466953132923
}