{
    "b0": 0.09635351810341648,
    "b1": -0.03127280545304078,
    "b2": -0.06301434688033594,
    "b3": 0.022238354980968204,
    "t1": 0.9839151942043508,
    "t2": 1.524981283462899
}