{
    "b0": 0.0872246369110241,
    "b1": -0.02186287229559243,
    "b2": 0.023766475071695062,
    "b3": -0.05575963032371407,
    "t1": 2.126608222369163,
    "t2": 1.1066307407331535
}