{
    "b0": 0.3742425101368053,
    "b1": -0.3086140556538732,
    "b2": -0.22023247341316193,
    "b3": -0.7811904495703557,
    "t1": 1.4250871258139517,
    "t2": 7.736891733956327
}