{
    "b0": 0.09106996647582417,
    "b1": -0.025939205723061097,
    "b2": -0.04825998516127361,
    "b3": 0.0022200728374495767,
    "t1": 1.008761104341023,
    "t2": 3.8075399063020683
}