{
    "b0": 0.07523418646405605,
    "b1": -0.021658755269458332,
    "b2": -0.01522984662807495,
    "b3": -0.07417620364583201,
    "t1": 0.3115657581588762,
    "t2": 0.845775073965624
}