{
    "b0": 0.09690729587936693,
    "b1": -0.035999141648902,
    "b2": 0.08533954658300684,
    "b3": -0.15035762940104636,
    "t1": 84.2373078104661,
    "t2": 138.03371836311536
}