{
    "b0": 0.0939137008128912,
    "b1": -0.032770399593811506,
    "b2": 0.1148240116591169,
    "b3": -0.17431864473358602,
    "t1": 100.48863080745346,
    "t2": 147.46965243751507
}