{
    "b0": 0.09852672059750438,
    "b1": -0.033749006537072766,
    "b2": -0.044938262587283576,
    "b3": 0.00286773551527438,
    "t1": 0.8314472286942887,
    "t2": 2.8326301433595464
}