{
    "b0": 8.322904397391936,
    "b1": -1.8878592070899627,
    "b2": -0.0021146845998880615,
    "b3": -7.118758366460002,
    "t1": 74.75871333663389,
    "t2": 272.647626959354
}