{
    "b0": 0.10525763554683659,
    "b1": -0.06031550691704357,
    "b2": -0.06608360497932968,
    "b3": -0.07239920703364437,
    "t1": 0.8032809243270483,
    "t2": 5.66766636160029
}