{
    "b0": 7.425231320175228,
    "b1": -2.4632997662911134,
    "b2": 101.30539963119703,
    "b3": -107.14075091022039,
    "t1": 227.64446856963627,
    "t2": 229.97265196204117
}