{
    "b0": 0.0832477245113975,
    "b1": -0.02106418190154513,
    "b2": 0.07674496461992368,
    "b3": -0.12885899991697988,
    "t1": 117.19379149587313,
    "t2": 183.9356435748282
}