{
    "b0": 0.09869570650537995,
    "b1": -0.04844151170580564,
    "b2": -0.07008952436188062,
    "b3": -0.07352118337300273,
    "t1": 0.859575468139094,
    "t2": 5.255006051274977
}