{
    "b0": 7.5390149008981755,
    "b1": -2.9200114315810453,
    "b2": -1.7638722304617698,
    "b3": -6.672589112672892,
    "t1": 80.45357457306442,
    "t2": 264.24517104053365
}