{
    "b0": 0.09066129635370972,
    "b1": -0.07135269412010842,
    "b2": -0.08187682649767031,
    "b3": 0.01948115853734666,
    "t1": 0.983734432310166,
    "t2": 3.2369269075212275
}