{
    "b0": 0.08933991735399577,
    "b1": -0.07270002755010752,
    "b2": 0.1128255341780777,
    "b3": -0.23845511529332303,
    "t1": 98.31568174499327,
    "t2": 146.0442146911619
}