{
    "b0": 0.09177011797319366,
    "b1": -0.07210502741892941,
    "b2": -0.24878669287186436,
    "b3": 0.1739605936683072,
    "t1": 1.0608585436042328,
    "t2": 1.1157085827929594
}