{
    "b0": 0.09069826597767688,
    "b1": -0.07520935843185718,
    "b2": 0.15469679936614178,
    "b3": -0.2720716721808947,
    "t1": 120.43661159170547,
    "t2": 167.33802307242235
}