{
    "b0": 0.09089098056387185,
    "b1": -0.053818318589283085,
    "b2": 0.28495176732063726,
    "b3": -0.34740477209812437,
    "t1": 1.4270178343169864,
    "t2": 1.2453335963216279
}