{
    "b0": 0.09859804822587946,
    "b1": -0.07980812520719963,
    "b2": -0.07026737848688053,
    "b3": -0.019264098472634352,
    "t1": 0.8168748255592959,
    "t2": 2.4739925805926504
}