{
    "b0": 0.09085053732036213,
    "b1": -0.05426201310503706,
    "b2": 0.054706380445037804,
    "b3": -0.1072064706363269,
    "t1": 1.9128345145321546,
    "t2": 1.080327692182779
}