{
    "b0": 0.09318945544714549,
    "b1": -0.07369788366256827,
    "b2": -0.06321798864129506,
    "b3": -0.005013158339955522,
    "t1": 0.951372565292653,
    "t2": 0.19407142167861752
}