{
    "b0": 0.12464881053780524,
    "b1": -0.08668082837250826,
    "b2": -0.09076395288312641,
    "b3": -0.08904187817545818,
    "t1": 0.8278393475926354,
    "t2": 4.579173903615328
}