{
    "b0": 0.07654145564861084,
    "b1": -0.059992843776696655,
    "b2": 0.6547552443683119,
    "b3": -0.7476665032229395,
    "t1": 109.73215572894226,
    "t2": 119.5279038806955
}