{
    "b0": 0.09035064077869609,
    "b1": -0.07077628429519957,
    "b2": 0.050194960618107215,
    "b3": -0.07838012157041299,
    "t1": 1.8740236810805617,
    "t2": 1.1127369296721206
}