{
    "b0": 0.09734294758305434,
    "b1": -0.0776266561669449,
    "b2": -0.08027945507179525,
    "b3": -0.039728123673359726,
    "t1": 0.6472306256096243,
    "t2": 2.972129589091443
}