{
    "b0": 0.09744824035762527,
    "b1": -0.07816205534575113,
    "b2": -0.08129153481587892,
    "b3": 0.005921333280961765,
    "t1": 0.9220186236239913,
    "t2": 2.9904552475336037
}