{
    "b0": 0.08767319393758838,
    "b1": -0.054344297406782135,
    "b2": -23.850089739279426,
    "b3": 23.75057548960129,
    "t1": 143.90609545069861,
    "t2": 143.44641886216533
}