{
    "b0": 9.537856929517059,
    "b1": -7.665318928426181,
    "b2": -8.065408582966601,
    "b3": 0.49203842610955384,
    "t1": 289.8260693012355,
    "t2": 110.59666554881461
}