{
    "b0": 8.489670703180638,
    "b1": -6.28285776833545,
    "b2": -9.579157689512213,
    "b3": 0.9171309003636927,
    "t1": 317.97159396542236,
    "t2": 174.195298289629
}