{
    "b0": 0.07186949069180464,
    "b1": -0.03059316719221382,
    "b2": 0.062042601416444354,
    "b3": -0.12400046343040202,
    "t1": 77.69694307251939,
    "t2": 136.5446738209994
}