{
    "b0": 8.34377594835876,
    "b1": -6.130257547263724,
    "b2": 2.3416638026124086,
    "b3": -3.805141444630345,
    "t1": 947.6941644782178,
    "t2": 241.96036578953183
}