{
    "b0": 0.08867069119440833,
    "b1": -0.06644858753285501,
    "b2": -0.08355135240403641,
    "b3": -0.008698823513685956,
    "t1": 0.9250585156250257,
    "t2": 3.4764961550524793
}