{
    "b0": 0.10137788407754869,
    "b1": -0.07897495034481312,
    "b2": -0.09474588727133022,
    "b3": -0.031571873395313324,
    "t1": 0.9219891366953807,
    "t2": 3.59794205953152
}