{
    "b0": 8.361395172067251,
    "b1": -4.133964551706378,
    "b2": -4.8805188508457675,
    "b3": -2.699766104015126,
    "t1": 274.2827125066505,
    "t2": 1350.7780912404535
}