{
    "b0": 9.439886655829474,
    "b1": -7.488899386342958,
    "b2": 0.020477555398978886,
    "b3": -3.5651259287817343,
    "t1": 478.66648951701865,
    "t2": 175.48218967328688
}