{
    "b0": 9.04353217955532,
    "b1": -7.123295430985612,
    "b2": -583.3702348998249,
    "b3": 573.0065672700965,
    "t1": 255.12122850293207,
    "t2": 253.8924264247187
}