{
    "b0": 0.10405262290553961,
    "b1": -0.06302841716810194,
    "b2": -0.0631869668203446,
    "b3": -0.0518371921753992,
    "t1": 0.6532209227211292,
    "t2": 2.300851865529067
}