{
    "b0": 9.167303676622344,
    "b1": -6.370321640554103,
    "b2": -26.941041251068764,
    "b3": 16.613208603202295,
    "t1": 309.2985519662752,
    "t2": 293.0158389109433
}