{
    "b0": 9.472838223115206,
    "b1": -7.557083541922836,
    "b2": -0.16353152317889785,
    "b3": -2.7987215181304,
    "t1": 529.6317627979165,
    "t2": 184.15781538069768
}