{
    "b0": 0.08833621974617702,
    "b1": -0.07282890832724755,
    "b2": 0.27922295514408213,
    "b3": -0.39010473452342226,
    "t1": 108.44080126703106,
    "t2": 132.88508879009504
}