{
    "b0": 0.07764101578207826,
    "b1": -0.058206799246496715,
    "b2": -0.8494027671455713,
    "b3": 0.7555177902225377,
    "t1": 161.6445169640003,
    "t2": 150.26352691484084
}