{
    "b0": 0.08500850131198272,
    "b1": -0.041548296191552286,
    "b2": -0.049389873188281974,
    "b3": -0.030180682085182778,
    "t1": 0.7856590753325621,
    "t2": 3.3201844494406436
}