{
    "b0": 0.09252342508743196,
    "b1": -0.06801834251728194,
    "b2": -0.07837594784264995,
    "b3": -0.03656365355741249,
    "t1": 0.8037683326828312,
    "t2": 2.0486724870014434
}