{
    "b0": 9.02823461437829,
    "b1": -7.119959051213371,
    "b2": 1552.7009388586553,
    "b3": -1562.7754773909694,
    "t1": 263.3129319558825,
    "t2": 263.7745804076311
}