{
    "b0": 9.25007928431927,
    "b1": -7.359797397739033,
    "b2": 245.15707153440528,
    "b3": -255.3886489339632,
    "t1": 239.17371055691905,
    "t2": 242.04133096743666
}