{
    "b0": 0.09432814445835329,
    "b1": -0.07240780440862551,
    "b2": -0.080806975045778,
    "b3": -0.03825329350021614,
    "t1": 0.8235998869811099,
    "t2": 3.3017804978016883
}