{
    "b0": 0.08170759928655195,
    "b1": -0.03805106257411896,
    "b2": -0.05075037940939485,
    "b3": -0.015443648869331132,
    "t1": 0.8255401658966901,
    "t2": 3.2585086730114723
}