{
    "b0": 0.08077592062350382,
    "b1": -0.05845187640032283,
    "b2": 0.14945019328124323,
    "b3": -0.26646517145718435,
    "t1": 131.1315221756119,
    "t2": 181.92358865157414
}