{
    "b0": 0.07988753809186708,
    "b1": -0.06282782129669565,
    "b2": 0.10798049388030495,
    "b3": -0.21336789993022703,
    "t1": 102.14543856608489,
    "t2": 145.56345683584584
}