{
    "b0": 0.09077175536183779,
    "b1": -0.05587698007914006,
    "b2": 0.1228117508927338,
    "b3": -0.23798890836957262,
    "t1": 123.87747490744233,
    "t2": 179.22895539277417
}