{
    "b0": 0.07721294520228869,
    "b1": -0.03235797858558503,
    "b2": -0.04627859856690254,
    "b3": -0.008149581301052568,
    "t1": 0.6834108947353705,
    "t2": 2.3844751620058116
}