{
    "b0": 0.10485001192248851,
    "b1": -0.06700854985544594,
    "b2": -0.09106559323204087,
    "b3": 0.00159671240469713,
    "t1": 0.6940235876448848,
    "t2": 1.7392840357691255
}