{
    "b0": 0.1088477207122846,
    "b1": -0.0709657363689943,
    "b2": -0.6172454969218809,
    "b3": 0.5384092276313328,
    "t1": 0.8815011453587974,
    "t2": 0.9461808028349669
}