{
    "b0": 0.07663634410806856,
    "b1": -0.05796536325148076,
    "b2": 0.11290307649842908,
    "b3": -0.220856920619504,
    "t1": 110.36614366933979,
    "t2": 167.30064187088652
}