{
    "b0": 10.779126967821547,
    "b1": -6.594584490889641,
    "b2": -0.001410219823795078,
    "b3": -1.5078182022417665,
    "t1": 675.9628002106007,
    "t2": 152.89297264566406
}