{
    "b0": 9.042887748813856,
    "b1": -7.135037582251625,
    "b2": 1281.9625816742112,
    "b3": -1292.138533322042,
    "t1": 259.75312316593835,
    "t2": 260.3181553571462
}