{
    "b0": 0.3392273776211841,
    "b1": -0.31697188065841786,
    "b2": -0.22463925018678535,
    "b3": -0.6706938215420306,
    "t1": 1.3173604347709607,
    "t2": 7.447169040026812
}