{
    "b0": 0.12535206876306232,
    "b1": -0.08036926469742262,
    "b2": -0.07812194726826713,
    "b3": -0.1405111907998215,
    "t1": 0.8700135816182382,
    "t2": 5.949118539489419
}