{
    "b0": 0.09093766284402166,
    "b1": -0.06892601172225116,
    "b2": -0.0782770616762327,
    "b3": -0.026998502112015228,
    "t1": 0.8354862177014075,
    "t2": 3.208410054258227
}