{
    "b0": 9.18838824990825,
    "b1": -6.435690271400732,
    "b2": -38.77005929155652,
    "b3": 27.96296921764674,
    "t1": 287.26163793720576,
    "t2": 270.78967340739564
}