{
    "b0": 8.538036206706193,
    "b1": -6.330606283040675,
    "b2": -20.089581704041006,
    "b3": 11.137173878662049,
    "t1": 295.0541085984289,
    "t2": 268.0137499335102
}