{
    "b0": 8.294907246496782,
    "b1": -6.287937165495245,
    "b2": -5.31422645056691,
    "b3": -1.8175727840892855,
    "t1": 388.09306338251264,
    "t2": 287.6337420335118
}