{
    "b0": 0.08669385247895317,
    "b1": -0.06908165944375227,
    "b2": 0.07147011464175225,
    "b3": -0.193981496283526,
    "t1": 106.7832974256536,
    "t2": 165.02707853179763
}