{
    "b0": 0.0812429075267593,
    "b1": -0.06438404869879127,
    "b2": 0.09832830303181063,
    "b3": -0.21220504921272365,
    "t1": 95.84476469583561,
    "t2": 145.91023071490247
}