{
    "b0": 0.07578272517495843,
    "b1": -0.03370402202342733,
    "b2": -0.046299381665414224,
    "b3": 0.003394383323665767,
    "t1": 1.0334989385253879,
    "t2": 3.7132927528322304
}