{
    "b0": 9.785223823224948,
    "b1": -7.902998556438218,
    "b2": -988.0444150976531,
    "b3": 977.1074169469899,
    "t1": 222.48369659153443,
    "t2": 221.6541339858614
}