{
    "b0": 0.16317898856278182,
    "b1": -0.14161907486079903,
    "b2": -0.12367274897305466,
    "b3": -0.21887120661468393,
    "t1": 0.9989742744704553,
    "t2": 5.991756178104654
}