{
    "b0": 0.07509400153459068,
    "b1": -0.0330640197127543,
    "b2": 0.10946055141123312,
    "b3": -0.13635482431487508,
    "t1": 1.5619015576142152,
    "t2": 1.352117440037404
}