{
    "b0": 0.07159943959729996,
    "b1": -0.030897198749221866,
    "b2": 3.9129918135889477,
    "b3": -3.9646129481621775,
    "t1": 103.62140927989512,
    "t2": 105.023947696841
}