{
    "b0": 0.0900405262775175,
    "b1": -0.05615461761428922,
    "b2": 1.1303502458643837,
    "b3": -1.2428868408317355,
    "t1": 161.70016071617823,
    "t2": 171.94417608873175
}