{
    "b0": 0.08258121733571806,
    "b1": -0.038336222586217945,
    "b2": -0.05064050877002284,
    "b3": -0.017192606103325198,
    "t1": 0.8229260522880466,
    "t2": 3.27982997494105
}