{
    "b0": 0.09043429385978391,
    "b1": -0.07513486211543277,
    "b2": 0.6180059072827911,
    "b3": -0.7252601982469505,
    "t1": 129.61249348500638,
    "t2": 144.46570544520677
}