{
    "b0": 0.08821612555094253,
    "b1": -0.05192070752858072,
    "b2": 0.21787841791437107,
    "b3": -0.31559839213950486,
    "t1": 124.05998064647042,
    "t2": 154.3260660403782
}