{
    "b0": 7.969345593907343,
    "b1": -3.708884424759184,
    "b2": 0.0006140265465872652,
    "b3": -1.4556754701907177,
    "t1": 1016.0123759506716,
    "t2": 137.789302019417
}