{
    "b0": 0.0763057990325861,
    "b1": -0.03413967929152908,
    "b2": -0.040787574101666925,
    "b3": -0.01327725276659382,
    "t1": 0.7168244031940978,
    "t2": 2.6211452628989518
}