{
    "b0": 0.0902283081424682,
    "b1": -0.07074846134517197,
    "b2": -0.06680517982839135,
    "b3": -0.0405823372885685,
    "t1": 0.5692211893615016,
    "t2": 1.7645574389661762
}