{
    "b0": 0.09415015183438417,
    "b1": -0.06735259355241506,
    "b2": -0.04818001791187564,
    "b3": -0.10070259455052771,
    "t1": 0.5471348714083639,
    "t2": 1.1962219752616026
}