{
    "b0": 8.407584320493344,
    "b1": -6.224196924273804,
    "b2": -4.435921579879879,
    "b3": -2.3753593981164713,
    "t1": 403.0137019508224,
    "t2": 214.2882966129624
}