{
    "b0": 0.08395807658562766,
    "b1": -0.06791226634884469,
    "b2": 0.11103348436871899,
    "b3": -0.23250237435091742,
    "t1": 120.74090097151564,
    "t2": 191.41089888609648
}