{
    "b0": 0.08370552011246632,
    "b1": -0.04974770957639804,
    "b2": 0.24226378867834283,
    "b3": -0.3518904663523045,
    "t1": 148.68079563829403,
    "t2": 186.84227058970208
}