{
    "b0": 8.22385970546017,
    "b1": -3.9931091334077307,
    "b2": -4.75149846894675,
    "b3": -2.6295464355124643,
    "t1": 289.57045278754794,
    "t2": 1449.2218556683094
}