{
    "b0": 0.09422441598700501,
    "b1": -0.07496448966562246,
    "b2": -0.0837316169065504,
    "b3": 0.010563273555754048,
    "t1": 0.9767525425379412,
    "t2": 1.8894672314394232
}