{
    "b0": 9.57584193493796,
    "b1": -7.603609653400712,
    "b2": -0.008592215703621786,
    "b3": -4.322687961940977,
    "t1": 408.6053532505364,
    "t2": 187.50666487634714
}