{
    "b0": 0.10049375101589049,
    "b1": -0.07185668319710907,
    "b2": -0.1043463965636846,
    "b3": -0.005873974792156313,
    "t1": 0.939826657971909,
    "t2": 3.5405428775718213
}