{
    "b0": 0.22018541271169004,
    "b1": -0.1819915016678459,
    "b2": -0.1650778398720431,
    "b3": -0.3364983198716092,
    "t1": 0.7714654081484091,
    "t2": 5.431185978399339
}