{
    "b0": 0.06971495905671982,
    "b1": -0.030283475483044296,
    "b2": 0.21033913461899648,
    "b3": -0.2609143863513015,
    "t1": 90.69308630766696,
    "t2": 112.74989293225308
}