{
    "b0": 0.06962583568665523,
    "b1": -0.029198491346219595,
    "b2": 0.20773452914436352,
    "b3": -0.2609010352685149,
    "t1": 91.6017032391288,
    "t2": 113.86640029185335
}