{
    "b0": 8.306787821723516,
    "b1": -4.104450140042653,
    "b2": -5.935666195549756,
    "b3": -1.1198032078876912,
    "t1": 387.7275375769109,
    "t2": 1581.0915905549587
}