{
    "b0": 0.07242991411212304,
    "b1": -0.03517327065058759,
    "b2": 0.38217973781873066,
    "b3": -0.44825585503105914,
    "t1": 118.05098628478957,
    "t2": 136.23694571466032
}