{
    "b0": 0.08912368266976763,
    "b1": -0.06959229720312855,
    "b2": -0.08450886082914588,
    "b3": -0.0016469859051111806,
    "t1": 0.9956085292964827,
    "t2": 3.6088618148987033
}