{
    "b0": 0.09620968763522957,
    "b1": -0.07705752524802749,
    "b2": -0.07750863503802961,
    "b3": -0.017017748525220918,
    "t1": 0.6614512555208175,
    "t2": 2.623065926814719
}