{
    "b0": 0.0732039344160485,
    "b1": -0.03099933525308525,
    "b2": 0.244272418610108,
    "b3": -0.281092820548626,
    "t1": 1.0000004138350083,
    "t2": 0.9747459537780934
}