{
    "b0": 0.07816124321496376,
    "b1": -0.06110759352493002,
    "b2": 0.04366698710951081,
    "b3": -0.15986854614159865,
    "t1": 81.35380107638707,
    "t2": 149.319427925603
}