{
    "b0": 0.07703417687704826,
    "b1": -0.058720164748930354,
    "b2": 0.2576885012835287,
    "b3": -0.3631986634637391,
    "t1": 135.9065662448806,
    "t2": 168.73436268150635
}