{
    "b0": 9.474945936539752,
    "b1": -7.51677911522786,
    "b2": -0.00503639052072824,
    "b3": -3.4220782022561727,
    "t1": 486.20247625174636,
    "t2": 173.95398310840633
}