{
    "b0": 0.06843692750037335,
    "b1": -0.029659415248648416,
    "b2": 0.039832439851408,
    "b3": -0.09937843803938748,
    "t1": 75.47868427218688,
    "t2": 157.1109504078433
}