{
    "b0": 0.09193339718027126,
    "b1": -0.07231046490875065,
    "b2": -0.07179074268013372,
    "b3": -0.03536304978243919,
    "t1": 0.5840587216781559,
    "t2": 1.9090522299949626
}