{
    "b0": 0.07287310095037075,
    "b1": -0.03082001855190799,
    "b2": -0.13236859741112902,
    "b3": 0.09769613623044343,
    "t1": 1.1323340899476928,
    "t2": 1.2271603964444355
}