{
    "b0": 0.08823411855640173,
    "b1": -0.06876330919182577,
    "b2": -0.08295833013852205,
    "b3": 0.015750576291450484,
    "t1": 1.0048555614834902,
    "t2": 3.497733876632017
}