{
    "b0": 0.07741291090528132,
    "b1": -0.05889987014496982,
    "b2": 0.22882758289930288,
    "b3": -0.3349459828508956,
    "t1": 144.8836994565097,
    "t2": 181.10183702957892
}