{
    "b0": 0.09932714986149492,
    "b1": -0.0696119249084383,
    "b2": -0.11425331259770849,
    "b3": 0.012905412824016846,
    "t1": 1.0380380925654746,
    "t2": 3.806062780840171
}