{
    "b0": 9.197669398292593,
    "b1": -6.978367538361891,
    "b2": -90.12342046983362,
    "b3": 79.85239389151303,
    "t1": 292.49274627282995,
    "t2": 287.01702105451153
}