{
    "b0": 0.08209677455012016,
    "b1": -0.06323724577710116,
    "b2": 0.07786397274702814,
    "b3": -0.20493688241306185,
    "t1": 114.56603811768261,
    "t2": 198.13538571821047
}