{
    "b0": 0.08545222190573498,
    "b1": -0.06594403599342791,
    "b2": 0.07348728454372261,
    "b3": -0.2057775786459734,
    "t1": 124.3534498366942,
    "t2": 210.20950050125387
}