{
    "b0": 8.263728524031915,
    "b1": -4.187978797728204,
    "b2": -5.979459194419785,
    "b3": -1.3392117122802936,
    "t1": 373.61067995935827,
    "t2": 1000.9714763820942
}