{
    "b0": 0.09029806474077279,
    "b1": -0.0563780988884318,
    "b2": 3.6681513398724763,
    "b3": -3.782220189460223,
    "t1": 169.40526723194046,
    "t2": 172.76242084780546
}