{
    "b0": 8.948321310566831,
    "b1": -6.75334701006345,
    "b2": -1087.075448988933,
    "b3": 1076.875446518875,
    "t1": 276.9819983941025,
    "t2": 276.42796181241897
}