{
    "b0": 0.08154816974831648,
    "b1": -0.06586605816901342,
    "b2": 6.266473077177137,
    "b3": -6.368197469164131,
    "t1": 147.3990893000634,
    "t2": 149.2441157083931
}