{
    "b0": 9.318759503525664,
    "b1": -7.347759163409999,
    "b2": 0.0012886141185193267,
    "b3": -3.4200589129150276,
    "t1": 485.962041588233,
    "t2": 164.02326370891632
}