{
    "b0": 0.08831061806355522,
    "b1": -0.0683744339784816,
    "b2": -0.07634500852804177,
    "b3": -0.023172881479159593,
    "t1": 0.8718399453786462,
    "t2": 2.1090359003287458
}