{
    "b0": 8.326901413675824,
    "b1": -3.8345090698886413,
    "b2": -5.096075886975056,
    "b3": -2.2589719570785993,
    "t1": 246.25397392717164,
    "t2": 1253.8760948997594
}