{
    "b0": 0.08507886577162968,
    "b1": -0.06865292827812089,
    "b2": 0.10949137921383689,
    "b3": -0.23529946798290352,
    "t1": 125.01054382459243,
    "t2": 194.6682900742449
}