{
    "b0": 0.07222185348375489,
    "b1": -0.03442324083224922,
    "b2": 0.13748106539054777,
    "b3": -0.1987827750472588,
    "t1": 100.39040206046784,
    "t2": 143.95541625891437
}