{
    "b0": 9.486672825377875,
    "b1": -7.55894164329232,
    "b2": -2.846763547920371,
    "b3": -2.073730200797819,
    "t1": 407.60803022752634,
    "t2": 155.44818739174414
}