{
    "b0": 0.14735397673614084,
    "b1": -0.1276618354981718,
    "b2": -0.11697472299047246,
    "b3": -0.1525185289806297,
    "t1": 0.770299801057392,
    "t2": 5.6877344520229265
}