{
    "b0": 0.09307787283463256,
    "b1": -0.07304397255023175,
    "b2": -0.07701904203837102,
    "b3": -0.040669426851779704,
    "t1": 0.6107522285206226,
    "t2": 2.656385938223832
}