{
    "b0": 0.09229476950750422,
    "b1": -0.07248648498773448,
    "b2": -0.07218908286484316,
    "b3": -0.029471978727697412,
    "t1": 0.5847876735201005,
    "t2": 1.3214565603934947
}