{
    "b0": 0.0683170165579157,
    "b1": -0.029833310341917607,
    "b2": 0.056360205260914883,
    "b3": -0.11279736398118617,
    "t1": 72.62630801002008,
    "t2": 134.3511850159345
}