{
    "b0": 0.060736571368496854,
    "b1": -0.04127354917536086,
    "b2": -0.05325445443547433,
    "b3": 0.07895548424342529,
    "t1": 0.5343273883511348,
    "t2": 10.542772297638228
}