{
    "b0": 8.473452293866973,
    "b1": -4.265558249422312,
    "b2": -5.01224711112453,
    "b3": -1.9157616898875967,
    "t1": 339.99463552587736,
    "t2": 1371.2422441818583
}