{
    "b0": 0.09493276641018211,
    "b1": -0.06811068911868769,
    "b2": 1.1108652792476015,
    "b3": -1.2431968486688572,
    "t1": 172.7964856183064,
    "t2": 185.00107965166632
}