{
    "b0": 0.0738955863659887,
    "b1": -0.031892864679290076,
    "b2": -0.04406346518120039,
    "b3": 0.005051389653753227,
    "t1": 1.0595034607575293,
    "t2": 3.7755895298584616
}