{
    "b0": 0.06964160038578623,
    "b1": -0.02880738201941479,
    "b2": 0.6343299089521403,
    "b3": -0.6860200009582159,
    "t1": 97.89447095048345,
    "t2": 105.71715833822232
}