{
    "b0": 10.192866134617988,
    "b1": -6.531484277961386,
    "b2": -12.479736854393607,
    "b3": 2.107424903349716,
    "t1": 263.5665555633872,
    "t2": 114.43971555352535
}