{
    "b0": 0.09131828683320407,
    "b1": -0.05326836523851927,
    "b2": -0.11917514364271717,
    "b3": 0.03434803214103285,
    "t1": 0.9467901576729367,
    "t2": 1.610186054030546
}