{
    "b0": 0.09023329267618503,
    "b1": -0.07532344799498161,
    "b2": 0.35367643475685434,
    "b3": -0.4609080479565034,
    "t1": 128.44648494444868,
    "t2": 152.14341317695295
}