{
    "b0": 0.11106160618035846,
    "b1": -0.09156886645282972,
    "b2": -0.09404011834586977,
    "b3": -0.04995379983592702,
    "t1": 0.7066265143846028,
    "t2": 5.192713635549895
}