{
    "b0": 0.09125668937331037,
    "b1": -0.06921934012263124,
    "b2": -0.08022186392523499,
    "b3": -0.029562693006451646,
    "t1": 0.8361172364260292,
    "t2": 3.263380970985709
}