{
    "b0": 0.0942004799350762,
    "b1": -0.0677810015078848,
    "b2": -0.07117559670230494,
    "b3": -0.06435164614832667,
    "t1": 0.6466589778576679,
    "t2": 1.5212891851915735
}