{
    "b0": 0.09136374379285883,
    "b1": -0.046884716230004564,
    "b2": -0.0561701511495358,
    "b3": -0.03807473730508848,
    "t1": 0.8294918734832188,
    "t2": 5.042267124300332
}