{
    "b0": 0.07496266955009036,
    "b1": -0.057844841721074416,
    "b2": 0.05232610054079596,
    "b3": -0.16040643627689316,
    "t1": 83.96263037555546,
    "t2": 145.76449715195574
}