{
    "b0": 0.09457764492776184,
    "b1": -0.073853127001279,
    "b2": -0.07962330778083218,
    "b3": -0.04177291600630489,
    "t1": 0.8581526734053192,
    "t2": 3.1357978278407095
}