{
    "b0": 0.09147906555913747,
    "b1": -0.071861165915546,
    "b2": -0.018530297795364248,
    "b3": -0.042630950406812,
    "t1": 0.9058214754164708,
    "t2": 0.5675930103400866
}