{
    "b0": 9.593786885113499,
    "b1": -7.734942877547157,
    "b2": -2418.1075972125996,
    "b3": 2407.6357083674843,
    "t1": 222.78102810481693,
    "t2": 222.457363577223
}