{
    "b0": 0.09666211672921217,
    "b1": -0.06092106759445487,
    "b2": 1.1394774303949666,
    "b3": -1.2439463838586657,
    "t1": 110.43356381611196,
    "t2": 117.20014783405794
}