{
    "b0": 0.09134260488469689,
    "b1": -0.0718861543605442,
    "b2": -0.06721537403737687,
    "b3": -0.035804208201759,
    "t1": 0.6005612773236628,
    "t2": 1.715457942810533
}