{
    "b0": 0.09433497465569457,
    "b1": -0.0752806107354851,
    "b2": -0.07575210079796396,
    "b3": 0.011773604091653265,
    "t1": 0.9144324416991121,
    "t2": 2.6111299420607743
}