{
    "b0": 0.08686226598523333,
    "b1": -0.07123672749819845,
    "b2": 0.11233764337499406,
    "b3": -0.22706772831765318,
    "t1": 113.54562930106442,
    "t2": 169.66736861747626
}