{
    "b0": 0.08760793633374758,
    "b1": -0.07154264068717624,
    "b2": 0.28180765884860676,
    "b3": -0.39156852156712446,
    "t1": 111.72747148371411,
    "t2": 136.21510382830925
}