{
    "b0": 9.001798093899547,
    "b1": -6.800158427055035,
    "b2": -41.69597225431908,
    "b3": 31.813482518794846,
    "t1": 296.74211187871043,
    "t2": 282.88156750125364
}