{
    "b0": 0.12311844514119218,
    "b1": -0.10366698626261028,
    "b2": -0.10097588400386101,
    "b3": -0.07859236992843749,
    "t1": 0.6919868478776672,
    "t2": 5.31637578522643
}