{
    "b0": 0.09344205311032078,
    "b1": -0.077417679603814,
    "b2": 0.3380613887735562,
    "b3": -0.46177879834400665,
    "t1": 134.54057619963947,
    "t2": 164.10231727029011
}