{
    "b0": 0.08283439174394489,
    "b1": -0.0451215424137779,
    "b2": -0.10082233767590726,
    "b3": 0.053024803747672725,
    "t1": 0.9135830685337316,
    "t2": 3.4905595638698306
}