{
    "b0": 0.08343763315016978,
    "b1": -0.05987979257756909,
    "b2": 0.5046067388691139,
    "b3": -0.6211757221837422,
    "t1": 152.4061426780171,
    "t2": 172.29191469029877
}