{
    "b0": 8.947955629401742,
    "b1": -6.9616475299538765,
    "b2": 0.02594215220608387,
    "b3": -2.735961667677337,
    "t1": 594.0143231192536,
    "t2": 146.13881140680175
}