{
    "b0": 0.267186955217793,
    "b1": -0.2466810334769446,
    "b2": -0.18098470093114893,
    "b3": -0.49479009662144646,
    "t1": 1.2227895952752774,
    "t2": 7.03176318492627
}