{
    "b0": 8.648358096149302,
    "b1": -6.441732954572359,
    "b2": 55.11049376833772,
    "b3": -64.96860837579396,
    "t1": 271.3040709663169,
    "t2": 280.1421467050642
}