{
    "b0": 9.024213711883787,
    "b1": -6.342236640036701,
    "b2": -9.197546833618686,
    "b3": -0.4359368641215413,
    "t1": 354.3855507674323,
    "t2": 186.047353586727
}