{
    "b0": 0.08648770801330091,
    "b1": -0.06997600247436504,
    "b2": 0.09101906732092674,
    "b3": -0.21619826808124634,
    "t1": 90.2198013631541,
    "t2": 143.94558606389162
}