{
    "b0": 9.46583708316231,
    "b1": -7.493293714801791,
    "b2": -0.01101938663190527,
    "b3": -4.366404643388358,
    "t1": 438.1576008787084,
    "t2": 194.87141052979302
}