{
    "b0": 0.0898802442928566,
    "b1": -0.07354044595748452,
    "b2": 0.056550767532175146,
    "b3": -0.19714793318767798,
    "t1": 104.77124735577245,
    "t2": 195.52510978186496
}