{
    "b0": 8.845745598870268,
    "b1": -6.879210832160117,
    "b2": 0.021880041056403954,
    "b3": -2.4010885751962343,
    "t1": 607.3365221866329,
    "t2": 137.75181472645662
}