{
    "b0": 0.08732469459576343,
    "b1": -0.07052961048857288,
    "b2": 0.06088402412275743,
    "b3": -0.18751159799823897,
    "t1": 89.63844494228181,
    "t2": 151.14686494631155
}