{
    "b0": 0.07220771598446438,
    "b1": -0.031481706181056356,
    "b2": 0.12164734273132398,
    "b3": -0.18026559763850183,
    "t1": 89.02943190860508,
    "t2": 126.49732989559459
}