{
    "b0": 9.410419594928529,
    "b1": -5.7725646461470745,
    "b2": 974.95915444369,
    "b3": -986.3825986422343,
    "t1": 228.42635233157148,
    "t2": 229.35578693199022
}