{
    "b0": 0.1289589267389946,
    "b1": -0.10937854532391211,
    "b2": -0.10383757215323525,
    "b3": -0.10659058034302776,
    "t1": 0.7527010960249436,
    "t2": 5.626995430277754
}