{
    "b0": 0.0848888851337293,
    "b1": -0.06908850877432848,
    "b2": 0.15923470338709017,
    "b3": -0.2792932284337303,
    "t1": 133.11703622385818,
    "t2": 187.1540869665632
}