{
    "b0": 8.759962830099168,
    "b1": -6.796725804134704,
    "b2": 0.07614529898731703,
    "b3": -2.502934800269715,
    "t1": 615.491865847319,
    "t2": 146.18976672243048
}