{
    "b0": 10.695555619107958,
    "b1": -6.718451152743842,
    "b2": -9.242757646246329,
    "b3": -2.002045572011915,
    "t1": 219.17579995987566,
    "t2": 1307.4546301120288
}