{
    "b0": 0.09498652026136348,
    "b1": -0.058606414079279565,
    "b2": 0.01923759268450289,
    "b3": -0.15891838294713276,
    "t1": 0.45492246192311026,
    "t2": 0.7911835186872764
}