{
    "b0": 0.39008468208893743,
    "b1": -0.371075167587991,
    "b2": -0.22844954664923056,
    "b3": -0.7842952830805059,
    "t1": 1.321370430549591,
    "t2": 7.439543405862641
}