{
    "b0": 0.07972935415127295,
    "b1": -0.03914691189394392,
    "b2": -0.06305774429641163,
    "b3": 0.0009299845363592019,
    "t1": 1.0944461837673474,
    "t2": 0.32394413673555233
}