{
    "b0": 0.154750548697858,
    "b1": -0.11318984236330643,
    "b2": -0.08188122059719312,
    "b3": -0.1420553510237104,
    "t1": 0.9044646565037895,
    "t2": 5.321312044693399
}