{
    "b0": 0.09328704377639827,
    "b1": -0.07377853083422822,
    "b2": -0.06782138421132497,
    "b3": -0.04257499717417769,
    "t1": 0.6157458932877184,
    "t2": 2.120787225005004
}