{
    "b0": 8.586635427878662,
    "b1": -4.149678916393243,
    "b2": -5.27734487612436,
    "b3": -2.62637964852859,
    "t1": 279.88216472420254,
    "t2": 1269.309857191347
}