{
    "b0": 0.09144190423434001,
    "b1": -0.07218154690590056,
    "b2": -0.08560535400211451,
    "b3": 0.0027904336918631624,
    "t1": 1.0132187844268659,
    "t2": 0.32339161755944335
}