{
    "b0": 9.643529238036994,
    "b1": -6.792472976758619,
    "b2": 235.51455123668248,
    "b3": -247.10904460282936,
    "t1": 261.94052574991036,
    "t2": 264.52267206355555
}