{
    "b0": 0.09537312505554925,
    "b1": -0.07583602302553363,
    "b2": -0.07810985508204796,
    "b3": -0.016522528360626447,
    "t1": 0.6216174385080482,
    "t2": 1.9484156323453874
}