{
    "b0": 0.09552466958652096,
    "b1": -0.07619867014731634,
    "b2": -0.1003709018718438,
    "b3": 0.034778475794288104,
    "t1": 1.0177591315563377,
    "t2": 1.5340116403671074
}