{
    "b0": 0.09704510607654294,
    "b1": -0.07840492026053066,
    "b2": -0.06949796440752615,
    "b3": -0.010869853410302457,
    "t1": 0.8549562746319004,
    "t2": 2.534584471501478
}