{
    "b0": 0.09236825033385819,
    "b1": -0.07272667819806237,
    "b2": -0.08341418522214145,
    "b3": -0.02300337504329238,
    "t1": 0.9928511733194141,
    "t2": 3.7707131869029675
}