{
    "b0": 0.10861540603474472,
    "b1": -0.07008811118170122,
    "b2": -0.08059321676698654,
    "b3": -0.050820054045638004,
    "t1": 0.7355287374760753,
    "t2": 3.1222672992617437
}