{
    "b0": 9.0056251583956,
    "b1": -7.012379581471045,
    "b2": -0.001225589172827224,
    "b3": -3.1949461236817376,
    "t1": 512.5292504639632,
    "t2": 153.6038345979274
}