{
    "b0": 0.07539500628578925,
    "b1": -0.056629118308018145,
    "b2": 0.2792422271815928,
    "b3": -0.3792150154545506,
    "t1": 129.8713597038863,
    "t2": 158.12750913144083
}