{
    "b0": 9.521255358709332,
    "b1": -7.550602446586246,
    "b2": 0.006186874795228725,
    "b3": -3.756096724609142,
    "t1": 463.8535123570285,
    "t2": 181.19305020958157
}