{
    "b0": 0.08338527924161727,
    "b1": -0.0670163667102559,
    "b2": 0.08311158362618164,
    "b3": -0.21037422797479563,
    "t1": 118.61290319161182,
    "t2": 197.49778325575306
}