{
    "b0": 0.10213603147165846,
    "b1": -0.07929036173483021,
    "b2": -0.09685641285984685,
    "b3": -0.03702323034886663,
    "t1": 0.8941520790697928,
    "t2": 3.7914714689909803
}