{
    "b0": 10.374925027154,
    "b1": -7.453340046577109,
    "b2": 954.3508421785015,
    "b3": -967.1546488447157,
    "t1": 263.2140292633624,
    "t2": 264.1879009719041
}