{
    "b0": 0.08287904474122154,
    "b1": -0.038950493084739704,
    "b2": -0.050570228423480065,
    "b3": -0.020535073476572536,
    "t1": 0.7828279092743387,
    "t2": 3.1382857608186305
}