{
    "b0": 9.53252660592716,
    "b1": -7.625117403603234,
    "b2": -7.24821665365076,
    "b3": -0.10106777538401612,
    "t1": 328.2143343672373,
    "t2": 30.786209558247016
}