{
    "b0": 0.0887286991503706,
    "b1": -0.07176077939302215,
    "b2": 0.09186619946807031,
    "b3": -0.21432329571521025,
    "t1": 100.7050713233331,
    "t2": 150.96266170002065
}