{
    "b0": 0.08955440762801992,
    "b1": -0.0701369778869939,
    "b2": -0.08165884354589807,
    "b3": -0.008127440056272573,
    "t1": 0.9903397775739298,
    "t2": 3.6402893130348635
}