{
    "b0": 0.10111046894817897,
    "b1": -0.07491205403522384,
    "b2": -0.09617659217415656,
    "b3": -0.045423212439369365,
    "t1": 0.8180031200394899,
    "t2": 2.858167982114681
}