{
    "b0": 9.727911338017769,
    "b1": -7.840674402890109,
    "b2": -427.26846867589546,
    "b3": 417.1938550838048,
    "t1": 235.8326186381211,
    "t2": 234.30952091298263
}