{
    "b0": 8.829071014194643,
    "b1": -6.19264224617562,
    "b2": -8.92653794634651,
    "b3": -0.7934153161631335,
    "t1": 346.8861636096297,
    "t2": 42.83620927293813
}