{
    "b0": 8.315894845240015,
    "b1": -4.0117213290426195,
    "b2": -4.662375518719623,
    "b3": -2.8118627439957367,
    "t1": 278.5183270349543,
    "t2": 1136.1696920906254
}