{
    "b0": 9.468124535160642,
    "b1": -7.511323815475646,
    "b2": -0.009135875112579406,
    "b3": -3.8212170326897903,
    "t1": 432.6246644265127,
    "t2": 184.89126499678716
}