{
    "b0": 8.299906154192982,
    "b1": -3.9031170830858493,
    "b2": -0.000914645769502842,
    "b3": -1.9648110715221736,
    "t1": 1113.1529883511826,
    "t2": 173.23016410060168
}