{
    "b0": 0.07151881327715803,
    "b1": -0.033293286313856835,
    "b2": 0.1175915050852098,
    "b3": -0.18684545741552994,
    "t1": 111.47993250967397,
    "t2": 166.02565746012039
}