{
    "b0": 0.0865928683869757,
    "b1": -0.07006539951644296,
    "b2": 0.0898193830150129,
    "b3": -0.21857912385916992,
    "t1": 118.67102270808931,
    "t2": 196.25425546221666
}