{
    "b0": 8.284254058347372,
    "b1": -4.1368462227061835,
    "b2": -6.210065146674918,
    "b3": -1.009795372144521,
    "t1": 384.36309947377555,
    "t2": 1351.942462016971
}