{
    "b0": 0.08473619653774571,
    "b1": -0.06833056217650706,
    "b2": 0.1446428968903356,
    "b3": -0.265935118802309,
    "t1": 135.51861799846824,
    "t2": 195.10228869897927
}