{
    "b0": 0.09355588216472459,
    "b1": -0.05579600203159242,
    "b2": 0.2194289729046999,
    "b3": -0.2957368079365392,
    "t1": 1.1144259011555333,
    "t2": 1.036581625163589
}