{
    "b0": 0.07196261374952087,
    "b1": -0.031140774549544593,
    "b2": 0.11221028522208935,
    "b3": -0.1713868877032642,
    "t1": 89.26897468274684,
    "t2": 130.3718212454413
}