{
    "b0": 0.08653330808590708,
    "b1": -0.0702269182572185,
    "b2": 0.10336289810877614,
    "b3": -0.22049924629898884,
    "t1": 96.21127511119244,
    "t2": 142.97185886608196
}