{
    "b0": 0.09380822926762696,
    "b1": -0.07415004138917194,
    "b2": -0.01606167976153215,
    "b3": -0.045327660153545224,
    "t1": 0.9232109923661045,
    "t2": 0.5666402841995026
}