{
    "b0": 0.08787791743641986,
    "b1": -0.05404102874550992,
    "b2": 0.14961423021132386,
    "b3": -0.25897938722697045,
    "t1": 110.1469377004147,
    "t2": 159.0591985505588
}