{
    "b0": 0.0962501809821238,
    "b1": -0.07680966027531468,
    "b2": -0.07341397860882509,
    "b3": -0.03504691322306096,
    "t1": 0.6810035746419493,
    "t2": 2.6232963157134184
}