{
    "b0": 0.08253124291612847,
    "b1": -0.038115980674586276,
    "b2": -0.049175147923893,
    "b3": -0.01877510682892686,
    "t1": 0.7681614698849222,
    "t2": 3.0756341137754335
}