{
    "b0": 0.08986497050345452,
    "b1": -0.07029434831350674,
    "b2": -0.06527850417306952,
    "b3": -0.0378632872308431,
    "t1": 0.5991301373559064,
    "t2": 1.8602279555535346
}