{
    "b0": 9.591880710801009,
    "b1": -7.714202637927064,
    "b2": -16.12889082206673,
    "b3": 7.780717078697942,
    "t1": 262.358971217274,
    "t2": 221.4609354973288
}