{
    "b0": 0.16977642462877449,
    "b1": -0.15092665238479422,
    "b2": -0.11703617208231046,
    "b3": -0.19858771419314358,
    "t1": 1.0303647611424949,
    "t2": 6.549293599145359
}