{
    "b0": 9.177545774692186,
    "b1": -7.278677728997307,
    "b2": 2301.3988383587334,
    "b3": -2312.0600467728073,
    "t1": 237.0553725232107,
    "t2": 237.4375948870156
}