{
    "b0": 0.10973203915520068,
    "b1": -0.09006928336665143,
    "b2": -0.08806059441827704,
    "b3": -0.08056256176654944,
    "t1": 0.6761524420789339,
    "t2": 4.305752266033153
}