{
    "b0": 0.09218134153968584,
    "b1": -0.0571814934778451,
    "b2": -0.1106718329809151,
    "b3": -0.0007291153140622092,
    "t1": 0.9804034138704958,
    "t2": 3.7483796896934463
}