{
    "b0": 9.431315966321643,
    "b1": -5.795592352341158,
    "b2": 2479.8238060737845,
    "b3": -2491.480369037078,
    "t1": 234.74499150949174,
    "t2": 235.11560233074826
}