{
    "b0": 9.409346779335928,
    "b1": -7.4560385428992415,
    "b2": -0.000751379185807366,
    "b3": -3.302040278649414,
    "t1": 480.555126035633,
    "t2": 173.2182339115301
}