{
    "b0": 0.08904261252792361,
    "b1": -0.06728284004491276,
    "b2": -0.0796585986338261,
    "b3": -0.024555056561904196,
    "t1": 0.8440986532177501,
    "t2": 3.2835899096270267
}