{
    "b0": 0.11148762149483898,
    "b1": -0.09233377427624678,
    "b2": -0.08478210705415225,
    "b3": -0.0585103713227081,
    "t1": 0.7072592478062008,
    "t2": 4.541130971710473
}