{
    "b0": 0.10805775336854634,
    "b1": -0.0821858363095534,
    "b2": -0.1001398407851837,
    "b3": -0.0629451081375839,
    "t1": 0.8209108970088137,
    "t2": 3.4629877584893305
}