{
    "b0": 0.09226020251654478,
    "b1": -0.07272139309602126,
    "b2": -0.08190363427289922,
    "b3": 0.004123669641657755,
    "t1": 0.9937520590978141,
    "t2": 1.8918503803211155
}