{
    "b0": 0.10370024762377625,
    "b1": -0.0717322561677095,
    "b2": 0.6523840830343558,
    "b3": -0.7886687005691034,
    "t1": 154.9255438467177,
    "t2": 174.33761595518965
}