{
    "b0": 0.09113187658728872,
    "b1": -0.07586100852603317,
    "b2": 0.115025651365916,
    "b3": -0.24282230874159028,
    "t1": 112.10247798056879,
    "t2": 175.05970170989943
}