{
    "b0": 0.08855267150480038,
    "b1": -0.07181807933363575,
    "b2": 0.2089098628451628,
    "b3": -0.3159887590706586,
    "t1": 127.6157494895942,
    "t2": 157.18824027769975
}