{
    "b0": 9.705612522233295,
    "b1": -6.277193468659059,
    "b2": -5.907739930620718,
    "b3": -4.41585138383371,
    "t1": 346.88958152531626,
    "t2": 324.90410190978747
}