{
    "b0": 0.1006886051186351,
    "b1": -0.07167882187021661,
    "b2": -0.11018443891623142,
    "b3": 0.014526824802845388,
    "t1": 1.0536644804699904,
    "t2": 3.8533921792651507
}