{
    "b0": 0.15984235491165744,
    "b1": -0.13806040194163252,
    "b2": -0.12360894382703538,
    "b3": -0.2153656198679027,
    "t1": 0.986819873367144,
    "t2": 6.013839926365545
}