{
    "b0": 0.09449301282521343,
    "b1": -0.05677942382724291,
    "b2": -0.5562442743813099,
    "b3": 0.48559342788051274,
    "t1": 1.1818822083857852,
    "t2": 1.3069978117395968
}