{
    "b0": 0.09056813048384652,
    "b1": -0.07501689191424966,
    "b2": 1.1654887952422346,
    "b3": -1.2747021486158925,
    "t1": 137.09451479074457,
    "t2": 145.62035898639388
}