{
    "b0": 0.08254499459830428,
    "b1": -0.03844645186915658,
    "b2": -0.050029446177732376,
    "b3": -0.015960702428771904,
    "t1": 0.8263188457108583,
    "t2": 3.2645360465162208
}