{
    "b0": 0.13450384606467164,
    "b1": -0.11484841304870735,
    "b2": -0.10585863196207695,
    "b3": -0.11736839538033325,
    "t1": 0.7341632780639282,
    "t2": 5.337786323849482
}