{
    "b0": 0.09132950513084293,
    "b1": -0.07194545347564814,
    "b2": -0.06318127406775648,
    "b3": -0.047538526526285735,
    "t1": 0.5560764209294555,
    "t2": 1.6643361499446514
}