{
    "b0": 0.09266468305938126,
    "b1": -0.07289670881265124,
    "b2": -0.09501569311712371,
    "b3": 0.02137888742667681,
    "t1": 0.991235231867976,
    "t2": 1.8270566109638537
}