{
    "b0": 9.649237565640535,
    "b1": -7.666478673220114,
    "b2": 0.009402960769802071,
    "b3": -4.140660437673326,
    "t1": 446.88063504609784,
    "t2": 181.3670762174347
}