{
    "b0": 0.06949678862946428,
    "b1": -0.02976732590360512,
    "b2": 0.06734933487167824,
    "b3": -0.12500896795657077,
    "t1": 79.48503941742413,
    "t2": 134.52433707076256
}