{
    "b0": 0.10598446294930972,
    "b1": -0.07638515192867763,
    "b2": -0.11075149064461551,
    "b3": 0.004497568368693569,
    "t1": 0.9993575319360264,
    "t2": 3.6364980027385547
}