{
    "b0": 9.606075203766556,
    "b1": -5.9659189062434415,
    "b2": 196.47873647237836,
    "b3": -208.28118106287926,
    "t1": 204.0406258746783,
    "t2": 208.6441053309557
}