{
    "b0": 9.263955107290803,
    "b1": -6.429505806185556,
    "b2": -99.25546266121194,
    "b3": 87.90165382438677,
    "t1": 269.5851893170864,
    "t2": 262.7287603575747
}