{
    "b0": 9.712822808121928,
    "b1": -6.860825530696568,
    "b2": -101.77593410290145,
    "b3": 89.77241133453656,
    "t1": 257.4931889347762,
    "t2": 248.95560689163537
}