{
    "b0": 0.1204347468049262,
    "b1": -0.10073844706744961,
    "b2": -0.09993473166289057,
    "b3": -0.08429596786597936,
    "t1": 0.7003351033961788,
    "t2": 4.76287707678698
}