{
    "b0": 0.11021641650632755,
    "b1": -0.07235653363992887,
    "b2": -0.08376233525266241,
    "b3": -0.05690542956580011,
    "t1": 0.8723281455386669,
    "t2": 3.6463999588052274
}