{
    "b0": 0.08317217107582818,
    "b1": -0.06445535661855062,
    "b2": 1.2057736916398003,
    "b3": -1.3153949031536765,
    "t1": 153.15862653142236,
    "t2": 162.58420459197984
}