{
    "b0": 0.09515757520131529,
    "b1": -0.0760539625746763,
    "b2": -0.08406379339680316,
    "b3": 0.01610697518536685,
    "t1": 0.9624357940355306,
    "t2": 1.8559308999097095
}