{
    "b0": 0.09592839893550785,
    "b1": -0.07715398637665839,
    "b2": 0.35712182203516407,
    "b3": -0.4140139440668556,
    "t1": 1.0539447297086195,
    "t2": 1.019153515597428
}