{
    "b0": 0.07692585103122966,
    "b1": -0.034198796383303316,
    "b2": -0.04358650808237764,
    "b3": -0.015539061456980963,
    "t1": 0.7514333992012645,
    "t2": 2.945218991247293
}