{
    "b0": 0.07313131389955986,
    "b1": -0.031117854629961784,
    "b2": -0.04140248530803148,
    "b3": 0.0011822780831310352,
    "t1": 0.9666820447859474,
    "t2": 3.470741991818063
}