{
    "b0": 0.09761869309720529,
    "b1": -0.07135135167130421,
    "b2": 0.18236516501722042,
    "b3": -0.32117149217595165,
    "t1": 144.58762333729447,
    "t2": 199.04297163312498
}