{
    "b0": 0.09695287474045501,
    "b1": -0.07808844901575773,
    "b2": -0.07308887610312528,
    "b3": -0.004943060883789496,
    "t1": 0.9135246571847928,
    "t2": 2.981443533681728
}