{
    "b0": 0.094521405031059,
    "b1": -0.06752883567989702,
    "b2": -0.07086224107680178,
    "b3": -0.05747454980174576,
    "t1": 0.7417017294629056,
    "t2": 1.54251031688435
}