{
    "b0": 0.09217538284057343,
    "b1": -0.07032499354107218,
    "b2": -0.0784702189646548,
    "b3": -0.036346646840023075,
    "t1": 0.8111802195897089,
    "t2": 3.2485432949131567
}