{
    "b0": 9.291667485173223,
    "b1": -7.321439863588361,
    "b2": 0.0013224175638244517,
    "b3": -3.7128461266583894,
    "t1": 465.7182244033768,
    "t2": 174.5750158242317
}