{
    "b0": 0.08550749761779378,
    "b1": -0.049869472166279655,
    "b2": 1.116180015697028,
    "b3": -1.2088037812935113,
    "t1": 151.78235711182498,
    "t2": 159.7031707498763
}