{
    "b0": 0.0882870277093513,
    "b1": -0.062143151953866924,
    "b2": 0.1572277551317361,
    "b3": -0.287413213090418,
    "t1": 146.1108450855124,
    "t2": 201.36817051744072
}