{
    "b0": 0.1715247966683852,
    "b1": -0.1279413373056166,
    "b2": -0.10441678007342263,
    "b3": -0.2529914816560497,
    "t1": 1.15589893563932,
    "t2": 7.01847838072961
}