{
    "b0": 0.08700349177215672,
    "b1": -0.061850667638659415,
    "b2": 0.1022960312593824,
    "b3": -0.23367601574684949,
    "t1": 135.35419235920668,
    "t2": 207.36206439912866
}