{
    "b0": 0.09281823363790945,
    "b1": -0.07316044895401355,
    "b2": -0.1072089891675894,
    "b3": 0.03840352419148659,
    "t1": 1.050473272177241,
    "t2": 1.6295995109827812
}