{
    "b0": 8.1864753491228,
    "b1": -3.9600834519993944,
    "b2": -4.708460386856409,
    "b3": -2.4880362938246963,
    "t1": 303.27128292763655,
    "t2": 1470.5857269882297
}