{
    "b0": 0.08521860025924395,
    "b1": -0.06096291109087289,
    "b2": 0.16161694069626534,
    "b3": -0.28701936704771375,
    "t1": 136.23491127492488,
    "t2": 189.56524780332904
}