{
    "b0": 0.08551538088280836,
    "b1": -0.06615441311355173,
    "b2": -0.08236342439215337,
    "b3": 0.022944894376582828,
    "t1": 1.1015822427748345,
    "t2": 3.7649480598914593
}