{
    "b0": 0.10358349770522811,
    "b1": -0.07454998990372208,
    "b2": -0.11023128279265049,
    "b3": 0.0034745136353686486,
    "t1": 1.0462353810620413,
    "t2": 3.842523449736945
}