{
    "b0": 8.115673056215156,
    "b1": -3.9045525940866517,
    "b2": -4.491517248548922,
    "b3": -2.2637253544373226,
    "t1": 332.1391047196326,
    "t2": 1511.8539542113208
}