{
    "b0": 0.0823516914888995,
    "b1": -0.0654377109995617,
    "b2": 0.051617101519315006,
    "b3": -0.18239750166510232,
    "t1": 117.38959851286685,
    "t2": 215.86637503822507
}