{
    "b0": 9.837000690603071,
    "b1": -5.716437989476485,
    "b2": 1.648443898057282,
    "b3": -2.322443004275997,
    "t1": 1127.7772573326329,
    "t2": 161.93499940039862
}