{
    "b0": 0.093764449196056,
    "b1": -0.06729444596229377,
    "b2": 0.08757166034307924,
    "b3": -0.23184611412607892,
    "t1": 137.74278701968865,
    "t2": 220.6769468930648
}