{
    "b0": 0.09900820357117326,
    "b1": -0.07018446293025135,
    "b2": -0.10714120902300153,
    "b3": 0.004452121080498316,
    "t1": 0.9918999995137128,
    "t2": 3.6810724435713134
}