{
    "b0": 0.08170860301274689,
    "b1": -0.040990771492629384,
    "b2": -0.062364670912821066,
    "b3": -0.006750114642959184,
    "t1": 1.0818728641052135,
    "t2": 4.008611407090143
}