{
    "b0": 0.09917390691641749,
    "b1": -0.061075155626032274,
    "b2": -0.10899124457239887,
    "b3": 0.0426842426115372,
    "t1": 0.8112359500557809,
    "t2": 3.0089525567212423
}