{
    "b0": 0.08959989694376472,
    "b1": -0.07236234330556482,
    "b2": 0.06657276657744457,
    "b3": -0.19532413218274539,
    "t1": 93.7457424986922,
    "t2": 153.6511986628492
}