{
    "b0": 0.08858788662553996,
    "b1": -0.07215175478764217,
    "b2": 0.22377120345852156,
    "b3": -0.3302256104046371,
    "t1": 126.17148818925602,
    "t2": 154.9188671020619
}