{
    "b0": 0.08535938572887064,
    "b1": -0.06873057108908744,
    "b2": 0.5487151932708934,
    "b3": -0.6612267616097991,
    "t1": 143.43889774260975,
    "t2": 162.256733879484
}