{
    "b0": 0.09155260696214156,
    "b1": -0.06927983787025342,
    "b2": -0.08798645794698572,
    "b3": -0.011696658556769171,
    "t1": 0.9599764449058279,
    "t2": 3.6365706322544344
}