{
    "b0": 0.17653629990157566,
    "b1": -0.1548136959656878,
    "b2": -0.12966303662619746,
    "b3": -0.2609405528608631,
    "t1": 1.0085521092238094,
    "t2": 6.067021353186717
}