{
    "b0": 8.415701683402952,
    "b1": -4.064007676492695,
    "b2": -4.761384882674729,
    "b3": -3.066718017978063,
    "t1": 269.42572471094286,
    "t2": 1018.6808322644445
}