{
    "b0": 0.09861166534672185,
    "b1": -0.076458646912855,
    "b2": -0.09119389839073799,
    "b3": -0.022846133395986287,
    "t1": 0.9676187634366975,
    "t2": 3.6905603029136786
}