{
    "b0": 0.07168885354801989,
    "b1": -0.030534995990172967,
    "b2": 0.07123643704620192,
    "b3": -0.13051778791915605,
    "t1": 72.85966156989515,
    "t2": 122.52360411725535
}