{
    "b0": 0.08820290433590862,
    "b1": -0.07176545972014257,
    "b2": 0.06390832270230931,
    "b3": -0.19027108420880157,
    "t1": 93.31944001650147,
    "t2": 156.50477256442724
}