{
    "b0": 0.09308654546313622,
    "b1": -0.0590499733813427,
    "b2": 0.11481157536344172,
    "b3": -0.24462770860339464,
    "t1": 123.16290057194293,
    "t2": 191.70425891854967
}