{
    "b0": 0.07878695964106541,
    "b1": -0.03403676925131504,
    "b2": -0.04765822576526581,
    "b3": -0.009883069199819967,
    "t1": 0.706346023981522,
    "t2": 2.554151226706045
}