{
    "b0": 9.302589785281873,
    "b1": -6.554402281527921,
    "b2": -3.432524063914554,
    "b3": -1.0541194357691652,
    "t1": 214.47125541808788,
    "t2": 19.649915753236463
}