{
    "b0": 0.0893428213653602,
    "b1": -0.05012962820306295,
    "b2": 0.048446774854159665,
    "b3": -0.11191473966312565,
    "t1": 55.576187958667774,
    "t2": 76.59386120794156
}