{
    "b0": 0.09656102433357289,
    "b1": -0.05573271997930587,
    "b2": -0.04087038473178392,
    "b3": -0.042185301846331846,
    "t1": 0.18718470413613564,
    "t2": 0.826342423318712
}