{
    "b0": 0.08168769195565181,
    "b1": -0.06409918308913054,
    "b2": 0.08083247796207403,
    "b3": -0.19119287762349652,
    "t1": 100.13889538043698,
    "t2": 147.12349798857906
}