{
    "b0": 0.1277554914390965,
    "b1": -0.10197394304420032,
    "b2": 0.06288040431844212,
    "b3": -0.08932280853041727,
    "t1": 1.9113825317158455,
    "t2": 4.938811543085093
}