{
    "b0": 10.158451483090694,
    "b1": -7.650942002916233,
    "b2": -7.035259002066201,
    "b3": 2.694590899738258,
    "t1": 187.60805213674294,
    "t2": 96.6333392505863
}