{
    "b0": 0.08744629453753908,
    "b1": -0.06763929380833227,
    "b2": 2.062253711386866e-05,
    "b3": -0.029887244622712847,
    "t1": 1.2792143565564267,
    "t2": 0.3670921404256333
}