{
    "b0": 0.10123710951758846,
    "b1": -0.08214501102329172,
    "b2": -0.06755913728797053,
    "b3": -0.046934770749412706,
    "t1": 0.5651622662382809,
    "t2": 3.116838268609306
}