{
    "b0": 0.24832058953179492,
    "b1": -0.22898904429357358,
    "b2": -0.09549915477677628,
    "b3": -0.4261460505350078,
    "t1": 1.1259446002681437,
    "t2": 6.264840450834675
}