{
    "b0": 12.281962110128738,
    "b1": -6.056271524003948,
    "b2": 0.009495182437285088,
    "b3": 6.414865837872462,
    "t1": 1192.6592363551415,
    "t2": 310.01842575072
}