{
    "b0": 0.10396791136203132,
    "b1": -0.08047122580113455,
    "b2": -0.02885280838710566,
    "b3": -0.048384638455707896,
    "t1": 0.6513797102577567,
    "t2": 4.652707003636163
}