{
    "b0": 0.09474759000051552,
    "b1": -0.06489732354402267,
    "b2": 0.06912367688360989,
    "b3": -0.1613733468449733,
    "t1": 64.57147552243242,
    "t2": 105.14291946334005
}