{
    "b0": 0.12233388651106698,
    "b1": -0.0515470920465515,
    "b2": 0.029252486918257443,
    "b3": -0.10758312170758107,
    "t1": 7.861890529820848,
    "t2": 18.513265289562476
}