{
    "b0": 12.110187736020796,
    "b1": -6.876821301652839,
    "b2": -0.0025341159048777318,
    "b3": 7.619468393764815,
    "t1": 1102.9405104121113,
    "t2": 308.7209078698981
}