{
    "b0": 0.12779595462953774,
    "b1": -0.10866408485093035,
    "b2": -0.07587100750174386,
    "b3": -0.1110725057233487,
    "t1": 0.694125523481673,
    "t2": 4.636928360307148
}