{
    "b0": 0.10192365888745435,
    "b1": -0.07497447172911265,
    "b2": 0.03614817663016461,
    "b3": -0.03476929341452126,
    "t1": 1.000000086725267,
    "t2": 0.805844036039561
}