{
    "b0": 0.10563377555134475,
    "b1": -0.05210896850021003,
    "b2": 0.04704931958152619,
    "b3": -0.0942179161282388,
    "t1": 46.82810250627216,
    "t2": 73.4058282019993
}