{
    "b0": -0.0008095834954514583,
    "b1": 0.07721274269293874,
    "b2": 0.18750752721748007,
    "b3": 0.32608000929931835,
    "t1": 0.7331058035425021,
    "t2": 6.044934161298158
}