{
    "b0": 0.11671526851307071,
    "b1": -0.09003447032871201,
    "b2": 0.05468483697467877,
    "b3": -0.05085118806026313,
    "t1": 1.8196104678607898,
    "t2": 4.912171534043576
}