{
    "b0": 12.62449049975856,
    "b1": -5.271272375467513,
    "b2": 19520.982021126954,
    "b3": -19529.04305309295,
    "t1": 19.28434439941038,
    "t2": 19.290072027910888
}