{
    "b0": 0.08189598696913421,
    "b1": -0.0646994424700057,
    "b2": 0.37462351263038873,
    "b3": -0.4721634442128754,
    "t1": 116.94975472379514,
    "t2": 131.42908986713104
}