{
    "b0": 0.10971038920994171,
    "b1": -0.023929534003938234,
    "b2": 0.07860892971725733,
    "b3": -0.11071324162536049,
    "t1": 3.438563795099612,
    "t2": 7.0451043868035095
}