{
    "b0": 0.10211925745094073,
    "b1": -0.062304618872120326,
    "b2": 0.012196109827678166,
    "b3": -0.032909662769154316,
    "t1": 0.6283515697079323,
    "t2": 1.9109594652241322
}