{
    "b0": 8.519473494315429,
    "b1": -6.51422579485973,
    "b2": -0.0003662479526571616,
    "b3": -3.184832338023979,
    "t1": 392.0698820089424,
    "t2": 115.71099970916443
}