{
    "b0": 0.10437307832878494,
    "b1": -0.0565596672992152,
    "b2": 0.07262228773408085,
    "b3": -0.130983621829934,
    "t1": 58.23476779985647,
    "t2": 79.07018209129441
}