{
    "b0": 0.08745286956166866,
    "b1": -0.054757792465614144,
    "b2": 0.45815458352045796,
    "b3": -0.5199020139148824,
    "t1": 65.95601606837141,
    "t2": 73.10028448286778
}