{
    "b0": 10.201682371874833,
    "b1": -7.682260750023701,
    "b2": -3.1946620874666776,
    "b3": 0.884239465328823,
    "t1": 259.8426807825636,
    "t2": 57.07446999529028
}