{
    "b0": 9.06823529625872,
    "b1": -6.818159080949327,
    "b2": -4.414013038272971,
    "b3": -1.013094205965818,
    "t1": 169.57961380257078,
    "t2": 463.49582068205484
}