{
    "b0": 12.477071276827846,
    "b1": -6.300165519830653,
    "b2": -0.007687256337406634,
    "b3": 7.085321583730119,
    "t1": 1188.1124653883753,
    "t2": 315.60794495392923
}