{
    "b0": 0.13941978287679493,
    "b1": -0.10764107664985763,
    "b2": 0.09148142363153972,
    "b3": -0.14246212486620882,
    "t1": 2.2826988911690083,
    "t2": 5.025692692330267
}