{
    "b0": 0.11934414292450803,
    "b1": -0.056643795830935775,
    "b2": 2.5900727964045522e-06,
    "b3": -0.01833956271105787,
    "t1": 0.3328093464356421,
    "t2": 1.072438160126569
}