{
    "b0": 0.1462555359831354,
    "b1": -0.06117666468764707,
    "b2": -0.06302089237170563,
    "b3": -0.10295357410376568,
    "t1": 0.13746926853295116,
    "t2": 3.613982040540812
}