{
    "b0": 12.494409584606217,
    "b1": -5.0474258515238954,
    "b2": -9975.296537017413,
    "b3": 9967.502008036307,
    "t1": 18.838286855631424,
    "t2": 18.828859000006293
}