{
    "b0": 0.08926503215479609,
    "b1": -0.04967236275356729,
    "b2": 0.008428828506605972,
    "b3": -0.08021623924273344,
    "t1": 48.132739669330704,
    "t2": 82.27519478244152
}