{
    "b0": 0.11733277545830688,
    "b1": -0.04145512814044587,
    "b2": -0.10462291104077436,
    "b3": 0.1957947186701315,
    "t1": 1.0000001254181652,
    "t2": 0.7221825267447749
}