{
    "b0": 0.0031974171063347693,
    "b1": 0.0701516799516109,
    "b2": 0.1840801291163078,
    "b3": 0.3169960448842494,
    "t1": 0.7416543478276191,
    "t2": 6.12049994962823
}