{
    "b0": 0.08458054739903526,
    "b1": -0.061549401510837196,
    "b2": 0.10600270806416283,
    "b3": -0.1858118998063265,
    "t1": 68.17090128982676,
    "t2": 92.20520164207662
}