{
    "b0": 0.09461521429374295,
    "b1": -0.07558356149401661,
    "b2": -0.06485084744772289,
    "b3": -0.046492717985706575,
    "t1": 0.4798337188572361,
    "t2": 2.2779200901622096
}