{
    "b0": 0.10138203238869894,
    "b1": -0.05346719183060997,
    "b2": 0.04322982964149299,
    "b3": -0.10367064862861453,
    "t1": 49.93826107682409,
    "t2": 71.67729576483174
}