{
    "b0": 10.10032091629946,
    "b1": -6.358865874310332,
    "b2": -30.971697121584867,
    "b3": 32.95179875440836,
    "t1": 545.8608771828506,
    "t2": 497.202315959787
}