{
    "b0": 0.0993249980514512,
    "b1": -0.058574954690299164,
    "b2": -0.035153396281587326,
    "b3": -0.03551176011615789,
    "t1": 0.22947237533151377,
    "t2": 1.0717536672592556
}