{
    "b0": 0.12043711634174212,
    "b1": -0.05937760248756961,
    "b2": 0.12379507935442748,
    "b3": -0.184701479889988,
    "t1": 19.340456984217063,
    "t2": 28.338059792498786
}