{
    "b0": 8.84842600239199,
    "b1": -6.913200072622973,
    "b2": 2.4048119665288596,
    "b3": -1.7281010690243603,
    "t1": 586.2186634992761,
    "t2": 123.63576642205578
}