{
    "b0": 0.137793832567979,
    "b1": -0.11823469430246544,
    "b2": -0.07603193861194023,
    "b3": -0.13109926203595607,
    "t1": 0.7064584033256506,
    "t2": 5.053029100922264
}