{
    "b0": 0.09496945099816835,
    "b1": -0.07592416496403384,
    "b2": -0.07051102581704852,
    "b3": -0.03994805846735758,
    "t1": 0.4779166742126262,
    "t2": 2.2763379871276155
}