{
    "b0": -0.0717239828828709,
    "b1": 0.15813885012858614,
    "b2": 0.2144350163975896,
    "b3": 0.4944467875571129,
    "t1": 0.762412267205106,
    "t2": 6.251941314423795
}