{
    "b0": 12.94574352426205,
    "b1": -6.347657252667714,
    "b2": -0.0009102503958375863,
    "b3": 9.580527440007618,
    "t1": 808.4891159297024,
    "t2": 241.15313222935754
}