{
    "b0": 0.11554450316143004,
    "b1": -0.06003807943163879,
    "b2": -1.5020433814603301e-06,
    "b3": 0.051321937643637225,
    "t1": 1.4022290757788465,
    "t2": 0.555431404609586
}