{
    "b0": 9.902970356088716,
    "b1": -7.258047801008236,
    "b2": -0.0042182525139269345,
    "b3": 0.794283298514423,
    "t1": 416.27025276315356,
    "t2": 60.920117409324085
}