{
    "b0": 0.09617645005972121,
    "b1": -0.07642852167751586,
    "b2": -0.07997336558332266,
    "b3": -0.03404103170349081,
    "t1": 0.5415186702458528,
    "t2": 2.637425449608305
}