{
    "b0": 0.09062558249811752,
    "b1": -0.0717836766088498,
    "b2": -0.061696109109392626,
    "b3": -0.0395188846809441,
    "t1": 0.46949392384904287,
    "t2": 1.8235105549181057
}