{
    "b0": 0.11584390411257049,
    "b1": -0.043684137287967634,
    "b2": 0.08871848465629109,
    "b3": -0.12948347444332028,
    "t1": 7.730961812770163,
    "t2": 14.661593923067189
}