{
    "b0": 0.09840926179259837,
    "b1": -0.0759520010235475,
    "b2": 0.26033821508686195,
    "b3": -0.3436296943596533,
    "t1": 88.5795814570512,
    "t2": 106.9576528230954
}