{
    "b0": 0.0888048332866942,
    "b1": -0.06973067620489856,
    "b2": -0.05946327504698277,
    "b3": -0.0455045980940483,
    "t1": 0.4293404868369687,
    "t2": 1.5533163740536349
}