{
    "b0": 0.07543647161777065,
    "b1": -0.05843032525767368,
    "b2": 0.07692976096312391,
    "b3": -0.18141864257283463,
    "t1": 87.69342729625862,
    "t2": 138.35157874594853
}