{
    "b0": 0.09436036880157057,
    "b1": -0.06405986761336255,
    "b2": 0.07107150899727549,
    "b3": -0.16257900203843317,
    "t1": 67.62321909551216,
    "t2": 108.90237483283695
}