{
    "b0": 0.1008884794519828,
    "b1": -0.06498885152597478,
    "b2": -0.039094263073267306,
    "b3": -0.03677679559458872,
    "t1": 0.39149579161429804,
    "t2": 1.5886010434720874
}