{
    "b0": 8.914949837939446,
    "b1": -6.895544720793308,
    "b2": 0.002703644947815942,
    "b3": -2.8060712785154074,
    "t1": 558.0335823142526,
    "t2": 125.7994743177272
}