{
    "b0": 10.052758894852934,
    "b1": -6.173363675647329,
    "b2": -0.7725475806265534,
    "b3": 5.413175214369263,
    "t1": 786.0445055223175,
    "t2": 302.81473842709823
}