{
    "b0": 0.09136856140355878,
    "b1": -0.07403207147853069,
    "b2": 0.11081217162421714,
    "b3": -0.21865077278193767,
    "t1": 76.66220335617508,
    "t2": 113.62585753871903
}