{
    "b0": 0.04866831968210758,
    "b1": -0.03481300434684701,
    "b2": 0.025241576400541775,
    "b3": 0.09897913170162431,
    "t1": 2.0,
    "t2": 5.0
}