{
    "b0": 9.928434657708097,
    "b1": -6.199328244361459,
    "b2": 3.9606162171967556,
    "b3": 6.714000466365967,
    "t1": 1962.098781328277,
    "t2": 442.9677741460555
}