{
    "b0": 12.295535718402855,
    "b1": -5.957214276090415,
    "b2": -0.008306097286406855,
    "b3": 6.472426309037205,
    "t1": 1160.9621077741895,
    "t2": 291.41942454765086
}