{
    "b0": 12.184396728619825,
    "b1": -6.6818906797266475,
    "b2": 0.011346524193508012,
    "b3": 8.138853525306173,
    "t1": 978.4810398797513,
    "t2": 259.2033715053673
}