{
    "b0": 10.161851692601296,
    "b1": -5.893283139993555,
    "b2": 0.011311460235593263,
    "b3": 6.498105146054292,
    "t1": 885.5870079616247,
    "t2": 263.7689186888413
}