{
    "b0": 0.11070362887224891,
    "b1": -0.057620237604859334,
    "b2": 0.03938364575644239,
    "b3": 0.0519523279509731,
    "t1": 2.2191149927139016,
    "t2": 0.49137913126331956
}