{
    "b0": 12.937057104254329,
    "b1": -6.1221602702010935,
    "b2": 0.00517743992697306,
    "b3": 10.68549562868538,
    "t1": 958.1825235315843,
    "t2": 253.47906123164555
}