{
    "b0": 0.10076129057958233,
    "b1": -0.04841544823903017,
    "b2": -0.05469876910940162,
    "b3": -0.02749174358975569,
    "t1": 0.146499561394138,
    "t2": 0.7243382869796724
}