{
    "b0": 8.535730945128885,
    "b1": -6.55251099634955,
    "b2": -0.0006210495781235892,
    "b3": -1.9145845876773901,
    "t1": 451.75637782490077,
    "t2": 83.27538650331383
}