{
    "b0": 0.114795291441783,
    "b1": -0.06003891363748862,
    "b2": -0.02881466614322495,
    "b3": -0.03872182741407508,
    "t1": 0.1805145226942737,
    "t2": 0.7229785891958702
}