{
    "b0": 0.10546753900425372,
    "b1": -0.06725488552968287,
    "b2": -0.033604471355112756,
    "b3": -0.046975338930569155,
    "t1": 0.42513676138762335,
    "t2": 2.497613852275336
}