{
    "b0": 0.11532180010222999,
    "b1": -0.05647544990199358,
    "b2": 0.03395638904203331,
    "b3": -0.038242185466037484,
    "t1": 0.5332403003042177,
    "t2": 0.8881068467617714
}