{
    "b0": 0.08054361454665038,
    "b1": -0.06368627182456194,
    "b2": 0.01684785338986282,
    "b3": -0.12578323901928815,
    "t1": 74.40443697530067,
    "t2": 143.6763749965277
}