{
    "b0": 0.11241412228111328,
    "b1": -0.05286939656499823,
    "b2": 0.21224745167843595,
    "b3": -0.21823024823787515,
    "t1": 7.720258126444622,
    "t2": 11.272327070830986
}