{
    "b0": 0.09755312071006488,
    "b1": -0.05674745599253786,
    "b2": -0.040962288272484916,
    "b3": -0.03955904101083424,
    "t1": 0.20368618568340624,
    "t2": 0.9887598525175267
}