{
    "b0": 0.11996839186708881,
    "b1": -0.04620943342843123,
    "b2": 0.36405707498213147,
    "b3": -0.28543905204396897,
    "t1": 0.7621847959415231,
    "t2": 0.8732602940566325
}