{
    "b0": 0.0949905612574567,
    "b1": -0.07557970212941377,
    "b2": -0.07746360587780601,
    "b3": -0.03186248154559534,
    "t1": 0.536542014777322,
    "t2": 2.392472159538267
}