{
    "b0": 0.12221386764859705,
    "b1": -0.04876005645645405,
    "b2": 0.05027056383949198,
    "b3": -0.14036730858437857,
    "t1": 10.075640873562541,
    "t2": 19.15623982890021
}