{
    "b0": 0.09147604981878082,
    "b1": -0.07221682433530476,
    "b2": -0.0609952987550495,
    "b3": -0.040971430107570754,
    "t1": 0.4631826342464693,
    "t2": 1.5920743001089148
}