{
    "b0": 10.032592827283779,
    "b1": -6.674980263316515,
    "b2": 0.0020606214904108633,
    "b3": -0.6625471453649048,
    "t1": 400.32586699528156,
    "t2": 88.11342718634721
}