{
    "b0": 0.1160957176800212,
    "b1": -0.062386061785476316,
    "b2": -0.04267465874103878,
    "b3": -0.041321664998815955,
    "t1": 0.13656543261075793,
    "t2": 0.8236362374767472
}