{
    "b0": -0.08151207985650204,
    "b1": 0.1675221365989421,
    "b2": 0.2248991763573754,
    "b3": 0.5229187784505714,
    "t1": 0.7870247260074313,
    "t2": 6.340014588614105
}