{
    "b0": 0.11276589977431536,
    "b1": -0.027338490721543957,
    "b2": 0.42524129791010606,
    "b3": -0.3822805626824172,
    "t1": 0.8738488296655267,
    "t2": 1.037574597531271
}