{
    "b0": 0.0910902941285004,
    "b1": -0.05252447655979148,
    "b2": 0.0050034211647033006,
    "b3": -0.07497769228124003,
    "t1": 45.51050643102218,
    "t2": 91.01133059276425
}