{
    "b0": 0.12241842157339823,
    "b1": -0.055028389668747374,
    "b2": 0.1253479396539674,
    "b3": -0.18545614316050918,
    "t1": 12.48557974726179,
    "t2": 18.20837237373474
}