{
    "b0": 0.1970327123753164,
    "b1": -0.17659999149337735,
    "b2": 0.21706302821074205,
    "b3": -0.38643996711683537,
    "t1": 2.78103993605082,
    "t2": 5.0966044904101215
}