{
    "b0": 11.930758922154858,
    "b1": -6.7425919043369,
    "b2": 0.0005956236004409643,
    "b3": 7.289061263076673,
    "t1": 1140.7935427536831,
    "t2": 308.9683609616152
}