{
    "b0": 0.09943144047648525,
    "b1": -0.08028914828942983,
    "b2": -0.06637709190720528,
    "b3": -0.04381564611744853,
    "t1": 0.5478070447882099,
    "t2": 2.85196594118101
}