{
    "b0": 11.102321910475474,
    "b1": -3.1692939090142485,
    "b2": -26130.93644506561,
    "b3": 26129.437255546807,
    "t1": 6.252163490658432,
    "t2": 6.250725630073093
}