{
    "b0": 0.09017328219063839,
    "b1": -0.057057228748449415,
    "b2": 0.060029026977862145,
    "b3": -0.13664030831451873,
    "t1": 58.2999076958587,
    "t2": 92.49861000704512
}