{
    "b0": 0.09936879564455504,
    "b1": -0.05570872662601714,
    "b2": -0.4686340693865495,
    "b3": 0.48858537267845564,
    "t1": 1.000000108165227,
    "t2": 0.9325291776479849
}