{
    "b0": 0.11633786865332088,
    "b1": -0.06522223481298975,
    "b2": 7.898656627022826e-07,
    "b3": 0.047846445666218027,
    "t1": 1.269482455811942,
    "t2": 0.4736513039260882
}