{
    "b0": 0.11816906806624443,
    "b1": -0.09392146292061754,
    "b2": 0.5087119611842699,
    "b3": -0.4947749232351844,
    "t1": 2.5688709853981426,
    "t2": 2.9745458810705525
}