{
    "b0": 0.09538041138737513,
    "b1": -0.06460897609178545,
    "b2": 0.14540827333425854,
    "b3": -0.22137212163587155,
    "t1": 79.30748790235731,
    "t2": 102.78459917834135
}