{
    "b0": 10.82563623998715,
    "b1": -1.9665836144618862,
    "b2": -6632.881559652992,
    "b3": 6630.225071176054,
    "t1": 6.56125218346354,
    "t2": 6.557545921984064
}