{
    "b0": 12.058070717372274,
    "b1": -4.941016679895265,
    "b2": -23365.43383294051,
    "b3": 23360.613721839803,
    "t1": 12.834313078542586,
    "t2": 12.831637491312947
}