{
    "b0": 0.10226625790354749,
    "b1": -0.06379306558573124,
    "b2": 0.26987034291477024,
    "b3": -0.2567050364067237,
    "t1": 1.2822230168979352,
    "t2": 1.4328545598438187
}