{
    "b0": 0.09498486243090062,
    "b1": -0.07620365050616948,
    "b2": -0.062495226596976844,
    "b3": -0.035472662551064016,
    "t1": 0.549498070805569,
    "t2": 2.4628467593681185
}