{
    "b0": 12.364443777055993,
    "b1": -4.882308641642153,
    "b2": 25006.902722820378,
    "b3": -25014.671708427446,
    "t1": 17.603626921995204,
    "t2": 17.607142574311446
}