{
    "b0": 0.16279650057190204,
    "b1": -0.13003008289967613,
    "b2": 0.1055702662522163,
    "b3": -0.20720305475039993,
    "t1": 2.241180077447874,
    "t2": 5.072914548591271
}