{
    "b0": 0.09122379564080352,
    "b1": -0.026054072063095235,
    "b2": 0.06824857680224428,
    "b3": 0.09182659824338178,
    "t1": 0.5481317884001634,
    "t2": 6.197540694991523
}