{
    "b0": 0.08883665300608885,
    "b1": -0.06978577025577305,
    "b2": -0.06155981719155946,
    "b3": -0.038991731677124886,
    "t1": 0.45931269392066754,
    "t2": 1.7654367370287856
}