{
    "b0": 0.10056008232281381,
    "b1": -0.055190804713570345,
    "b2": -0.1707030304875683,
    "b3": 0.1950637822200378,
    "t1": 1.0000001472587026,
    "t2": 0.8716681933111696
}