{
    "b0": 0.1123582198492225,
    "b1": -0.05821504825356809,
    "b2": -0.03366753243213652,
    "b3": -0.033973752809410604,
    "t1": 0.14611081246998925,
    "t2": 0.732963601576758
}