{
    "b0": 0.11618242211726461,
    "b1": -0.055829499882667305,
    "b2": -0.012659429698952177,
    "b3": -0.029213760775666144,
    "t1": 0.2942950503136599,
    "t2": 1.1944098740548692
}