{
    "b0": 0.07864051268213051,
    "b1": -0.06207837448704712,
    "b2": 0.017530482697863108,
    "b3": -0.12818859480178185,
    "t1": 70.02005650122747,
    "t2": 142.12245940623603
}