{
    "b0": 0.09085251154659778,
    "b1": -0.05239877876061476,
    "b2": 0.01532582627947389,
    "b3": -0.08369465620829211,
    "t1": 47.861992984719784,
    "t2": 88.68237506893908
}