{
    "b0": 10.114687375566774,
    "b1": -6.294042834330934,
    "b2": -5.2863981915487726,
    "b3": 9.04095189483705,
    "t1": 625.2333609607539,
    "t2": 377.06214853067803
}