{
    "b0": 0.10958693166592653,
    "b1": -0.05074225124126305,
    "b2": 0.09339991685657792,
    "b3": -0.1475296940150938,
    "t1": 49.56765476753911,
    "t2": 63.207706673113776
}