{
    "b0": 0.11002296270745902,
    "b1": -0.07631316507928736,
    "b2": -0.03768745856957806,
    "b3": -0.033834807814565236,
    "t1": 0.5931849715168385,
    "t2": 3.2773133457073156
}