{
    "b0": 0.11275101165872785,
    "b1": -0.06057271242490912,
    "b2": -0.05794439338864145,
    "b3": -0.06004996646312394,
    "t1": 0.11702824738575224,
    "t2": 0.5862524727975993
}