{
    "b0": 0.09868729218921508,
    "b1": -0.06154329793169439,
    "b2": -0.20261665670885984,
    "b3": 0.22413795189276106,
    "t1": 1.1586462593097826,
    "t2": 1.0123448242445883
}