{
    "b0": 0.0017358103616393116,
    "b1": 0.0363420939625808,
    "b2": 0.10163117413346832,
    "b3": 0.2638260488809997,
    "t1": 1.1037732924947496,
    "t2": 8.09209854172292
}