{
    "b0": 0.0029621273953304357,
    "b1": 0.06556010304021818,
    "b2": 0.25221163591332807,
    "b3": 0.13463170420258808,
    "t1": 8.591994129850114,
    "t2": 0.6899374893360145
}