{
    "b0": 0.11460776706674838,
    "b1": -0.05378751883633691,
    "b2": -0.034373741404579765,
    "b3": -0.033112535259852194,
    "t1": 0.16839586596787126,
    "t2": 0.7886395484148263
}