{
    "b0": 0.1215115665218927,
    "b1": -0.08737246783958083,
    "b2": -0.04612103492545737,
    "b3": -0.06647780597976231,
    "t1": 0.6304722739636351,
    "t2": 4.293409912618721
}