{
    "b0": 0.12372713712734244,
    "b1": -0.05185348836786943,
    "b2": 0.058746148062673385,
    "b3": -0.13797213801095803,
    "t1": 11.11923248900484,
    "t2": 19.462608838944394
}