{
    "b0": 11.045060228418963,
    "b1": -3.6432353241002335,
    "b2": -9628.60854102056,
    "b3": 9627.537379378608,
    "t1": 8.580314058067742,
    "t2": 8.575479151232155
}