{
    "b0": 0.09236345863942835,
    "b1": -0.07250100615505005,
    "b2": -0.07475531639371627,
    "b3": -0.03516029397577876,
    "t1": 0.5314589380968082,
    "t2": 2.0690293022956974
}