{
    "b0": 0.12109328947297662,
    "b1": -0.04799735721890579,
    "b2": 0.049840413048293085,
    "b3": -0.1347986570843998,
    "t1": 10.541597050878288,
    "t2": 19.40321838290199
}