{
    "b0": 0.09073841370515738,
    "b1": -0.029094252881871525,
    "b2": -0.034173941341525835,
    "b3": 0.06534285678656415,
    "t1": 0.11229960025784128,
    "t2": 5.899023378149149
}