{
    "b0": 12.443747008252123,
    "b1": -6.425061840671859,
    "b2": 0.01213417231223346,
    "b3": 7.038342186468794,
    "t1": 1274.422358316391,
    "t2": 337.52611581059966
}