{
    "b0": 12.442381275797322,
    "b1": -6.340815851780096,
    "b2": -0.0009476331512694447,
    "b3": 7.3498402330129595,
    "t1": 1194.5651241424725,
    "t2": 319.80346320612074
}