{
    "b0": 11.691147152395295,
    "b1": -4.436568155176649,
    "b2": 22658.933751418506,
    "b3": -22662.18913577105,
    "t1": 10.683269837921411,
    "t2": 10.686565824592979
}