{
    "b0": 0.11203901416650963,
    "b1": -0.024414549644034916,
    "b2": 0.04791754505689137,
    "b3": -0.0935330507434437,
    "t1": 3.1721182908193306,
    "t2": 6.993008602537943
}