{
    "b0": 0.11958337638832411,
    "b1": -0.08747119790073138,
    "b2": 0.1933418307969729,
    "b3": -0.18280428586281922,
    "t1": 2.214206404724545,
    "t2": 3.0125881914156154
}