{
    "b0": 0.10766228067247059,
    "b1": -0.07781857518225352,
    "b2": 0.028130772185342993,
    "b3": -0.03444783427947089,
    "t1": 1.6454462283496847,
    "t2": 4.79402903562716
}