{
    "b0": 10.187714516488757,
    "b1": -6.259436435902534,
    "b2": 0.0006754162736102298,
    "b3": 5.480938316447717,
    "t1": 825.5651492258496,
    "t2": 298.8648620665819
}