{
    "b0": 0.10115923477448115,
    "b1": -0.05439637016372404,
    "b2": -0.27561858123639865,
    "b3": 0.3008107555735247,
    "t1": 1.1029150338102178,
    "t2": 1.0083746975134285
}