{
    "b0": 0.11169533626143725,
    "b1": -0.09239100182762894,
    "b2": -0.06963440825738361,
    "b3": -0.06616681276915466,
    "t1": 0.6352030274369688,
    "t2": 4.010917310803626
}