{
    "b0": 0.1246116139715195,
    "b1": -0.05350731131509234,
    "b2": 0.02932192329302854,
    "b3": -0.11451320853569756,
    "t1": 8.640358221455708,
    "t2": 20.189170230633188
}