{
    "b0": 0.09394513017698315,
    "b1": -0.04974340826943169,
    "b2": 0.04853654803551508,
    "b3": -0.10821921689765193,
    "t1": 38.83783113162743,
    "t2": 62.1721076618426
}