{
    "b0": 0.1808386364314351,
    "b1": -0.14860641738632327,
    "b2": 0.16313977442769087,
    "b3": -0.29013903723615714,
    "t1": 2.6580207310033908,
    "t2": 5.222280810077006
}