{
    "b0": 0.1103565520781851,
    "b1": -0.057052333975036146,
    "b2": -0.048337463490856464,
    "b3": -0.044957305671884246,
    "t1": 0.12836262235482288,
    "t2": 0.6563055957855237
}