{
    "b0": 0.11525269095609883,
    "b1": -0.056563415896261834,
    "b2": 1.1261216108313793e-06,
    "b3": 0.04967210905736466,
    "t1": 1.3012667769634274,
    "t2": 0.5352235850162065
}