{
    "b0": 0.10987575569469409,
    "b1": -0.051855815013910234,
    "b2": 0.039107388516603586,
    "b3": -0.09784808629725111,
    "t1": 43.96776824547081,
    "t2": 68.9054509264234
}