{
    "b0": 0.12905904528300902,
    "b1": -0.0550849717395331,
    "b2": 0.08506102768827184,
    "b3": -0.189331767253348,
    "t1": 13.83621388550862,
    "t2": 23.008525062982333
}