{
    "b0": 9.508357633299807,
    "b1": -7.044086207613647,
    "b2": 28.729140961931314,
    "b3": -32.66975592879292,
    "t1": 193.3684435624255,
    "t2": 195.29241659775315
}