{
    "b0": -0.049983826060031517,
    "b1": 0.13418695649272633,
    "b2": 0.1954840494810316,
    "b3": 0.44304684269728006,
    "t1": 0.7807494413309124,
    "t2": 6.355048167380015
}