{
    "b0": 0.08236619869691536,
    "b1": -0.0628912675446451,
    "b2": -0.07169951804398289,
    "b3": -1.3615632875330075e-07,
    "t1": 0.4797527365616136,
    "t2": -0.9582808386877122
}