{
    "b0": 0.12924736975298076,
    "b1": -0.05272307254587054,
    "b2": 0.06877771307307783,
    "b3": -0.0460385479424143,
    "t1": 0.5305246240544654,
    "t2": 2.6365156306252997
}