{
    "b0": 0.07018142792309591,
    "b1": -0.05602890834600057,
    "b2": 0.7975797407619588,
    "b3": -0.7039377746627609,
    "t1": 3.2483249319032144,
    "t2": 3.2911579576299252
}