{
    "b0": 0.10030814527998812,
    "b1": -0.05467537751211483,
    "b2": 0.002087276157995647,
    "b3": -0.021579351122265236,
    "t1": 0.4437664306911482,
    "t2": 1.4829539476496332
}