{
    "b0": 0.10181886568322789,
    "b1": -0.06371957287951427,
    "b2": 0.14119425666787322,
    "b3": -0.1279585609900573,
    "t1": 1.140635176955052,
    "t2": 1.4895283131865282
}