{
    "b0": 0.0870212540520563,
    "b1": -0.0697596271190008,
    "b2": 0.04995960670094912,
    "b3": 0.004599472020172532,
    "t1": 2.0,
    "t2": 5.0
}