{
    "b0": 9.995729450175054,
    "b1": -7.0161605959479605,
    "b2": 0.3872948759257573,
    "b3": 6.1853629137636705,
    "t1": 1205.1622885169636,
    "t2": 626.9626014150937
}