{
    "b0": 0.1140397370436132,
    "b1": -0.05963878927541971,
    "b2": -0.03167418453967061,
    "b3": -0.03953484518005325,
    "t1": 0.16847383231079638,
    "t2": 0.7216778669179345
}