{
    "b0": 0.11108010399158216,
    "b1": -0.023021727387567525,
    "b2": 0.052890128832277276,
    "b3": -0.09450956252679459,
    "t1": 4.645504430928874,
    "t2": 9.282208069727881
}