{
    "b0": 0.09635175615264825,
    "b1": -0.07758298730588722,
    "b2": -0.06924676231826057,
    "b3": -0.043163310711619,
    "t1": 0.5161363828485239,
    "t2": 2.4200097376436753
}