{
    "b0": 0.09039677304360025,
    "b1": -0.05083500812093704,
    "b2": 0.004318687124293792,
    "b3": -0.08167249299497673,
    "t1": 44.735899292805875,
    "t2": 81.6534732584492
}