{
    "b0": 0.10811716154810877,
    "b1": -0.050002757896472516,
    "b2": 0.04086942924064303,
    "b3": -0.09081146235006912,
    "t1": 55.62511836726271,
    "t2": 80.67952518353442
}