{
    "b0": 0.08839050714171716,
    "b1": -0.06833176713905577,
    "b2": -0.07092339805597853,
    "b3": -0.04178460255654397,
    "t1": 0.5661917547391111,
    "t2": 2.251455871332163
}