{
    "b0": 8.951668619264456,
    "b1": -6.938546884228931,
    "b2": 0.0002607974495827392,
    "b3": -2.5988537376978535,
    "t1": 557.1561358305783,
    "t2": 116.11331620601064
}