{
    "b0": 0.1137948099335412,
    "b1": -0.060836748048066686,
    "b2": 8.91877511909854e-05,
    "b3": -0.026830473452701425,
    "t1": 0.3016890989415934,
    "t2": 1.1694478119198572
}