{
    "b0": 0.1299780133026516,
    "b1": -0.1107559877322773,
    "b2": -0.07531917827135573,
    "b3": -0.10711995046958558,
    "t1": 0.6913464758267949,
    "t2": 4.854261600560065
}