{
    "b0": 11.217041231674566,
    "b1": -4.893653639467755,
    "b2": 40378.888806659124,
    "b3": -40379.0599307811,
    "t1": 9.980851596763506,
    "t2": 9.982611909648444
}