{
    "b0": 0.14103306740726768,
    "b1": -0.11576683857884083,
    "b2": 0.26106836134803174,
    "b3": -0.27805032610302644,
    "t1": 2.7143005323228513,
    "t2": 3.9645840049065364
}