{
    "b0": 10.280001150848172,
    "b1": -6.264757151097722,
    "b2": 0.03570013144526052,
    "b3": 5.927184500735907,
    "t1": 855.4090888679488,
    "t2": 301.18538628538954
}