{
    "b0": 0.09885320079336234,
    "b1": -0.07662650923149916,
    "b2": 0.10380861355059237,
    "b3": -0.19650041524020265,
    "t1": 76.10539225852982,
    "t2": 114.9487883009803
}