{
    "b0": 10.388396766370471,
    "b1": -7.01082798822514,
    "b2": -64.17753983704516,
    "b3": 67.4026484603132,
    "t1": 690.0503759276858,
    "t2": 669.11696529674
}