{
    "b0": 0.1107343564757486,
    "b1": -0.02399503583893612,
    "b2": -0.9050925759210666,
    "b3": 0.9478201565956812,
    "t1": 0.9791401166171059,
    "t2": 0.9142980330403176
}