{
    "b0": 0.05873170274477205,
    "b1": -0.011129636120151727,
    "b2": 0.06286138914734977,
    "b3": 0.12934945858861388,
    "t1": 0.7546097823120708,
    "t2": 7.6608271714825245
}