{
    "b0": 0.1660015049781808,
    "b1": -0.14945677068964922,
    "b2": -0.4346892376133337,
    "b3": 0.40462761720534657,
    "t1": 5.300422329594259,
    "t2": 3.735136603543284
}