{
    "b0": 0.11970217095865078,
    "b1": -0.08327704359757658,
    "b2": 0.010065672617206665,
    "b3": -0.07723629751836365,
    "t1": 0.968308542198633,
    "t2": 3.5917413458750937
}