{
    "b0": 9.785398622867952,
    "b1": -7.761386658993086,
    "b2": -8.341218083099088,
    "b3": 1.9886504001691607,
    "t1": 186.45754885134426,
    "t2": 106.37808449499548
}