{
    "b0": 0.09480286509696563,
    "b1": -0.053854199212141476,
    "b2": -0.04270240914278769,
    "b3": -0.0416473842826354,
    "t1": 0.19841338026071442,
    "t2": 0.9609522829123902
}