{
    "b0": 0.09050414801082954,
    "b1": -0.07149873848189094,
    "b2": -0.06279502944558676,
    "b3": -0.04109532364797948,
    "t1": 0.45295868443497767,
    "t2": 1.752279544170619
}