{
    "b0": 0.09642229895830574,
    "b1": -0.07440682767025497,
    "b2": 0.07629183703487681,
    "b3": -0.17629854145001184,
    "t1": 69.5199659954309,
    "t2": 112.43198014976609
}