{
    "b0": 0.05642635024195776,
    "b1": -0.04245769983212476,
    "b2": 0.026813060915904845,
    "b3": 0.09266840895106689,
    "t1": 2.0,
    "t2": 5.0
}