{
    "b0": 0.13801061274606094,
    "b1": -0.11369549712978545,
    "b2": 0.09408127938934088,
    "b3": -0.13969156196359983,
    "t1": 2.06814581690011,
    "t2": 4.999785465746067
}