{
    "b0": 0.10806332073308643,
    "b1": -0.05992680052864012,
    "b2": 1.3550206209647642e-06,
    "b3": 0.06558030361448296,
    "t1": 1.7506639176359235,
    "t2": 0.6065372446665379
}