{
    "b0": 0.43762711686672795,
    "b1": -0.4227167641578475,
    "b2": -0.7380315966802122,
    "b3": 0.352105669638218,
    "t1": 9.254768557825228,
    "t2": 4.121383874374222
}