{
    "b0": 0.10091432655269685,
    "b1": -0.06039272852910406,
    "b2": -0.013288935303311735,
    "b3": 0.06038131085734738,
    "t1": 1.9607015864857937,
    "t2": 0.8576795695596544
}