{
    "b0": 0.14829251721695053,
    "b1": -0.11518742051051808,
    "b2": -0.05654325642215128,
    "b3": -0.1426412146085453,
    "t1": 0.8108202024723333,
    "t2": 5.507825644994381
}