{
    "b0": 0.09445193857320335,
    "b1": -0.0756481531367335,
    "b2": -0.06196289540963719,
    "b3": -0.038086126356460574,
    "t1": 0.5418896510429928,
    "t2": 2.2760636615337226
}