{
    "b0": 0.11287027124540001,
    "b1": -0.02746268085019004,
    "b2": -0.18347146020690192,
    "b3": 0.2343441706457733,
    "t1": 1.1708299392930188,
    "t2": 0.8055952795032857
}