{
    "b0": 12.228524498027824,
    "b1": -6.445801647425938,
    "b2": 0.06209593912805378,
    "b3": 7.037472346722603,
    "t1": 1183.2248165478525,
    "t2": 295.02515305320753
}