{
    "b0": 0.09113228099114838,
    "b1": -0.05814981735952564,
    "b2": 0.06706073927437038,
    "b3": -0.14419268674263072,
    "t1": 63.215445129350684,
    "t2": 98.77984602760432
}