{
    "b0": 0.0831841333234642,
    "b1": -0.06625367103727745,
    "b2": 0.20246938586665408,
    "b3": -0.309229041308169,
    "t1": 91.64194860554396,
    "t2": 115.49736306085968
}