{
    "b0": 0.11166259583513263,
    "b1": -0.07700026716033546,
    "b2": -0.038574883444951635,
    "b3": -0.04145300555404281,
    "t1": 0.6071339507198175,
    "t2": 3.6194505241575334
}