{
    "b0": 0.11130583014287118,
    "b1": -0.05477515692459785,
    "b2": -1.497218494607433e-06,
    "b3": 0.047347690295345565,
    "t1": 1.3596415932080528,
    "t2": 0.5026908602171923
}