{
    "b0": 0.12767559392268918,
    "b1": -0.05863146485676596,
    "b2": 0.4279680808312156,
    "b3": -0.3500624014543255,
    "t1": 0.8000306201860727,
    "t2": 0.8995649275147404
}