{
    "b0": 0.11528551867375354,
    "b1": -0.052371763028898725,
    "b2": -1.1999685459330306e-06,
    "b3": 0.047885346200113595,
    "t1": 1.538439853098922,
    "t2": 0.58721290069448
}