{
    "b0": 0.13392009577810912,
    "b1": -0.10750806190866295,
    "b2": 0.0855341740970914,
    "b3": -0.11474436625969389,
    "t1": 2.1107284524527326,
    "t2": 5.026055154266538
}