{
    "b0": 9.915687118694818,
    "b1": -7.10490822856074,
    "b2": -4.402719375992308,
    "b3": -1.0691130650368554,
    "t1": 196.69752213820382,
    "t2": 11.954199385741214
}