{
    "b0": 0.08906858225068023,
    "b1": -0.053272283179038635,
    "b2": 0.2125556187663045,
    "b3": -0.2735543442666814,
    "t1": 60.80496751617669,
    "t2": 72.6102640686345
}