{
    "b0": 0.11287864594615847,
    "b1": -0.0794804223514892,
    "b2": -0.0474944837717198,
    "b3": -0.04209156229368642,
    "t1": 0.5837990548125349,
    "t2": 4.072384552076317
}