{
    "b0": 11.1206859063501,
    "b1": -6.4144678142061435,
    "b2": 0.03400891454573873,
    "b3": 7.58335589893375,
    "t1": 1457.8021774657432,
    "t2": 363.80171832426424
}