{
    "b0": 0.08009032160137718,
    "b1": -0.06356927088198616,
    "b2": 0.04473484878388565,
    "b3": -0.1454212431140566,
    "t1": 85.67819564850129,
    "t2": 139.2811557567942
}