{
    "b0": 0.10325391532139651,
    "b1": -0.05404338046003099,
    "b2": 0.01946872918969026,
    "b3": -0.07965650866105092,
    "t1": 46.133601385259254,
    "t2": 83.51736552557588
}