{
    "b0": 0.11402518450738854,
    "b1": -0.05500437527619912,
    "b2": 0.010034640487329587,
    "b3": -0.025733383133136237,
    "t1": 0.4260633540899068,
    "t2": 1.023212115680609
}