{
    "b0": 0.11177752642005065,
    "b1": -0.07360334681183317,
    "b2": 0.02058042404390659,
    "b3": -0.05011313647483391,
    "t1": 0.9406518184799011,
    "t2": 2.941164758902343
}