{
    "b0": 0.0951396883028267,
    "b1": -0.06337826868095985,
    "b2": 0.10250584746831262,
    "b3": -0.1817148370114056,
    "t1": 75.08381775318092,
    "t2": 105.37672814796123
}