{
    "b0": 0.11932569394961927,
    "b1": -0.0475461723764361,
    "b2": 0.21429534273103923,
    "b3": -0.26041181246261175,
    "t1": 10.570334636713689,
    "t2": 14.430204994225766
}