{
    "b0": 10.185807694491645,
    "b1": -6.37644303028233,
    "b2": -10.106117855749332,
    "b3": 13.300423500993606,
    "t1": 551.700286205587,
    "t2": 405.2635175129095
}