{
    "b0": 0.08530462363301061,
    "b1": -0.06830257555494261,
    "b2": 0.15310648962968643,
    "b3": -0.2510572515999904,
    "t1": 91.42289930259123,
    "t2": 119.94844839278738
}