{
    "b0": 0.09273526780410783,
    "b1": -0.06960982704279986,
    "b2": 0.07951336588788281,
    "b3": -0.1645360741057226,
    "t1": 71.86649282097014,
    "t2": 118.2321493204869
}