{
    "b0": 8.640749852958972,
    "b1": -6.713436365459153,
    "b2": 0.002561253489527626,
    "b3": -1.8865061767977271,
    "t1": 432.56815200313514,
    "t2": 107.64166823668505
}