{
    "b0": 0.10934727866742677,
    "b1": -0.05874976848206173,
    "b2": 0.2415165766171344,
    "b3": -0.2818697180417475,
    "t1": 61.658793716489896,
    "t2": 70.29708639890426
}