{
    "b0": 9.769922386065668,
    "b1": -7.304660015038047,
    "b2": 355.1197592908799,
    "b3": -360.3960626276274,
    "t1": 162.56263787681277,
    "t2": 163.17906376585097
}