{
    "b0": 0.11037803034143762,
    "b1": -0.05981527518103616,
    "b2": 0.011411802483316406,
    "b3": -0.03272359102562911,
    "t1": 0.4316734760907279,
    "t2": 1.1839560830839702
}