{
    "b0": 0.17858885292486595,
    "b1": -0.15865416415261288,
    "b2": 0.2764026269516519,
    "b3": -0.3893384127064239,
    "t1": 3.1689652814854066,
    "t2": 5.069600341407329
}