{
    "b0": 0.09036452996873202,
    "b1": -0.052111370969213644,
    "b2": 0.02562025768869322,
    "b3": -0.08902304523575082,
    "t1": 44.42840552805352,
    "t2": 79.04987740055545
}