{
    "b0": 0.12473822648876957,
    "b1": -0.05139495358782213,
    "b2": 0.04707621337222993,
    "b3": -0.1437509250618938,
    "t1": 10.72726811895198,
    "t2": 21.035946865904705
}