{
    "b0": 0.08958775776566869,
    "b1": -0.04973906145306754,
    "b2": 0.057058319707115154,
    "b3": -0.11088265816822082,
    "t1": 38.431407423747494,
    "t2": 58.81102648405193
}