{
    "b0": 0.10983043619441137,
    "b1": -0.05822113820064519,
    "b2": -0.05067283651403266,
    "b3": -0.05211725595571867,
    "t1": 0.12093472342298117,
    "t2": 0.5441644417679861
}