{
    "b0": 0.09852057474266483,
    "b1": -0.05662349256871044,
    "b2": -0.02065561780030848,
    "b3": -0.03818244441859841,
    "t1": 0.3041050696726595,
    "t2": 1.3949395186679716
}