{
    "b0": 0.10342798539373513,
    "b1": -0.06493008293079769,
    "b2": -0.03478673644965798,
    "b3": -0.04175849474724169,
    "t1": 0.3963350327397226,
    "t2": 2.3505000515650702
}