{
    "b0": 0.11059899683177712,
    "b1": -0.05898371833254761,
    "b2": 0.0513518790634563,
    "b3": 0.07399428161105694,
    "t1": 2.740424287216091,
    "t2": 0.5100542033258801
}