{
    "b0": 0.10640019974867514,
    "b1": -0.08674911235904084,
    "b2": -0.08777463617952823,
    "b3": -0.06758287853237306,
    "t1": 0.5494998761365215,
    "t2": 3.962084560251327
}