{
    "b0": 0.08471192958943845,
    "b1": -0.06742567058270031,
    "b2": 0.3004166644977616,
    "b3": -0.3840849249445347,
    "t1": 90.12002442729943,
    "t2": 106.07979847035978
}