{
    "b0": 8.4788285640123,
    "b1": -6.526781585122162,
    "b2": -5.023658355360827,
    "b3": -6.086669609999222,
    "t1": 115.05273068098009,
    "t2": 325.6413078199685
}