{
    "b0": 0.11464221364639096,
    "b1": -0.053062452316679,
    "b2": -0.044637378809021376,
    "b3": -0.038018262744544604,
    "t1": 0.14036643916632885,
    "t2": 0.6800660630737845
}