{
    "b0": 0.09799704833933626,
    "b1": -0.07517869499446901,
    "b2": 0.22036441598047662,
    "b3": -0.30547769185059864,
    "t1": 84.01057060584196,
    "t2": 105.08774372519909
}