{
    "b0": 10.36682037882731,
    "b1": -6.357251624570894,
    "b2": -4.682476644999456,
    "b3": -3.945470862653521,
    "t1": 105.65803665597598,
    "t2": 585.6621020026563
}