{
    "b0": 0.15343053444680718,
    "b1": -0.12853566933246802,
    "b2": 0.4655395696846051,
    "b3": -0.4984995467372132,
    "t1": 3.0886355968767574,
    "t2": 3.9850055002076594
}