{
    "b0": 11.941024397578389,
    "b1": -4.776012442049472,
    "b2": -202468.6598155937,
    "b3": 202462.48512130455,
    "t1": 13.879316014674615,
    "t2": 13.87898570254145
}