{
    "b0": 0.12277867918455038,
    "b1": 0.002351138261109227,
    "b2": -0.047161733251217336,
    "b3": -0.1219595089352752,
    "t1": 3.3359520714318225,
    "t2": 0.06230679217113978
}