{
    "b0": 11.222296403761414,
    "b1": -3.8904629407460227,
    "b2": 37049.66989569,
    "b3": -37051.34525348603,
    "t1": 9.665830311093337,
    "t2": 9.667365859178137
}