{
    "b0": 0.10033132100765595,
    "b1": -0.061644451027439685,
    "b2": -0.493253492341617,
    "b3": 0.5077262316876702,
    "t1": 1.0609636057090746,
    "t2": 1.0008057564802586
}