{
    "b0": 0.0922904447244251,
    "b1": -0.059966249215644085,
    "b2": 0.060073032066178,
    "b3": -0.13905128738924227,
    "t1": 68.71198066845625,
    "t2": 109.39691219329049
}