{
    "b0": 0.11819309655959699,
    "b1": -0.04405572691666465,
    "b2": -0.06634420100361582,
    "b3": 0.15901200024614728,
    "t1": 1.0000000949336334,
    "t2": 0.7074687650453761
}