{
    "b0": 0.08812128573449979,
    "b1": -0.04948792912371189,
    "b2": 0.07883338254467523,
    "b3": -0.13632013001825477,
    "t1": 59.172217207427444,
    "t2": 77.83000015772559
}