{
    "b0": 8.942494716766555,
    "b1": -6.987869538586962,
    "b2": 3.181817887714413,
    "b3": -1.462272484684087,
    "t1": 663.9273176508997,
    "t2": 116.31897049437919
}