{
    "b0": 12.77437821899742,
    "b1": -5.306910944951452,
    "b2": 7263.252320574822,
    "b3": -7271.924430980141,
    "t1": 18.339673830258246,
    "t2": 18.354785360419665
}