{
    "b0": 0.10953762663198831,
    "b1": -0.05979700456766471,
    "b2": -0.02430207307937568,
    "b3": -0.03197994505951695,
    "t1": 0.26073117443583316,
    "t2": 1.505007761620822
}