{
    "b0": 0.0890498553049145,
    "b1": -0.0704983028860308,
    "b2": 0.056197406134364636,
    "b3": -0.1567129989467644,
    "t1": 86.83027660896623,
    "t2": 136.173788793912
}