{
    "b0": 0.0925130959795485,
    "b1": -0.054639017708984564,
    "b2": 0.4662268434225016,
    "b3": -0.5304583959817946,
    "t1": 63.83099548347976,
    "t2": 68.831830838976
}