{
    "b0": 0.09984830926896257,
    "b1": -0.050778237770542814,
    "b2": 0.22962117241488456,
    "b3": -0.2734631716785697,
    "t1": 53.129460912845424,
    "t2": 59.33065373120409
}