{
    "b0": 0.10897093803523301,
    "b1": -0.05092242882002247,
    "b2": 0.11344176474248319,
    "b3": -0.15039276347924357,
    "t1": 51.942681227511905,
    "t2": 66.38917553724364
}