{
    "b0": 8.94584415326915,
    "b1": -6.9416646329374405,
    "b2": 4.610231271895415e-05,
    "b3": -2.691723896248794,
    "t1": 518.8338450889813,
    "t2": 114.38092714491421
}