{
    "b0": 0.08893099432398462,
    "b1": -0.05330855804631052,
    "b2": 3.346425285911059,
    "b3": -3.4032043842510924,
    "t1": 62.31799662125873,
    "t2": 63.16048523969895
}