{
    "b0": 0.1036964006718446,
    "b1": -0.06762874669511176,
    "b2": 0.17413235352279915,
    "b3": -0.16693397868411494,
    "t1": 1.4724836204546339,
    "t2": 1.8145694905596574
}