{
    "b0": 0.08912418617196681,
    "b1": -0.06956508242977126,
    "b2": 0.18557201754303465,
    "b3": -0.2699428950094912,
    "t1": 89.206349258184,
    "t2": 108.87862347371552
}