{
    "b0": 0.11402395066458894,
    "b1": -0.07980222516661617,
    "b2": -0.026146404592943866,
    "b3": -0.046430999024048555,
    "t1": 0.7419880802907699,
    "t2": 3.8522931884543925
}