{
    "b0": 0.12910066605470463,
    "b1": -0.10774021312127177,
    "b2": -0.0554426346780447,
    "b3": -0.10664549866286704,
    "t1": 0.6923803124656939,
    "t2": 4.761527086333325
}