{
    "b0": 0.1353728361224245,
    "b1": 0.0003178447219937294,
    "b2": 0.016056696416925358,
    "b3": -0.007465582055060796,
    "t1": 0.7306804240129359,
    "t2": 2.8616318383984503
}