{
    "b0": 0.0978479981135959,
    "b1": 0.03683406695993016,
    "b2": 0.061351318276973515,
    "b3": -0.12771466043384025,
    "t1": 0.5314384243986905,
    "t2": -37.45110324895523
}