{
    "b0": 0.12196712525937821,
    "b1": -0.0009311724074321081,
    "b2": -0.027928919646249547,
    "b3": 0.004506035938798116,
    "t1": 2.0,
    "t2": 5.0
}