{
    "b0": 0.1159585410210022,
    "b1": 0.01926054605674902,
    "b2": 0.039075751920907606,
    "b3": -0.1204353956588987,
    "t1": 0.5330094647714785,
    "t2": -62.716890698544745
}