{
    "b0": 11.837872612830337,
    "b1": -0.18606525738258095,
    "b2": -8601.123096055922,
    "b3": 8605.07722901861,
    "t1": 79.579596597138,
    "t2": 79.5993949901372
}