{
    "b0": 0.14192998040293422,
    "b1": -0.0011535993552191232,
    "b2": -0.32475846271237285,
    "b3": 0.24827950550751332,
    "t1": 3.821640899847301,
    "t2": 4.279738107732479
}