{
    "b0": 11.865946886998874,
    "b1": -2.74381893803596,
    "b2": 6069.185710130318,
    "b3": -6073.846317988324,
    "t1": 7.3165684941862175,
    "t2": 7.319376208400159
}