{
    "b0": 0.1333977941390059,
    "b1": 0.002026783181078448,
    "b2": -0.014464036977797388,
    "b3": 0.028397029041298247,
    "t1": 1.000000087464875,
    "t2": 0.7323313056018279
}