{
    "b0": 0.13786355700928618,
    "b1": -0.0028339328146829105,
    "b2": -0.03270581898041628,
    "b3": 0.024042047181534104,
    "t1": 2.109702970456683,
    "t2": 0.3885640820925298
}