{
    "b0": 11.79858887063625,
    "b1": 1.9882960571708477,
    "b2": -6780.424014415606,
    "b3": 6783.952114486103,
    "t1": 49.27300747716365,
    "t2": 49.298188177071715
}