{
    "b0": 0.12891968985535762,
    "b1": -0.0023888590574094987,
    "b2": -0.1985650636676762,
    "b3": 0.20795776176790973,
    "t1": 1.0000000299099852,
    "t2": 0.7984234604364435
}