{
    "b0": 12.683762620503046,
    "b1": 0.5877655513026676,
    "b2": 6734.875888687133,
    "b3": -6732.922816090262,
    "t1": 55.48469752893498,
    "t2": 55.460592839591946
}