{
    "b0": 0.1723374157491066,
    "b1": -0.03155534895108881,
    "b2": -0.036931269986869575,
    "b3": -0.1107585559879033,
    "t1": 2.97312382173422,
    "t2": 4.47280777561207
}