{
    "b0": 0.13941556408331585,
    "b1": 0.0010072510635733252,
    "b2": -0.008913731428103724,
    "b3": -0.0030894652189724136,
    "t1": 2.0,
    "t2": 5.0
}