{
    "b0": 0.12436598061113081,
    "b1": 0.014766676063811844,
    "b2": -0.06955822443059932,
    "b3": 0.09360824956505262,
    "t1": 34.80166345919685,
    "t2": 53.852798065860064
}