{
    "b0": 0.11821253552377502,
    "b1": 0.0031842348888155673,
    "b2": 0.039915694127788254,
    "b3": 0.00025772153705988163,
    "t1": 121.0895750260015,
    "t2": 184.30044562199333
}