{
    "b0": 0.13035513091221645,
    "b1": 0.004200457916798736,
    "b2": 0.44831739124482595,
    "b3": -0.4395659029239358,
    "t1": 0.9237312308707177,
    "t2": 1.0053609490242392
}