{
    "b0": 0.11944233768569731,
    "b1": 0.010913850563137907,
    "b2": -0.09065288700105906,
    "b3": 0.12068216313887375,
    "t1": 52.63376814567155,
    "t2": 76.99700770550304
}