{
    "b0": 12.58086649997956,
    "b1": 0.9719653887281714,
    "b2": 1802.6060897616567,
    "b3": -1799.9777841722612,
    "t1": 54.88817829891646,
    "t2": 54.81827768063843
}