{
    "b0": 11.358047009452845,
    "b1": 2.5529760487318107,
    "b2": 7889.279397250999,
    "b3": -7885.181759519143,
    "t1": 49.84386237433232,
    "t2": 49.81607152294403
}