{
    "b0": 0.11898007921477732,
    "b1": 0.01554820459490341,
    "b2": -0.16804881324580095,
    "b3": 0.16459922951229178,
    "t1": 1.0000000484093998,
    "t2": 0.7045024894346102
}