{
    "b0": 0.037844078949043174,
    "b1": 0.09689449949506315,
    "b2": 0.10104688370639442,
    "b3": 0.23750601348597114,
    "t1": 0.5756823854352442,
    "t2": 5.871630649564286
}