{
    "b0": 0.11306899290865964,
    "b1": 0.026440277159988305,
    "b2": -1.1237817466692186,
    "b3": 1.1687539988599447,
    "t1": 62.65930822121753,
    "t2": 65.47481215102586
}