{
    "b0": 0.11322628996239516,
    "b1": 0.026988333785401032,
    "b2": -0.21164728816816755,
    "b3": 0.25905592385893594,
    "t1": 59.371940349440585,
    "t2": 74.56180417676674
}