{
    "b0": 11.480999663526473,
    "b1": 2.3517014244404892,
    "b2": -2083.288320142582,
    "b3": 2087.4017685550575,
    "t1": 57.50381116244099,
    "t2": 57.61635344450693
}