{
    "b0": 0.15445462464948373,
    "b1": -0.0272071522847398,
    "b2": -0.02095643018994476,
    "b3": -0.11710207082029181,
    "t1": 0.13316343260869,
    "t2": 2.982582526129261
}