{
    "b0": 0.1205569324125289,
    "b1": 0.01306517679246881,
    "b2": -0.06074405551123772,
    "b3": 0.09224396438289259,
    "t1": 46.695790124940686,
    "t2": 80.8051577078877
}