{
    "b0": 0.1111841208277864,
    "b1": 0.006648632823012455,
    "b2": 0.3902496254154795,
    "b3": -0.3575060348510701,
    "t1": 67.50543170927558,
    "t2": 59.22200829727808
}