{
    "b0": 13.3056659571082,
    "b1": 0.48859765036534775,
    "b2": -1160.427716108795,
    "b3": 1162.1340245547096,
    "t1": 81.91754414725087,
    "t2": 82.1233806400671
}