{
    "b0": 0.16883742959979853,
    "b1": -0.02764015749141801,
    "b2": -0.05014051223064375,
    "b3": -0.09229844363124928,
    "t1": 3.017147099446467,
    "t2": 4.501883770031072
}