{
    "b0": 0.1290765284558177,
    "b1": -0.0017157957934827526,
    "b2": -0.20865535346016695,
    "b3": 0.21621293030036356,
    "t1": 1.0000000299243197,
    "t2": 0.8136154957382141
}