{
    "b0": 0.1316991982423155,
    "b1": -0.0035945732150225217,
    "b2": 0.21589600895325736,
    "b3": -0.21690958002800284,
    "t1": 0.8094796988944779,
    "t2": 0.9828516943907295
}