{
    "b0": 0.12472764952485675,
    "b1": 0.009535281548072698,
    "b2": -0.2727003381766161,
    "b3": 0.2624084028827984,
    "t1": 0.9532907413074628,
    "t2": 0.7648504865538382
}