{
    "b0": 0.11865793438792406,
    "b1": -0.026202662984219936,
    "b2": -0.08846472122170322,
    "b3": 0.14222956336015588,
    "t1": 1.0000000217902898,
    "t2": 0.6257063662508489
}