{
    "b0": 12.369011721893356,
    "b1": 0.37119511862919286,
    "b2": -8067.601696386189,
    "b3": 8069.499045621816,
    "t1": 65.53688414740742,
    "t2": 65.55815928717769
}