{
    "b0": 0.13290078841868092,
    "b1": 0.002571508245431952,
    "b2": -0.4588299359640364,
    "b3": 0.4691756738545639,
    "t1": 0.9728382667216934,
    "t2": 0.9465419447675603
}