{
    "b0": 0.12774057030609753,
    "b1": -0.028866241956546024,
    "b2": 0.06501487749102965,
    "b3": -0.0678403777750917,
    "t1": 3.095155208315318,
    "t2": 6.205383245954349
}