{
    "b0": 12.092032110679545,
    "b1": 1.7677394164943387,
    "b2": 2532.5359113928243,
    "b3": -2529.557156401453,
    "t1": 53.44355516472433,
    "t2": 53.36966058603958
}