{
    "b0": 0.12511115100869521,
    "b1": 0.000390363950083484,
    "b2": -0.6927485445532985,
    "b3": 0.7055049369562303,
    "t1": 1.0000000647758969,
    "t2": 0.9298853378411583
}