{
    "b0": 0.13672950859004243,
    "b1": -0.007094576741311792,
    "b2": -0.48956541831533806,
    "b3": 0.4904095893680088,
    "t1": 0.9872092738137679,
    "t2": 0.8833065541797502
}