{
    "b0": 0.13621202237080518,
    "b1": -0.005986211227706591,
    "b2": -0.6465226217527513,
    "b3": 0.6582655578883151,
    "t1": 1.000000134071453,
    "t2": 0.9279600060333516
}