{
    "b0": 11.385583981329098,
    "b1": 2.525021203074318,
    "b2": 5299.97202391133,
    "b3": -5295.881931294474,
    "t1": 52.66149674964691,
    "t2": 52.61861156293939
}