{
    "b0": 0.11285064709311846,
    "b1": 0.026826960736440857,
    "b2": -0.1646439473800305,
    "b3": 0.21027393561356056,
    "t1": 42.922760100786206,
    "t2": 56.726905063824844
}