{
    "b0": 12.6951022001449,
    "b1": -2.6614388385396603,
    "b2": -10228.685925267844,
    "b3": 10229.18434456442,
    "t1": 4.2302101834690715,
    "t2": 4.228669243005575
}