{
    "b0": 0.11431287465072995,
    "b1": 0.025850062644884896,
    "b2": -0.1134340341588954,
    "b3": 0.15727195650002257,
    "t1": 38.48694422600033,
    "t2": 57.762832848715355
}