{
    "b0": 11.279755175642165,
    "b1": 2.5407401923194852,
    "b2": 5253.000376748171,
    "b3": -5248.38315509958,
    "t1": 61.98064617922893,
    "t2": 61.92832899991474
}