{
    "b0": 11.512003552251988,
    "b1": 2.356676632650143,
    "b2": 48908.65312363157,
    "b3": -48904.752207177546,
    "t1": 48.92585272193773,
    "t2": 48.921674590652906
}