{
    "b0": 11.58573557706468,
    "b1": -3.509404522963531,
    "b2": 13769.413531755017,
    "b3": -13772.14571582897,
    "t1": 4.722625171808478,
    "t2": 4.724596597198798
}