{
    "b0": 0.01288059883372905,
    "b1": 0.12180096347684971,
    "b2": 0.1189986915021921,
    "b3": 0.3316578440502948,
    "t1": 0.9529507192209193,
    "t2": 6.803838605476293
}