{
    "b0": 0.12005544581581244,
    "b1": 0.013591938304039347,
    "b2": -0.05855273075908167,
    "b3": 0.09058466275989557,
    "t1": 44.452300424195485,
    "t2": 77.78790884514932
}