{
    "b0": 0.11255289730351013,
    "b1": 0.02769601278452454,
    "b2": -0.27792434487811796,
    "b3": 0.3217497547829173,
    "t1": 46.16545639345286,
    "t2": 54.867205706281936
}