{
    "b0": 0.005648825709096434,
    "b1": 0.12151317914582366,
    "b2": 0.12649617046583556,
    "b3": 0.3339996907542808,
    "t1": 0.8036454035435413,
    "t2": 6.59716551143319
}