{
    "b0": 0.1161555299887928,
    "b1": 0.024442599948282025,
    "b2": -0.07443695565816448,
    "b3": 0.11762542883807083,
    "t1": 41.31072490140835,
    "t2": 73.38091735170696
}