{
    "b0": 11.936110524793106,
    "b1": 0.27000036507796654,
    "b2": 2913.2162854381745,
    "b3": -2910.180336178335,
    "t1": 68.74588619810959,
    "t2": 68.69750300689209
}