{
    "b0": 11.81698735809044,
    "b1": 2.0074239250880668,
    "b2": 3064.9185834416858,
    "b3": -3061.3802924921515,
    "t1": 58.93230975808652,
    "t2": 58.86102948784872
}