{
    "b0": -0.03876317964665514,
    "b1": 0.1737646192678275,
    "b2": 0.13695496157694056,
    "b3": 0.46189647387705446,
    "t1": 0.9648609626180508,
    "t2": 6.577781672710663
}