{
    "b0": 0.11702481178514883,
    "b1": -0.03044078847348408,
    "b2": 0.19888572546841898,
    "b3": -0.15097756915623464,
    "t1": 0.6693349586359276,
    "t2": 0.9911877352790386
}