{
    "b0": 0.12750325111876457,
    "b1": 0.006974263044845736,
    "b2": -0.16655832427211884,
    "b3": 0.1776299802115657,
    "t1": 1.0000000657781716,
    "t2": 0.8260189183828331
}