{
    "b0": 0.11856933007714883,
    "b1": -0.021456042034455673,
    "b2": -0.12058542664904384,
    "b3": 0.16514057978489285,
    "t1": 1.0000000412670056,
    "t2": 0.6548229295908067
}