{
    "b0": 13.361928338101553,
    "b1": 0.43153529530507084,
    "b2": 1739.1250368632793,
    "b3": -1737.3289001553726,
    "t1": 92.9947929670273,
    "t2": 92.82314480717845
}