{
    "b0": 0.13441894117313535,
    "b1": 0.0005786028429542065,
    "b2": 0.07235228104547596,
    "b3": -0.06782473235536365,
    "t1": 0.8338949625589306,
    "t2": 1.2923328181742733
}