{
    "b0": 0.1072877466284866,
    "b1": -0.0036587678864122455,
    "b2": -0.004928007050993387,
    "b3": 0.06619594845510413,
    "t1": -5.140286921686133,
    "t2": 0.48418825087493556
}