{
    "b0": 0.12440053799283182,
    "b1": 0.015130846172449225,
    "b2": -0.7274212135524438,
    "b3": 0.7526687717793787,
    "t1": 64.89135141070399,
    "t2": 69.02065352773539
}