{
    "b0": 12.05069742934585,
    "b1": -0.24981373849247168,
    "b2": 1327.0564526536025,
    "b3": -1323.6367706964295,
    "t1": 78.91926465510835,
    "t2": 78.8398642429698
}