{
    "b0": 13.053001979440088,
    "b1": 0.19501121074649075,
    "b2": -4126.423629366316,
    "b3": 4128.721600164816,
    "t1": 71.3553109467932,
    "t2": 71.40354145220516
}