{
    "b0": 11.71242561444416,
    "b1": 2.087816576841653,
    "b2": 4538.523034811986,
    "b3": -4534.870153697311,
    "t1": 48.86424224351658,
    "t2": 48.82560045916603
}