{
    "b0": 11.837666515082423,
    "b1": 0.9178445034889919,
    "b2": 11602.642380277819,
    "b3": -11599.475537731907,
    "t1": 72.71230701025523,
    "t2": 72.69340429858195
}