{
    "b0": 0.1291766220416603,
    "b1": 0.0022138125829584956,
    "b2": -0.028574951126279988,
    "b3": 0.012996222019976746,
    "t1": 2.0,
    "t2": 5.0
}