{
    "b0": 0.1396225171441083,
    "b1": -0.008553138391191838,
    "b2": -0.4373569546923748,
    "b3": 0.44736829165638875,
    "t1": 1.0000000902721229,
    "t2": 0.9082028353685345
}