{
    "b0": 0.11263634087845491,
    "b1": 0.01972920021408093,
    "b2": 0.05027995351902128,
    "b3": -0.3974455083530242,
    "t1": 0.49103521582811105,
    "t2": -135.34995341022076
}