{
    "b0": 0.15465421387169362,
    "b1": -0.02042564050740734,
    "b2": -0.11722696577942855,
    "b3": 0.03441585718045454,
    "t1": 3.0380290268100003,
    "t2": 0.37254685907104435
}