{
    "b0": 13.267900049795788,
    "b1": 0.5424226467285369,
    "b2": 748.9729402450527,
    "b3": -747.240385418474,
    "t1": 83.76449835499989,
    "t2": 83.41763572031023
}