{
    "b0": 0.22634576562965195,
    "b1": -0.0853504283800636,
    "b2": -0.02400585635636187,
    "b3": -0.2755456415704565,
    "t1": 2.0,
    "t2": 5.0
}