{
    "b0": 0.11665270520443184,
    "b1": -0.017856312127063567,
    "b2": -0.12472468474906569,
    "b3": 0.16931573464447025,
    "t1": 1.000000048672212,
    "t2": 0.670190913415312
}