{
    "b0": 12.878096525359032,
    "b1": 0.33823752863506873,
    "b2": -4078.563326603406,
    "b3": 4080.47089810701,
    "t1": 60.452248608071656,
    "t2": 60.489298455033506
}