{
    "b0": 12.834748378103145,
    "b1": 0.41777235765669074,
    "b2": -1681.0472217968952,
    "b3": 1683.0246854340312,
    "t1": 62.94002070431421,
    "t2": 63.05890010886835
}