{
    "b0": 0.14152035131196905,
    "b1": -8.474627763807585e-05,
    "b2": -0.7005383032830718,
    "b3": 0.6149517253430979,
    "t1": 3.9673719211829637,
    "t2": 4.21970170025148
}