{
    "b0": 0.12358042520428576,
    "b1": 0.010920505537279017,
    "b2": -0.167622859513616,
    "b3": 0.15829014261125407,
    "t1": 1.0000000381327327,
    "t2": 0.7009335871884592
}