{
    "b0": 11.802881302533162,
    "b1": -1.298165416323418,
    "b2": -43874.88927741726,
    "b3": 43872.996292855125,
    "t1": 5.411223798539664,
    "t2": 5.410918700216056
}