{
    "b0": 0.11924347627625748,
    "b1": 0.015235281655662215,
    "b2": -0.18159147670252013,
    "b3": 0.17919503168810644,
    "t1": 1.0000000293046263,
    "t2": 0.7251890015268323
}