{
    "b0": 0.1609631628759095,
    "b1": -0.02326932365991466,
    "b2": -0.029132916157701104,
    "b3": -0.09071983891307292,
    "t1": 0.14628045463265874,
    "t2": 3.36852696696702
}