{
    "b0": 0.13663596982550555,
    "b1": -0.004450726233286802,
    "b2": -0.5428161719167158,
    "b3": 0.5465359541192593,
    "t1": 0.9391532950191279,
    "t2": 0.8628757002961667
}