{
    "b0": 0.13214276695277166,
    "b1": -0.0033496958452872384,
    "b2": -0.4247995020304796,
    "b3": 0.42625455204381146,
    "t1": 1.0000000827105662,
    "t2": 0.8895998429848911
}