{
    "b0": 0.2585896620231913,
    "b1": -0.11760770632582326,
    "b2": -0.01704213451782574,
    "b3": -0.365006981310409,
    "t1": 2.0,
    "t2": 5.0
}