{
    "b0": 0.12719687604798827,
    "b1": 0.007319337852069154,
    "b2": -0.20591149759568125,
    "b3": 0.1908950995264499,
    "t1": 1.0775520304329715,
    "t2": 0.7773039864512539
}