{
    "b0": 0.12602515199833986,
    "b1": -0.017301826489586322,
    "b2": 0.05069552308790097,
    "b3": -0.0586854440688451,
    "t1": 2.0,
    "t2": 5.0
}