{
    "b0": 0.13601716643781858,
    "b1": 0.005742966472065288,
    "b2": -0.03337467566741002,
    "b3": 0.02368984691021849,
    "t1": 2.0,
    "t2": 5.0
}