{
    "b0": 12.934577626613112,
    "b1": 0.8256606689765484,
    "b2": 2314.6125149050567,
    "b3": -2312.9061732963323,
    "t1": 53.46134196495427,
    "t2": 53.41070519086964
}