{
    "b0": 11.79581701407752,
    "b1": 3.8478324306570313,
    "b2": -14.854574439542148,
    "b3": -4.521080610679454,
    "t1": 0.6769755689323801,
    "t2": 7.195961723251123
}