{
    "b0": 11.61611895667335,
    "b1": -2.2387438143413148,
    "b2": -2.423338313125073,
    "b3": -4.0862735087408355,
    "t1": 2.2962982638140996,
    "t2": 8.025839252749767
}