{
    "b0": -0.15036926365325576,
    "b1": 0.25471599676217604,
    "b2": 0.254732526286764,
    "b3": 0.7398443834545883,
    "t1": 0.9480609134545445,
    "t2": 6.845038569182339
}