{
    "b0": 11.795796833288486,
    "b1": -5.090417361018434,
    "b2": -9242.244405465382,
    "b3": 9244.199167149076,
    "t1": 4.837275207230051,
    "t2": 4.834778615674778
}