{
    "b0": 0.11692848909222657,
    "b1": -0.027631585381838873,
    "b2": 0.3956778863770037,
    "b3": -0.34193886898401193,
    "t1": 0.7068526970297655,
    "t2": 0.8035390316984472
}