{
    "b0": 0.12144720200841673,
    "b1": 0.012731229353962883,
    "b2": -0.09129970487901723,
    "b3": 0.0844715695136866,
    "t1": 1.0000000089065095,
    "t2": 0.5384166688039709
}