{
    "b0": 0.11590888886161063,
    "b1": 0.023339027842271924,
    "b2": -0.06713294400395106,
    "b3": 0.11237660400917862,
    "t1": 48.41962390263073,
    "t2": 82.81790379873108
}