{
    "b0": -0.016641988320294135,
    "b1": 0.15153470042971423,
    "b2": 0.1389689697936934,
    "b3": 0.38109521245074773,
    "t1": 0.7370287789778452,
    "t2": 6.402791200891075
}