{
    "b0": 0.12154210014130949,
    "b1": 0.012545671691485714,
    "b2": -0.09650496297275978,
    "b3": 0.0889776443601121,
    "t1": 1.0000000095947081,
    "t2": 0.5418476688910687
}