{
    "b0": 12.328454356291981,
    "b1": 0.38104821531187216,
    "b2": 4013.3237197060625,
    "b3": -4010.6835738687478,
    "t1": 78.61848084882486,
    "t2": 78.56067833474626
}