{
    "b0": 0.13403077504667335,
    "b1": -0.009031951260153305,
    "b2": 0.08612038246553441,
    "b3": -0.08943357981245177,
    "t1": 0.7935189489137384,
    "t2": 1.536508459762067
}