{
    "b0": 0.12311404771372332,
    "b1": -0.010731679698177394,
    "b2": -0.2663297102315662,
    "b3": 0.28947102401830754,
    "t1": 1.0000000404099216,
    "t2": 0.7963133459897656
}