{
    "b0": 0.11960127299173418,
    "b1": 0.014405966019474921,
    "b2": -0.11019833989730554,
    "b3": 0.1029164153441727,
    "t1": 1.0000000484858693,
    "t2": 0.5733911231290287
}