{
    "b0": 0.12448258636490263,
    "b1": -0.02379310565496101,
    "b2": 0.041850271427082836,
    "b3": -0.040256331675899364,
    "t1": 2.0,
    "t2": 5.0
}