{
    "b0": 0.10795187923026235,
    "b1": 0.03186132169760507,
    "b2": -0.09648134351040057,
    "b3": 0.15490184242641086,
    "t1": 47.441766902966904,
    "t2": 75.00023048658869
}