{
    "b0": 0.12559965518816754,
    "b1": 0.01434037398491659,
    "b2": -0.062176394277125235,
    "b3": 0.08295128919737896,
    "t1": 27.61079502704455,
    "t2": 47.29970003969342
}