{
    "b0": 0.1269507560653934,
    "b1": 0.007351245103575476,
    "b2": -0.22408597219420895,
    "b3": 0.21295697624264806,
    "t1": 1.0000000240145017,
    "t2": 0.7691546286830641
}