{
    "b0": 0.12593618063094075,
    "b1": -0.006823990806877393,
    "b2": 0.40639655038848504,
    "b3": -0.39140513471525407,
    "t1": 0.8476154520173442,
    "t2": 0.9607182849994942
}