{
    "b0": 12.591817769640107,
    "b1": 0.3283355547334441,
    "b2": -6637.698733345379,
    "b3": 6639.91282352933,
    "t1": 69.09324508047625,
    "t2": 69.11494625007136
}