{
    "b0": 0.13612649193161483,
    "b1": -0.0010507379372382119,
    "b2": 0.17094715079707629,
    "b3": -0.16463318328563675,
    "t1": 1.0485000721390214,
    "t2": 1.2281207567576216
}