{
    "b0": 12.258732555823523,
    "b1": 1.5807438011832207,
    "b2": 3893.3619453478095,
    "b3": -3890.4521592847364,
    "t1": 78.05944647877922,
    "t2": 77.98914462219098
}