{
    "b0": 13.447739576319188,
    "b1": -0.25468889637224434,
    "b2": -3824.5492085660053,
    "b3": 3826.3527928584494,
    "t1": 69.98346243923919,
    "t2": 70.01786497775872
}