{
    "b0": 0.1281011657353608,
    "b1": -0.01868820624122132,
    "b2": -0.26305850473109704,
    "b3": 0.2982056931956041,
    "t1": 1.0000000999288032,
    "t2": 0.8265724463670666
}