{
    "b0": 0.1246856421523756,
    "b1": -0.01633649515122766,
    "b2": 0.3210717751456551,
    "b3": -0.29891063503843784,
    "t1": 0.9113246123230989,
    "t2": 1.1475231836781843
}