{
    "b0": 12.396343855979449,
    "b1": 0.5405925944701879,
    "b2": -2018.1032437275533,
    "b3": 2020.47713766014,
    "t1": 65.88875463968176,
    "t2": 65.96893135178655
}