{
    "b0": 0.15852376760370848,
    "b1": -0.026233768759220233,
    "b2": -0.11087190070062947,
    "b3": 0.030287561411484143,
    "t1": 4.093281702265477,
    "t2": 0.25174468794410476
}