{
    "b0": 11.081237918020806,
    "b1": 0.6028237162492798,
    "b2": 19534.66032013091,
    "b3": -19531.075991751564,
    "t1": 62.63999129955128,
    "t2": 62.627906097048864
}