{
    "b0": 11.870612635927955,
    "b1": -1.4208551299104668,
    "b2": 19287.86248937327,
    "b3": -19289.866152104183,
    "t1": 4.276037729168617,
    "t2": 4.276652580675094
}