{
    "b0": 10.926888044098243,
    "b1": 0.7332106606407587,
    "b2": 2946.0136617243393,
    "b3": -2941.876334852099,
    "t1": 66.00269603473035,
    "t2": 65.91893971028698
}