{
    "b0": -0.11853895505037373,
    "b1": 0.2526905716019021,
    "b2": 0.1995968202404183,
    "b3": 0.6933337796190826,
    "t1": 1.1184851886390075,
    "t2": 6.8779845729692815
}