{
    "b0": 11.90304317274525,
    "b1": -0.13506473245970518,
    "b2": 2997.8353390273014,
    "b3": -2994.298748909059,
    "t1": 75.03484172485614,
    "t2": 74.99812397092971
}