{
    "b0": 0.1100943401542452,
    "b1": 0.018798585346500953,
    "b2": 0.05571434309973783,
    "b3": -0.09511249388036595,
    "t1": 0.4865879275034306,
    "t2": -33.58794212593929
}