{
    "b0": 12.551648638669022,
    "b1": -2.4029952265743817,
    "b2": -41180.3183569158,
    "b3": 41179.821274873175,
    "t1": 4.211897535253305,
    "t2": 4.211570831290531
}