{
    "b0": -0.04499365016815585,
    "b1": 0.1801675202511442,
    "b2": 0.13455719511813966,
    "b3": 0.4785934266540425,
    "t1": 1.0075468697515073,
    "t2": 6.611093981770936
}