{
    "b0": 0.1334521340063334,
    "b1": 0.0018678524851317342,
    "b2": -0.026275274504675348,
    "b3": 0.021679997879497245,
    "t1": 1.795187843539861,
    "t2": 0.47321548420460324
}