{
    "b0": 0.14067749077214123,
    "b1": -0.005975197133925728,
    "b2": 0.01178646561691198,
    "b3": -0.01836320732944457,
    "t1": 2.0,
    "t2": 5.0
}