{
    "b0": 0.12870487494755717,
    "b1": -0.01921951889475916,
    "b2": 0.09894214855349803,
    "b3": -0.0806825956885124,
    "t1": 0.6719077061614467,
    "t2": 1.3570098352625002
}