{
    "b0": -0.0611569279597411,
    "b1": 0.1903331371769839,
    "b2": 0.16594843371008794,
    "b3": 0.525766735104635,
    "t1": 0.9646606719079999,
    "t2": 6.850708128127068
}