{
    "b0": 0.12788660959875622,
    "b1": 0.003471465912709141,
    "b2": -0.007824700064250591,
    "b3": 0.04195559861235454,
    "t1": 120.74734822238,
    "t2": 122.17904987617369
}