{
    "b0": 13.147819425079158,
    "b1": 0.6325226668844044,
    "b2": 294.22214644513184,
    "b3": -292.3656246061985,
    "t1": 84.53743013305234,
    "t2": 83.81038664294606
}