{
    "b0": 0.1292971784547472,
    "b1": 0.005365001671020393,
    "b2": 0.7898131572830143,
    "b3": -0.7822466128982913,
    "t1": 0.9434393944293873,
    "t2": 0.9906936734999165
}