{
    "b0": 0.13454554249494324,
    "b1": 0.0004753336227123917,
    "b2": -0.6989891940069832,
    "b3": 0.7061888659625232,
    "t1": 0.8506098153649666,
    "t2": 0.8167868984435582
}