{
    "b0": 0.12789583680732777,
    "b1": 0.005158492224774356,
    "b2": 0.2764226473591755,
    "b3": -0.25048920805042657,
    "t1": 75.21464570501628,
    "t2": 66.1862308673096
}