{
    "b0": 0.12940951062927392,
    "b1": 0.004602621571290102,
    "b2": -0.17172483432091096,
    "b3": 0.18490222504146908,
    "t1": 1.0000000767073807,
    "t2": 0.8253505997827811
}