{
    "b0": 12.056901278900764,
    "b1": -0.33461619342430615,
    "b2": 3356.147544506269,
    "b3": -3352.7480472236903,
    "t1": 74.57586619815696,
    "t2": 74.5401028127628
}