{
    "b0": 0.11311713032792077,
    "b1": 0.0264403633696896,
    "b2": -1.1482400543100892,
    "b3": 1.1912979831976527,
    "t1": 59.08593837273549,
    "t2": 61.733067646545386
}