{
    "b0": 0.11442301502071245,
    "b1": 0.026319181409540794,
    "b2": -0.11529103275555325,
    "b3": 0.15900123522982249,
    "t1": 47.137707590250834,
    "t2": 70.4150251567166
}