{
    "b0": 0.12281750191931753,
    "b1": -0.027557528081660013,
    "b2": 0.07667804129560338,
    "b3": -0.05621034956576291,
    "t1": 0.4936527171719223,
    "t2": 1.6676960320678669
}