{
    "b0": 0.1196463472396697,
    "b1": -0.01800117988304891,
    "b2": 0.028766121310169035,
    "b3": -0.05504062052012764,
    "t1": 2.0,
    "t2": 5.0
}