{
    "b0": 0.12676123619351054,
    "b1": 0.00513303645477169,
    "b2": -0.06387468304301369,
    "b3": 0.09124280378906034,
    "t1": 61.3896448976011,
    "t2": 87.20637530845124
}