{
    "b0": 0.11839412575505756,
    "b1": -0.024265633966222097,
    "b2": 0.11297265771994103,
    "b3": -0.08262336461570087,
    "t1": 0.5408817516141711,
    "t2": 1.1208146726455541
}