{
    "b0": 0.12230622848835787,
    "b1": -0.01568858857736516,
    "b2": 0.19878456380927173,
    "b3": -0.18120572956442108,
    "t1": 0.7842023045620452,
    "t2": 1.1155192600071784
}