{
    "b0": 0.13762767113155228,
    "b1": -0.0031773532004632852,
    "b2": -0.11984768782955361,
    "b3": 0.13206763952878242,
    "t1": 1.1959629402049363,
    "t2": 0.9020108145035302
}