{
    "b0": 11.63694113281707,
    "b1": 2.1745866197232964,
    "b2": -5647.668498146312,
    "b3": 5651.429141394761,
    "t1": 51.61361996538936,
    "t2": 51.64783439799165
}