{
    "b0": 12.510368485381528,
    "b1": 1.2928506510272237,
    "b2": 1125.9444196030313,
    "b3": -1123.2617451150306,
    "t1": 77.03562132145935,
    "t2": 76.79880696483868
}