{
    "b0": 0.13552557266243342,
    "b1": -0.005595124825074571,
    "b2": -0.26286794096191446,
    "b3": 0.27298829681433207,
    "t1": 1.0000000295092009,
    "t2": 0.8349629847479233
}