{
    "b0": 0.13392037540245058,
    "b1": 0.0016669445493514455,
    "b2": 0.06652251896931406,
    "b3": -0.05878660849317301,
    "t1": 0.9369849899181253,
    "t2": 1.2093426849844917
}