{
    "b0": 0.16186049522855342,
    "b1": -0.04904114491476595,
    "b2": -0.030014714983726112,
    "b3": -0.12575364652362994,
    "t1": 0.1842384117073998,
    "t2": 3.3249370249965504
}