{
    "b0": 0.11805643209950964,
    "b1": 0.022513110483819244,
    "b2": -0.21815283960550425,
    "b3": 0.2527323470215483,
    "t1": 48.169533447453404,
    "t2": 59.54256333894017
}