{
    "b0": 0.13450050637617197,
    "b1": -0.006303093785862407,
    "b2": -0.21611340819750638,
    "b3": 0.22770158420569553,
    "t1": 1.0000000294071527,
    "t2": 0.7970995313733205
}