{
    "b0": -0.018674222711325232,
    "b1": 0.143783193269713,
    "b2": 0.14026727418396262,
    "b3": 0.3992597088641817,
    "t1": 0.8797190896998263,
    "t2": 6.85779585520001
}