{
    "b0": 11.896494008434841,
    "b1": 1.9065468991447636,
    "b2": -2298.532983790543,
    "b3": 2301.98309699835,
    "t1": 61.12583180447971,
    "t2": 61.2196096311554
}