{
    "b0": 0.11540081167691636,
    "b1": 0.023688029571286205,
    "b2": -0.14046193834523052,
    "b3": 0.18327525150375443,
    "t1": 51.34528619192299,
    "t2": 68.71775245517188
}