{
    "b0": 0.12586732195983596,
    "b1": 0.003988162885748523,
    "b2": -0.14720339622599282,
    "b3": 0.1712649070160988,
    "t1": 68.08235283201793,
    "t2": 78.1609656913497
}