{
    "b0": 0.1571118628934745,
    "b1": -0.045532896173841195,
    "b2": -0.033605581330830865,
    "b3": -0.11518669910361946,
    "t1": 0.150200504176373,
    "t2": 3.2291902477310246
}