{
    "b0": 11.62158793871549,
    "b1": 2.243559525168621,
    "b2": 1672.0067967708414,
    "b3": -1668.0230610451672,
    "t1": 60.4030002570833,
    "t2": 60.25657994750514
}