{
    "b0": 12.615647034487969,
    "b1": 0.3164837745703475,
    "b2": 414.4414813319473,
    "b3": -412.3459947999595,
    "t1": 67.24788133481654,
    "t2": 66.90221402844594
}