{
    "b0": 0.12090144301789857,
    "b1": -0.014551843102878667,
    "b2": -0.6055002103848065,
    "b3": 0.6287033489576513,
    "t1": 1.000000123539671,
    "t2": 0.9014980925911549
}