{
    "b0": 0.11516209670852799,
    "b1": 0.024480951844628646,
    "b2": -0.13261791273083595,
    "b3": 0.17587417498810104,
    "t1": 49.465615287779215,
    "t2": 69.07675582768195
}