{
    "b0": 0.17790912376599127,
    "b1": -0.036920204542848875,
    "b2": -0.026072571587826672,
    "b3": -0.138871411099524,
    "t1": 2.931132247564215,
    "t2": 4.442160301987817
}