{
    "b0": 12.142079012735511,
    "b1": 0.560659083638853,
    "b2": -4662.179945710601,
    "b3": 4665.122787414777,
    "t1": 79.47696060497839,
    "t2": 79.5268391585997
}