{
    "b0": 0.11762443789730781,
    "b1": 0.00695341746082144,
    "b2": -0.040768819764517336,
    "b3": 0.07430496669696032,
    "t1": 53.54865542013881,
    "t2": 87.66903867050297
}