{
    "b0": 0.12049326248046935,
    "b1": -0.007655981851157607,
    "b2": -0.22579456686993574,
    "b3": 0.24385923326135406,
    "t1": 1.0000000353591414,
    "t2": 0.7487625397002028
}