{
    "b0": 0.1281052596064183,
    "b1": 0.011024496164659482,
    "b2": -0.1763964140700748,
    "b3": 0.19068149587262992,
    "t1": 33.05866276616841,
    "t2": 39.91786539470196
}