{
    "b0": 0.1261422088373076,
    "b1": -0.008886320831240042,
    "b2": 0.08771134128657795,
    "b3": -0.07453473663124618,
    "t1": 0.6566686545856644,
    "t2": 1.4166811480630002
}