{
    "b0": 11.470022523115658,
    "b1": 2.404128132600401,
    "b2": 1698.8344228061744,
    "b3": -1694.810953316085,
    "t1": 52.97305417847266,
    "t2": 52.844504745032246
}