{
    "b0": 0.023211050301641428,
    "b1": 0.10790870156103224,
    "b2": 0.11882469241311916,
    "b3": 0.31490067508895403,
    "t1": 0.8064395025208029,
    "t2": 6.591479079967938
}