{
    "b0": 12.611870227588943,
    "b1": 0.3323785465056075,
    "b2": 2997.512573279583,
    "b3": -2995.73246110848,
    "t1": 55.44323674874209,
    "t2": 55.41228442165465
}