{
    "b0": 11.777419467590546,
    "b1": -1.346770019411105,
    "b2": 6367.75153165843,
    "b3": -6369.415465373376,
    "t1": 4.144102739023679,
    "t2": 4.14586257067415
}