{
    "b0": 11.386289217861824,
    "b1": 2.514653967676388,
    "b2": 3728.086395016829,
    "b3": -3724.0339856057794,
    "t1": 54.05627117571399,
    "t2": 53.99264290318908
}