{
    "b0": 0.12167800378816078,
    "b1": -0.0046536884000323,
    "b2": -0.40323163577190513,
    "b3": 0.4294676873071328,
    "t1": 1.0000000323646607,
    "t2": 0.8767137509993841
}