{
    "b0": 0.13010712566136484,
    "b1": 0.004166973648247353,
    "b2": -0.08482812360255977,
    "b3": 0.060417965193836784,
    "t1": 1.6762673114818876,
    "t2": 0.5647358077938902
}