{
    "b0": 12.040926822961042,
    "b1": -3.672651250283704,
    "b2": -7401.406742726173,
    "b3": 7405.604378740322,
    "t1": 2.067187183032835,
    "t2": 2.065400496071065
}