{
    "b0": 0.13474148734115338,
    "b1": -0.0056742228424223025,
    "b2": -0.9352091789494916,
    "b3": 0.9391246325257857,
    "t1": 0.9173200993983786,
    "t2": 0.8657996136369572
}