{
    "b0": 0.15363007592466474,
    "b1": -0.012740014405225583,
    "b2": -0.1254716539362273,
    "b3": 0.021737166245062403,
    "t1": 3.578462103886018,
    "t2": 4.229364609168221
}