{
    "b0": 12.894621882292133,
    "b1": -2.729919632160966,
    "b2": 21088.254862910682,
    "b3": -21088.716505257526,
    "t1": 5.124475862146527,
    "t2": 5.125417352417878
}