{
    "b0": 0.11180387665688604,
    "b1": 0.029009147787184553,
    "b2": -0.31839505853260536,
    "b3": 0.36314945519374353,
    "t1": 53.13032840282297,
    "t2": 62.707192092904904
}