{
    "b0": -0.10086452363507016,
    "b1": 0.20516749087464814,
    "b2": 0.21943953172064812,
    "b3": 0.6058172394971452,
    "t1": 0.8850697509258598,
    "t2": 6.736021849350086
}