{
    "b0": 0.12402209334289716,
    "b1": 0.011170035008941183,
    "b2": 0.5431977237969661,
    "b3": -0.5511050130311853,
    "t1": 0.8734487267119009,
    "t2": 0.9772249009973528
}