{
    "b0": 0.1205691767186828,
    "b1": 0.007559768383258565,
    "b2": -0.0759614116280536,
    "b3": 0.1109047553913461,
    "t1": 81.4491179009573,
    "t2": 101.96868845650788
}