{
    "b0": 11.1583874478045,
    "b1": 2.744649461362486,
    "b2": 1735.0997911285663,
    "b3": -1730.617542839522,
    "t1": 56.16104678627866,
    "t2": 56.00768185964451
}