{
    "b0": -0.07199832452511856,
    "b1": 0.17616462873506195,
    "b2": 0.18525272991178549,
    "b3": 0.5273010408497897,
    "t1": 0.8296454351395814,
    "t2": 6.3959577635016
}