{
    "b0": 0.11344198273354564,
    "b1": 0.002107491978309832,
    "b2": 0.0655598702470162,
    "b3": -0.011860057694346667,
    "t1": 138.0527262656251,
    "t2": 60.36848628311418
}