{
    "b0": 0.1087325050597743,
    "b1": 0.00967299711352465,
    "b2": -0.1214178918689245,
    "b3": 0.16382295860115748,
    "t1": 54.05073016996599,
    "t2": 77.58772153722323
}