{
    "b0": 12.743311397485565,
    "b1": 0.4888230047977069,
    "b2": 2078.028454414155,
    "b3": -2075.9380348444365,
    "t1": 58.7367787212848,
    "t2": 58.65856390915728
}