{
    "b0": 13.035606561773792,
    "b1": -0.0113883178958043,
    "b2": -424.83721089277617,
    "b3": 426.7777634245042,
    "t1": 75.60677258599493,
    "t2": 75.95625299160378
}