{
    "b0": 0.11656653109122277,
    "b1": 0.023291449232525123,
    "b2": -0.05955639469842097,
    "b3": 0.10222420332703785,
    "t1": 34.57404364997341,
    "t2": 62.85158625840239
}