{
    "b0": 11.780941533728994,
    "b1": -2.842560110969271,
    "b2": 11677.939723998139,
    "b3": -11682.461386692088,
    "t1": 6.497728004780225,
    "t2": 6.500385200122957
}