{
    "b0": 0.11648920178312601,
    "b1": 0.023161410023196043,
    "b2": -0.36565480437024556,
    "b3": 0.403599244434116,
    "t1": 54.352173246989295,
    "t2": 62.04933976676722
}