{
    "b0": 0.1363947445428944,
    "b1": -0.0013734841227205355,
    "b2": -0.1887974697071386,
    "b3": 0.20011092436406733,
    "t1": 1.1485576405072684,
    "t2": 1.051753611360393
}