{
    "b0": 11.689081709343963,
    "b1": 2.12764485375365,
    "b2": 6656.431813527772,
    "b3": -6652.7245356595795,
    "t1": 52.78583448798122,
    "t2": 52.75482421668249
}