{
    "b0": 0.14359053157323853,
    "b1": -0.0022334975763806733,
    "b2": -0.5955059335930342,
    "b3": 0.5035361038566859,
    "t1": 3.9305586629548275,
    "t2": 4.203038599692412
}