{
    "b0": 0.1268407037708581,
    "b1": 0.01331907216222308,
    "b2": -0.08455033797316641,
    "b3": 0.1029808521314013,
    "t1": 40.97069049584727,
    "t2": 63.83021965128717
}