{
    "b0": 0.11125903135990338,
    "b1": 0.005931576622410874,
    "b2": 0.1628176741393678,
    "b3": -0.12569742706097475,
    "t1": 85.65116908480414,
    "t2": 63.517025232920425
}