{
    "b0": 11.895589638166344,
    "b1": 1.9214263610009517,
    "b2": -7183.7128965694055,
    "b3": 7187.083565659942,
    "t1": 55.01205914105866,
    "t2": 55.03966899511142
}