{
    "b0": 0.1275767071361228,
    "b1": -0.0021976693517949714,
    "b2": 0.10951712934981842,
    "b3": -0.10068289213607226,
    "t1": 0.7993411531791181,
    "t2": 1.2575241959525822
}