{
    "b0": 12.797705153956434,
    "b1": 0.16649012659464968,
    "b2": 479.1738186755091,
    "b3": -477.29640030793206,
    "t1": 62.64194852301497,
    "t2": 62.40275818950922
}