{
    "b0": 0.12490495653180214,
    "b1": 0.0153170927155028,
    "b2": -0.0864413387873757,
    "b3": 0.1121920994977598,
    "t1": 51.07331186771626,
    "t2": 82.03587030508788
}