{
    "b0": 0.19585092795984982,
    "b1": -0.056227590941272707,
    "b2": -0.01785771176482544,
    "b3": -0.20794592475555795,
    "t1": 2.0,
    "t2": 5.0
}