{
    "b0": 0.13327456373054286,
    "b1": -0.005072230068245999,
    "b2": -0.16226901380497133,
    "b3": 0.1722147540667123,
    "t1": 1.0000000229781518,
    "t2": 0.7287154895684567
}