{
    "b0": 0.1145278299437314,
    "b1": 0.025717067148605423,
    "b2": -0.07540771690693693,
    "b3": 0.12365508993069449,
    "t1": 48.505034223253595,
    "t2": 81.0027953354593
}