{
    "b0": 11.256080640833435,
    "b1": -2.4424717007501213,
    "b2": -94528.03596261599,
    "b3": 94524.68482225397,
    "t1": 5.379608500296119,
    "t2": 5.379309100336421
}