{
    "b0": 11.704346892733215,
    "b1": -0.10152225554793226,
    "b2": -4963.016109627405,
    "b3": 4967.257679793546,
    "t1": 82.1740363541799,
    "t2": 82.218505712621
}