{
    "b0": 0.15287367954956502,
    "b1": -0.043173381896940435,
    "b2": -0.03713213656209096,
    "b3": -0.1290809597829148,
    "t1": 0.13954599570344065,
    "t2": 3.034438825395879
}