{
    "b0": 0.15294848651308862,
    "b1": -0.011770101651996219,
    "b2": -0.155529588777898,
    "b3": 0.050874007686088414,
    "t1": 3.6164394524964303,
    "t2": 4.251849208316283
}