{
    "b0": 0.1315808870045646,
    "b1": 0.0037117827153105775,
    "b2": -0.054056947563868814,
    "b3": 0.059896844350462226,
    "t1": 1.0356700907414744,
    "t2": 0.7200977320148212
}