{
    "b0": 0.12509815379258993,
    "b1": -0.006227356779982724,
    "b2": 0.10860301240044894,
    "b3": -0.09719963268514673,
    "t1": 0.7035668706780864,
    "t2": 1.1794206074028484
}