{
    "b0": 0.2026776889895003,
    "b1": -0.06101169212633882,
    "b2": -0.040853631594331086,
    "b3": -0.2142165716739794,
    "t1": 2.0,
    "t2": 5.0
}