{
    "b0": 0.11784918072609231,
    "b1": 0.0002575256974486455,
    "b2": 0.0480860483867048,
    "b3": -0.006417275240093048,
    "t1": 124.13870076358398,
    "t2": 74.24519059005542
}