{
    "b0": 0.13702144952789555,
    "b1": 0.0027568918209048866,
    "b2": -0.01703545656544235,
    "b3": 0.009597072431997247,
    "t1": 2.0,
    "t2": 5.0
}