{
    "b0": 0.11194031370128887,
    "b1": 0.027203942288032017,
    "b2": -0.8294028535935545,
    "b3": 0.8774153197861968,
    "t1": 64.72115328473328,
    "t2": 68.74332718970425
}