{
    "b0": 0.02985733841527697,
    "b1": 0.10209078206626254,
    "b2": 0.10952097804231074,
    "b3": 0.2911482998465409,
    "t1": 0.7793945382395349,
    "t2": 6.4449041117855295
}