{
    "b0": 0.12034115652515302,
    "b1": -0.027292482551272184,
    "b2": 0.06438693146774989,
    "b3": -0.046465331001147775,
    "t1": 0.41607683801323336,
    "t2": 1.481799604821557
}