{
    "b0": 13.10453552920875,
    "b1": 0.691772210233875,
    "b2": 735.3675889272654,
    "b3": -733.4664345441637,
    "t1": 81.96086528753021,
    "t2": 81.6252268550429
}