{
    "b0": 0.11311915822250433,
    "b1": 0.027026564747419664,
    "b2": -0.061856461735081664,
    "b3": 0.1137180083603675,
    "t1": 42.7537261726739,
    "t2": 81.38995357948424
}