{
    "b0": 0.12628838130504894,
    "b1": 0.008606908948791868,
    "b2": -0.1332427341482651,
    "b3": 0.12126309220596368,
    "t1": 1.095347468213959,
    "t2": 0.693597981567204
}