{
    "b0": -0.03316314580052751,
    "b1": 0.13856008391888502,
    "b2": 0.17627666086226632,
    "b3": 0.41861090128939193,
    "t1": 0.834971026821007,
    "t2": 7.012243029829816
}