{
    "b0": 0.1106826033033816,
    "b1": 0.030064128379576255,
    "b2": -0.2177428703779993,
    "b3": 0.26547345197151906,
    "t1": 44.63206917793343,
    "t2": 57.08968505695205
}