{
    "b0": 0.11303657147613712,
    "b1": 0.026702184867780268,
    "b2": -0.11746085380249954,
    "b3": 0.16424895009296592,
    "t1": 40.83442223206919,
    "t2": 58.773037429825116
}