{
    "b0": 0.13221061344998278,
    "b1": -0.003759837206223236,
    "b2": -0.34588419984496316,
    "b3": 0.34333414486878655,
    "t1": 0.9636388533158127,
    "t2": 0.8549329730424997
}