{
    "b0": 0.11733139759375778,
    "b1": 0.0011992367386412725,
    "b2": 0.13020864094975274,
    "b3": -0.09469015770154954,
    "t1": 82.72282270629658,
    "t2": 56.514509464788716
}