{
    "b0": 0.11541764077913752,
    "b1": -0.03344105092377432,
    "b2": 0.03158559017621076,
    "b3": -0.03745181735793549,
    "t1": 2.0,
    "t2": 5.0
}