{
    "b0": 12.507737995767261,
    "b1": 0.7677536384575014,
    "b2": 5715.00679126302,
    "b3": -5712.819643042186,
    "t1": 60.02849824765247,
    "t2": 59.9945776954749
}