{
    "b0": 0.12360685456741134,
    "b1": 0.010793687817430687,
    "b2": -0.2029711506670485,
    "b3": 0.1981634771071673,
    "t1": 1.000000031580699,
    "t2": 0.7687682931354102
}