{
    "b0": 0.13192675744746568,
    "b1": 0.002953558900855249,
    "b2": -0.15348896725931044,
    "b3": 0.16532519043900168,
    "t1": 1.0000001026992726,
    "t2": 0.8420257269618346
}