{
    "b0": 0.11686424804635384,
    "b1": -0.028755698081494377,
    "b2": 0.05710690467518758,
    "b3": -0.10968018067738992,
    "t1": 4.215350583855814,
    "t2": 8.64446597889373
}