{
    "b0": 11.672420797731897,
    "b1": -0.0620526253669218,
    "b2": 1888.2879979278835,
    "b3": -1884.0216351902052,
    "t1": 80.06301727670524,
    "t2": 79.9356562951542
}