{
    "b0": 11.62589219517545,
    "b1": -2.320760995670666,
    "b2": -1.9010392124270123,
    "b3": -4.6562029083507035,
    "t1": 2.331890818528126,
    "t2": 7.858825781535658
}