{
    "b0": 0.12610456553736082,
    "b1": -0.005084150449984989,
    "b2": 0.9351613705095216,
    "b3": -0.9254608390020596,
    "t1": 0.9538088955640522,
    "t2": 1.0033441142482669
}