{
    "b0": 0.12689510220854353,
    "b1": -0.002890447983423708,
    "b2": 0.06705941498790047,
    "b3": -0.06886088031060295,
    "t1": 0.7007936128879391,
    "t2": 1.4691918868821556
}