{
    "b0": 11.69391355123033,
    "b1": -3.3823005863655933,
    "b2": 9394.445606955547,
    "b3": -9397.812503105413,
    "t1": 6.353975579393523,
    "t2": 6.357905893648891
}