{
    "b0": 0.12633071769580698,
    "b1": -0.003926940274022874,
    "b2": 0.15728689591625403,
    "b3": -0.14915489157276948,
    "t1": 0.7995094426613658,
    "t2": 1.0925387560946893
}