{
    "b0": 0.12997347784454558,
    "b1": -0.030186025668779183,
    "b2": 0.0704463375823085,
    "b3": -0.08359879573769663,
    "t1": 3.725054345561447,
    "t2": 7.085802632922017
}