{
    "b0": 0.013361265765764012,
    "b1": 0.11021372441629626,
    "b2": 0.11886149406192328,
    "b3": 0.3047736431984738,
    "t1": 0.8051661221933931,
    "t2": 6.958881962518788
}