{
    "b0": -0.060080215102103346,
    "b1": 0.18955848278770748,
    "b2": 0.17323996144457102,
    "b3": 0.5306226195080364,
    "t1": 0.8975923695961309,
    "t2": 6.577534790934049
}