{
    "b0": 0.12271392800817928,
    "b1": -0.019356622201675777,
    "b2": -0.21231294401332357,
    "b3": 0.22872011034648493,
    "t1": 1.0000000279875925,
    "t2": 0.7492977713818012
}