{
    "b0": 0.1257048925468546,
    "b1": -0.013302850855445005,
    "b2": -0.4586862782092848,
    "b3": 0.48472735715237053,
    "t1": 1.0000000187773221,
    "t2": 0.8796147866346719
}