{
    "b0": 11.920203770826689,
    "b1": -1.6346532018411013,
    "b2": 93765.20892576683,
    "b3": -93766.71445065907,
    "t1": 3.4927061171142437,
    "t2": 3.4928328860281175
}