{
    "b0": 0.1213359746337134,
    "b1": 0.009070118785278157,
    "b2": 0.4347404944447227,
    "b3": -0.41211509133490715,
    "t1": 59.800868417589,
    "t2": 54.003563932660775
}