{
    "b0": 0.1257484153809741,
    "b1": -0.00028181885469721847,
    "b2": -0.5771053265151811,
    "b3": 0.5903796896275386,
    "t1": 0.9962333315672846,
    "t2": 0.9266150873553624
}