{
    "b0": -0.06811368073608039,
    "b1": 0.19819220545068283,
    "b2": 0.18090186707031514,
    "b3": 0.5571836217056138,
    "t1": 0.950652155377928,
    "t2": 6.765508737794893
}