{
    "b0": 11.560249663652288,
    "b1": 0.06421337167271535,
    "b2": 16128.658325415845,
    "b3": -16124.197087909904,
    "t1": 82.03828183225103,
    "t2": 82.02226569470642
}