{
    "b0": 0.11805268584457732,
    "b1": -0.058325235069381996,
    "b2": 0.09151564511783793,
    "b3": -0.0806853071257555,
    "t1": 3.1140590180986027,
    "t2": 6.03374157864418
}