{
    "b0": 0.12185220091503969,
    "b1": -0.017218098957202978,
    "b2": -0.6464431276889271,
    "b3": 0.6690850694869589,
    "t1": 1.0000001280334614,
    "t2": 0.9024069296342971
}