{
    "b0": 0.121578622692259,
    "b1": -0.008948574988783597,
    "b2": -0.24702519864584202,
    "b3": 0.2649813317612837,
    "t1": 1.0000000022563575,
    "t2": 0.7658196620719686
}