{
    "b0": 11.744227420355095,
    "b1": 2.1011361005945544,
    "b2": -5965.350740509033,
    "b3": 5968.861040826666,
    "t1": 47.72267051503188,
    "t2": 47.75342834211934
}