{
    "b0": 12.324750063365807,
    "b1": 0.955161988887089,
    "b2": 1425.7022585497223,
    "b3": -1423.4703599146376,
    "t1": 55.52173790160631,
    "t2": 55.402689542115446
}