{
    "b0": 0.12431433221440856,
    "b1": 0.009987374740152297,
    "b2": -0.3002822588133829,
    "b3": 0.2926745738019076,
    "t1": 1.0000000114378402,
    "t2": 0.8210953549682621
}