{
    "b0": 0.15236616535024058,
    "b1": -0.018423674693095235,
    "b2": -0.11399718543064627,
    "b3": 0.03286366208143781,
    "t1": 3.006566992332937,
    "t2": 0.3227419217743659
}