{
    "b0": 0.0015844185255706968,
    "b1": 0.12711767006762037,
    "b2": 0.12376693417964245,
    "b3": 0.3573200526629515,
    "t1": 0.8281207329887927,
    "t2": 6.403101049428788
}