{
    "b0": 11.958933915567473,
    "b1": 0.8085715412178205,
    "b2": -5011.480180655396,
    "b3": 5014.625247626986,
    "t1": 66.0602156965046,
    "t2": 66.09986553750929
}