{
    "b0": 11.544031995702134,
    "b1": -2.700755589749921,
    "b2": -33288.007159597146,
    "b3": 33284.14548983886,
    "t1": 6.178108596768875,
    "t2": 6.177111591947444
}