{
    "b0": 11.956745984857607,
    "b1": -2.265982119499717,
    "b2": -9176.85484576964,
    "b3": 9175.980773026573,
    "t1": 4.121043814883747,
    "t2": 4.119365322020598
}