{
    "b0": 0.11397661880446722,
    "b1": 0.026263347986551756,
    "b2": -0.23479157005351298,
    "b3": 0.2766115652323701,
    "t1": 44.13131696172972,
    "t2": 54.39732906084724
}