{
    "b0": 0.13386998249477056,
    "b1": 0.0009630349957639563,
    "b2": 0.7798433452913528,
    "b3": -0.7659998633191702,
    "t1": 0.9303480116084518,
    "t2": 0.9627956109974097
}