{
    "b0": 0.11675238927221952,
    "b1": -0.016397249418980298,
    "b2": 0.03959918655833268,
    "b3": -0.05144037978798582,
    "t1": 2.0,
    "t2": 5.0
}