{
    "b0": 0.11412484773005217,
    "b1": 0.0019239936430113722,
    "b2": 0.07791727032557982,
    "b3": -0.027621429631423035,
    "t1": 122.2164641887066,
    "t2": 68.08235301083187
}