{
    "b0": 0.11631407696937682,
    "b1": -0.03807315007420981,
    "b2": 0.056668862364740655,
    "b3": -0.058044607431474035,
    "t1": 2.0,
    "t2": 5.0
}