{
    "b0": 0.17067981652676897,
    "b1": -0.029525121189848097,
    "b2": -0.04359561896095863,
    "b3": -0.10792875052993185,
    "t1": 3.0134015678642356,
    "t2": 4.464071735909141
}