{
    "b0": -0.05950271776423993,
    "b1": 0.19434078492625184,
    "b2": 0.15577989494751293,
    "b3": 0.5042638838956353,
    "t1": 0.9639136052214146,
    "t2": 6.5733064794360425
}