{
    "b0": 0.16076882878981127,
    "b1": -0.049819952413440644,
    "b2": -0.04033295956618123,
    "b3": -0.1418127305143032,
    "t1": 0.14996394652921516,
    "t2": 3.3865409917900653
}