{
    "b0": 11.59802263915941,
    "b1": 2.2914875813576616,
    "b2": 7460.461623992611,
    "b3": -7456.761185866991,
    "t1": 50.57088720636991,
    "t2": 50.5436486255233
}