{
    "b0": 0.07031149778624192,
    "b1": 0.06490650206943596,
    "b2": 0.06780353436273145,
    "b3": 0.16262815058830193,
    "t1": 0.5653425389805369,
    "t2": 5.4153620729546725
}