{
    "b0": 0.12015979715061029,
    "b1": 0.013821543003254168,
    "b2": -0.11248614082397668,
    "b3": 0.1058188378453768,
    "t1": 1.0000000149223447,
    "t2": 0.582460757562637
}