{
    "b0": 12.641176232564236,
    "b1": -5.463974889167474,
    "b2": -56978.89646018292,
    "b3": 56983.122940212,
    "t1": 3.589860271608769,
    "t2": 3.589491630331933
}