{
    "b0": 13.325739705221174,
    "b1": -0.09581441012653402,
    "b2": -1365.6779663984314,
    "b3": 1367.4162346144103,
    "t1": 63.041200348514366,
    "t2": 63.112465868962275
}