{
    "b0": 0.14198556946822444,
    "b1": -0.00037899619845762483,
    "b2": -0.39619068493499027,
    "b3": 0.30569255653514044,
    "t1": 3.8485941899997353,
    "t2": 4.230346866408133
}