{
    "b0": -0.05969805696885676,
    "b1": 0.18922159493821156,
    "b2": 0.16618665335337302,
    "b3": 0.5195555566532357,
    "t1": 0.904401896416537,
    "t2": 6.711203292355581
}