{
    "b0": 0.14729889121718673,
    "b1": -0.007446080682697233,
    "b2": 0.36978232400620853,
    "b3": -0.46881090212581483,
    "t1": 3.2198540691669284,
    "t2": 3.254198121278492
}