{
    "b0": 12.238891639003391,
    "b1": 0.4986383302467443,
    "b2": 1540.9221873117203,
    "b3": -1538.9153558284477,
    "t1": 67.5934497074403,
    "t2": 67.47415059162124
}