{
    "b0": 12.435786029160885,
    "b1": 1.4066597867141715,
    "b2": -2420.2692323405267,
    "b3": 2422.9199019825915,
    "t1": 77.70096266615887,
    "t2": 77.81077305336689
}