{
    "b0": 0.13527423018559143,
    "b1": -0.0011829676178601147,
    "b2": -0.1297541303333451,
    "b3": 0.14820383986718072,
    "t1": 1.0000000969338532,
    "t2": 0.8220487899633843
}