{
    "b0": 0.11862320910862593,
    "b1": -0.00033346582439514744,
    "b2": 0.10468150094744519,
    "b3": -0.06885083583731141,
    "t1": 84.11350924781549,
    "t2": 61.889962927476176
}