{
    "b0": 0.1220554824463489,
    "b1": 0.011873707951460238,
    "b2": -0.21054775251171626,
    "b3": 0.21210150101402186,
    "t1": 1.0000000141660546,
    "t2": 0.7612851729626925
}