{
    "b0": 0.1302573264422013,
    "b1": -0.0022272991288544634,
    "b2": -0.21669863365845973,
    "b3": 0.22537519802388534,
    "t1": 1.0000000297760683,
    "t2": 0.8407832995864146
}