{
    "b0": 0.1127326245149797,
    "b1": 0.026398529634416135,
    "b2": 0.4374618806447073,
    "b3": -0.3959364780210548,
    "t1": 53.9264814911118,
    "t2": 47.855713882894605
}