{
    "b0": -0.06618195550405342,
    "b1": 0.17034406615225323,
    "b2": 0.18882396413035402,
    "b3": 0.515597607594761,
    "t1": 0.8126827016310915,
    "t2": 6.534364403412675
}