{
    "b0": 0.12492382861768088,
    "b1": 0.010311610272984224,
    "b2": -0.24763073765041893,
    "b3": 0.2663205684362965,
    "t1": 45.85163342516171,
    "t2": 54.67194453749107
}