{
    "b0": 0.12867852695177082,
    "b1": 0.01110641107205573,
    "b2": -0.06868295456733581,
    "b3": 0.08238081488980567,
    "t1": 32.126773538450486,
    "t2": 49.60718479784382
}