{
    "b0": 12.761230582323096,
    "b1": 1.0328470822163798,
    "b2": 1173.1830110118153,
    "b3": -1171.2952602470725,
    "t1": 67.37550179975986,
    "t2": 67.22284761968409
}