{
    "b0": 12.15760610481695,
    "b1": 0.7628334349707431,
    "b2": 2076.977873217328,
    "b3": -2074.4182539471158,
    "t1": 64.30019841281548,
    "t2": 64.20887761118168
}