{
    "b0": 0.13334410433830454,
    "b1": -0.004137466025055006,
    "b2": 0.1958060804443711,
    "b3": -0.20368434374182087,
    "t1": 0.8375496482220288,
    "t2": 1.1289406064996212
}