{
    "b0": 0.11249062243725766,
    "b1": 0.02772005981302403,
    "b2": -0.1344702109091604,
    "b3": 0.18121881100589413,
    "t1": 40.62873802830662,
    "t2": 57.749717430695085
}