{
    "b0": 10.731912738964233,
    "b1": 2.5586780508346827,
    "b2": -20144.640252448724,
    "b3": 20148.81784644132,
    "t1": 18.853933170621584,
    "t2": 18.857305866989762
}