{
    "b0": 11.36614708805244,
    "b1": 1.3860078183179998,
    "b2": 16073.675196239057,
    "b3": -16071.487684943659,
    "t1": 7.562019879313227,
    "t2": 7.561086898236716
}