{
    "b0": 0.11312343307410522,
    "b1": 0.016774331087364387,
    "b2": -0.040384260278372545,
    "b3": 0.05289029567458391,
    "t1": 5.62148174912225,
    "t2": 10.239945913532182
}