{
    "b0": 11.33497711064989,
    "b1": 1.4851533782672157,
    "b2": 2365.57866746908,
    "b3": -2363.4213488987366,
    "t1": 8.588233749656531,
    "t2": 8.580321143316525
}