{
    "b0": 12.183113106592872,
    "b1": 1.7015817309474839,
    "b2": 4419.49405717954,
    "b3": -4417.088493162457,
    "t1": 30.436162112024785,
    "t2": 30.41635767593966
}