{
    "b0": 0.0670823797736122,
    "b1": 0.05239369899833417,
    "b2": 0.03162490766089859,
    "b3": 0.1281912354979615,
    "t1": 0.3752534028188238,
    "t2": 5.987635450357752
}