{
    "b0": 0.07024356255969696,
    "b1": 0.06550737518374963,
    "b2": 0.0574654727236622,
    "b3": 0.20458318769393405,
    "t1": 0.4953324355333184,
    "t2": 5.680806071089934
}