{
    "b0": 10.623550284815408,
    "b1": 3.1897625349964027,
    "b2": 28376.347487458497,
    "b3": -28371.23312152327,
    "t1": 33.39161105168932,
    "t2": 33.38662458406108
}