{
    "b0": 12.443623416348096,
    "b1": 1.319231690868481,
    "b2": -32547.85541801325,
    "b3": 32549.999814427763,
    "t1": 23.83283451043334,
    "t2": 23.834543251868666
}