{
    "b0": 10.934498336737631,
    "b1": 2.3825209238576734,
    "b2": -63062.79080923853,
    "b3": 63066.4850685444,
    "t1": 16.315046962153552,
    "t2": 16.31592258690201
}