{
    "b0": 11.364875493744353,
    "b1": 2.466144923692574,
    "b2": -6987.070617274585,
    "b3": 6991.076774953463,
    "t1": 33.207147903000454,
    "t2": 33.225698990010066
}