{
    "b0": 0.02156107510325343,
    "b1": 0.11397678340162581,
    "b2": 0.1055693103114618,
    "b3": 0.27273326389897606,
    "t1": 0.47918748065589084,
    "t2": 6.026306795391122
}