{
    "b0": 0.03905881550039389,
    "b1": 0.092236172747233,
    "b2": 0.07133624904793665,
    "b3": 0.2182404188113699,
    "t1": 0.39530736508556347,
    "t2": 5.894954047948611
}