{
    "b0": 0.13088038321002213,
    "b1": 0.009802321978360898,
    "b2": -0.08554963109604778,
    "b3": 0.04537153068432821,
    "t1": 2.0,
    "t2": 5.0
}