{
    "b0": 0.10433686607401778,
    "b1": 0.037231374333633674,
    "b2": -0.20968580202944734,
    "b3": 0.26447393971592803,
    "t1": 31.128641259590683,
    "t2": 40.21942063227763
}