{
    "b0": 0.0967379549264241,
    "b1": 0.024904344765873332,
    "b2": -0.23837203876765833,
    "b3": 0.22074825282846466,
    "t1": 1.7791500392830626,
    "t2": 2.39250956603256
}