{
    "b0": 0.10249966299569818,
    "b1": 0.031197917295812644,
    "b2": -0.08568801367861835,
    "b3": 0.14109465847794447,
    "t1": 19.510947471293555,
    "t2": 29.352298527162905
}