{
    "b0": 0.053128949074023026,
    "b1": 0.07722297899889541,
    "b2": 0.05768134506408001,
    "b3": 0.17874009482357944,
    "t1": 0.38277293636637477,
    "t2": 5.874876239296767
}