{
    "b0": 0.06901991742387716,
    "b1": 0.04779465806232111,
    "b2": 0.042139708256592225,
    "b3": 0.11014632479659216,
    "t1": 0.29273804649743,
    "t2": 6.276982232701567
}