{
    "b0": 0.02642251155157565,
    "b1": 0.10549797591637644,
    "b2": -0.11138473813568603,
    "b3": 0.2891505895674819,
    "t1": 1.6364706708971297,
    "t2": 4.898260973107618
}