{
    "b0": 10.858983771375312,
    "b1": 3.0719579537397195,
    "b2": -45216.8484338755,
    "b3": 45221.48662776509,
    "t1": 32.19541251013371,
    "t2": 32.19858303989095
}