{
    "b0": 0.0919558644549475,
    "b1": 0.04974931525161046,
    "b2": -0.1197847688168934,
    "b3": 0.1153124113849463,
    "t1": 2.0,
    "t2": 5.0
}