{
    "b0": -0.06099055643972399,
    "b1": 0.19506665996987993,
    "b2": -0.3590502573084365,
    "b3": 0.6989393626896523,
    "t1": 2.522399543304185,
    "t2": 4.686454836207719
}