{
    "b0": 0.10881850124445898,
    "b1": 0.03082056101310854,
    "b2": -0.12859329888367674,
    "b3": 0.18088357112173448,
    "t1": 31.366235095626266,
    "t2": 44.400243381116795
}