{
    "b0": 0.10157363699085087,
    "b1": 0.033278994011992066,
    "b2": -0.09472679502154643,
    "b3": 0.15237127130847944,
    "t1": 20.122660963221765,
    "t2": 30.653219781739196
}