{
    "b0": 12.135870308577788,
    "b1": 1.7423767148543576,
    "b2": -10587.622074720208,
    "b3": 10590.075875230928,
    "t1": 28.173001005278145,
    "t2": 28.180802484944618
}