{
    "b0": 0.02078892767403471,
    "b1": 0.11717278094048594,
    "b2": -0.44068843438966543,
    "b3": 0.5686454636879821,
    "t1": 2.5395185558280824,
    "t2": 3.7962591705970445
}