{
    "b0": 0.09865888300770119,
    "b1": 0.020291685762664005,
    "b2": -1.1499138392076556,
    "b3": 1.179569085068798,
    "t1": 15.695865108958726,
    "t2": 16.217556768974276
}