{
    "b0": 0.10469492543085872,
    "b1": 0.029063033786655416,
    "b2": -0.13261313295127453,
    "b3": 0.1751749428094673,
    "t1": 17.500879626741796,
    "t2": 23.329081475602692
}