{
    "b0": 0.07778472911628516,
    "b1": 0.05431908089461581,
    "b2": -0.18584062998392362,
    "b3": 0.21148764930960717,
    "t1": 1.7566516949827395,
    "t2": 3.3622215656644654
}