{
    "b0": 0.13114763446135763,
    "b1": 0.0095681417817662,
    "b2": -0.06660189310577715,
    "b3": 0.07338440549028737,
    "t1": 22.725488898619467,
    "t2": 35.73320099574338
}