{
    "b0": 10.51401513835234,
    "b1": 1.8006213532656505,
    "b2": 13519.348122760694,
    "b3": -13517.717954697873,
    "t1": 10.579293412641396,
    "t2": 10.577091649750907
}