{
    "b0": 0.12904977661095737,
    "b1": 0.009330020311175528,
    "b2": -0.21837429622051213,
    "b3": 0.23052056225426515,
    "t1": 17.749370951276056,
    "t2": 19.781473049927506
}