{
    "b0": 0.10819913778756474,
    "b1": 0.014950565743859424,
    "b2": -0.01977972635200385,
    "b3": 0.04803432201431038,
    "t1": 8.20187558036389,
    "t2": 18.293601973858287
}