{
    "b0": 0.1002954256286089,
    "b1": 0.022455972777053017,
    "b2": -0.1492677029399626,
    "b3": 0.17334482841554372,
    "t1": 13.23494127752839,
    "t2": 16.95004371005139
}