{
    "b0": 0.11417380934387171,
    "b1": 0.015726762405947073,
    "b2": -0.041896614953283715,
    "b3": 0.06267880307303916,
    "t1": 3.508980959284415,
    "t2": 7.430433373415886
}