{
    "b0": 0.12680210080071339,
    "b1": 0.013271328876437075,
    "b2": -0.14138358886061198,
    "b3": 0.15717852572571145,
    "t1": 39.88521241014398,
    "t2": 50.04257828253127
}