{
    "b0": 0.12477148830527643,
    "b1": 0.015224101651209118,
    "b2": -0.05317252580712673,
    "b3": 0.07511214938932471,
    "t1": 14.081234069572314,
    "t2": 25.233232330848054
}