{
    "b0": 0.04024459720328229,
    "b1": 0.0951196726571788,
    "b2": 0.09393074190618705,
    "b3": 0.2396663498970801,
    "t1": 0.4946388185153166,
    "t2": 6.078027020993201
}