{
    "b0": -0.05503147274831157,
    "b1": 0.19021690350566733,
    "b2": -0.27266014900862773,
    "b3": 0.6001501660825292,
    "t1": 2.5081747600199713,
    "t2": 5.0669416490982195
}