{
    "b0": 0.13102780843933498,
    "b1": 0.0071438323566066705,
    "b2": -0.046705070022918356,
    "b3": 0.055996869494625304,
    "t1": 18.22310240262299,
    "t2": 26.045393320891392
}