{
    "b0": 0.1121751822359768,
    "b1": 0.016730507549711837,
    "b2": -0.04566596275142484,
    "b3": 0.07401459266988493,
    "t1": 6.410324623639639,
    "t2": 12.154498923253465
}