{
    "b0": 0.13102895084790875,
    "b1": 0.007923804288618413,
    "b2": -0.03697028995952835,
    "b3": 0.04618111371070787,
    "t1": 7.033137289865408,
    "t2": 13.40996512415586
}