{
    "b0": 0.11259428221784876,
    "b1": 0.026850295370410636,
    "b2": -0.25646353627813123,
    "b3": 0.2997794777211786,
    "t1": 35.826804127254675,
    "t2": 42.80194213479918
}