{
    "b0": 0.11787631836775575,
    "b1": 0.02166306414711431,
    "b2": -0.06724911553874238,
    "b3": 0.10302452696500142,
    "t1": 23.244032584792294,
    "t2": 37.89689530359579
}