{
    "b0": 0.04555216179294606,
    "b1": 0.08838933211062962,
    "b2": 0.8227236559454507,
    "b3": -0.7662710099079629,
    "t1": 3.167942418626998,
    "t2": 2.5517295030479508
}