{
    "b0": 0.11491564773069722,
    "b1": 0.02540213486128351,
    "b2": -0.08848164240781614,
    "b3": 0.12976413733665765,
    "t1": 26.7183232674616,
    "t2": 41.175497258541256
}