{
    "b0": 0.03732571805212917,
    "b1": 0.10285130056468617,
    "b2": -0.1372437232815308,
    "b3": 0.2532018470006512,
    "t1": 2.0,
    "t2": 5.0
}