{
    "b0": 0.027197078093638864,
    "b1": 0.10809152825639665,
    "b2": 0.08995303721747944,
    "b3": 0.30121408593378346,
    "t1": 0.8259854465664589,
    "t2": 6.223116257411688
}