{
    "b0": 0.0648803722986787,
    "b1": 0.07073489853166531,
    "b2": 0.06519769443984914,
    "b3": 0.2059216938948866,
    "t1": 0.5285070058101327,
    "t2": 5.645042210953538
}