{
    "b0": 0.038687107694696805,
    "b1": 0.10232151126398979,
    "b2": -0.14374074659515856,
    "b3": 0.2539315546897711,
    "t1": 2.0,
    "t2": 5.0
}