{
    "b0": -0.024217530396179524,
    "b1": 0.16328971961755556,
    "b2": -0.6293006901626624,
    "b3": 0.9381398952142318,
    "t1": 3.9292530565555293,
    "t2": 5.231410137084621
}