{
    "b0": 0.10523724669903062,
    "b1": 0.03478399387626124,
    "b2": -0.06708029720132198,
    "b3": 0.1302983225680766,
    "t1": 27.904774894072304,
    "t2": 49.51745598747368
}