{
    "b0": 0.10574849816845362,
    "b1": 0.029568565711889573,
    "b2": -0.06632120352439143,
    "b3": 0.11453865651214776,
    "t1": 14.597824793591567,
    "t2": 24.877478929353817
}