{
    "b0": 0.04055594157473412,
    "b1": 0.09419358234288511,
    "b2": 0.07402630182716245,
    "b3": 0.20628735239136137,
    "t1": 0.41592296263096423,
    "t2": 5.9152668374159365
}