{
    "b0": 10.087514902626506,
    "b1": 1.9121905560616574,
    "b2": 10015.977136168913,
    "b3": -10013.658508914017,
    "t1": 13.57110880410141,
    "t2": 13.566798117841815
}