{
    "b0": 10.59251362679135,
    "b1": 2.7689427473186896,
    "b2": -4976.036680792592,
    "b3": 4980.371224755697,
    "t1": 22.230788176520008,
    "t2": 22.24806912425029
}