{
    "b0": 11.274758357441993,
    "b1": 0.9818844046372748,
    "b2": -2900.7754160877175,
    "b3": 2902.2560571272147,
    "t1": 6.511311046751062,
    "t2": 6.5157979149734935
}