{
    "b0": 0.13540269177668032,
    "b1": 0.02506576397887011,
    "b2": -0.0856622256299034,
    "b3": -0.0675929461876197,
    "t1": 1.1890006723418598,
    "t2": 0.05201292536272653
}