{
    "b0": 0.12914690833771428,
    "b1": 0.005927148448676858,
    "b2": 0.020474603880052743,
    "b3": -0.0030674623852150976,
    "t1": 0.3898483154193779,
    "t2": -9.434048660666399
}