{
    "b0": 0.05825254251902122,
    "b1": 0.07164226899390298,
    "b2": -0.20755730535215292,
    "b3": 0.2940047241867298,
    "t1": 1.9278806044203385,
    "t2": 3.6917734898934946
}