{
    "b0": 12.921753631065924,
    "b1": 0.8412156151344001,
    "b2": 1765.3941788725278,
    "b3": -1764.051080601332,
    "t1": 38.43970839616649,
    "t2": 38.40252370219647
}