{
    "b0": 0.10332568547742883,
    "b1": 0.030682797281405542,
    "b2": -0.0932327817943802,
    "b3": 0.14608537587652806,
    "t1": 19.272875853045075,
    "t2": 28.22404982585155
}