{
    "b0": 11.53483877227621,
    "b1": 1.515984558816048,
    "b2": 53146.46229762606,
    "b3": -53145.128869583226,
    "t1": 4.877239347639115,
    "t2": 4.8770326984679135
}