{
    "b0": 10.61797980761386,
    "b1": 1.6516774612868859,
    "b2": 11074.255434584094,
    "b3": -11072.597873685221,
    "t1": 10.177775669555896,
    "t2": 10.175390915141655
}