{
    "b0": 0.1060366988594549,
    "b1": 0.027380794339173127,
    "b2": -0.21033851915487836,
    "b3": 0.24887057758538356,
    "t1": 18.006277291432877,
    "t2": 21.534476784361164
}