{
    "b0": 0.10090814848060407,
    "b1": 0.03360985510669365,
    "b2": -0.06465840549559064,
    "b3": 0.12493638798681192,
    "t1": 19.301893896846344,
    "t2": 33.22675495450085
}