{
    "b0": 10.591965794216707,
    "b1": 1.7302455247860298,
    "b2": 51403.089334210854,
    "b3": -51401.161269420074,
    "t1": 11.808162839001119,
    "t2": 11.807572655750217
}