{
    "b0": 0.10037502122068884,
    "b1": 0.02011473790469162,
    "b2": -0.1342123164975429,
    "b3": 0.11195232871545403,
    "t1": 1.591916868803926,
    "t2": 2.538133965178354
}