{
    "b0": 0.12084260199790445,
    "b1": 0.007718902772463068,
    "b2": -0.720163875769384,
    "b3": 0.6786434332115908,
    "t1": 1.6221890325728572,
    "t2": 1.7202187686398067
}