{
    "b0": 12.359376015169099,
    "b1": 1.4460029360139655,
    "b2": 10539.99602178341,
    "b3": -10537.75801349442,
    "t1": 25.00780382543039,
    "t2": 25.00189216067159
}