{
    "b0": 0.10363273132901846,
    "b1": 0.02395332816515193,
    "b2": -0.10209822530461164,
    "b3": 0.12571515972421438,
    "t1": 11.574538826773727,
    "t2": 16.561065983597
}