{
    "b0": 0.10186123592095654,
    "b1": 0.039930181886636135,
    "b2": -0.1187045906774033,
    "b3": 0.17580134537804026,
    "t1": 27.21663131270945,
    "t2": 40.53538889467324
}