{
    "b0": 0.1015828442068402,
    "b1": 0.03838395328084468,
    "b2": -0.1293213539544264,
    "b3": 0.1850224526496442,
    "t1": 25.38280929987451,
    "t2": 36.098081739971015
}