{
    "b0": 0.14371132276491644,
    "b1": -0.002203572018541204,
    "b2": -0.09218314464161195,
    "b3": -0.023303783636715612,
    "t1": 2.0,
    "t2": 5.0
}