{
    "b0": 0.17010277197535964,
    "b1": -0.031075841871533692,
    "b2": -0.007015599341966144,
    "b3": -0.10745313821286388,
    "t1": 2.32478263783283,
    "t2": 4.738820437929607
}