{
    "b0": 0.11171541002923548,
    "b1": 0.01794676188067712,
    "b2": -0.07689569359622234,
    "b3": 0.10327964146304527,
    "t1": 8.084485716366613,
    "t2": 12.732726715751323
}