{
    "b0": -0.012456057437215382,
    "b1": 0.1509560475581341,
    "b2": -0.5186829607102065,
    "b3": 0.7137940188970215,
    "t1": 2.8215374648831526,
    "t2": 4.178839193332417
}