{
    "b0": -0.10848467906203652,
    "b1": 0.24378491691941084,
    "b2": -0.30990565952057486,
    "b3": 0.7550412426146508,
    "t1": 2.642591056083419,
    "t2": 5.337645653017266
}