{
    "b0": 0.1104938732182815,
    "b1": 0.017605394998923447,
    "b2": -0.03678711132893496,
    "b3": 0.0672978261313752,
    "t1": 8.741160297791401,
    "t2": 14.778411143910143
}