{
    "b0": 0.08732697039373903,
    "b1": 0.044346572128150706,
    "b2": -0.7657861108868297,
    "b3": 0.7589760516353871,
    "t1": 2.1097853701844294,
    "t2": 2.4374163535823072
}