{
    "b0": 0.1403321659303529,
    "b1": 0.000685637002985115,
    "b2": -0.08453514661803889,
    "b3": 0.004036896485769338,
    "t1": 2.0,
    "t2": 5.0
}