{
    "b0": 13.47698449580506,
    "b1": 0.5360436122801584,
    "b2": -1267.372879768097,
    "b3": 1267.056189225936,
    "t1": 3.105614107047229,
    "t2": 3.1076100067336205
}