{
    "b0": 12.436027261885199,
    "b1": 1.3627977304571322,
    "b2": 4313.576378793509,
    "b3": -4311.4755467226,
    "t1": 23.950031416733477,
    "t2": 23.936986275067788
}