{
    "b0": 0.10212828227337091,
    "b1": 0.03145240053884251,
    "b2": -0.18721055195943936,
    "b3": 0.23534770611743686,
    "t1": 21.34342544687503,
    "t2": 26.405549301228636
}