{
    "b0": 0.13245843943323074,
    "b1": 0.006489905675549551,
    "b2": -0.03244995204942317,
    "b3": 0.0374325494082805,
    "t1": 4.189642275921642,
    "t2": 8.513151981349026
}