{
    "b0": 0.05569841726380186,
    "b1": 0.07973118000509705,
    "b2": 0.07395841323257779,
    "b3": 0.2156843139821446,
    "t1": 0.6231252194898712,
    "t2": 5.690299596611201
}