{
    "b0": 0.11045636171092083,
    "b1": 0.028980113359293735,
    "b2": -0.05923019660796072,
    "b3": 0.11364247713282995,
    "t1": 28.907276800391156,
    "t2": 51.95948946093536
}