{
    "b0": 10.597526064270872,
    "b1": 3.2853766955321966,
    "b2": 7549.081266307588,
    "b3": -7544.166110831711,
    "t1": 29.676924341369354,
    "t2": 29.660598306488133
}