{
    "b0": 0.07280177597857737,
    "b1": 0.063036426872221,
    "b2": 0.05734196400419603,
    "b3": 0.18843479689914366,
    "t1": 0.5396651384843076,
    "t2": 5.661018752677773
}