{
    "b0": 0.10884698126744718,
    "b1": 0.016588465476514942,
    "b2": -0.06077168976963396,
    "b3": 0.08030198074669626,
    "t1": 9.846564682902912,
    "t2": 15.14895408342931
}