{
    "b0": -0.12524552702723066,
    "b1": 0.2655152602573552,
    "b2": -0.5306417823585571,
    "b3": 0.9702645697974959,
    "t1": 3.1284357881593534,
    "t2": 5.1548785189559005
}