{
    "b0": 0.1304614642773014,
    "b1": 0.006961456288439978,
    "b2": -0.033856824398295356,
    "b3": 0.04910369328285844,
    "t1": 48.60629324849174,
    "t2": 75.47100857595561
}