{
    "b0": 0.11119509523911913,
    "b1": 0.011876118295476296,
    "b2": -0.12361504158761477,
    "b3": 0.09491590863344453,
    "t1": 1.4807510563727286,
    "t2": 2.134256428224168
}