{
    "b0": 0.09979370187992746,
    "b1": 0.023069754908246934,
    "b2": -0.05160191394569422,
    "b3": 0.059648358018501164,
    "t1": 1.2206792671315174,
    "t2": 4.166298739339663
}