{
    "b0": 11.589227930975076,
    "b1": 1.2439868242925805,
    "b2": 12591.540750229271,
    "b3": -12589.985909195691,
    "t1": 5.761364759827178,
    "t2": 5.760087071763238
}