{
    "b0": 0.1163094112067348,
    "b1": 0.011786826101926582,
    "b2": -0.0970174799202022,
    "b3": 0.06985533030520802,
    "t1": 1.391164020029126,
    "t2": 2.6596207360665938
}