{
    "b0": 12.944322099237597,
    "b1": 0.77902041917907,
    "b2": -52272.18497127983,
    "b3": 52273.376254107396,
    "t1": 11.148596661972027,
    "t2": 11.148920487759304
}