{
    "b0": 0.13649950504948724,
    "b1": -0.0012662430520153601,
    "b2": -0.022530570614358907,
    "b3": 0.01680122474200441,
    "t1": 2.2511105583001605,
    "t2": 0.38241553124481875
}