{
    "b0": 0.13041329321124917,
    "b1": 0.010186878619230382,
    "b2": -0.08365495309768209,
    "b3": 0.02238443330455025,
    "t1": 2.0,
    "t2": 5.0
}