{
    "b0": 10.751181732490025,
    "b1": 3.125409206292998,
    "b2": 4713.499787838159,
    "b3": -4708.553954390433,
    "t1": 34.238706024087364,
    "t2": 34.206867584932574
}