{
    "b0": 0.10645680728943671,
    "b1": 0.019654869282278005,
    "b2": -0.05692658358248194,
    "b3": 0.05308613388304387,
    "t1": 1.124119594836279,
    "t2": 3.932996314926169
}