{
    "b0": 10.554105090726242,
    "b1": 2.802814364691762,
    "b2": -7675.619603730033,
    "b3": 7680.005642935246,
    "t1": 21.224285523426087,
    "t2": 21.235347328276827
}