{
    "b0": 0.10364691965848961,
    "b1": 0.020951663776882762,
    "b2": -0.06270543395602715,
    "b3": 0.09075809811830604,
    "t1": 9.872717058215265,
    "t2": 16.475025643767808
}