{
    "b0": 10.554912537115209,
    "b1": 3.437142025946782,
    "b2": 7591.267837807236,
    "b3": -7586.717079294408,
    "t1": 30.945571385844097,
    "t2": 30.927400725517632
}