{
    "b0": 0.0971926420748754,
    "b1": 0.021293678008424306,
    "b2": -0.029958255348859906,
    "b3": 0.07120876790827034,
    "t1": 11.552396618437369,
    "t2": 23.727602992934482
}