{
    "b0": -0.07587296061743655,
    "b1": 0.2147697852209624,
    "b2": -0.34922678619266734,
    "b3": 0.7095878518437108,
    "t1": 2.7733907199755663,
    "t2": 5.099831002507549
}