{
    "b0": 0.09941467033892978,
    "b1": 0.02362794929977228,
    "b2": -0.07356379328127441,
    "b3": 0.06394877118344293,
    "t1": 1.292115150131873,
    "t2": 3.3841491688036704
}