{
    "b0": 0.14388651280878756,
    "b1": -0.004817926245473765,
    "b2": -0.07179216814783114,
    "b3": 0.0344017940806049,
    "t1": 3.1101814398054555,
    "t2": 4.734389514395661
}