{
    "b0": 0.13235880602343447,
    "b1": 0.006823063101428682,
    "b2": -0.06769743824742312,
    "b3": 0.07144040962415368,
    "t1": 7.609220722458582,
    "t2": 10.936087966991243
}