{
    "b0": 11.096871808436097,
    "b1": 1.1228698118628495,
    "b2": -17284.401971749685,
    "b3": 17286.268018782343,
    "t1": 8.819825618574503,
    "t2": 8.820706574168279
}