{
    "b0": 12.217660680312507,
    "b1": 1.6036585703667727,
    "b2": -15853.18134347372,
    "b3": 15855.61620926762,
    "t1": 23.855007576506317,
    "t2": 23.85912307321709
}