{
    "b0": 0.13666144543170317,
    "b1": -0.001841277318926509,
    "b2": -0.08586693652966908,
    "b3": 0.08248172297767761,
    "t1": 1.000000064380229,
    "t2": 0.6947514657794449
}