{
    "b0": 13.04767955454654,
    "b1": 0.7037413181427981,
    "b2": 1529.0615559922821,
    "b3": -1527.9244876732073,
    "t1": 37.60713529165015,
    "t2": 37.56922688033484
}