{
    "b0": 0.1174977576584933,
    "b1": 0.02286889617284294,
    "b2": -0.39391878658817214,
    "b3": 0.4238438560375903,
    "t1": 32.14548850689712,
    "t2": 35.676955867988816
}