{
    "b0": 0.08842962614022416,
    "b1": 0.043801757816422496,
    "b2": -0.2270679649075772,
    "b3": 0.22640659183315892,
    "t1": 1.8082943572981138,
    "t2": 2.9175442243982603
}