{
    "b0": 0.10917335690522827,
    "b1": 0.014005653573812813,
    "b2": 0.5801430616872558,
    "b3": -0.6086230870818347,
    "t1": 1.9025459276785717,
    "t2": 1.7680508465653366
}