{
    "b0": 0.13168117324531478,
    "b1": 0.007604541389090347,
    "b2": -0.054901698377597716,
    "b3": 0.03909605107813412,
    "t1": 2.0,
    "t2": 5.0
}