{
    "b0": 0.11060156919024128,
    "b1": 0.028293684055983825,
    "b2": -0.06060725533537394,
    "b3": 0.09907410997655304,
    "t1": 2.0,
    "t2": 5.0
}