{
    "b0": 0.1001141366827391,
    "b1": 0.029425805477515787,
    "b2": -0.22422720214923075,
    "b3": 0.21632647148981837,
    "t1": 1.7498247871818038,
    "t2": 2.6714894046811617
}