{
    "b0": 11.034486850951136,
    "b1": 2.3638909759844298,
    "b2": 23042.242422179148,
    "b3": -23039.50319677582,
    "t1": 13.606392103722575,
    "t2": 13.604338353444131
}