{
    "b0": 10.506340882557218,
    "b1": 1.7319660261648275,
    "b2": 3237.182832181897,
    "b3": -3235.3495411265817,
    "t1": 11.364982132114804,
    "t2": 11.355513764705462
}