{
    "b0": 0.13137662184216206,
    "b1": 0.006061754349228066,
    "b2": -0.03513038802054721,
    "b3": 0.04885114474008036,
    "t1": 52.42463892154046,
    "t2": 79.38972538373491
}