{
    "b0": -0.05796402579654631,
    "b1": 0.1969278248293146,
    "b2": -0.5383915735123794,
    "b3": 0.9192931196033857,
    "t1": 3.597108027009291,
    "t2": 5.239522532872714
}