{
    "b0": 10.647754173943458,
    "b1": 1.689979118142109,
    "b2": 57732.01169370968,
    "b3": -57730.15767381669,
    "t1": 11.165849430677776,
    "t2": 11.16538791713245
}