{
    "b0": 12.880876737550306,
    "b1": 0.8538344438651055,
    "b2": 3474.1872121610427,
    "b3": -3472.7259228992357,
    "t1": 37.89106724497758,
    "t2": 37.87206410712613
}