{
    "b0": 0.10552220637149354,
    "b1": 0.01770311918711132,
    "b2": -0.2987310552064117,
    "b3": 0.2824576356577008,
    "t1": 1.7999991444983094,
    "t2": 2.1617802239245734
}