{
    "b0": -0.09279760607364253,
    "b1": 0.22787574132550598,
    "b2": -0.29686814303331094,
    "b3": 0.7120403704296883,
    "t1": 2.547258694261936,
    "t2": 5.21844577668177
}