{
    "b0": 0.14480404185013554,
    "b1": -0.003215203104395839,
    "b2": -0.08446485016818796,
    "b3": -0.028516371365987198,
    "t1": 2.0,
    "t2": 5.0
}