{
    "b0": 0.1150121091912758,
    "b1": 0.013686047745335973,
    "b2": -0.11391654958840952,
    "b3": 0.0833956155386123,
    "t1": 1.3853155038478615,
    "t2": 2.5451214075856603
}