{
    "b0": 0.10923520372095313,
    "b1": 0.032818481589285325,
    "b2": -0.11864697475922582,
    "b3": 0.07008105435285555,
    "t1": 2.0,
    "t2": 5.0
}