{
    "b0": 0.10738593778206401,
    "b1": 0.01609823766961592,
    "b2": -0.03542165835577297,
    "b3": 0.0619956658206179,
    "t1": 9.442391669150917,
    "t2": 16.76682365252244
}