{
    "b0": 0.08169012270825458,
    "b1": 0.05093532865342407,
    "b2": -0.1819770260024152,
    "b3": 0.20415041308054552,
    "t1": 1.774219800578793,
    "t2": 3.2976718093368143
}