{
    "b0": 10.634824096636303,
    "b1": 2.65665761906844,
    "b2": -15863.239408332402,
    "b3": 15867.173202078764,
    "t1": 18.758071837813453,
    "t2": 18.76235006827499
}