{
    "b0": -0.07515368362100892,
    "b1": 0.21056114193214942,
    "b2": -0.2506813750263559,
    "b3": 0.6323895691519585,
    "t1": 2.426072952330948,
    "t2": 5.200277100834006
}