{
    "b0": 0.12534666930396035,
    "b1": 0.014326837921778465,
    "b2": -0.07189912268761174,
    "b3": 0.04567378223777596,
    "t1": 2.0,
    "t2": 5.0
}