{
    "b0": 0.13095199329591586,
    "b1": 0.009670057501110219,
    "b2": -0.07722498728760707,
    "b3": 0.02455527831868502,
    "t1": 2.0,
    "t2": 5.0
}