{
    "b0": 11.259723500283032,
    "b1": 2.61076854199361,
    "b2": -2307.274807479904,
    "b3": 2311.407335018256,
    "t1": 33.541168896532355,
    "t2": 33.60025114397879
}