{
    "b0": 11.067546090382299,
    "b1": 1.1470165139378419,
    "b2": -7146.924515021253,
    "b3": 7148.844601138889,
    "t1": 9.67362297686222,
    "t2": 9.675982254054778
}