{
    "b0": 0.05745553540017002,
    "b1": 0.07765994390692696,
    "b2": 0.07397278772733232,
    "b3": 0.21395281983950115,
    "t1": 0.6063599458856783,
    "t2": 5.753664491621805
}