{
    "b0": 12.64838987562675,
    "b1": 1.1316549643695426,
    "b2": -2640.7261823850454,
    "b3": 2642.619196517743,
    "t1": 54.71843321902366,
    "t2": 54.764438120636235
}