{
    "b0": 0.1114558362622885,
    "b1": 0.0060081166077084755,
    "b2": 0.026451059852875616,
    "b3": -0.06647738373192019,
    "t1": 0.32411353102861923,
    "t2": 0.865797387632218
}