{
    "b0": 0.10413727250858106,
    "b1": 0.019532436573166542,
    "b2": -0.10751890802022396,
    "b3": 0.09810429599745732,
    "t1": 1.5403324285011615,
    "t2": 2.7569486349211716
}