{
    "b0": 11.018453841549025,
    "b1": 2.3240415028031194,
    "b2": -81049.40611163499,
    "b3": 81052.86210458967,
    "t1": 15.805118395227304,
    "t2": 15.805736586471077
}