{
    "b0": 0.1489807471067655,
    "b1": -0.009974544283490198,
    "b2": -0.052867140358190776,
    "b3": 0.001604201507687278,
    "t1": 3.01377417234656,
    "t2": 4.7028633724753535
}