{
    "b0": 11.975275830499621,
    "b1": 1.870700125804635,
    "b2": -25491.221836707213,
    "b3": 25494.149979111353,
    "t1": 26.80695500855205,
    "t2": 26.810272551231964
}