{
    "b0": 0.10559128162813688,
    "b1": 0.019099766283468003,
    "b2": -0.03091107346399132,
    "b3": 0.060280934062860295,
    "t1": 8.20559521078043,
    "t2": 17.049684476746524
}