{
    "b0": 0.12720386500717154,
    "b1": 0.012865042739609776,
    "b2": -0.07279790975948862,
    "b3": 0.023204249455956494,
    "t1": 2.0,
    "t2": 5.0
}