{
    "b0": 0.11384444165083651,
    "b1": 0.006798331804672981,
    "b2": -0.16534816413528677,
    "b3": 0.122741842615588,
    "t1": 0.6451195091405694,
    "t2": 0.5167333523101533
}