{
    "b0": 0.02984261544874876,
    "b1": 0.11080843316041314,
    "b2": -0.1427533761750237,
    "b3": 0.28505407657547377,
    "t1": 2.0,
    "t2": 5.0
}