{
    "b0": 0.11234944263395506,
    "b1": 0.015780979219605827,
    "b2": -0.034945369647084404,
    "b3": 0.06432847836120616,
    "t1": 7.167199424379644,
    "t2": 13.343769348613517
}