{
    "b0": 0.10279154962861527,
    "b1": 0.023791459984499178,
    "b2": -0.1279332733989128,
    "b3": 0.14485544666586106,
    "t1": 11.067274173016164,
    "t2": 15.07042383505847
}