{
    "b0": 0.1053078254365125,
    "b1": 0.023484378116687056,
    "b2": -0.1699577833524619,
    "b3": 0.15852141696618444,
    "t1": 1.7076613191039045,
    "t2": 2.699293659744014
}