{
    "b0": 0.10864143895973495,
    "b1": 0.03134666089671438,
    "b2": -1.3872476398980016,
    "b3": 1.4339371083166912,
    "t1": 36.43499996503559,
    "t2": 37.90546971569017
}