{
    "b0": 0.06759902193093256,
    "b1": 0.049194539888383,
    "b2": 0.04071711977208296,
    "b3": 0.11049393588922587,
    "t1": 0.2959011374038588,
    "t2": 5.67606779962113
}