{
    "b0": 10.76847658284442,
    "b1": 3.1047902678585997,
    "b2": -15461.7935141756,
    "b3": 15466.635896959955,
    "t1": 32.542042523231615,
    "t2": 32.551296364142615
}