{
    "b0": 12.468924048594673,
    "b1": 1.2906283901891498,
    "b2": 30996.848790631753,
    "b3": -30994.632924484056,
    "t1": 47.40431483656074,
    "t2": 47.40077085508742
}