{
    "b0": 0.09580632805478931,
    "b1": 0.023367848900628447,
    "b2": 0.473316367704383,
    "b3": -0.49897770705539046,
    "t1": 2.222086793959054,
    "t2": 1.944181599547563
}