{
    "b0": 13.399931879422441,
    "b1": 0.30148772914453936,
    "b2": 9070.103832055604,
    "b3": -9069.719353469474,
    "t1": 4.914797835805526,
    "t2": 4.914463668132039
}