{
    "b0": 0.1074694898347695,
    "b1": 0.032080336978199474,
    "b2": -0.07661489578341721,
    "b3": 0.11605794762313212,
    "t1": 2.0,
    "t2": 5.0
}