{
    "b0": 0.1023996383451799,
    "b1": 0.03135652875238044,
    "b2": -0.44110909377808344,
    "b3": 0.48615517172894984,
    "t1": 21.324920561235967,
    "t2": 23.607439653307637
}