{
    "b0": 10.859987611194772,
    "b1": 2.408370443355971,
    "b2": 23121.173566472185,
    "b3": -23118.039335410554,
    "t1": 13.241161513693328,
    "t2": 13.239146674497285
}