{
    "b0": 0.10174653332146072,
    "b1": 0.03956076391053433,
    "b2": -0.16358389880700666,
    "b3": 0.21521400177056693,
    "t1": 26.870560967831292,
    "t2": 35.9168687758127
}