{
    "b0": 0.11824181674579025,
    "b1": 0.022420581474488485,
    "b2": -0.1373966088754509,
    "b3": 0.16805714799850263,
    "t1": 30.87690371938362,
    "t2": 40.49555420138789
}