{
    "b0": 0.052774398256599984,
    "b1": 0.07768840626319362,
    "b2": 0.0597794237806629,
    "b3": 0.17891275106448368,
    "t1": 0.37611531521980834,
    "t2": 5.834248898475809
}