{
    "b0": 0.12772887341764416,
    "b1": 0.007341513515326493,
    "b2": 0.09243377109479763,
    "b3": -0.0964350646579771,
    "t1": 0.6418508112698997,
    "t2": 1.0115086829331807
}