{
    "b0": -0.02538071344701011,
    "b1": 0.1645077448252745,
    "b2": -0.37031841062032494,
    "b3": 0.6850166640746053,
    "t1": 3.2903858054518285,
    "t2": 5.233839859526333
}