{
    "b0": 13.139378156474912,
    "b1": 0.5677172988766073,
    "b2": -3299.1618542853403,
    "b3": 3300.059849374009,
    "t1": 8.808755097690971,
    "t2": 8.811549766782559
}