{
    "b0": 0.09947669250939796,
    "b1": 0.02281318716146596,
    "b2": -0.10559950681017691,
    "b3": 0.09420652740348319,
    "t1": 1.4867408574804424,
    "t2": 2.8388431293253937
}