{
    "b0": 0.11125791743188718,
    "b1": 0.017427434659310827,
    "b2": -0.04135924118220774,
    "b3": 0.07219678129510812,
    "t1": 8.705966069273984,
    "t2": 16.128696883617938
}