{
    "b0": 0.15220937335497425,
    "b1": -0.010676844319776106,
    "b2": -0.08236061179017695,
    "b3": -0.04309258878298766,
    "t1": 2.0,
    "t2": 5.0
}