{
    "b0": 0.12641773110691307,
    "b1": 0.01440543227615734,
    "b2": -0.09049114434395626,
    "b3": 0.0627850166212641,
    "t1": 2.0,
    "t2": 5.0
}