{
    "b0": 0.12466543301510213,
    "b1": 0.0155684018275328,
    "b2": -0.08040167551075517,
    "b3": 0.0409447775333265,
    "t1": 2.0,
    "t2": 5.0
}