{
    "b0": 0.1179209141620507,
    "b1": 0.020440772634149416,
    "b2": -0.10541226160254309,
    "b3": 0.14134365980364702,
    "t1": 27.028842160939842,
    "t2": 36.56613835028217
}