{
    "b0": 0.07586227999837179,
    "b1": 0.0509258106141081,
    "b2": 0.04168668828383499,
    "b3": 0.1363030027819528,
    "t1": 0.29395415683511594,
    "t2": 5.912460883526222
}