{
    "b0": 0.07935907620430774,
    "b1": 0.061864987773420727,
    "b2": -0.11347554130070406,
    "b3": 0.13767993299605016,
    "t1": 2.0,
    "t2": 5.0
}