{
    "b0": 10.888420447257776,
    "b1": 2.984183730345901,
    "b2": -13131.667152000362,
    "b3": 13136.38071394104,
    "t1": 31.278771338357117,
    "t2": 31.289113284501518
}