{
    "b0": 10.902086106436213,
    "b1": 2.9520749952222776,
    "b2": 171073.75886422276,
    "b3": -171068.96428248085,
    "t1": 35.81329502327672,
    "t2": 35.812385737804036
}