{
    "b0": 11.981095973417721,
    "b1": 1.833315686708779,
    "b2": 18714.625914390683,
    "b3": -18711.690259148967,
    "t1": 30.817548570111992,
    "t2": 30.812639145549756
}