{
    "b0": 0.05765670053481387,
    "b1": 0.06910626086701374,
    "b2": 0.05864247174663185,
    "b3": 0.17654121313872287,
    "t1": 0.33015997767265015,
    "t2": 5.809548984274315
}