{
    "b0": 0.12238190388936714,
    "b1": 0.01702170691713585,
    "b2": -0.24129493023529133,
    "b3": 0.2668035913161029,
    "t1": 41.24177143092294,
    "t2": 48.13436224615208
}