{
    "b0": 0.06062623011004523,
    "b1": 0.07473912512645461,
    "b2": 0.06923566145591388,
    "b3": 0.21805227730621005,
    "t1": 0.5356423912959879,
    "t2": 5.778977775916325
}