{
    "b0": 0.1163664085321948,
    "b1": 0.023310631774050634,
    "b2": -0.06440142935474129,
    "b3": 0.1045432070773403,
    "t1": 26.193842968765438,
    "t2": 43.68924111869701
}