{
    "b0": 0.06571767964957553,
    "b1": 0.06919476425792173,
    "b2": 0.06685162085950425,
    "b3": 0.19298162525432447,
    "t1": 0.6823702019369392,
    "t2": 5.449041338873095
}