{
    "b0": 12.944612032565157,
    "b1": 0.8162513787158825,
    "b2": -1444.2782290858386,
    "b3": 1445.602884522682,
    "t1": 48.585987401662095,
    "t2": 48.643089654629826
}