{
    "b0": 0.12036018684662955,
    "b1": 0.019151214310518472,
    "b2": -0.05012648496666648,
    "b3": 0.0823980905648772,
    "t1": 22.020979486633372,
    "t2": 39.08959919115632
}