{
    "b0": 12.190994025772294,
    "b1": 1.580085247557244,
    "b2": -4952.325810549347,
    "b3": 4954.921023930141,
    "t1": 28.91121904110184,
    "t2": 28.926706368566112
}