{
    "b0": 0.08511589368233158,
    "b1": 0.04322247209513662,
    "b2": -0.05993669277023003,
    "b3": 0.11996334620097372,
    "t1": 1.3021431951885087,
    "t2": 4.814344560933312
}