{
    "b0": 0.07729244714895976,
    "b1": 0.06408647708880129,
    "b2": -0.12250108580824887,
    "b3": 0.14449446627779278,
    "t1": 2.0,
    "t2": 5.0
}