{
    "b0": 0.028849056105156264,
    "b1": 0.11030024885831,
    "b2": -0.14175808577092072,
    "b3": 0.2866292451918616,
    "t1": 2.0,
    "t2": 5.0
}