{
    "b0": -0.08636521020893038,
    "b1": 0.22568812630836443,
    "b2": -0.38553624405970394,
    "b3": 0.7565290168304035,
    "t1": 2.848938193798136,
    "t2": 5.108090053766069
}