{
    "b0": 0.10110683921222642,
    "b1": 0.034417983856194434,
    "b2": -0.20547676861585715,
    "b3": 0.2578078385768992,
    "t1": 23.65104650354929,
    "t2": 29.489679873055877
}