{
    "b0": 0.1396540314119673,
    "b1": 0.0007291341206815682,
    "b2": -0.07331171710339313,
    "b3": 0.0005989273855196116,
    "t1": 2.0,
    "t2": 5.0
}