{
    "b0": 9.9909291183659,
    "b1": 1.7801597566232337,
    "b2": 11631.074101377179,
    "b3": -11628.177679418817,
    "t1": 14.601338101235536,
    "t2": 14.59795121869906
}