{
    "b0": 0.10367203151284755,
    "b1": 0.03572376996672609,
    "b2": -0.0887811603609931,
    "b3": 0.1513921351351265,
    "t1": 29.623124716691898,
    "t2": 45.96318805330465
}