{
    "b0": 0.11782842528212614,
    "b1": 0.003985934859741427,
    "b2": 0.011887306756653362,
    "b3": -0.046019896621637524,
    "t1": 0.24416396020949313,
    "t2": 0.9171388499338147
}