{
    "b0": 10.600219165385896,
    "b1": 2.749984874269119,
    "b2": -55724.92157981088,
    "b3": 55729.34827183891,
    "t1": 20.84833917070603,
    "t2": 20.849826976669714
}