{
    "b0": 0.04625020735051841,
    "b1": 0.08472334967769335,
    "b2": 0.06437868634441435,
    "b3": 0.1919339615606963,
    "t1": 0.39704615848660446,
    "t2": 6.005489949859401
}