{
    "b0": 0.12792523789262658,
    "b1": 0.012026013138431886,
    "b2": -0.05247572535119213,
    "b3": 0.06828192685634057,
    "t1": 22.419082028796787,
    "t2": 38.52397930713423
}