{
    "b0": 0.12293122501844934,
    "b1": -0.00023729568724278503,
    "b2": -3.5176792300903043e-05,
    "b3": -0.06778583485765274,
    "t1": -1.4753953594272975,
    "t2": 1.1851275629288311
}