{
    "b0": 0.11861619034177408,
    "b1": 0.005476887045129011,
    "b2": -0.07126285730743898,
    "b3": 0.03933725934527595,
    "t1": 1.1540923954799136,
    "t2": 1.93938860396274
}