{
    "b0": 10.654759006585556,
    "b1": 1.7447055859553737,
    "b2": 2877.7440308040814,
    "b3": -2875.6288639769136,
    "t1": 11.615443602263303,
    "t2": 11.606271622597298
}