{
    "b0": -0.12413906864222428,
    "b1": 0.2646340223934041,
    "b2": -0.5020198801828053,
    "b3": 0.9452069234719487,
    "t1": 3.054140599016369,
    "t2": 5.137637204735185
}