{
    "b0": 0.15003882959022177,
    "b1": -0.008419309228095868,
    "b2": -0.07963587580066121,
    "b3": -0.04298176979217121,
    "t1": 2.0,
    "t2": 5.0
}