{
    "b0": 11.443075402300172,
    "b1": 2.368848304894306,
    "b2": -4616.806240874137,
    "b3": 4620.764324956201,
    "t1": 38.11886249135633,
    "t2": 38.149878125565586
}