{
    "b0": 11.281667258221018,
    "b1": 1.4557444083237931,
    "b2": -19128.31993154608,
    "b3": 19130.806923151635,
    "t1": 8.479916336265632,
    "t2": 8.480867881738009
}