{
    "b0": 10.511391844543471,
    "b1": 1.7444132397336105,
    "b2": 6015.720579305075,
    "b3": -6014.236059738386,
    "t1": 9.309009226538468,
    "t2": 9.304467282927504
}