{
    "b0": 10.562637560509977,
    "b1": 3.2299161175843327,
    "b2": 8434.454985362327,
    "b3": -8430.302049335682,
    "t1": 23.322236909687497,
    "t2": 23.309588062866073
}