{
    "b0": 0.11376636808644995,
    "b1": 0.012094601864036915,
    "b2": -0.09121815471609215,
    "b3": 0.062381529517543235,
    "t1": 1.3167797452484615,
    "t2": 2.4457832664203485
}