{
    "b0": 0.10514605846200714,
    "b1": 0.03397283330562399,
    "b2": -0.07439604154650734,
    "b3": 0.12015499152263534,
    "t1": 2.0,
    "t2": 5.0
}