{
    "b0": 11.941710324800914,
    "b1": 1.8868846191247242,
    "b2": 8590.609943641135,
    "b3": -8587.613356039947,
    "t1": 29.156200322923915,
    "t2": 29.14540043188916
}