{
    "b0": 0.10935412383656902,
    "b1": 0.02981135991510006,
    "b2": -0.06774257486926714,
    "b3": 0.11383231816264291,
    "t1": 2.0,
    "t2": 5.0
}