{
    "b0": 11.532297251688256,
    "b1": 1.3805993520881736,
    "b2": -24928.656088769196,
    "b3": 24929.01812577368,
    "t1": 4.852138371335708,
    "t2": 4.852507554533866
}