{
    "b0": 0.10201934504951138,
    "b1": 0.03736873289600043,
    "b2": -0.0662664141703294,
    "b3": 0.12521588456031443,
    "t1": 19.96462576448791,
    "t2": 35.62737983913909
}