{
    "b0": 0.027234167214408918,
    "b1": 0.11385928483766845,
    "b2": -0.1466182917601706,
    "b3": 0.28526972064460443,
    "t1": 2.0,
    "t2": 5.0
}