{
    "b0": 0.13847583094015997,
    "b1": -0.0037488148624482513,
    "b2": -0.07066903323576382,
    "b3": 0.056048861827825334,
    "t1": 1.0000000475398503,
    "t2": 0.5374348010041367
}