{
    "b0": 0.13594248046775542,
    "b1": 0.0054636462732139505,
    "b2": -0.0931647687308882,
    "b3": 0.02324355202569959,
    "t1": 2.0,
    "t2": 5.0
}