{
    "b0": 0.12525010100741205,
    "b1": 0.00917952067480195,
    "b2": -0.07612631677796856,
    "b3": 0.07468166829183052,
    "t1": 1.0000000165221308,
    "t2": 0.5735439237275236
}