{
    "b0": 0.09553731932614096,
    "b1": 0.024049385533583406,
    "b2": 0.32390831681573795,
    "b3": -0.34857847250844154,
    "t1": 2.369768592168536,
    "t2": 1.932330730577211
}