{
    "b0": 10.722172777798919,
    "b1": 2.659062395013187,
    "b2": 4877.698052873733,
    "b3": -4873.936295268107,
    "t1": 17.30442277053567,
    "t2": 17.2911827279308
}