{
    "b0": 11.53265738648957,
    "b1": 1.1808428732727387,
    "b2": -15974.777153198373,
    "b3": 15976.619109901892,
    "t1": 5.44293916635501,
    "t2": 5.443435374892098
}