{
    "b0": 0.10111053575910539,
    "b1": 0.038181166588482834,
    "b2": -0.1409050637129951,
    "b3": 0.1959629923039978,
    "t1": 24.389103743459245,
    "t2": 33.7945615477317
}