{
    "b0": 0.012321361927395332,
    "b1": 0.12624008110131651,
    "b2": -0.2825111115101871,
    "b3": 0.5335118807241439,
    "t1": 3.2129560262583094,
    "t2": 5.173123151796676
}