{
    "b0": 10.366917694793706,
    "b1": 1.8964862724950953,
    "b2": 3605.2777516549686,
    "b3": -3603.70373105752,
    "t1": 10.694231654073514,
    "t2": 10.684994927785615
}