{
    "b0": 10.667185849909277,
    "b1": 2.6236808235077316,
    "b2": 8093.980920567078,
    "b3": -8090.1586562678685,
    "t1": 17.585435727617337,
    "t2": 17.577333687071352
}