{
    "b0": 11.38509078476883,
    "b1": 1.3550405574713889,
    "b2": -9269.434447287207,
    "b3": 9271.722021230393,
    "t1": 7.480401811718538,
    "t2": 7.482228239007398
}