{
    "b0": 0.13034305631271573,
    "b1": 0.010024170228758351,
    "b2": -0.08592577086728043,
    "b3": 0.060435515397458214,
    "t1": 2.0,
    "t2": 5.0
}