{
    "b0": 10.039414289114557,
    "b1": 1.7114878620217846,
    "b2": 5025.507614806432,
    "b3": -5022.679058514071,
    "t1": 14.184008929929304,
    "t2": 14.17624803430712
}