{
    "b0": 0.0970335877896158,
    "b1": 0.022142739579460915,
    "b2": -0.9805628571050943,
    "b3": 0.9524196916251089,
    "t1": 1.9395844730294562,
    "t2": 2.0685157017876787
}