{
    "b0": 0.04800490919884295,
    "b1": 0.08709847524380107,
    "b2": 0.085418560144116,
    "b3": 0.2366835650159934,
    "t1": 0.4921794938210093,
    "t2": 6.137089632274973
}