{
    "b0": 0.1477289877662361,
    "b1": -0.005842897947058064,
    "b2": -0.09148046785393293,
    "b3": -0.04197403648423775,
    "t1": 2.0,
    "t2": 5.0
}