{
    "b0": 13.31007448929303,
    "b1": 0.41258878951387556,
    "b2": 1271.1248254110978,
    "b3": -1270.458826304512,
    "t1": 34.47013858595514,
    "t2": 34.44126276418706
}