{
    "b0": 0.14761497478445856,
    "b1": -0.006312762778424873,
    "b2": -0.08437420195369029,
    "b3": -0.027475861093657156,
    "t1": 2.0,
    "t2": 5.0
}