{
    "b0": 0.14400999910831144,
    "b1": -0.00328207586427922,
    "b2": -0.07650969691564331,
    "b3": -0.0125501448402854,
    "t1": 2.0,
    "t2": 5.0
}