{
    "b0": 11.620902946625993,
    "b1": 2.2175092688988016,
    "b2": 2062.70613321085,
    "b3": -2059.107375164744,
    "t1": 34.08625606368013,
    "t2": 34.02589408833503
}