{
    "b0": 11.719091440592038,
    "b1": 2.1037412683876022,
    "b2": -3157.372631684341,
    "b3": 3160.803578675997,
    "t1": 32.0613682626355,
    "t2": 32.096374254760654
}