{
    "b0": 10.308053175259737,
    "b1": 1.4858682700999108,
    "b2": -2456.152826435177,
    "b3": 2458.539446518223,
    "t1": 11.2032328116787,
    "t2": 11.215506086165481
}