{
    "b0": 0.10420466950846448,
    "b1": 0.031918420517388184,
    "b2": -0.17837696873491798,
    "b3": 0.2220749106333254,
    "t1": 19.311201658153735,
    "t2": 24.576312072933433
}