{
    "b0": 0.11850312021091021,
    "b1": 0.00996719696539293,
    "b2": -0.9691509713060429,
    "b3": 0.926029981505776,
    "t1": 1.6328354733475934,
    "t2": 1.7126673709664817
}