{
    "b0": 0.10349335317847815,
    "b1": 0.017086196672154032,
    "b2": -0.1497388232645622,
    "b3": 0.12282374113514,
    "t1": 1.6073397373775,
    "t2": 2.3670438071160866
}