{
    "b0": 0.1142706430813939,
    "b1": 0.013497832389558399,
    "b2": -0.33342628157446047,
    "b3": 0.2943345181934222,
    "t1": 1.7239332292081548,
    "t2": 2.0196957135558695
}