{
    "b0": 12.759177181982917,
    "b1": 1.0034394307896783,
    "b2": 7183.057786197579,
    "b3": -7181.49031007679,
    "t1": 14.217984930890134,
    "t2": 14.214406014353505
}