{
    "b0": 11.453509750376142,
    "b1": 2.3917535559194816,
    "b2": 3811.0662344917046,
    "b3": -3807.197571366862,
    "t1": 35.42286047600221,
    "t2": 35.38759398605388
}