{
    "b0": 13.237036917727925,
    "b1": 0.510799131119708,
    "b2": 1063.0048515852693,
    "b3": -1062.101566218604,
    "t1": 48.74074381205862,
    "t2": 48.671400604643914
}