{
    "b0": 0.11238513177339274,
    "b1": 0.015814795967289304,
    "b2": -0.055181313531120955,
    "b3": 0.08058853060828629,
    "t1": 7.3192756067932,
    "t2": 10.856004190495348
}