{
    "b0": 11.117674310865349,
    "b1": 2.8098004350116996,
    "b2": -9817.20182663428,
    "b3": 9821.468028363352,
    "t1": 35.60996472540462,
    "t2": 35.625887474928994
}