{
    "b0": -0.0970881778182593,
    "b1": 0.2315149542079824,
    "b2": -0.34451044330640446,
    "b3": 0.778877675689697,
    "t1": 2.608828388089282,
    "t2": 5.058902093712774
}