{
    "b0": -0.09116798054568638,
    "b1": 0.23118468466274533,
    "b2": -0.41423892841409965,
    "b3": 0.7932785799559265,
    "t1": 2.953469260001242,
    "t2": 5.1207259375407626
}