{
    "b0": 0.1631883768309514,
    "b1": -0.02190052066851577,
    "b2": -0.07435614476695294,
    "b3": -0.08342934634400569,
    "t1": 2.0,
    "t2": 5.0
}