{
    "b0": 11.068337693099334,
    "b1": 1.725147589150489,
    "b2": -4611.448424165541,
    "b3": 4614.257345221129,
    "t1": 11.738165044898924,
    "t2": 11.745498649236255
}