{
    "b0": 0.09956325546454892,
    "b1": 0.04055949314321443,
    "b2": -0.2804296388326955,
    "b3": 0.3400962297718544,
    "t1": 32.788413754241574,
    "t2": 38.99321256472571
}