{
    "b0": 0.045052827465977996,
    "b1": 0.0902428441708994,
    "b2": 0.08801212256864185,
    "b3": 0.23399735635920216,
    "t1": 0.5046093959648743,
    "t2": 6.132519862802481
}