{
    "b0": 0.1071411063407092,
    "b1": 0.0005870651724460482,
    "b2": -0.04426244096066967,
    "b3": 0.026001084845073696,
    "t1": 0.9241215594018066,
    "t2": 3.542810114137525
}