{
    "b0": 0.10984352053271354,
    "b1": -0.006560301100535662,
    "b2": 0.04239674313436215,
    "b3": 0.038048212670054364,
    "t1": 4.304094527183414,
    "t2": 0.6668342083435764
}