{
    "b0": 0.1252474842102226,
    "b1": -0.015467847941745654,
    "b2": -0.24676342951382002,
    "b3": 0.2995650287426738,
    "t1": 1.0751611872517586,
    "t2": 1.0355589375276926
}