{
    "b0": 12.358101622023083,
    "b1": -1.964173792229046,
    "b2": -111.20439922069461,
    "b3": 108.69435955356333,
    "t1": 126.37251161201303,
    "t2": 125.51174554676896
}