{
    "b0": 0.11748507480608404,
    "b1": -0.014733344603754589,
    "b2": 0.06000591780210175,
    "b3": -0.04557567902980066,
    "t1": 0.7671703242856114,
    "t2": 1.0117741982710804
}