{
    "b0": 0.09881388094963263,
    "b1": 0.020040094937622606,
    "b2": -0.04756986936858312,
    "b3": 0.08252826867785298,
    "t1": 9.928988506571764,
    "t2": 17.563042217578293
}