{
    "b0": 0.10952093233362839,
    "b1": 0.0034232034765644447,
    "b2": 0.7883398258904364,
    "b3": -0.8305309800918476,
    "t1": 1.3057268925648995,
    "t2": 1.270817863730509
}