{
    "b0": 0.12098275296781026,
    "b1": -0.018573839315907805,
    "b2": 0.021681935648538236,
    "b3": 0.0012738686640416269,
    "t1": 1.4228813940670615,
    "t2": 4.728785911451565
}