{
    "b0": 0.11705435521941678,
    "b1": -0.014609910657730414,
    "b2": 0.016029566281474304,
    "b3": -0.009059569815682098,
    "t1": 0.6602458737105013,
    "t2": 3.219716600214986
}