{
    "b0": 0.1233067811750934,
    "b1": -0.021161384471439816,
    "b2": 0.31875440696691637,
    "b3": -0.3490459307936167,
    "t1": 55.91174141616155,
    "t2": 61.51154062710879
}