{
    "b0": 0.1088022705977459,
    "b1": 0.0026840260831377943,
    "b2": 0.1164241611281328,
    "b3": -0.15852934682294045,
    "t1": 1.3693438866286802,
    "t2": 1.1641666811455376
}