{
    "b0": 0.10172090597632769,
    "b1": 0.016480252465197607,
    "b2": -0.032267366630373245,
    "b3": 0.0302013809386771,
    "t1": 2.0,
    "t2": 5.0
}