{
    "b0": 11.789311007634897,
    "b1": -1.3786826291913905,
    "b2": 3.5802158827668515,
    "b3": -5.531640717611359,
    "t1": 93.60893955694371,
    "t2": 102.88358998685753
}