{
    "b0": 0.12410436379836348,
    "b1": -0.019000054484930477,
    "b2": 0.0343493108083896,
    "b3": 0.011224704609645373,
    "t1": 0.7007310446602157,
    "t2": 3.524980781268465
}