{
    "b0": 0.1000770734234297,
    "b1": 0.02051218853332929,
    "b2": -0.05449411695074888,
    "b3": 0.07165702221833198,
    "t1": 6.780441317015953,
    "t2": 12.225237779438531
}