{
    "b0": 0.11830091663103125,
    "b1": -0.018372826410574077,
    "b2": 0.15404037784474053,
    "b3": -0.17810410215528516,
    "t1": 51.22851079875417,
    "t2": 65.5665564919207
}