{
    "b0": 0.12214104970035312,
    "b1": -0.01806102171898725,
    "b2": 0.8651516600661447,
    "b3": -0.8417330601831342,
    "t1": 0.9779786107067319,
    "t2": 0.996652668219749
}