{
    "b0": 0.1138309939391181,
    "b1": -0.007679822494681075,
    "b2": -0.031355270629513717,
    "b3": 0.01992706704820077,
    "t1": 0.8811243111649336,
    "t2": 3.2234065798996463
}