{
    "b0": 11.25707414692354,
    "b1": -0.530134090976206,
    "b2": -545.6145109915302,
    "b3": 541.7594025546266,
    "t1": 178.61087521900225,
    "t2": 177.99522192848247
}