{
    "b0": 0.11355697457989017,
    "b1": -0.008607697432579223,
    "b2": 0.15674037972595714,
    "b3": -0.18894814108616473,
    "t1": 88.34679486870883,
    "t2": 109.71382714644425
}