{
    "b0": 0.10682180426475532,
    "b1": -0.0026559968380160687,
    "b2": -0.027649612948874868,
    "b3": 0.04833907761516441,
    "t1": 1.20184891040824,
    "t2": 3.4943937332962127
}