{
    "b0": 11.521975632184473,
    "b1": -0.8122580075221189,
    "b2": 501.5054693253168,
    "b3": -505.757186475475,
    "t1": 179.38765004263266,
    "t2": 180.07443253156168
}