{
    "b0": 10.315726511472237,
    "b1": 1.6014088632238175,
    "b2": -3718.910092503579,
    "b3": 3719.693894466596,
    "t1": 6.506253214990645,
    "t2": 6.510055484477725
}