{
    "b0": 0.10082022960191436,
    "b1": 0.0354560426633085,
    "b2": -0.089253753626597,
    "b3": 0.07190358451173762,
    "t1": 2.9483059868908197,
    "t2": 6.257208988939501
}