{
    "b0": 11.964289293139043,
    "b1": -1.5826644049634155,
    "b2": 597.1580212839079,
    "b3": -599.6182657760668,
    "t1": 143.53295092511263,
    "t2": 143.75088288880082
}