{
    "b0": 0.12009884695619734,
    "b1": -0.016346405131387732,
    "b2": -0.023568748340709884,
    "b3": 0.012137915802392495,
    "t1": 0.9070620982235047,
    "t2": 1.7202723389362067
}