{
    "b0": 12.15236587729492,
    "b1": -1.8093514158120771,
    "b2": 4901.674292977734,
    "b3": -4904.616382411047,
    "t1": 38.057079825361605,
    "t2": 38.07309700971511
}