{
    "b0": 0.12159278812847585,
    "b1": -0.01759046192159974,
    "b2": 0.007425882664325266,
    "b3": -0.011817143273844094,
    "t1": 1.5596461403900848,
    "t2": 0.5699617271482289
}