{
    "b0": 0.10137185370974333,
    "b1": 0.016949672223650618,
    "b2": -0.13228648088294168,
    "b3": 0.09851008383699034,
    "t1": 1.444640458468355,
    "t2": 2.2223855767581746
}