{
    "b0": 0.12354505273942519,
    "b1": -0.021156671558593725,
    "b2": -0.08812872366159466,
    "b3": 0.11382811208369886,
    "t1": 2.0142526843483655,
    "t2": 1.7089096735581562
}