{
    "b0": 0.13641959277467133,
    "b1": -0.020707430628440222,
    "b2": 0.07775614635399773,
    "b3": -0.01886913737108434,
    "t1": 0.9627138337963645,
    "t2": 3.7934430127834737
}