{
    "b0": 0.13040175650943306,
    "b1": -0.014413757726694017,
    "b2": 0.07168499843207414,
    "b3": -0.0020550076989288403,
    "t1": 0.8842159924254549,
    "t2": 3.6934198217179217
}