{
    "b0": 0.10876365582450066,
    "b1": 0.0030876946630637586,
    "b2": -0.2923318166936299,
    "b3": 0.24963748672380034,
    "t1": 1.2153046152259561,
    "t2": 1.3235873458185443
}