{
    "b0": 0.11519879267999301,
    "b1": -0.010184255314762573,
    "b2": -0.03304298283343651,
    "b3": 0.018936583013457107,
    "t1": 0.9017495063714926,
    "t2": 3.152809815771179
}