{
    "b0": 0.0843003304452474,
    "b1": 0.024890693918111162,
    "b2": 0.05558675267291968,
    "b3": -0.04291496326256796,
    "t1": 7.607781959999027,
    "t2": 0.8969500112435824
}