{
    "b0": 0.12120898797019132,
    "b1": -0.019507637435440928,
    "b2": 0.1498823220852485,
    "b3": -0.1791227293431431,
    "t1": 50.947335007726075,
    "t2": 62.80109880656666
}