{
    "b0": 13.00722039584065,
    "b1": -2.0742945911290502,
    "b2": -2952.3899954820386,
    "b3": 2950.247999894852,
    "t1": 10.855527239850598,
    "t2": 10.846188451462858
}