{
    "b0": 0.11471748921708413,
    "b1": -0.00950174991924347,
    "b2": 0.20378445072565754,
    "b3": -0.23783981140367524,
    "t1": 93.71841901232256,
    "t2": 109.39094429864781
}