{
    "b0": 12.944796897722895,
    "b1": -2.140889046467172,
    "b2": -2.61644354398814,
    "b3": -5.22766431062979,
    "t1": 3.7172247891337507,
    "t2": 27.033622936611817
}