{
    "b0": 0.12095743822878274,
    "b1": -0.007487720908563873,
    "b2": 0.011561196972007496,
    "b3": -0.030462758284201034,
    "t1": 1.0000002331314939,
    "t2": 0.06777407335404433
}