{
    "b0": 12.441190830235325,
    "b1": -1.8704301155016365,
    "b2": -3457.7883935145724,
    "b3": 3454.712131128318,
    "t1": 19.413681003255295,
    "t2": 19.401143618185436
}