{
    "b0": 11.507482862641373,
    "b1": -0.8155232340568834,
    "b2": 925.0492102577952,
    "b3": -929.2280452619273,
    "t1": 177.15190936350047,
    "t2": 177.47533234648535
}