{
    "b0": 0.11537113823987319,
    "b1": -0.014886129631738833,
    "b2": 0.05229685029801166,
    "b3": -0.06925022491313118,
    "t1": 8.352875744992687,
    "t2": 14.948799605876355
}