{
    "b0": 11.976100415690228,
    "b1": -1.5953097590217924,
    "b2": -248.0358236590537,
    "b3": 245.24956119297542,
    "t1": 155.72662193624595,
    "t2": 154.89754647261717
}