{
    "b0": 12.029047990405068,
    "b1": -1.639602263211863,
    "b2": 250.66323597066753,
    "b3": -253.19618007420505,
    "t1": 135.8630986622247,
    "t2": 136.34808249776407
}