{
    "b0": 12.228240775222684,
    "b1": -1.8693696281941135,
    "b2": -3240.6879190143613,
    "b3": 3237.6224189165114,
    "t1": 39.05048110664954,
    "t2": 39.02577695940855
}