{
    "b0": 0.008896254841777336,
    "b1": 0.09903868786991327,
    "b2": 0.0681514378972968,
    "b3": -0.03845431446711667,
    "t1": -11.79480225358443,
    "t2": 0.8818045284075096
}