{
    "b0": 10.185677885632899,
    "b1": 1.0810600740238523,
    "b2": 10728.977171276241,
    "b3": -10727.360666821247,
    "t1": 7.640265444229026,
    "t2": 7.638676474144148
}