{
    "b0": 0.13126953443322967,
    "b1": -0.027251054923921464,
    "b2": 0.05554750309973216,
    "b3": -0.08885736692009379,
    "t1": 11.83356962317569,
    "t2": 21.17634695646339
}