{
    "b0": 0.0738945654373208,
    "b1": 0.04462183241516401,
    "b2": -0.04933720513844784,
    "b3": 0.1058982287951288,
    "t1": 1.1354877447880507,
    "t2": 4.7499556018884
}