{
    "b0": 11.580764710529396,
    "b1": -1.3271502127792179,
    "b2": -1573.9140206640425,
    "b3": 1572.2148592198466,
    "t1": 18.41045077992143,
    "t2": 18.38953814389885
}