{
    "b0": 12.303545905469738,
    "b1": -1.9233277005836524,
    "b2": -406.3196924134209,
    "b3": 403.39617522871407,
    "t1": 90.21378824474922,
    "t2": 89.92658050904694
}