{
    "b0": 11.561506633133389,
    "b1": -0.8590511050623348,
    "b2": -230.54336927121386,
    "b3": 226.4066186083654,
    "t1": 175.89145651222606,
    "t2": 174.66988408841624
}