{
    "b0": 0.11839284771739739,
    "b1": -0.019290652112396847,
    "b2": 0.11113425682595696,
    "b3": -0.12750524809179795,
    "t1": 12.238835954233306,
    "t2": 16.362094163267077
}