{
    "b0": 0.10043009033711937,
    "b1": 0.019657806137759956,
    "b2": -0.0776519573695778,
    "b3": 0.09113303422808158,
    "t1": 7.236023651236489,
    "t2": 11.185927464195212
}