{
    "b0": 0.10147729958978957,
    "b1": 0.0027164576758929547,
    "b2": 0.05637503551795654,
    "b3": -0.011006022830479937,
    "t1": 5.023369476728816,
    "t2": 0.551657133313475
}