{
    "b0": 0.1359546056880038,
    "b1": -0.01807741823056476,
    "b2": 0.08906038438119636,
    "b3": 0.0019080319648038825,
    "t1": 0.8146190240275142,
    "t2": 3.581144722366331
}