{
    "b0": 0.09962813734265957,
    "b1": 0.020331164859675135,
    "b2": -0.05553317350107187,
    "b3": 0.07148861812194314,
    "t1": 6.311140764536466,
    "t2": 12.25405298525055
}