{
    "b0": 0.1148880093342422,
    "b1": -0.012916770055554236,
    "b2": 0.13095524026145602,
    "b3": -0.157565048171054,
    "t1": 76.2095872988836,
    "t2": 97.7190305891115
}