{
    "b0": 0.11747669162286992,
    "b1": -0.015384096193065959,
    "b2": 0.06536988814525686,
    "b3": -0.04766196904743597,
    "t1": 1.0935609560860886,
    "t2": 1.401471238881343
}