{
    "b0": 0.12115797807336118,
    "b1": -0.016621135618619245,
    "b2": 0.03986135332392886,
    "b3": 0.005169264811605522,
    "t1": 0.7786548717225625,
    "t2": 3.553499177149475
}