{
    "b0": 0.11561990551525417,
    "b1": -0.0089928067853773,
    "b2": -0.04076454228091525,
    "b3": 0.012467650609175741,
    "t1": 0.8330448760452525,
    "t2": 3.2896508357785796
}