{
    "b0": 10.414219780711406,
    "b1": 0.9097962614515185,
    "b2": 3134.087228672197,
    "b3": -3132.997386001739,
    "t1": 4.271846589926823,
    "t2": 4.269360415490017
}