{
    "b0": 0.11330553542682564,
    "b1": -0.006536326015873154,
    "b2": -0.04178829052841618,
    "b3": 0.01801118888356522,
    "t1": 0.8298494757277546,
    "t2": 3.2685533460739524
}