{
    "b0": 0.11639822665737241,
    "b1": -0.015187283397262934,
    "b2": 0.2870494470403374,
    "b3": -0.3096278413718358,
    "t1": 66.59156835011339,
    "t2": 75.30250960939776
}