{
    "b0": 0.07065502845200425,
    "b1": 0.03257653643955989,
    "b2": 0.05816645031915241,
    "b3": 0.14105711748200692,
    "t1": 0.8463385238437291,
    "t2": 5.552326828856085
}