{
    "b0": 11.782002040304034,
    "b1": -1.4454540181905475,
    "b2": 1979.7603405557925,
    "b3": -1981.6529595706768,
    "t1": 16.374185167924956,
    "t2": 16.390181667073655
}