{
    "b0": 0.1269719564748118,
    "b1": -0.02241610214060076,
    "b2": 0.031322754011706755,
    "b3": -0.07085585469225733,
    "t1": 12.728110169593144,
    "t2": 23.20997271555842
}