{
    "b0": 14.071187328780539,
    "b1": -2.146628731445574,
    "b2": 20712.097937590363,
    "b3": -20715.51251232278,
    "t1": 8.523051309701636,
    "t2": 8.524593742997169
}