{
    "b0": 10.305381402952868,
    "b1": 1.345186835275067,
    "b2": 4333.870881862851,
    "b3": -4333.892023872408,
    "t1": 2.8297776101394705,
    "t2": 2.828061290163724
}