{
    "b0": 0.12179828027785433,
    "b1": -0.014464753104112495,
    "b2": -0.02472493979078895,
    "b3": 0.015763214573974543,
    "t1": 0.1370758922183105,
    "t2": 0.8367001052442604
}