{
    "b0": 0.12996103360387418,
    "b1": -0.02627499216108603,
    "b2": 0.1926052420656716,
    "b3": -0.2232873230318357,
    "t1": 18.954914163404027,
    "t2": 22.00033429512738
}