{
    "b0": 11.620137751162583,
    "b1": -1.292163453580517,
    "b2": 2555.236818717023,
    "b3": -2557.3009355058944,
    "t1": 20.963161418416732,
    "t2": 20.978443158079177
}