{
    "b0": 14.300879073678173,
    "b1": -3.8744366224631763,
    "b2": -33388.0684292555,
    "b3": 33385.87930976031,
    "t1": 12.375986447542129,
    "t2": 12.3738326469722
}