{
    "b0": 0.12083986236575009,
    "b1": -0.012440525528476859,
    "b2": 0.04101523251618029,
    "b3": 0.014876044147013299,
    "t1": 0.7045173797183062,
    "t2": 3.5556580605618846
}