{
    "b0": 0.12564300670439782,
    "b1": -0.016085452116815304,
    "b2": 0.05040769909853289,
    "b3": -0.0010023152614383973,
    "t1": 0.8497058290755499,
    "t2": 3.6582080995302295
}