{
    "b0": 0.10893071260658445,
    "b1": 0.00041685329132696257,
    "b2": -0.04485661387142445,
    "b3": 0.019837798307193438,
    "t1": 0.8958538054444003,
    "t2": 3.5472061299671447
}