{
    "b0": 0.12539734386073906,
    "b1": -0.02313343015517398,
    "b2": 0.20065533712811282,
    "b3": -0.17790377312511657,
    "t1": 2.017479980788618,
    "t2": 2.2900198304591006
}