{
    "b0": 0.11492336416014068,
    "b1": -0.011233992819070542,
    "b2": -1.6229356984371976,
    "b3": 1.6007814583728877,
    "t1": 72.3040942242367,
    "t2": 70.71611600256284
}