{
    "b0": 0.10708404107169181,
    "b1": -0.00291763989235686,
    "b2": 0.0512804384470316,
    "b3": -0.005454737219238928,
    "t1": 3.9048161592176873,
    "t2": 0.28390908984672153
}