{
    "b0": 0.11682827924257246,
    "b1": -0.016334265836178044,
    "b2": 0.15022854852729609,
    "b3": -0.16903289067994032,
    "t1": 31.697593371220567,
    "t2": 39.18333251577345
}