{
    "b0": 12.408025355834905,
    "b1": -2.015879241788669,
    "b2": 223.86886321727997,
    "b3": -226.45030905139285,
    "t1": 114.54325278608843,
    "t2": 114.98149787247708
}