{
    "b0": 0.10062454258566973,
    "b1": 0.012973525430899586,
    "b2": -0.026985569841538985,
    "b3": 0.05018199735461293,
    "t1": 5.755359554995498,
    "t2": 11.95270921775855
}