{
    "b0": 0.10329072784114678,
    "b1": 0.009406250828504135,
    "b2": -0.04556027084265733,
    "b3": 0.02842291607827883,
    "t1": 0.927181363432964,
    "t2": 4.325367917209576
}