{
    "b0": 0.11556893943353642,
    "b1": -0.01163747256167632,
    "b2": 0.10234968960646951,
    "b3": -0.12531689545214428,
    "t1": 51.4774450468631,
    "t2": 68.90143925117651
}