{
    "b0": 12.359835933662978,
    "b1": -1.839516861859535,
    "b2": -3522.4854799147615,
    "b3": 3519.6063039923865,
    "t1": 18.56233352363206,
    "t2": 18.549509167759528
}