{
    "b0": 10.352138013756928,
    "b1": 1.3746052514484841,
    "b2": 1502.0503150785546,
    "b3": -1500.199133310211,
    "t1": 8.004530125201407,
    "t2": 7.9984021339872164
}