{
    "b0": 12.282081903207796,
    "b1": -1.9007348409612987,
    "b2": 403.808191292958,
    "b3": -406.51413264182315,
    "t1": 105.71765937953828,
    "t2": 105.99259559741216
}