{
    "b0": 0.11160474295751953,
    "b1": -0.004389210048449449,
    "b2": -0.044557294316267655,
    "b3": 0.023075817064380676,
    "t1": 0.8929682620766577,
    "t2": 3.4066817216898824
}