{
    "b0": 10.352028848671306,
    "b1": 1.4467208136440384,
    "b2": -4504.255055408673,
    "b3": 4506.228152425687,
    "t1": 7.9242806776275385,
    "t2": 7.9270459513365905
}