{
    "b0": 0.1192305919337823,
    "b1": -0.017930608017677284,
    "b2": 0.04839468163001502,
    "b3": -0.07418118168623358,
    "t1": 9.6070169280735,
    "t2": 17.213083491287193
}