{
    "b0": 10.22260391377698,
    "b1": 1.509351243131332,
    "b2": 18253.441784951126,
    "b3": -18250.864267348996,
    "t1": 10.643642892159743,
    "t2": 10.642308069787969
}