{
    "b0": 0.11685074104925434,
    "b1": -0.00012785302659529903,
    "b2": -1.8305066721277464e-05,
    "b3": -0.06228329750162002,
    "t1": -1.4283829798881542,
    "t2": 1.0988612751097828
}