{
    "b0": 0.11692672340551005,
    "b1": -0.01041131087423353,
    "b2": -0.05519391045960691,
    "b3": 0.023150333930627803,
    "t1": 0.9400617896172963,
    "t2": 1.6069470290985721
}