{
    "b0": 0.12841657962656725,
    "b1": -0.023888927340647688,
    "b2": 0.07402243476438794,
    "b3": -0.11016047951788066,
    "t1": 16.23606193627577,
    "t2": 22.162712061062088
}