{
    "b0": 0.11918759100409385,
    "b1": -0.0183312557202737,
    "b2": 0.06493607853442138,
    "b3": -0.09195374110581704,
    "t1": 31.217654686008565,
    "t2": 50.39921160924908
}