{
    "b0": 0.12989733449486573,
    "b1": -0.017235188833831405,
    "b2": 0.05930622434458148,
    "b3": 0.00390994442878214,
    "t1": 0.8029872662299102,
    "t2": 3.6063957193923546
}