{
    "b0": 0.1014909839781043,
    "b1": 0.01708430821879904,
    "b2": -0.02232124467794016,
    "b3": 0.05126919462248477,
    "t1": 5.9855294176140115,
    "t2": 12.258450584398272
}