{
    "b0": 0.11748107878916962,
    "b1": -0.016673312703553954,
    "b2": 0.04119942792819215,
    "b3": -0.06504546289897684,
    "t1": 9.982852201743658,
    "t2": 19.155413995949516
}