{
    "b0": 0.11564732934954779,
    "b1": -0.007538626139265817,
    "b2": 0.0394219783521127,
    "b3": 0.04536007219133021,
    "t1": 3.577946230580477,
    "t2": 0.7242407700156499
}