{
    "b0": 0.13332614130707726,
    "b1": -0.020215558706412087,
    "b2": 0.060941569344234475,
    "b3": 0.0017404024116875636,
    "t1": 0.83831029488115,
    "t2": 3.636762281413219
}