{
    "b0": 0.1299892417381068,
    "b1": -0.02656367027760314,
    "b2": 0.11083705668147897,
    "b3": -0.14346145230611415,
    "t1": 18.05533153449551,
    "t2": 23.25971565642884
}