{
    "b0": 10.380789212079884,
    "b1": 1.469476998951884,
    "b2": 24615.01368218262,
    "b3": -24615.648611575052,
    "t1": 2.6617512607312848,
    "t2": 2.6613992138743985
}