{
    "b0": 0.13053879886154193,
    "b1": -0.013759108171197845,
    "b2": 0.0344218420257533,
    "b3": 0.09318748469853881,
    "t1": 3.464405323067444,
    "t2": 0.8010167212992338
}