{
    "b0": 0.1402746798018315,
    "b1": -0.03178936691442419,
    "b2": 0.07138360281735392,
    "b3": -0.11383454010478722,
    "t1": 9.480565146031449,
    "t2": 17.31412130491755
}