{
    "b0": 0.10378975906009395,
    "b1": 0.003930615602571917,
    "b2": -0.04586971316273455,
    "b3": 0.03503652928267421,
    "t1": 1.0069392455249915,
    "t2": 3.643007115508599
}