{
    "b0": 0.12786359126484673,
    "b1": -0.023501520697945665,
    "b2": 0.036652833104342586,
    "b3": -0.07682059398908693,
    "t1": 13.425599878341004,
    "t2": 23.324305720125782
}