{
    "b0": 12.489619887506118,
    "b1": -2.105193821872326,
    "b2": 272.9228868671387,
    "b3": -275.9942795886668,
    "t1": 78.48722776601028,
    "t2": 78.84482057728427
}