{
    "b0": 0.10345038966292323,
    "b1": -0.00314439933306336,
    "b2": 0.03488623447521485,
    "b3": -0.009660801201703862,
    "t1": 2.0,
    "t2": 5.0
}