{
    "b0": 0.10707830505047679,
    "b1": 0.0036226165391552564,
    "b2": 0.02174651476120653,
    "b3": -0.05770290582509492,
    "t1": 2.8025989546282624,
    "t2": 0.9838910040115433
}