{
    "b0": 0.10381768354967133,
    "b1": 0.002676932593821804,
    "b2": 0.057684619851203815,
    "b3": 0.049361797652528044,
    "t1": 5.299201549386904,
    "t2": 0.7675186121664754
}