{
    "b0": 0.11256885545265274,
    "b1": 4.0687954053553334e-05,
    "b2": 6.731937354114982e-06,
    "b3": -0.04752033361147366,
    "t1": -1.3551258352752242,
    "t2": 0.8869460853479101
}