{
    "b0": 12.238060670928576,
    "b1": -1.8146123394920761,
    "b2": -0.7411947635905066,
    "b3": -3.3802642900381743,
    "t1": 41.60725682645476,
    "t2": 114.73750859074613
}