{
    "b0": 0.11558768302826719,
    "b1": -0.014342382960831221,
    "b2": 0.38731522703454574,
    "b3": -0.40762489161681575,
    "t1": 65.89278410887175,
    "t2": 71.90194536384436
}