{
    "b0": 0.10478996373018878,
    "b1": 0.006334258409386014,
    "b2": -0.04860673551209163,
    "b3": 0.02231852309694931,
    "t1": 0.9222189485981183,
    "t2": 3.632928620523327
}