{
    "b0": 12.187760204283013,
    "b1": -1.8415568187451998,
    "b2": 1707.4414852915552,
    "b3": -1710.3304573317228,
    "t1": 39.877646980677135,
    "t2": 39.92280288033109
}