{
    "b0": 0.12367737437743169,
    "b1": -0.019580604892772684,
    "b2": 0.025306414626570135,
    "b3": -0.0021196890399880486,
    "t1": 0.6714733051608335,
    "t2": 3.3829806579559842
}