{
    "b0": 0.10946945960438051,
    "b1": 0.0017965607275525503,
    "b2": 0.46308360206978444,
    "b3": -0.5054721576250387,
    "t1": 1.2436384044448896,
    "t2": 1.1919278810251064
}