{
    "b0": 0.1130799121514135,
    "b1": -0.010005815642686067,
    "b2": 0.07467640824274513,
    "b3": -0.03207279107783462,
    "t1": 3.265218355972904,
    "t2": 3.3885130944258686
}