{
    "b0": 0.10035404628437507,
    "b1": 0.012634804922097431,
    "b2": -0.051066499504310275,
    "b3": 0.041138053042608286,
    "t1": 1.058383414630907,
    "t2": 3.8617409802579
}