{
    "b0": 12.127498848479583,
    "b1": -1.7233651120027584,
    "b2": -13.080479893269665,
    "b3": 10.811426460657433,
    "t1": 84.25688963416421,
    "t2": 79.84896425763671
}