{
    "b0": 11.785118228202537,
    "b1": -1.1481471809992367,
    "b2": -198.9001547848674,
    "b3": 196.1112355945601,
    "t1": 153.81510561393284,
    "t2": 153.19269741889173
}