{
    "b0": 0.11659249611406632,
    "b1": -0.015297329293513396,
    "b2": 0.09783414903840469,
    "b3": -0.11872535847170784,
    "t1": 32.781622834379654,
    "t2": 44.13515628228048
}