{
    "b0": 0.09933762126494987,
    "b1": 0.021718092954644087,
    "b2": -0.08597702928392123,
    "b3": 0.11333554802253622,
    "t1": 11.064895782572114,
    "t2": 15.915410959191027
}