{
    "b0": 0.13176125066094352,
    "b1": -0.022394866093100665,
    "b2": 0.09616895994507083,
    "b3": -0.1314391744477747,
    "t1": 11.686365984601945,
    "t2": 15.916822647355572
}