{
    "b0": 11.46842573991867,
    "b1": -0.7461097898334681,
    "b2": -358.5217122306059,
    "b3": 354.3987156436589,
    "t1": 179.3026846430568,
    "t2": 178.3955291741438
}