{
    "b0": 0.09573476297944558,
    "b1": 0.018335443121358756,
    "b2": -0.09667099461751502,
    "b3": 0.08830521789842097,
    "t1": 1.4377073174723984,
    "t2": 2.857756618036949
}