{
    "b0": 0.08708931313319333,
    "b1": 0.030035757859020566,
    "b2": -0.04680526285232078,
    "b3": 0.07241396777083317,
    "t1": 1.0638936039683928,
    "t2": 4.734431064317085
}