{
    "b0": 0.1217552381801977,
    "b1": -0.020308680638318526,
    "b2": 0.048205827017927055,
    "b3": -0.07866103434137985,
    "t1": 12.59856803248498,
    "t2": 22.413509115703125
}