{
    "b0": 0.11298153534380387,
    "b1": -0.01010075649023136,
    "b2": 0.8240011015405447,
    "b3": -0.7840866690856628,
    "t1": 3.4743873015798257,
    "t2": 3.5071072450727785
}