{
    "b0": 11.401510032644959,
    "b1": -0.670613350334043,
    "b2": 259.21038032498717,
    "b3": -263.32173726988015,
    "t1": 177.47792310437117,
    "t2": 178.7290631756012
}