{
    "b0": 0.12575164573190084,
    "b1": -0.016268782260678585,
    "b2": 0.05275191211139149,
    "b3": -0.001811455095809152,
    "t1": 0.8546388572636008,
    "t2": 3.691498944693181
}