{
    "b0": 10.978475305280792,
    "b1": -0.12860558838905534,
    "b2": -11.052277156189032,
    "b3": 7.924467871195761,
    "t1": 446.2985562755599,
    "t2": 607.881516407714
}