{
    "b0": 0.10762565737119074,
    "b1": 0.004466296464646269,
    "b2": -0.04619593881235757,
    "b3": 0.018352392507024917,
    "t1": 0.9085479227075877,
    "t2": 3.69157190279387
}