{
    "b0": 0.13242489354647488,
    "b1": -0.01158216066366433,
    "b2": 0.13392802891546074,
    "b3": -0.08325562467416386,
    "t1": 0.5139331564282545,
    "t2": 0.30695975312747414
}