{
    "b0": 0.12963398448226382,
    "b1": -0.025839332733738417,
    "b2": 0.06641519161665566,
    "b3": -0.10486405691096812,
    "t1": 16.358585396240684,
    "t2": 24.246195745153706
}