{
    "b0": 0.12148265885155886,
    "b1": -0.019485150938395007,
    "b2": 0.04448412214124835,
    "b3": -0.07429413228368328,
    "t1": 13.798203426986653,
    "t2": 23.222775243190632
}