{
    "b0": 0.12313803446792852,
    "b1": -0.022888356923418264,
    "b2": 0.06013514201024306,
    "b3": -0.09519987777823632,
    "t1": 29.27988086547233,
    "t2": 49.96476049655622
}