{
    "b0": 10.268038556756073,
    "b1": 1.144247623466922,
    "b2": -9889.05938803073,
    "b3": 9889.751733858906,
    "t1": 3.8750647322976257,
    "t2": 3.8758505046635534
}