{
    "b0": 0.1248566544912581,
    "b1": -0.024422281138091133,
    "b2": 0.0667837463911059,
    "b3": -0.1036635222520037,
    "t1": 29.91644876146532,
    "t2": 48.496510536939944
}