{
    "b0": 0.11696067576058987,
    "b1": -0.01114055476995809,
    "b2": -5.233026667355912,
    "b3": 5.194477495597796,
    "t1": 130.3625635521342,
    "t2": 129.7080593573001
}