{
    "b0": 0.11413578041400071,
    "b1": -0.012161863027178674,
    "b2": -0.25229642530620766,
    "b3": 0.27594948970192984,
    "t1": 1.0213798235687161,
    "t2": 0.9917436728132746
}