{
    "b0": 0.11222704652331719,
    "b1": 7.088040886321863e-05,
    "b2": 1.149030584341506e-05,
    "b3": -0.04770022187739689,
    "t1": -1.3905616250503625,
    "t2": 0.8634043938394313
}