{
    "b0": 13.047053550090801,
    "b1": -2.075518040902941,
    "b2": 4065.0956185736577,
    "b3": -4067.6124681550505,
    "t1": 13.265407864632264,
    "t2": 13.272826027392787
}