{
    "b0": 0.1307372825352729,
    "b1": -0.026938545896598123,
    "b2": 0.05010900973480591,
    "b3": -0.0817283989042121,
    "t1": 9.967426273342188,
    "t2": 19.2314816291939
}