{
    "b0": 0.10002841235561721,
    "b1": 0.0187838604491233,
    "b2": -0.05127244753582673,
    "b3": 0.08194188653732884,
    "t1": 9.907650966361462,
    "t2": 15.646480993108705
}