{
    "b0": 0.10602164881777203,
    "b1": 0.006457641603866731,
    "b2": -0.048298205239928615,
    "b3": 0.021787596916148035,
    "t1": 0.9641050744947055,
    "t2": 3.7879573600121743
}