{
    "b0": 0.1160589497288592,
    "b1": 0.0003607806297502387,
    "b2": 0.008688142136185602,
    "b3": -0.038251440378876685,
    "t1": 2.3123239770847235,
    "t2": 0.0654422021490538
}