{
    "b0": 0.10100701293324335,
    "b1": 0.012189097814471458,
    "b2": -0.02253366819361692,
    "b3": 0.04467272489444021,
    "t1": 4.717043992188704,
    "t2": 10.050282086531752
}