{
    "b0": 0.11779058961144008,
    "b1": -0.013671479475088033,
    "b2": 0.32095684174056854,
    "b3": -0.32440279231767544,
    "t1": 1.4563526443213213,
    "t2": 1.3721941253017969
}