{
    "b0": 12.293355393542305,
    "b1": -1.7027870704631654,
    "b2": 2486.394720637346,
    "b3": -2489.2350387656875,
    "t1": 20.384567604007184,
    "t2": 20.400906392892637
}