{
    "b0": 0.1017472729501622,
    "b1": 0.02559228640656907,
    "b2": -0.08103811348972895,
    "b3": 0.07743870257742656,
    "t1": 3.614526256128215,
    "t2": 6.9167762143552665
}