{
    "b0": 12.183134913155495,
    "b1": -1.8071633125188975,
    "b2": 1566.900865230369,
    "b3": -1569.59714168316,
    "t1": 102.37395543619199,
    "t2": 102.45681224586107
}