{
    "b0": 11.90277394590603,
    "b1": -1.6287557600545268,
    "b2": -6590.627948092791,
    "b3": 6588.831050052366,
    "t1": 17.20882837579558,
    "t2": 17.20287186462161
}