{
    "b0": 0.12271985123798584,
    "b1": -0.016795385053594458,
    "b2": 0.036699019164781514,
    "b3": 0.013352884012855896,
    "t1": 0.7293393840074736,
    "t2": 3.597535239609866
}