{
    "b0": 12.703783853949043,
    "b1": -2.1376645639811507,
    "b2": -3747.6120363638124,
    "b3": 3744.471653605701,
    "t1": 18.838022875858805,
    "t2": 18.82833611725313
}