{
    "b0": 14.372134175906485,
    "b1": -2.903301802728433,
    "b2": 17977.635294642518,
    "b3": -17980.570844604586,
    "t1": 7.702463929547468,
    "t2": 7.704606656646837
}