{
    "b0": 0.11786587316687414,
    "b1": -0.01625862332312611,
    "b2": 0.053476433605972165,
    "b3": -0.07653826218755236,
    "t1": 9.861179917039628,
    "t2": 16.2763197007324
}