{
    "b0": 11.946978723940024,
    "b1": -1.561567230946876,
    "b2": 272.82337398149383,
    "b3": -275.531797206466,
    "t1": 142.3248914460016,
    "t2": 142.96647320220217
}