{
    "b0": 0.11725043771248149,
    "b1": -0.016020859289791967,
    "b2": 0.11302707186453435,
    "b3": -0.13783838898928816,
    "t1": 54.97998128743027,
    "t2": 73.85166819409422
}