{
    "b0": 0.11194544822507006,
    "b1": -0.009024257446220142,
    "b2": 0.02223767752914004,
    "b3": 0.03135474698626928,
    "t1": 3.5696050774191175,
    "t2": 0.646432960162385
}