{
    "b0": 0.11624644918952115,
    "b1": -0.011438760017813777,
    "b2": 0.0315243745727387,
    "b3": -0.006066145352928361,
    "t1": 2.9193038184428786,
    "t2": 0.14887495302567655
}