{
    "b0": 10.34525798489733,
    "b1": 2.4114057623062073,
    "b2": 28114.986129402903,
    "b3": -28116.199220607083,
    "t1": 4.9349219869220855,
    "t2": 4.93432009630455
}