{
    "b0": -0.1233418360686887,
    "b1": 0.22739023299948224,
    "b2": 0.18742609198582738,
    "b3": 0.6566796370989505,
    "t1": 1.2801274579047515,
    "t2": 7.121977615504002
}