{
    "b0": 0.1198626255301772,
    "b1": -0.018913512334124555,
    "b2": 0.06789241821094212,
    "b3": -0.09068360910852538,
    "t1": 10.874985027502543,
    "t2": 17.29940991322356
}