{
    "b0": 11.998075049305033,
    "b1": -1.6015235592305133,
    "b2": 218.76134056971694,
    "b3": -221.18091630386118,
    "t1": 86.70647672722254,
    "t2": 87.09438936662478
}