{
    "b0": 0.14012758221293045,
    "b1": -0.0363864783579045,
    "b2": 0.10314083714934728,
    "b3": -0.13588307231293045,
    "t1": 9.480229761539759,
    "t2": 16.065204892579622
}