{
    "b0": 11.909498139708981,
    "b1": -1.564954651237744,
    "b2": -3201.2408439402407,
    "b3": 3198.7226160862806,
    "t1": 34.70243635994535,
    "t2": 34.68375416463429
}