{
    "b0": 0.13038699552125668,
    "b1": -0.02138613660311909,
    "b2": 0.04329671037161893,
    "b3": -0.0791743584964594,
    "t1": 10.166013845159007,
    "t2": 17.992018804634682
}