{
    "b0": 10.28445843321441,
    "b1": 1.4916192496799092,
    "b2": -10062.175870167346,
    "b3": 10063.8986323384,
    "t1": 8.590323455942453,
    "t2": 8.591424761855231
}