{
    "b0": 0.12121902414460835,
    "b1": -0.02084068568754413,
    "b2": 0.05955377782528103,
    "b3": -0.08583450797028734,
    "t1": 13.552032735689938,
    "t2": 22.178300819863676
}