{
    "b0": 11.972419519043708,
    "b1": -1.568002031705487,
    "b2": -1422.1454610599137,
    "b3": 1420.0776519963958,
    "t1": 19.060413710469955,
    "t2": 19.03308462958534
}