{
    "b0": 11.981193287523588,
    "b1": -1.5573227416651116,
    "b2": -778.7950169905349,
    "b3": 776.7699974047326,
    "t1": 22.06464637518289,
    "t2": 22.011951425889198
}