{
    "b0": 0.10789842048864588,
    "b1": 0.0053726077911545435,
    "b2": -0.09805882709934254,
    "b3": 0.06195324176368087,
    "t1": 1.2418529180720037,
    "t2": 1.9156014571270554
}