{
    "b0": 0.15717443614169643,
    "b1": -0.04154098696632946,
    "b2": 0.08272270924494217,
    "b3": -0.14539238091161846,
    "t1": 11.46890919525734,
    "t2": 19.843207860300552
}