{
    "b0": 0.10299503884550718,
    "b1": 0.010657935259378398,
    "b2": -0.07718301638914005,
    "b3": 0.05255139610976427,
    "t1": 1.2476768266454168,
    "t2": 2.5716643530383214
}