{
    "b0": 0.10144727601084744,
    "b1": 0.0118769407579025,
    "b2": -0.020145121455191393,
    "b3": 0.040873384077718636,
    "t1": 4.130302630331898,
    "t2": 9.184031130659845
}