{
    "b0": 0.10168390384858679,
    "b1": 0.006484796576216822,
    "b2": -0.010891516698840434,
    "b3": 0.02168389987427717,
    "t1": 2.0,
    "t2": 5.0
}