{
    "b0": 0.11711608544334876,
    "b1": -0.014092667790151704,
    "b2": 0.031672262322417155,
    "b3": 0.0018760380321661196,
    "t1": 2.5558661512763514,
    "t2": 4.841303972639253
}