{
    "b0": 12.157000296419161,
    "b1": -1.7511520360225679,
    "b2": -186.9729540306142,
    "b3": 184.5136260068968,
    "t1": 93.92461911589214,
    "t2": 93.49178027972717
}