{
    "b0": 0.13085965883892026,
    "b1": -0.028829073705635713,
    "b2": 0.11150532241307781,
    "b3": -0.14419674594391743,
    "t1": 18.29572151937647,
    "t2": 24.139427620245524
}