{
    "b0": 15.247005557505023,
    "b1": -3.743039254943798,
    "b2": -36104.26162384239,
    "b3": 36100.02280349672,
    "t1": 11.532080116389176,
    "t2": 11.530236553294547
}