{
    "b0": 0.11853383416882016,
    "b1": -0.01697724643906011,
    "b2": 0.04427398897373917,
    "b3": -0.0680126173443713,
    "t1": 11.400414938851176,
    "t2": 19.768880370235166
}