{
    "b0": 10.28980439555547,
    "b1": 1.5819093106517514,
    "b2": 7055.735324456673,
    "b3": -7054.574486626472,
    "t1": 7.123315530428058,
    "t2": 7.121481182104191
}