{
    "b0": 11.705364134416474,
    "b1": -1.2578995033510276,
    "b2": -121.12118769754971,
    "b3": 118.06025751735821,
    "t1": 169.43397870437707,
    "t2": 167.67345554794906
}