{
    "b0": 0.0686615274009602,
    "b1": 0.03775386480462234,
    "b2": 0.08026330691285853,
    "b3": 0.1553090042075124,
    "t1": 0.8977447920736938,
    "t2": 5.837183583940286
}