{
    "b0": 0.1245567850627104,
    "b1": -0.014243532008958094,
    "b2": 0.04950325846237379,
    "b3": 0.003413725703836611,
    "t1": 0.8214346171576703,
    "t2": 3.6296894113991085
}