{
    "b0": 0.11827281021799375,
    "b1": -0.015132115530845768,
    "b2": 0.07163539490951008,
    "b3": -0.052292664206654474,
    "t1": 0.8081987888080735,
    "t2": 0.9668514790930134
}