{
    "b0": 0.1047684865659393,
    "b1": 0.007965760121628257,
    "b2": -0.047182102500488855,
    "b3": 0.024151835259226477,
    "t1": 0.960678881329327,
    "t2": 3.740445582164215
}