{
    "b0": 0.014176818358394098,
    "b1": 0.09012384802577325,
    "b2": 0.10271017233533507,
    "b3": 0.29545035705368405,
    "t1": 1.0141165817900402,
    "t2": 6.291878169674286
}