{
    "b0": -0.07264043344495132,
    "b1": 0.17627798039042197,
    "b2": 0.15341391064758333,
    "b3": 0.5326606106647261,
    "t1": 1.1133338265371209,
    "t2": 6.523952852973444
}