{
    "b0": 10.262651508585208,
    "b1": 0.9816013116111852,
    "b2": 54687.02443207435,
    "b3": -54685.44455546761,
    "t1": 6.705955559333821,
    "t2": 6.705720971959721
}