{
    "b0": 13.103751852723773,
    "b1": -2.1919322710171265,
    "b2": 30225.566228539126,
    "b3": -30228.202225231144,
    "t1": 13.836241345438042,
    "t2": 13.837333423213897
}