{
    "b0": 10.272065734545839,
    "b1": 1.2087130324782949,
    "b2": 3908.559832646742,
    "b3": -3908.0628649799633,
    "t1": 3.525194562299221,
    "t2": 3.5232442978685548
}