{
    "b0": 0.12219478795992875,
    "b1": -0.012958977923433724,
    "b2": 0.04811065402613412,
    "b3": 0.004431412829187936,
    "t1": 0.7800764799794988,
    "t2": 3.552127443750426
}