{
    "b0": 0.12313067099155009,
    "b1": -0.017560123258940512,
    "b2": 0.033102587981575636,
    "b3": 0.012065194455056452,
    "t1": 0.6907297096542073,
    "t2": 3.5357519269547497
}