{
    "b0": 0.09602003695152504,
    "b1": 0.020977821133727866,
    "b2": -0.05760829425649814,
    "b3": 0.05380670820748975,
    "t1": 1.1101877529615076,
    "t2": 3.9923154307876976
}