{
    "b0": 0.06379599639309234,
    "b1": 0.04327039840885759,
    "b2": 0.08341325006066563,
    "b3": 0.17282456341593366,
    "t1": 0.9214065305222492,
    "t2": 5.887797705580921
}