{
    "b0": 0.025136089890098235,
    "b1": 0.07757572702989957,
    "b2": 0.09204687811043646,
    "b3": 0.2529967745622208,
    "t1": 0.9254927810520165,
    "t2": 6.155326195280033
}