{
    "b0": 0.10152975742973752,
    "b1": 0.013991209854234948,
    "b2": -0.057771930198892374,
    "b3": 0.07141644963237828,
    "t1": 4.3778611502867015,
    "t2": 7.818012996805191
}