{
    "b0": 11.808336228323395,
    "b1": -1.4274366459271728,
    "b2": -324.1122908759977,
    "b3": 321.4402697208992,
    "t1": 158.44061572640908,
    "t2": 157.7467473349353
}