{
    "b0": 0.11161709884547052,
    "b1": -0.009611287418760828,
    "b2": 0.019484003550578312,
    "b3": 0.02660669010032166,
    "t1": 3.684918211027786,
    "t2": 0.5782234815622247
}