{
    "b0": 11.649935707642674,
    "b1": -1.37143335389914,
    "b2": -3816.532506690991,
    "b3": 3814.5243630636987,
    "t1": 22.496272677668124,
    "t2": 22.48462179768462
}