{
    "b0": 0.15506221432752118,
    "b1": -0.036800475782949704,
    "b2": 0.06851479575301632,
    "b3": -0.1316205819557338,
    "t1": 9.908178366532306,
    "t2": 17.552672833314876
}