{
    "b0": 0.12471683547221155,
    "b1": -0.021294748969132908,
    "b2": 0.1283825886038767,
    "b3": -0.1589783338036798,
    "t1": 15.785020166802049,
    "t2": 20.175457210317564
}