{
    "b0": 0.13235079957781104,
    "b1": -0.0247947827334263,
    "b2": 0.06358751796098905,
    "b3": -0.09313145968911166,
    "t1": 8.597216152840712,
    "t2": 14.815991984480817
}