{
    "b0": 12.0647010165819,
    "b1": -1.6755822242684233,
    "b2": 463.2494710543345,
    "b3": -465.8253466934191,
    "t1": 79.46404869249297,
    "t2": 79.66116152214211
}