{
    "b0": 0.10802279862911261,
    "b1": -0.0035790127626231256,
    "b2": -0.009217787046094491,
    "b3": 0.03362163756407883,
    "t1": 0.2945633417633346,
    "t2": 4.132618858192851
}