{
    "b0": 0.13002762270897514,
    "b1": -0.02283434652871439,
    "b2": 0.029301412883153775,
    "b3": -0.01199183415937009,
    "t1": 0.6897305413574966,
    "t2": 9.494789881776114
}