{
    "b0": 0.09785988157402677,
    "b1": 0.010273398719312293,
    "b2": 0.05793852863642425,
    "b3": 0.0818985814640906,
    "t1": 0.7939266259084459,
    "t2": 5.033642663569492
}