{
    "b0": 13.086689520424585,
    "b1": -2.267445123885173,
    "b2": -5138.3287980828245,
    "b3": 5135.6970056183,
    "t1": 13.899215540079215,
    "t2": 13.891719523727224
}