{
    "b0": 0.1150476515680131,
    "b1": -0.011073213899929362,
    "b2": -0.6901064245106966,
    "b3": 0.6666453869113761,
    "t1": 75.25933794556283,
    "t2": 71.6725044091297
}