{
    "b0": -0.07252957527486935,
    "b1": 0.18143993731247893,
    "b2": 0.24382433587316465,
    "b3": -0.04330085666705288,
    "t1": 17.504074344882874,
    "t2": 0.9291497748647988
}