{
    "b0": 12.588213474258394,
    "b1": -1.9900748860810578,
    "b2": 17734.306319376727,
    "b3": -17737.601264051187,
    "t1": 24.623956580897,
    "t2": 24.626752148702433
}