{
    "b0": 11.754251807531398,
    "b1": -1.3587263634017108,
    "b2": 55.418184739253135,
    "b3": -57.43670607432777,
    "t1": 90.17827055848815,
    "t2": 91.36672438269439
}