{
    "b0": -0.09768765034018377,
    "b1": 0.20189661084700666,
    "b2": 0.17003743342729327,
    "b3": 0.5889549670103108,
    "t1": 1.2300089291609966,
    "t2": 6.920515721742463
}