{
    "b0": 0.13112260461228764,
    "b1": -0.02413581023901086,
    "b2": 0.11441377831282457,
    "b3": -0.14429508237047964,
    "t1": 11.94553818515598,
    "t2": 16.020728424376017
}