{
    "b0": 11.953888281678768,
    "b1": -1.2848676206610596,
    "b2": -167.09413946945253,
    "b3": 163.0069929744118,
    "t1": 182.11033017602333,
    "t2": 180.99345701767524
}