{
    "b0": 0.1144405440060056,
    "b1": -0.012281426304638838,
    "b2": -0.02521224203211533,
    "b3": 0.0457198538345844,
    "t1": 1.0000001380545591,
    "t2": 0.8200081894904858
}