{
    "b0": 0.12458947137234913,
    "b1": -0.01673136591542495,
    "b2": -0.027886669221996056,
    "b3": 0.00866158953108817,
    "t1": 0.12645144733562808,
    "t2": 1.2672455944697192
}