{
    "b0": 0.11895873920203053,
    "b1": -0.013639545124287854,
    "b2": -0.024562559723831656,
    "b3": 0.013922219126885915,
    "t1": 0.21173855426598986,
    "t2": 1.7419788517028763
}