{
    "b0": 0.09934849038799813,
    "b1": 0.018799777958840004,
    "b2": 0.032026941488450825,
    "b3": -0.043757279454423745,
    "t1": 7.76710837622971,
    "t2": 0.06606143563654812
}