{
    "b0": 0.12571638568088153,
    "b1": -0.021704283423036284,
    "b2": 0.022876685708507594,
    "b3": -0.001738001663043877,
    "t1": 0.6855132880942381,
    "t2": 3.4834293716085845
}