{
    "b0": 0.11404416695329532,
    "b1": -0.009015210177365677,
    "b2": -0.4708374579025595,
    "b3": 0.4391524264228389,
    "t1": 108.47585508368793,
    "t2": 99.962077790458
}