{
    "b0": 11.434043255913041,
    "b1": -1.1129534685191822,
    "b2": -6927.987139042908,
    "b3": 6926.322025290907,
    "t1": 13.2435609448162,
    "t2": 13.240660463234518
}