{
    "b0": 10.36187137665753,
    "b1": 0.9477797366495777,
    "b2": -10165.495290469848,
    "b3": 10166.628989666848,
    "t1": 4.286931707285601,
    "t2": 4.287761192491907
}