{
    "b0": 0.13820169456898934,
    "b1": -0.020519798079320986,
    "b2": 0.08021360117123123,
    "b3": 0.001032928775750221,
    "t1": 0.8077548444124953,
    "t2": 3.57094308683281
}