{
    "b0": -0.11490892447714512,
    "b1": 0.22011690859453031,
    "b2": 0.19319637914541699,
    "b3": 0.647497027105894,
    "t1": 1.2336061465418837,
    "t2": 7.034537913385643
}