{
    "b0": 12.364332943975954,
    "b1": -1.9850929649262699,
    "b2": 200.23855143695465,
    "b3": -203.1726027457736,
    "t1": 94.08344931488301,
    "t2": 94.66686556512171
}