{
    "b0": 0.10516294624121386,
    "b1": 0.003495189048739753,
    "b2": -0.04572215217097754,
    "b3": 0.028643018415176486,
    "t1": 0.9596080821227333,
    "t2": 3.662303643439588
}