{
    "b0": 0.1195398867201489,
    "b1": -0.015418813616768867,
    "b2": 0.0167176604361708,
    "b3": -0.0010821288375280416,
    "t1": 0.5917186826284706,
    "t2": 3.243794365452861
}