{
    "b0": 0.07323293593200421,
    "b1": 0.03847950429519101,
    "b2": 0.0347480530177527,
    "b3": 0.10128705532155863,
    "t1": 0.2602131213324768,
    "t2": 5.946481690392704
}