{
    "b0": 0.12283899904841207,
    "b1": -0.020608536960429868,
    "b2": 0.02483776331501238,
    "b3": -0.010011720353640764,
    "t1": 1.38421244910629,
    "t2": 4.546261067730235
}