{
    "b0": 0.11797185298716428,
    "b1": -0.016443477085487775,
    "b2": 0.09259997159558458,
    "b3": -0.12110136120094984,
    "t1": 55.46858914820934,
    "t2": 82.37735879396145
}