{
    "b0": 0.08682536856421263,
    "b1": 0.022216696928508535,
    "b2": 0.011551155231011384,
    "b3": -0.04001756213095497,
    "t1": -5.976082015082481,
    "t2": 0.8684627477925435
}