{
    "b0": 0.1227831798385742,
    "b1": -0.013310270881415343,
    "b2": 0.05134777389640553,
    "b3": 0.001966686084222997,
    "t1": 0.8077680755131391,
    "t2": 3.630093933920206
}