{
    "b0": 0.13392303551699064,
    "b1": -0.032773495766097824,
    "b2": 0.1321333834404178,
    "b3": -0.1628767523940355,
    "t1": 14.163404503006076,
    "t2": 19.94429905341225
}