{
    "b0": 0.08131028262984466,
    "b1": 0.031495224238430396,
    "b2": -0.013620359500285364,
    "b3": 0.08845159765092046,
    "t1": 0.6165546256725813,
    "t2": 5.746876869492544
}