{
    "b0": 12.354465899068323,
    "b1": -1.7772049392625968,
    "b2": 11031.345248449132,
    "b3": -11034.21974612639,
    "t1": 15.870688642357447,
    "t2": 15.873607636704838
}