{
    "b0": 0.11751282068150497,
    "b1": -0.01671977047260253,
    "b2": 0.06905736098700255,
    "b3": -0.09245507457816952,
    "t1": 24.16560344960985,
    "t2": 37.14624138592792
}