{
    "b0": 0.12923440461491928,
    "b1": -0.022168444502961848,
    "b2": -0.029013675838754503,
    "b3": -0.0156920081328873,
    "t1": 0.148323836602833,
    "t2": 4.588084842683631
}