{
    "b0": 0.11987240425649826,
    "b1": -0.017068876424607464,
    "b2": 0.014806008136535896,
    "b3": 0.0035122191049877854,
    "t1": 0.5390093226990118,
    "t2": 3.2536390574758465
}