{
    "b0": 0.11250262609288157,
    "b1": -0.00774194447218007,
    "b2": 0.03952205937764286,
    "b3": -0.005791092566957723,
    "t1": 3.6652576078528734,
    "t2": 0.18608076546012103
}