{
    "b0": 0.1382595096587553,
    "b1": -0.020275602857180608,
    "b2": 0.08193598210076825,
    "b3": 0.020022389025804544,
    "t1": 0.7912642736967608,
    "t2": 3.623863497116907
}