{
    "b0": 0.12204361136877641,
    "b1": -0.017413154758853425,
    "b2": -0.023142828295989935,
    "b3": -0.024260099006476542,
    "t1": 0.15920422749687457,
    "t2": 4.018462310025545
}