{
    "b0": 0.12207646787849964,
    "b1": -0.015316650596392983,
    "b2": 0.02643965557589182,
    "b3": 0.0439267950627127,
    "t1": 2.7296546766530305,
    "t2": 0.7221624413497696
}