{
    "b0": 11.896628864034012,
    "b1": -1.5061566278591365,
    "b2": -1614.4049648495948,
    "b3": 1611.7594793261496,
    "t1": 148.72999494325003,
    "t2": 148.62661660056386
}