{
    "b0": 0.10221242363540792,
    "b1": 0.011506304102114947,
    "b2": -0.02012140668467685,
    "b3": 0.021261463395087617,
    "t1": 2.0,
    "t2": 5.0
}