{
    "b0": 12.024687706664867,
    "b1": -1.597772386179745,
    "b2": -1083.6813680454425,
    "b3": 1081.5969939600202,
    "t1": 21.96094184410596,
    "t2": 21.922426500272653
}