{
    "b0": 0.12330966260816666,
    "b1": -0.017554068526230388,
    "b2": 0.0352231524584837,
    "b3": 0.00973635048118212,
    "t1": 0.7150043404531139,
    "t2": 3.546282675265525
}