{
    "b0": 0.148724585642367,
    "b1": -0.03825373268798213,
    "b2": 0.23547158132961754,
    "b3": -0.27783967473395926,
    "t1": 15.227997494695623,
    "t2": 18.96536817697946
}