{
    "b0": 0.12272539966548522,
    "b1": -0.018116976995513873,
    "b2": 0.03904348164332274,
    "b3": 0.00755646229791509,
    "t1": 0.7813757835069228,
    "t2": 3.6518850166345387
}