{
    "b0": 11.499653406768285,
    "b1": -1.1980095251716807,
    "b2": 3446.9275414391454,
    "b3": -3448.6714177436015,
    "t1": 18.301532809375907,
    "t2": 18.31034757835609
}