{
    "b0": 0.20849774974664098,
    "b1": -0.10553039289101684,
    "b2": 0.5513447138020051,
    "b3": -0.6901210156819614,
    "t1": 5.5514425501593605,
    "t2": 6.790008226150151
}