{
    "b0": 0.09527968432717218,
    "b1": 0.019371539077851444,
    "b2": -0.09107120671813389,
    "b3": 0.08400846873002328,
    "t1": 1.3854958778700472,
    "t2": 2.9613724204774647
}