{
    "b0": 0.10891298350587501,
    "b1": -0.004222446609963205,
    "b2": -0.030003655245518814,
    "b3": 0.03199289190142174,
    "t1": 0.9309354698911285,
    "t2": 3.900334148624875
}