{
    "b0": 12.060226214575858,
    "b1": -1.6769913892989412,
    "b2": -2520.902948735961,
    "b3": 2517.602412468299,
    "t1": 153.36412988628516,
    "t2": 153.2552152784906
}