{
    "b0": 14.49845728427069,
    "b1": -3.5089630170344535,
    "b2": -17475.173395506812,
    "b3": 17471.966548870332,
    "t1": 12.98823062587849,
    "t2": 12.984312734818252
}