{
    "b0": 0.15171823268419143,
    "b1": 0.04191593161556851,
    "b2": 0.006583065501337016,
    "b3": 0.0283035018809214,
    "t1": 1.4977706503979653,
    "t2": 0.3802654507490555
}