{
    "b0": 0.142267080218801,
    "b1": 0.05562372663643341,
    "b2": 0.003500706081568824,
    "b3": -0.013113809359952287,
    "t1": 1.4879835593890482,
    "t2": 0.40137693663273755
}