{
    "b0": 0.12961980067097134,
    "b1": 0.05608177138869384,
    "b2": -0.000389661598002404,
    "b3": 0.033460826950898984,
    "t1": 2.876355157979494,
    "t2": 0.3175363296137137
}