{
    "b0": 0.5266789437199488,
    "b1": -0.3478492349886832,
    "b2": -0.4546940423909562,
    "b3": 0.03462429607229496,
    "t1": 10.0,
    "t2": 0.31189037357802896
}