{
    "b0": 0.13501199017851773,
    "b1": 0.06284945568681789,
    "b2": 0.03810235694099352,
    "b3": 0.06990209374234103,
    "t1": 0.3448092152996072,
    "t2": 1.3732012813657457
}