{
    "b0": 0.3163878933635504,
    "b1": -0.1327169372353482,
    "b2": 0.0019030046482286511,
    "b3": -0.35296237962984317,
    "t1": 2.647267056851625,
    "t2": 5.442170920484632
}