{
    "b0": 0.1412172937293009,
    "b1": 0.049074838712128664,
    "b2": 0.00041508087762179985,
    "b3": 0.03986948476366821,
    "t1": 1.632466758662698,
    "t2": 0.44584134266017283
}