{
    "b0": 0.14227118922394183,
    "b1": 0.04250413710890055,
    "b2": 0.031372783038708524,
    "b3": -0.034083105378269876,
    "t1": 1.4810080898469251,
    "t2": 0.4677005035038153
}