{
    "b0": 0.13497889183296052,
    "b1": 0.04516310321975183,
    "b2": 0.0969310842404145,
    "b3": -0.08815044640549152,
    "t1": 0.9542341696379415,
    "t2": 0.7418937404939321
}