{
    "b0": 0.14965942352484857,
    "b1": 0.046646961075505464,
    "b2": -0.0005275075412593498,
    "b3": 0.022132773487681584,
    "t1": 1.3617670393752057,
    "t2": 0.20297748166646734
}