{
    "b0": 0.29820704868869463,
    "b1": -0.1078889294631655,
    "b2": -0.2827167906642376,
    "b3": -0.021070155196463547,
    "t1": 9.999999983596414,
    "t2": 0.33469317409781313
}