{
    "b0": 0.24857766679009494,
    "b1": -0.05986528020303819,
    "b2": -0.17775212219127073,
    "b3": -0.034965694208734535,
    "t1": 8.410405154998296,
    "t2": 0.3688108199334958
}