{
    "b0": 0.3299305785604533,
    "b1": -0.13933050426487506,
    "b2": -0.32307037627326973,
    "b3": -0.019376708697596376,
    "t1": 9.999999983596217,
    "t2": 0.312992786436983
}