{
    "b0": 0.1380575220246987,
    "b1": 0.053454513118194796,
    "b2": 0.05968551042832752,
    "b3": 0.01342692875700702,
    "t1": 1.2301420000481467,
    "t2": 0.2095439290218044
}