{
    "b0": 0.13687885287250878,
    "b1": 0.057780686816888235,
    "b2": 0.7846767819785914,
    "b3": -0.74089216785379,
    "t1": 0.7002057493543177,
    "t2": 0.6678655889432159
}