{
    "b0": 0.19119820376751556,
    "b1": -0.006154280721352844,
    "b2": -0.11168543622674008,
    "b3": -0.03471533132919513,
    "t1": 5.8075917869124565,
    "t2": 0.43291422358262904
}