{
    "b0": 0.14282387844665648,
    "b1": 0.037713492128278736,
    "b2": -0.0018567249903636666,
    "b3": -0.02015199212709013,
    "t1": 1.4987123078468074,
    "t2": 0.43997040048004443
}