{
    "b0": 0.14142860950739386,
    "b1": 0.05508726552922594,
    "b2": 0.05359069539850226,
    "b3": 0.05918742945429026,
    "t1": 0.23195787903047194,
    "t2": 0.9796850324385806
}