{
    "b0": 0.1441297898291141,
    "b1": 0.04994895573192527,
    "b2": 0.003289040361130497,
    "b3": 0.025241517495484568,
    "t1": 1.9944889156838386,
    "t2": 0.24230099859124987
}