{
    "b0": 0.1448933337041121,
    "b1": 0.04561849215021008,
    "b2": 0.0003410263474541604,
    "b3": 0.04380316909779303,
    "t1": 1.5243649467468883,
    "t2": 0.49257432850683713
}