{
    "b0": 0.14893499848705813,
    "b1": 0.036314165536163456,
    "b2": 0.005278328773880468,
    "b3": -0.023707056208297505,
    "t1": 1.4753444986752773,
    "t2": 0.34148129674702776
}