{
    "b0": 0.1855972191791937,
    "b1": 0.013199581197744222,
    "b2": -0.10622663185230932,
    "b3": -0.01271304813246643,
    "t1": 4.232869738795597,
    "t2": 0.6705056337699515
}