{
    "b0": 0.13155181233403243,
    "b1": 0.06394391974152591,
    "b2": 0.03397023982293006,
    "b3": -0.016717160724130934,
    "t1": 1.2682101106221424,
    "t2": 0.4276221992142819
}