{
    "b0": 0.13902862338114202,
    "b1": 0.05544358463991922,
    "b2": 0.0807974110899671,
    "b3": -0.049520615068429696,
    "t1": 0.8600408644028672,
    "t2": 0.4699340297501893
}