{
    "b0": 0.1338167582574167,
    "b1": 0.05356063284066373,
    "b2": 0.03354211057654944,
    "b3": 0.022910135388796684,
    "t1": 1.5222722348494115,
    "t2": 0.27968747720691844
}