{
    "b0": 0.14728159907590152,
    "b1": 0.043015163260463486,
    "b2": 0.2782103368826262,
    "b3": -0.2614462581818379,
    "t1": 0.6754149073356768,
    "t2": 0.5943515331091875
}