{
    "b0": 0.15804623974839954,
    "b1": 0.04074779826245877,
    "b2": 0.020362025039129407,
    "b3": -0.016039007936849682,
    "t1": 0.9495285034013161,
    "t2": 0.39175436343567416
}