{
    "b0": 0.17107484556099686,
    "b1": 0.005454210713921392,
    "b2": -0.48261860982556504,
    "b3": 0.5031332125307861,
    "t1": 0.5779776965847976,
    "t2": 0.5389567609295405
}