{
    "b0": 0.14033505016465797,
    "b1": 0.054080949460730846,
    "b2": 0.43040796769013673,
    "b3": -0.38743960058881244,
    "t1": 0.7178098391107737,
    "t2": 0.6540499162670397
}