{
    "b0": 0.15433254104671304,
    "b1": 0.041519916570644515,
    "b2": 0.00031952769285413865,
    "b3": 0.021554654775546644,
    "t1": 1.4393066169683442,
    "t2": 0.1599333832780525
}