{
    "b0": 0.13163216791224494,
    "b1": 0.06277751960210434,
    "b2": 0.03870188797453977,
    "b3": 0.09850003956968403,
    "t1": 0.20386010920919428,
    "t2": 0.8541146113707487
}