{
    "b0": 0.11934552303713064,
    "b1": 0.07083498265839197,
    "b2": -0.003653760076462795,
    "b3": 0.033109457309810436,
    "t1": 5.57978596557535,
    "t2": 0.3257389403937516
}