{
    "b0": 0.1448883612396015,
    "b1": 0.0398076638410144,
    "b2": 0.036124233715031165,
    "b3": -0.04576518151329616,
    "t1": 1.2195811360979478,
    "t2": 0.5307424774162781
}