{
    "b0": 0.1088407833786101,
    "b1": 0.08147500390381318,
    "b2": 0.021685119661588075,
    "b3": 0.025140712327714747,
    "t1": 4.72627967281609,
    "t2": 0.2860144849524886
}