{
    "b0": 0.14299373990104955,
    "b1": 0.05110219140437674,
    "b2": 0.013455429896831883,
    "b3": 0.02522981537991222,
    "t1": 1.4973228020064466,
    "t2": 0.324577476736553
}