{
    "b0": 0.1554532813924513,
    "b1": 0.0405141388019331,
    "b2": -0.008388134605822491,
    "b3": 0.01868690962910151,
    "t1": 1.3350695950529539,
    "t2": 0.13025624750101272
}