{
    "b0": 0.15118035383537703,
    "b1": 0.045740293287685085,
    "b2": -0.031243095122766525,
    "b3": 0.014660770479962532,
    "t1": 1.8313927434460813,
    "t2": 0.1467666166400141
}