{
    "b0": 0.12808734304351013,
    "b1": 0.06646355613844629,
    "b2": 0.041527908137313094,
    "b3": 0.11757234099979355,
    "t1": 0.16791408963180032,
    "t2": 0.7071635672078864
}