{
    "b0": 0.1339951204227724,
    "b1": 0.05747087414822426,
    "b2": 0.06572130366056195,
    "b3": 0.013684309513393274,
    "t1": 1.2233268191336015,
    "t2": 0.21654344209396736
}