{
    "b0": 0.14560108070423097,
    "b1": 0.045128893614262,
    "b2": 0.011600066122752085,
    "b3": -0.028928994418875517,
    "t1": 1.4675031184227239,
    "t2": 0.3336347715404706
}