{
    "b0": 0.13982487201510707,
    "b1": 0.05121917946586996,
    "b2": 0.017435982437660105,
    "b3": 0.022710521236988336,
    "t1": 2.5935096713053762,
    "t2": 0.3219867222980106
}