{
    "b0": 0.13307235444106263,
    "b1": 0.053051875524312696,
    "b2": 0.002639129461872298,
    "b3": 0.031657030692022595,
    "t1": 2.116736957316396,
    "t2": 0.3137822432322128
}