{
    "b0": 0.1285523630196856,
    "b1": 0.06299281261305152,
    "b2": 0.06305286175957776,
    "b3": 0.013813037433691683,
    "t1": 1.7127801429328282,
    "t2": 0.1874531496438534
}