{
    "b0": 0.1364519728317175,
    "b1": 0.050260930902414784,
    "b2": 0.0017911863210239732,
    "b3": 0.02947284512524885,
    "t1": 2.3968116226955107,
    "t2": 0.29803696102802135
}