{
    "b0": 0.1473815463604981,
    "b1": 0.04693098042172802,
    "b2": 0.004908369850657379,
    "b3": 0.024342698517716713,
    "t1": 1.4824320974714529,
    "t2": 0.25262182763675955
}