{
    "b0": 0.20970830680473407,
    "b1": -0.02847152806636754,
    "b2": -0.08534707928551268,
    "b3": 0.03391761510283327,
    "t1": 4.215373394110974,
    "t2": 0.39987723387276386
}