{
    "b0": 0.1427078763672439,
    "b1": 0.0514800083424755,
    "b2": 0.022119853780556968,
    "b3": 0.022513384268683632,
    "t1": 1.2279803542794947,
    "t2": 0.2785443072245739
}