{
    "b0": 0.3315151276757083,
    "b1": -0.14065884444295768,
    "b2": -0.32185300669745287,
    "b3": -0.02504418818722974,
    "t1": 9.548184874277114,
    "t2": 0.3343830764704289
}