{
    "b0": 0.15127647888477402,
    "b1": 0.04488309270588401,
    "b2": -0.0001565269289637121,
    "b3": 0.025019653274764693,
    "t1": 1.1104178234299096,
    "t2": 0.1990780148344804
}