{
    "b0": 0.16482435616861107,
    "b1": 0.018839295674967844,
    "b2": -0.03377000035338303,
    "b3": 0.05406251684118916,
    "t1": 1.8133374989771083,
    "t2": 0.4541987970311103
}