{
    "b0": 0.11682700934668032,
    "b1": 0.06840913340934536,
    "b2": 0.010600534431824658,
    "b3": 0.03138309251734655,
    "t1": 3.472896112949308,
    "t2": 0.2589803518429168
}