{
    "b0": 0.1679252164011471,
    "b1": 0.016473046360587454,
    "b2": -0.06621792436760124,
    "b3": -0.031014811629953162,
    "t1": 3.9647930221260332,
    "t2": 0.42748850265571114
}