{
    "b0": 0.16671268540486286,
    "b1": 0.0168708762670933,
    "b2": -0.04674417901299138,
    "b3": 0.052255321984394115,
    "t1": 2.3915544770035213,
    "t2": 0.4078285134203039
}