{
    "b0": 0.1424149085360782,
    "b1": 0.05377064644412163,
    "b2": 8.40125801365478e-05,
    "b3": 0.01577545019319209,
    "t1": 1.319276751321822,
    "t2": 0.12571321957521775
}