{
    "b0": 0.1555761325427434,
    "b1": 0.04256265696677584,
    "b2": -0.010544907849594637,
    "b3": -0.004328183944851514,
    "t1": 1.5537152783669486,
    "t2": 0.5818311826863249
}