{
    "b0": 0.14709371027232462,
    "b1": 0.048806372466927754,
    "b2": 0.0016425917888752972,
    "b3": 0.016950914909940783,
    "t1": 1.2789292183526269,
    "t2": 0.12865447998046875
}