{
    "b0": 0.1175219454058377,
    "b1": 0.07389258599295441,
    "b2": 0.08058933533190556,
    "b3": 0.016489673871844725,
    "t1": 1.7426762040326835,
    "t2": 0.23884261766036108
}