{
    "b0": 0.14038632186483638,
    "b1": 0.05268392402572694,
    "b2": 0.03966322650424171,
    "b3": 0.02013922125548594,
    "t1": 1.5425022941218813,
    "t2": 0.2741810329448633
}