{
    "b0": 0.1486625440158873,
    "b1": 0.04134636533449181,
    "b2": 0.006687047359226086,
    "b3": -0.030170930493589272,
    "t1": 1.4511382393668693,
    "t2": 0.3136055670359683
}