{
    "b0": 0.16133459912691384,
    "b1": 0.021808558580949745,
    "b2": 0.08736473457851504,
    "b3": -0.037944625218544054,
    "t1": 0.5125272725590744,
    "t2": 0.7926842543071908
}