{
    "b0": 0.1427509899909696,
    "b1": 0.043390151930549375,
    "b2": 0.0026986475852781872,
    "b3": 0.037455090417062284,
    "t1": 1.4907058484616993,
    "t2": 0.3820368130220002
}