{
    "b0": 0.21191455064437856,
    "b1": -0.014493076422589318,
    "b2": -0.17025664741580077,
    "b3": -0.01261233166602395,
    "t1": 4.546799309348806,
    "t2": 0.44137451051022847
}