{
    "b0": 0.2882256168356656,
    "b1": -0.10290993989472896,
    "b2": -0.2618324357471348,
    "b3": -0.02811449929849131,
    "t1": 9.999999983596314,
    "t2": 0.40045934911863257
}