{
    "b0": 0.25962630707624695,
    "b1": -0.0623219847854591,
    "b2": -0.2527498240601885,
    "b3": -0.010268449980492728,
    "t1": 5.5757493836196,
    "t2": 0.3196357473653215
}