{
    "b0": 0.14500003231076017,
    "b1": 0.041049776405517345,
    "b2": -0.0027759760126657707,
    "b3": 0.03887875487309222,
    "t1": 1.4987509734427396,
    "t2": 0.3866697569630535
}