{
    "b0": 0.1997416985196062,
    "b1": -0.005732286193994046,
    "b2": -0.117982443858936,
    "b3": 0.02679367798577781,
    "t1": 4.646588917381523,
    "t2": 0.3650986024516225
}