{
    "b0": 0.13871953755057084,
    "b1": 0.0587308744663821,
    "b2": 0.04017903256307888,
    "b3": 0.06716081713719291,
    "t1": 0.27543523588246543,
    "t2": 1.1028431970904204
}