{
    "b0": 0.15414300905047115,
    "b1": -0.0023807952317103547,
    "b2": 0.020127740326765942,
    "b3": -0.03852399994211479,
    "t1": 0.7265689275362215,
    "t2": 0.44793697622248985
}