{
    "b0": 0.15474742620405008,
    "b1": -0.007021115160597528,
    "b2": 0.02024362782413887,
    "b3": -0.03962838434774162,
    "t1": 0.7345181484483785,
    "t2": 0.5296655650684432
}