{
    "b0": 0.12892141882833602,
    "b1": 0.04380862065717442,
    "b2": -0.012770662577696936,
    "b3": -0.020704852600310894,
    "t1": 1.5193915907492181,
    "t2": 0.2479683434154598
}