{
    "b0": 0.12134469336140881,
    "b1": 0.010588921323433725,
    "b2": -0.06852408711212864,
    "b3": 0.06220949621745566,
    "t1": 1.0414540595457926,
    "t2": 1.365933588955481
}