{
    "b0": 0.1717334913754302,
    "b1": 0.006758994599660808,
    "b2": -0.092593457271079,
    "b3": -0.01737198987627477,
    "t1": 3.1687206934261023,
    "t2": 0.35321487273059127
}