{
    "b0": 0.1435696557848957,
    "b1": 0.002870698487993092,
    "b2": -0.0036003219000595786,
    "b3": -0.005874810368836116,
    "t1": 0.35644987375212445,
    "t2": 0.22458031647805754
}