{
    "b0": 0.13436867439889924,
    "b1": 0.036436973593034994,
    "b2": -0.00018929114263426493,
    "b3": -0.024727926702365996,
    "t1": 1.0311133195341906,
    "t2": 0.3222222645279995
}