{
    "b0": 0.13719516462569684,
    "b1": -0.0003341220738960768,
    "b2": 0.010957442847008898,
    "b3": -0.0240268478975152,
    "t1": 1.514302800420697,
    "t2": 0.689010431140133
}