{
    "b0": 0.1465788397257108,
    "b1": 3.290458518887419e-05,
    "b2": -0.009826838356652809,
    "b3": -0.006671549126865607,
    "t1": 0.6191387275020404,
    "t2": 0.15003903201404611
}