{
    "b0": 0.13263291212909886,
    "b1": 0.003507417936494734,
    "b2": 0.023610585355720155,
    "b3": -0.03515856550662871,
    "t1": 1.5700161490364635,
    "t2": 0.7586142218766287
}