{
    "b0": 0.13576588500874362,
    "b1": 0.0011055794574385304,
    "b2": 0.020638413421808794,
    "b3": -0.03982777985679962,
    "t1": 1.487513812313809,
    "t2": 0.8186486541016
}