{
    "b0": 0.16258669231847306,
    "b1": -0.009615261104089586,
    "b2": 0.48398607730994725,
    "b3": -0.5008718132144208,
    "t1": 0.5033564779769835,
    "t2": 0.4893883137196866
}