{
    "b0": 0.13844563961713605,
    "b1": 0.034788030619995386,
    "b2": -0.0354198280227984,
    "b3": -0.017560586350056015,
    "t1": 2.41607890622984,
    "t2": 0.3402472581688709
}