{
    "b0": 0.13418106640240135,
    "b1": 0.03925023731360851,
    "b2": 0.0033683909709749174,
    "b3": -0.018137744120536474,
    "t1": 1.4796374042525855,
    "t2": 0.37453140408471164
}