{
    "b0": 0.12371066854441527,
    "b1": 0.04907738176825863,
    "b2": 0.004955304545563054,
    "b3": -0.02014240315424998,
    "t1": 1.4946195084973595,
    "t2": 0.3568910041121569
}