{
    "b0": 0.13265161899851532,
    "b1": 0.04020523771748918,
    "b2": -0.03921576262625096,
    "b3": -0.016459867836133017,
    "t1": 2.437623569300858,
    "t2": 0.2845661801466157
}