{
    "b0": 0.07882271121412344,
    "b1": 0.08328866659260872,
    "b2": 0.06189029414199889,
    "b3": -0.04807469674680892,
    "t1": 10.0,
    "t2": 0.6815670887542691
}