{
    "b0": 0.13737553336422806,
    "b1": 0.0041671024183398955,
    "b2": 0.01729930431689643,
    "b3": -0.028877652927402197,
    "t1": 1.585059370328838,
    "t2": 0.688549506090288
}