{
    "b0": 0.14777000749046135,
    "b1": -0.0013438843310734482,
    "b2": -0.009920135544863543,
    "b3": -0.007425453741155805,
    "t1": 0.7119821947506857,
    "t2": 0.18179240393041063
}