{
    "b0": 0.13630821774274798,
    "b1": 0.036423448984829215,
    "b2": -0.044380822653986005,
    "b3": -0.02337710750526799,
    "t1": 2.275909315862758,
    "t2": 0.27989886209215786
}