{
    "b0": 0.1382098069494978,
    "b1": 0.04127005222966608,
    "b2": 0.0036801835637917633,
    "b3": -0.018857414520887218,
    "t1": 1.4999178718749184,
    "t2": 0.49343089580661115
}