{
    "b0": 0.15294146810627088,
    "b1": -0.006104582400816955,
    "b2": 0.0031825755400012095,
    "b3": -0.014089061437638713,
    "t1": 1.503721951495152,
    "t2": 0.38508464759552297
}