{
    "b0": 0.15221248076723007,
    "b1": -0.005531558988351762,
    "b2": 0.0006461855044181792,
    "b3": -0.01226014821236037,
    "t1": 1.4956533146618272,
    "t2": 0.40905451230310064
}