{
    "b0": 0.13599441220381375,
    "b1": 0.029192699233354213,
    "b2": 0.005442825924790546,
    "b3": -0.04354886846471382,
    "t1": 2.825448711801637,
    "t2": 0.6233041717143477
}