{
    "b0": 0.13221064925005577,
    "b1": 0.003353891521386037,
    "b2": 0.011690583621215573,
    "b3": -0.026269514042568328,
    "t1": 1.688624837508618,
    "t2": 0.6545397809582507
}