{
    "b0": 0.1384958168866077,
    "b1": 0.022653704057328146,
    "b2": 0.0007028952599990564,
    "b3": -0.03930592633915402,
    "t1": 2.490894355781463,
    "t2": 0.5666815563543519
}