{
    "b0": 0.15226061762043233,
    "b1": -0.005542940231582291,
    "b2": 0.0055061377453807115,
    "b3": -0.015022524393838946,
    "t1": 1.500555531979813,
    "t2": 0.43734082073690494
}