{
    "b0": 0.1324713680719371,
    "b1": 0.0032177109342003867,
    "b2": 0.017266050461627398,
    "b3": -0.03129404198196339,
    "t1": 1.3859652697653697,
    "t2": 0.7096033554860544
}