{
    "b0": 0.07214933671944682,
    "b1": 0.06935164940134751,
    "b2": 0.09696742299472921,
    "b3": -0.02070744108482632,
    "t1": 10.0,
    "t2": 0.46197426029599775
}