{
    "b0": 0.1615422153928155,
    "b1": -0.008552544203015934,
    "b2": 0.038920370920696924,
    "b3": -0.055190957922532057,
    "t1": 0.4793112749206365,
    "t2": 0.3799530637792152
}