{
    "b0": 0.13047058531177105,
    "b1": 0.005444864045422533,
    "b2": 0.02055311453912142,
    "b3": -0.030400792097986976,
    "t1": 1.8489391867227676,
    "t2": 0.7500999068792167
}