{
    "b0": 0.1379342973513028,
    "b1": 0.00343573005087197,
    "b2": 0.019670489644679934,
    "b3": -0.02816121509878147,
    "t1": 1.9580589452557255,
    "t2": 0.5579486439695085
}