{
    "b0": 0.12690074987335526,
    "b1": 0.045979691012728176,
    "b2": -0.016201248573103365,
    "b3": -0.018862137277395316,
    "t1": 1.5195052738872583,
    "t2": 0.23998254612856673
}