{
    "b0": 0.14707303539499253,
    "b1": 0.025635406719108886,
    "b2": -0.06788501694978545,
    "b3": -0.02618702887783116,
    "t1": 2.791558472472338,
    "t2": 0.30703967964448076
}