{
    "b0": 0.14372925301376993,
    "b1": 0.01438751652152713,
    "b2": 0.04313624838864912,
    "b3": -0.059239479578739596,
    "t1": 0.9703210977093306,
    "t2": 0.6527618455447808
}