{
    "b0": 0.1376676385818254,
    "b1": 0.035529669327998545,
    "b2": 0.01026247999581453,
    "b3": -0.01976354466533573,
    "t1": 1.181306106395752,
    "t2": 0.7334404076706686
}