{
    "b0": 0.12363074759048558,
    "b1": 0.008341671940404933,
    "b2": 0.010002273729714536,
    "b3": -0.023922476158304604,
    "t1": 1.4836127623672883,
    "t2": 0.7606953869744313
}