{
    "b0": 0.16040916354776105,
    "b1": -0.007448066850374821,
    "b2": -0.045856858790556974,
    "b3": 0.030003151165218837,
    "t1": 0.43245697283032314,
    "t2": 1.0417930359025074
}