{
    "b0": 0.1474946478818838,
    "b1": -0.0007567028942096314,
    "b2": 0.0006900221607871939,
    "b3": -0.012435501584829601,
    "t1": 1.4877754483759116,
    "t2": 0.33207686816863013
}