{
    "b0": 0.13907251194664286,
    "b1": 0.02697322773526837,
    "b2": -0.00739319833699581,
    "b3": -0.02354906707389893,
    "t1": 1.5037639266387028,
    "t2": 0.4535751614286285
}