{
    "b0": 0.14458192987785085,
    "b1": 0.03392109653620019,
    "b2": -0.03463547675018023,
    "b3": -0.017067015585619197,
    "t1": 2.191414066934697,
    "t2": 0.40430079674769814
}