{
    "b0": 0.15225005081171927,
    "b1": 0.0267262182755288,
    "b2": -0.05202403341949006,
    "b3": -0.014505297621039413,
    "t1": 2.549321536041934,
    "t2": 0.36856538889548496
}