{
    "b0": 0.14709073122182234,
    "b1": -0.001638486966698922,
    "b2": 0.0013824405570184457,
    "b3": -0.015519757199913251,
    "t1": 1.5976522423824209,
    "t2": 0.3841514017582517
}