{
    "b0": 0.13370046109797837,
    "b1": 0.03962303188222334,
    "b2": -0.0030355546089162536,
    "b3": -0.018457030295410508,
    "t1": 1.4852729790544328,
    "t2": 0.39688544523035674
}