{
    "b0": 0.13588922527154018,
    "b1": 0.03756614273002882,
    "b2": 0.05272689064274667,
    "b3": -0.051960397546581646,
    "t1": 1.0591227433590267,
    "t2": 0.7344100304934571
}