{
    "b0": 0.14046212127794377,
    "b1": 0.024271658771293517,
    "b2": 0.02085182321731066,
    "b3": -0.052663046028736844,
    "t1": 1.4877797213566746,
    "t2": 0.677067954201843
}