{
    "b0": 0.15498711971428025,
    "b1": -0.0051926903877878485,
    "b2": 0.002407283944003096,
    "b3": -0.023619576331991018,
    "t1": 1.4717596551419132,
    "t2": 0.3815089507204181
}