{
    "b0": 0.12807869631019878,
    "b1": 0.02979668274087683,
    "b2": 0.02999892910685299,
    "b3": -0.036205366927323554,
    "t1": 4.061166586899792,
    "t2": 0.6973490918849929
}