{
    "b0": 0.12369612940339225,
    "b1": 0.008288420095645796,
    "b2": 0.02444229763144546,
    "b3": -0.03648633000778112,
    "t1": 1.1907946181649,
    "t2": 0.8372324363085024
}