{
    "b0": 0.16321876448214295,
    "b1": -0.01014617380050132,
    "b2": 0.08413390091732868,
    "b3": -0.09872846492384336,
    "t1": 0.6547114767015001,
    "t2": 0.490795326687132
}