{
    "b0": 0.1457514217300948,
    "b1": 0.001167134676220434,
    "b2": -0.0018273846586402357,
    "b3": -0.010535000127686107,
    "t1": 1.5065599130237999,
    "t2": 0.27572807383395315
}