{
    "b0": 0.13439998268064876,
    "b1": 0.03244141764881567,
    "b2": -0.0031181036650098515,
    "b3": -0.030084286319370768,
    "t1": 1.5823021175578593,
    "t2": 0.5507071299353186
}