{
    "b0": 0.13495812119055536,
    "b1": 0.03839608062310834,
    "b2": -0.03990451876193807,
    "b3": -0.017874046947756128,
    "t1": 2.637211668731296,
    "t2": 0.31697697815653036
}