{
    "b0": 0.15152970786989078,
    "b1": -0.004543813925646543,
    "b2": 0.002911600879243872,
    "b3": -0.014660520642436984,
    "t1": 1.4856434582917162,
    "t2": 0.3669732844345406
}