{
    "b0": 0.13482184383816828,
    "b1": 0.005768550483858747,
    "b2": 0.012124687265606681,
    "b3": -0.028201650396518053,
    "t1": 1.5082637076582017,
    "t2": 0.5735436493540629
}