{
    "b0": 0.13655635252756437,
    "b1": 0.00034992878776364013,
    "b2": 0.12558919113159783,
    "b3": -0.14255988100708158,
    "t1": 1.020970573114202,
    "t2": 0.8974316497685546
}