{
    "b0": 0.1387469700729355,
    "b1": 0.025342691910887956,
    "b2": 0.004929033886793633,
    "b3": -0.04308126027134211,
    "t1": 1.945801234334375,
    "t2": 0.6086035371178866
}