{
    "b0": 0.14402831450741446,
    "b1": 0.0024576825836184453,
    "b2": -0.001700734020993682,
    "b3": -0.011549998740733794,
    "t1": 1.43335370214405,
    "t2": 0.2986659343833056
}