{
    "b0": 0.1496295206793755,
    "b1": 0.023554080255638443,
    "b2": -0.056959686776350896,
    "b3": -0.01870095245190892,
    "t1": 3.6430118778054177,
    "t2": 0.4236942994753736
}