{
    "b0": 0.1360895875251341,
    "b1": 0.005103498819213818,
    "b2": 0.015729948613242704,
    "b3": -0.030860242123856775,
    "t1": 1.4838074322043617,
    "t2": 0.5887978382627432
}