{
    "b0": 0.16295415658581583,
    "b1": -0.009975979931669602,
    "b2": 0.22892004015723372,
    "b3": -0.24568777764591704,
    "t1": 0.5330123241272497,
    "t2": 0.49491505390805024
}