{
    "b0": 0.1432505681271716,
    "b1": -0.001548617147301036,
    "b2": 0.01854078740640362,
    "b3": -0.023775754587615487,
    "t1": 1.3625839039678276,
    "t2": 0.7852761505074843
}