{
    "b0": 0.1351773179098432,
    "b1": 0.03821879727095241,
    "b2": 0.0703751257650475,
    "b3": -0.0690301303976903,
    "t1": 1.06017012142807,
    "t2": 0.7996966221926565
}