{
    "b0": 0.1379953509981086,
    "b1": 0.03987911847932307,
    "b2": -0.018203007615339335,
    "b3": -0.010955430767120638,
    "t1": 1.3650469076961382,
    "t2": 0.2663428732944748
}