{
    "b0": 0.1494384185832725,
    "b1": -0.0026495005876415066,
    "b2": 0.00120625684229848,
    "b3": -0.013042588558554603,
    "t1": 1.494884191060402,
    "t2": 0.38045035679974504
}