{
    "b0": 0.13509825037305492,
    "b1": 0.001980604074748744,
    "b2": 0.010540719091947459,
    "b3": -0.032212141519161894,
    "t1": 1.7045101290916973,
    "t2": 0.7443676278637685
}