{
    "b0": 0.1366992110422487,
    "b1": 9.14780463740052e-05,
    "b2": 0.006941134496330511,
    "b3": -0.019385521686366616,
    "t1": 1.550300804729292,
    "t2": 0.6654185415421647
}