{
    "b0": 0.1509515333414143,
    "b1": 0.006703090947672785,
    "b2": 0.01226536104298601,
    "b3": -0.0356836697411177,
    "t1": 1.4983677201191545,
    "t2": 0.5064765704130121
}