{
    "b0": 0.14897367053275642,
    "b1": -0.0024794878991996113,
    "b2": -0.01324093645081617,
    "b3": -0.007669400566232723,
    "t1": 0.6611667416583398,
    "t2": 0.17172187421316565
}