{
    "b0": 0.12338225453784055,
    "b1": 0.00858502833244332,
    "b2": 0.010418154724462954,
    "b3": -0.026242173089747613,
    "t1": 1.3818294890345357,
    "t2": 0.7379382868513193
}