{
    "b0": 0.1343043942816767,
    "b1": 0.006700921465919151,
    "b2": 0.006592093019482987,
    "b3": -0.02307802711011681,
    "t1": 2.4524445653108637,
    "t2": 0.49956701104225587
}