{
    "b0": 0.16261301047278817,
    "b1": -0.006149420654187512,
    "b2": 0.014774958434055553,
    "b3": -0.03407561296438669,
    "t1": 1.5116206070679343,
    "t2": 0.522606130580253
}