{
    "b0": 0.1246821301539854,
    "b1": 0.038028305171383364,
    "b2": 0.0027320448242619116,
    "b3": -0.03945444793613051,
    "t1": 7.408027441402659,
    "t2": 0.6061277894405839
}