{
    "b0": 0.14977902167257048,
    "b1": 0.02981403349463833,
    "b2": -0.04503958165668393,
    "b3": -0.011471439447859732,
    "t1": 2.20835633137842,
    "t2": 0.29355456110963285
}