{
    "b0": 0.13565357538274828,
    "b1": 0.030272723161827598,
    "b2": 0.013743157214724543,
    "b3": -0.03372793696840631,
    "t1": 1.4926237939611315,
    "t2": 0.4539938421331797
}