{
    "b0": 0.15565830463731142,
    "b1": -0.005513918521824691,
    "b2": 0.012468391203150034,
    "b3": -0.028965508980933176,
    "t1": 1.5017453514423185,
    "t2": 0.44327881449118856
}