{
    "b0": 0.11024625823623144,
    "b1": 0.0043515668496784555,
    "b2": 0.06634874110162074,
    "b3": -0.07438169910060531,
    "t1": 0.9115995193819888,
    "t2": 0.7851994413257186
}