{
    "b0": 0.11544841963329251,
    "b1": -0.0037695312173101204,
    "b2": 0.027953764560772525,
    "b3": -0.03138224425744022,
    "t1": 0.5607117980291356,
    "t2": 0.3948808838583453
}