{
    "b0": 0.10333951527393108,
    "b1": 0.020949798469716216,
    "b2": 0.009147460899413847,
    "b3": -0.010591530414519068,
    "t1": 0.4774487583570526,
    "t2": 1.4040342685781253
}