{
    "b0": 0.1170772860735121,
    "b1": 0.010268535567167635,
    "b2": -0.05411878257991177,
    "b3": 0.04090807244112359,
    "t1": 1.2199424914604364,
    "t2": 1.6258929340187094
}