{
    "b0": 0.09886472331270704,
    "b1": 0.02424106565344666,
    "b2": -0.03189406892130368,
    "b3": 0.018486677776736217,
    "t1": 0.9991606151572396,
    "t2": 1.2990510370962038
}