{
    "b0": 0.1146890576108222,
    "b1": 0.012526001122929797,
    "b2": -0.012375464865445513,
    "b3": -0.005707638585694577,
    "t1": 0.859526895065402,
    "t2": 0.09533108256941336
}