{
    "b0": 0.11487927401547864,
    "b1": 0.011732089114488265,
    "b2": 0.06490425179857828,
    "b3": -0.07813115615719904,
    "t1": 1.8267136245594804,
    "t2": 1.4767044336900077
}