{
    "b0": 0.1024328054330953,
    "b1": 0.021946952207365103,
    "b2": -0.13014187640514702,
    "b3": 0.1075536710405436,
    "t1": 1.2740842007555973,
    "t2": 1.3622254876218447
}