{
    "b0": 0.11468535038159039,
    "b1": 0.012112687638880525,
    "b2": 0.41691294567965853,
    "b3": -0.4303590895653081,
    "t1": 1.7064247092588056,
    "t2": 1.644017421681082
}