{
    "b0": 0.12086924570790031,
    "b1": 0.008421542669091016,
    "b2": -0.007198922483754621,
    "b3": -0.01595580294186547,
    "t1": 1.4337820446212635,
    "t2": 0.6927540387895794
}