{
    "b0": 0.12020508347718198,
    "b1": -0.00620224849237285,
    "b2": 0.031316860219566624,
    "b3": -0.029699231574691242,
    "t1": 1.0071274004968407,
    "t2": 0.4906069538706914
}