{
    "b0": 0.13038231237170128,
    "b1": -0.018998329108240286,
    "b2": 0.17230421498351917,
    "b3": -0.1736769594451878,
    "t1": 0.5609791876114123,
    "t2": 0.5010011844237248
}