{
    "b0": 0.10437758304834056,
    "b1": 0.020483391635614197,
    "b2": -0.30716547399223953,
    "b3": 0.28832097218220004,
    "t1": 1.3673508415933777,
    "t2": 1.4081698055673235
}