{
    "b0": 0.09834200997299204,
    "b1": 0.025845771472038342,
    "b2": 0.014394720343293026,
    "b3": -0.039710425759265304,
    "t1": 1.30395104849643,
    "t2": 1.0640712332681956
}