{
    "b0": 0.12142836371138165,
    "b1": 0.00748509360874225,
    "b2": 0.0004735654110246297,
    "b3": -0.019561736713634426,
    "t1": 1.516372880062165,
    "t2": 0.6835517040342962
}