{
    "b0": 0.10393369689490622,
    "b1": 0.01398648444841717,
    "b2": 0.01088452316667144,
    "b3": -0.03160455022046702,
    "t1": 1.5147721726191037,
    "t2": 0.7211183719279202
}