{
    "b0": 0.11758288465679682,
    "b1": -0.00533892976588,
    "b2": 0.017496366337507504,
    "b3": -0.013992831288978429,
    "t1": 1.4360949338147293,
    "t2": 0.333155477720652
}