{
    "b0": 0.09966049907551845,
    "b1": 0.023709737658185476,
    "b2": -0.0026266347990568425,
    "b3": -0.0030788846653231512,
    "t1": 0.6598942789381432,
    "t2": 0.6325218284073406
}