{
    "b0": 0.11273592135203571,
    "b1": -0.001404425840397017,
    "b2": 0.3738672559584688,
    "b3": -0.3779695383501551,
    "t1": 0.411117873516595,
    "t2": 0.4051606462973103
}