{
    "b0": 0.11327958040018629,
    "b1": 0.012472089300865373,
    "b2": -0.009136989735580903,
    "b3": -0.002491934383499715,
    "t1": 0.8921111252079275,
    "t2": 0.3140379110499927
}