{
    "b0": 0.1136653327333929,
    "b1": -0.0022533563012081537,
    "b2": 0.02525656189912795,
    "b3": -0.027443210995283344,
    "t1": 0.7008256668115678,
    "t2": 0.5056464486368766
}