{
    "b0": 0.13018185199523627,
    "b1": -0.018364982614586578,
    "b2": 0.8400204755907622,
    "b3": -0.849155366725955,
    "t1": 0.7077873670515222,
    "t2": 0.6949326197181867
}