{
    "b0": 0.09692610752699515,
    "b1": 0.027086588797750565,
    "b2": -0.0725569960972776,
    "b3": 0.05208822103545234,
    "t1": 1.1265578621183412,
    "t2": 1.216062780632825
}