{
    "b0": 0.12845916883642575,
    "b1": -0.017102561034850337,
    "b2": 0.08180639152683486,
    "b3": -0.08617019640992504,
    "t1": 0.727645710260731,
    "t2": 0.6217076397759813
}