{
    "b0": 0.10136332803372648,
    "b1": 0.01809244279122527,
    "b2": 0.056410502095629506,
    "b3": -0.07835774111037135,
    "t1": 1.3436233034378287,
    "t2": 1.1746707042104902
}