{
    "b0": 0.11360955862138025,
    "b1": -0.002277489184015845,
    "b2": 0.02409246490714718,
    "b3": -0.02648445776812142,
    "t1": 0.5843696615026,
    "t2": 0.42488981218566835
}