{
    "b0": 0.22540502332940732,
    "b1": -0.1121801638174714,
    "b2": -0.06987684713325498,
    "b3": -0.28815532446369757,
    "t1": 0.962546676012577,
    "t2": 6.088934415113397
}