{
    "b0": 0.11379665842333828,
    "b1": -0.002517940388101411,
    "b2": 0.018313826029595203,
    "b3": -0.02113439535412458,
    "t1": 0.7094402247376683,
    "t2": 0.4525854845861206
}