{
    "b0": 0.10073714677226685,
    "b1": 0.019095004809505427,
    "b2": 0.08757296386619244,
    "b3": -0.10847547117006225,
    "t1": 1.282567246579032,
    "t2": 1.1616166531314525
}