{
    "b0": 0.12582195477515362,
    "b1": -0.014359677882603308,
    "b2": 0.016537077634217676,
    "b3": -0.03368733565464812,
    "t1": 0.43241813920499794,
    "t2": 0.4302652582441322
}