{
    "b0": 0.12533543258051372,
    "b1": 0.004088062468657713,
    "b2": -0.018233334457373854,
    "b3": 0.006137878626008026,
    "t1": 0.8727640054951689,
    "t2": 1.1282370186961446
}