{
    "b0": 0.11303152864306103,
    "b1": -0.002118500184734377,
    "b2": -0.06553772164784709,
    "b3": 0.06250504694363278,
    "t1": 0.39743474297865067,
    "t2": 0.419034172033351
}