{
    "b0": 0.11233506945709647,
    "b1": -0.0012748366307212804,
    "b2": 0.025260388312218985,
    "b3": -0.02752651345798762,
    "t1": 0.4779043479550902,
    "t2": 0.4049151445379682
}