{
    "b0": 0.11206682362278717,
    "b1": 0.002393989346174931,
    "b2": 0.014041234040621825,
    "b3": -0.019253888240091447,
    "t1": 1.4852621631157574,
    "t2": 0.5144612533016577
}