{
    "b0": 0.10305692662441066,
    "b1": 0.01627060569641635,
    "b2": 0.013719909870972696,
    "b3": -0.0359864441270274,
    "t1": 1.3470638322808428,
    "t2": 1.015605010085995
}