{
    "b0": 0.09951912341007468,
    "b1": 0.023478257967885635,
    "b2": -0.008256309214702185,
    "b3": -0.010094882080180062,
    "t1": 1.074435351668443,
    "t2": 0.7232530078035824
}