{
    "b0": 0.12526598324324353,
    "b1": 0.004574268760003374,
    "b2": -0.00827644590776171,
    "b3": -0.01098190375344285,
    "t1": 1.4710054974471927,
    "t2": 0.6531995083131221
}