{
    "b0": 0.12553635895916399,
    "b1": 0.00366912069922688,
    "b2": -0.01708184152767264,
    "b3": 0.004884949047330848,
    "t1": 0.8241774215945892,
    "t2": 1.0021582325568081
}