{
    "b0": 0.11926811028930259,
    "b1": -0.007857406971429517,
    "b2": 0.03646964649417073,
    "b3": -0.04044233062184814,
    "t1": 0.6097810824180065,
    "t2": 0.5026611816827034
}