{
    "b0": 0.10339167839957514,
    "b1": 0.02148797710874359,
    "b2": -0.04121636999789348,
    "b3": 0.025309258134926953,
    "t1": 1.3381676550595256,
    "t2": 2.048434762161609
}