{
    "b0": 0.10569814045669178,
    "b1": 0.01965174137232699,
    "b2": -0.09926298754800321,
    "b3": 0.07947899133819013,
    "t1": 1.233419448882552,
    "t2": 1.3384317683825286
}