{
    "b0": 0.09963789012456452,
    "b1": 0.024029259362539038,
    "b2": 0.005517233670725255,
    "b3": -0.019283133819651466,
    "t1": 0.9760871977649677,
    "t2": 0.7874545088543394
}