{
    "b0": 0.11798869464436557,
    "b1": -0.00661319039191021,
    "b2": 0.028018915102826163,
    "b3": -0.033981657933480555,
    "t1": 0.5628861609108569,
    "t2": 0.5106458113939913
}