{
    "b0": 0.11016371393403575,
    "b1": 0.015476976320330679,
    "b2": 0.008247931961811306,
    "b3": -0.018931073253523157,
    "t1": 1.248987691848236,
    "t2": 0.9122393737296957
}