{
    "b0": 0.11734749397961472,
    "b1": -0.006001176875935965,
    "b2": 0.18257247616676467,
    "b3": -0.18607845246561608,
    "t1": 0.5347479484859683,
    "t2": 0.5188174807159704
}