{
    "b0": 0.10554258843418513,
    "b1": 0.018251636499271844,
    "b2": -0.002885419617101051,
    "b3": 0.007580945801067076,
    "t1": 0.5496944847960963,
    "t2": 0.117509949132371
}