{
    "b0": 0.10129672339544571,
    "b1": 0.018185817343660326,
    "b2": 0.021599845091643456,
    "b3": -0.04410895347254689,
    "t1": 1.3541649500307433,
    "t2": 1.0601803359969408
}