{
    "b0": 0.10522706591361634,
    "b1": 0.013636215727130401,
    "b2": -0.030332723023378444,
    "b3": 0.02581951270782542,
    "t1": 0.42738802685485844,
    "t2": 0.32452478501079884
}