{
    "b0": 0.10892791398654095,
    "b1": 0.016632938991047605,
    "b2": -0.004216830790485626,
    "b3": -0.009946988673696432,
    "t1": 1.4611795421306883,
    "t2": 0.6941071203085523
}