{
    "b0": 0.10313208345298061,
    "b1": 0.015891313724420604,
    "b2": 0.008533430739695102,
    "b3": -0.030967643266051316,
    "t1": 1.4171410725262499,
    "t2": 0.951219267692939
}