{
    "b0": 0.10666896177009572,
    "b1": 0.011976307395206658,
    "b2": 0.012946393773848063,
    "b3": -0.032542063976958156,
    "t1": 1.3719670674021316,
    "t2": 0.7693982872333098
}