{
    "b0": 0.12046167778111938,
    "b1": 0.007716560698590778,
    "b2": 0.003522918675522695,
    "b3": -0.025137811177096615,
    "t1": 1.4272925594066104,
    "t2": 0.7649644577823462
}