{
    "b0": 0.10627528075404094,
    "b1": 0.008451333096957699,
    "b2": 0.053705971615691836,
    "b3": -0.06329971023587355,
    "t1": 1.0753341754278511,
    "t2": 0.9062169757981113
}