{
    "b0": 0.11848935849363175,
    "b1": -0.00453466348447751,
    "b2": 0.055358752632844836,
    "b3": -0.060190464932022236,
    "t1": 0.7071832325628442,
    "t2": 0.5042048921631324
}