{
    "b0": 0.11436855701125895,
    "b1": 0.00017571135052377,
    "b2": 0.1595588256659591,
    "b3": -0.16965992611941552,
    "t1": 0.7677363589530701,
    "t2": 0.7117565810922599
}