{
    "b0": 0.11393849667569468,
    "b1": -0.0032916474465253553,
    "b2": 0.5644266353158962,
    "b3": -0.5675165501580858,
    "t1": 0.4688918340561079,
    "t2": 0.4664130302964917
}