{
    "b0": 0.12940317380842017,
    "b1": -0.017991220337125066,
    "b2": 0.3848193527557079,
    "b3": -0.3870082732596041,
    "t1": 0.5546859274129856,
    "t2": 0.5278538170248446
}