{
    "b0": 0.126743417519474,
    "b1": 0.004309140156226731,
    "b2": -0.0065986202479697996,
    "b3": -0.013921765300002829,
    "t1": 1.5000735759798283,
    "t2": 0.4194706652508877
}