{
    "b0": 0.11302329940359798,
    "b1": -0.0017136362169069175,
    "b2": 0.03246773202041386,
    "b3": -0.0346123332064088,
    "t1": 0.5078987478628854,
    "t2": 0.4241687822186835
}