{
    "b0": 0.1142250725702756,
    "b1": 0.012829460521478389,
    "b2": -0.506950468824849,
    "b3": 0.4933183685953782,
    "t1": 1.7161285916705,
    "t2": 1.7766287142727655
}