{
    "b0": 0.11807944515767055,
    "b1": -0.006496867071305637,
    "b2": 0.010659129588374332,
    "b3": -0.017969884676459262,
    "t1": 0.5111408104690494,
    "t2": 0.41706174056797085
}