{
    "b0": 0.12344835501787887,
    "b1": 0.006122408117810585,
    "b2": 0.01089925403193091,
    "b3": -0.027896984831051855,
    "t1": 1.2850520422239309,
    "t2": 0.963869340796145
}