{
    "b0": 0.12918307447691055,
    "b1": -0.017777270303987958,
    "b2": 0.0838500777547411,
    "b3": -0.09161173976628835,
    "t1": 0.5761282034984925,
    "t2": 0.4982294402516816
}