{
    "b0": 0.12477069532480262,
    "b1": 0.005007679923211414,
    "b2": -0.0051274318561476484,
    "b3": -0.012862814182782758,
    "t1": 1.4721253982272242,
    "t2": 0.6960772630139473
}