{
    "b0": 0.12280049959232513,
    "b1": 0.006229651481621037,
    "b2": 0.007754355969712813,
    "b3": -0.012238489513506175,
    "t1": 0.19956594437568942,
    "t2": 0.6386762391496177
}