{
    "b0": 0.11336523887085903,
    "b1": -0.0023443350714810515,
    "b2": 0.3075598060159437,
    "b3": -0.31096496721646927,
    "t1": 0.4267095799613765,
    "t2": 0.4215156213990827
}