{
    "b0": 0.12307656040869262,
    "b1": 0.006561994984650597,
    "b2": 0.0030618350368971916,
    "b3": -0.021301587870322672,
    "t1": 1.457893470653024,
    "t2": 0.8133345223201482
}