{
    "b0": 0.12426161594229936,
    "b1": 0.007730460691325702,
    "b2": -0.006906282304024564,
    "b3": -0.015568465916812184,
    "t1": 1.441678646134429,
    "t2": 0.5659227336968407
}