{
    "b0": 0.11272738787058233,
    "b1": -0.0012597020889829062,
    "b2": 0.011890611799772282,
    "b3": -0.008239135393020828,
    "t1": 1.416737868709202,
    "t2": 0.3040071175662442
}