{
    "b0": 0.10392838378303312,
    "b1": 0.013140782534266017,
    "b2": 0.013358765110150123,
    "b3": -0.031550633214905074,
    "t1": 1.3409743951912398,
    "t2": 0.7418883279954782
}