{
    "b0": 0.12381517012771992,
    "b1": 0.004797560842549169,
    "b2": -0.002136291760709168,
    "b3": -0.01889664976802999,
    "t1": 1.4869362796024261,
    "t2": 0.5867031077709459
}