{
    "b0": 0.1530525572100123,
    "b1": -0.026444332093235032,
    "b2": -0.04615826883349211,
    "b3": -0.09933516407009776,
    "t1": 1.3976377814551846,
    "t2": 10.0
}