{
    "b0": 0.12424207264089343,
    "b1": -0.012520495209480703,
    "b2": 0.033710414683876685,
    "b3": -0.04328956061785013,
    "t1": 0.7188512973331953,
    "t2": 0.5896910123761572
}