{
    "b0": 0.09934397393855544,
    "b1": 0.023179225274822503,
    "b2": 0.0033592997033536336,
    "b3": -0.029696859916053198,
    "t1": 1.668616634489407,
    "t2": 1.0303906187385152
}