{
    "b0": 0.11445244109353606,
    "b1": -0.003208092646947906,
    "b2": 0.008250487296981794,
    "b3": -0.010479205952940168,
    "t1": 0.48926841368633145,
    "t2": 0.3908697660789118
}