{
    "b0": 0.12921324344218216,
    "b1": -0.017649747969829925,
    "b2": 0.09248099815600866,
    "b3": -0.10097510985895816,
    "t1": 0.7519501644884894,
    "t2": 0.6743183211916683
}