{
    "b0": 0.10303812779633673,
    "b1": 0.021985570793212544,
    "b2": -0.07473422329295146,
    "b3": 0.05471624726601179,
    "t1": 1.4570779199889956,
    "t2": 1.8061250586075217
}