{
    "b0": 0.11823554576449997,
    "b1": -0.004549074222674843,
    "b2": -0.22087999773694852,
    "b3": 0.2166120701602711,
    "t1": 0.5820888455337716,
    "t2": 0.6324202287677894
}