{
    "b0": 0.11821785511937123,
    "b1": -0.004453103798762563,
    "b2": 0.05528103531489551,
    "b3": -0.057990159924022934,
    "t1": 0.7276117745425532,
    "t2": 0.5422641445718774
}