{
    "b0": 0.12682435420927085,
    "b1": -0.015315225150709232,
    "b2": 0.023371813973176697,
    "b3": -0.033380228509456225,
    "t1": 0.757422703123515,
    "t2": 0.5938455340537683
}