{
    "b0": 0.0982758586420878,
    "b1": 0.02592224625064699,
    "b2": -0.0028722034678057076,
    "b3": -0.0037419290944438496,
    "t1": 0.5877834251755223,
    "t2": 0.03505242922297214
}