{
    "b0": 0.10347142571454332,
    "b1": 0.0164150017051768,
    "b2": 0.048879026726576784,
    "b3": -0.07160514712996904,
    "t1": 1.5468744532687948,
    "t2": 1.2142139697482919
}