{
    "b0": 0.12701110319509556,
    "b1": -0.01586624733027229,
    "b2": -0.4649038317795728,
    "b3": 0.469466918891611,
    "t1": 0.5297429457824023,
    "t2": 0.5578035468578433
}