{
    "b0": 0.14492615742533438,
    "b1": -0.03396765273852219,
    "b2": 0.028961990640109916,
    "b3": -0.03408952507014886,
    "t1": 0.9302469044250067,
    "t2": 3.9987644004095246
}