{
    "b0": 0.1395743006870423,
    "b1": -0.013110620604822206,
    "b2": -0.27012227757775986,
    "b3": 0.31290403873102257,
    "t1": 1.2102242209179659,
    "t2": 1.0659058829515118
}