{
    "b0": 0.1377553749143438,
    "b1": -0.0068690018595873314,
    "b2": -0.19977147310493665,
    "b3": 0.23967803443273006,
    "t1": 1.0517854331863994,
    "t2": 0.9305527071582267
}