{
    "b0": 0.15899962193449058,
    "b1": -0.03263214046479095,
    "b2": 0.03440073348428119,
    "b3": -0.07056397627553093,
    "t1": 0.6911805053133042,
    "t2": 4.259044919111227
}