{
    "b0": 0.12835187221565525,
    "b1": -0.017188891312199125,
    "b2": 0.41147336387713723,
    "b3": -0.4089437655387056,
    "t1": 0.6348439656714451,
    "t2": 0.6027077627347106
}