{
    "b0": 0.040555855836868396,
    "b1": 0.08697183963556299,
    "b2": 0.1290509370936616,
    "b3": 0.25469461563216683,
    "t1": 0.9221844245002303,
    "t2": 6.872943887348974
}