{
    "b0": 0.12870258430666076,
    "b1": -0.01764207696538816,
    "b2": 0.17311688590858085,
    "b3": -0.16974919313245546,
    "t1": 0.6492512027625539,
    "t2": 0.5727369297449245
}