{
    "b0": 0.13583520663869972,
    "b1": -0.008076113093316437,
    "b2": -0.2065620821842604,
    "b3": 0.25305252843818093,
    "t1": 1.0806859969703413,
    "t2": 0.9320167629872502
}