{
    "b0": 0.14088881008955734,
    "b1": -0.029975992887941488,
    "b2": 0.051162462524680506,
    "b3": -0.03924296774940688,
    "t1": 1.1534537906687137,
    "t2": 2.6388931026320144
}