{
    "b0": 0.16309663903757948,
    "b1": -0.03730523772679698,
    "b2": 0.03863465694482066,
    "b3": -0.09249913872064924,
    "t1": 0.7188674113360912,
    "t2": 4.102276103034685
}