{
    "b0": 0.13590104864692126,
    "b1": -0.02015422171646008,
    "b2": -0.2659194321707771,
    "b3": 0.26876603651774994,
    "t1": 0.41603102699808314,
    "t2": 0.44829747418150134
}