{
    "b0": 0.1667008564980238,
    "b1": -0.04165055003285042,
    "b2": 0.05002412789123322,
    "b3": -0.10008943549645738,
    "t1": 0.8816442368182672,
    "t2": 4.421630893279338
}