{
    "b0": 0.15435001047402216,
    "b1": -0.0384521283406873,
    "b2": -0.33432155204094766,
    "b3": 0.34937443666832707,
    "t1": 2.183331983346723,
    "t2": 1.6850435117380593
}