{
    "b0": 0.2293438725351475,
    "b1": -0.09487949114563111,
    "b2": -0.14197799858991905,
    "b3": 0.10511536207945936,
    "t1": 8.759113475399467,
    "t2": 3.3435278647729403
}