{
    "b0": 0.13813161099464125,
    "b1": -0.024120506305977882,
    "b2": 0.0756151429665136,
    "b3": -0.054708471665683094,
    "t1": 1.269365923172852,
    "t2": 1.9417456872001635
}