{
    "b0": 0.14293156178601782,
    "b1": -0.017875989004876656,
    "b2": 0.21974609562339367,
    "b3": -0.18654346528398214,
    "t1": 1.2594262370141347,
    "t2": 1.7193205328428331
}