{
    "b0": 0.12584276533852506,
    "b1": -0.014529008853680735,
    "b2": -0.4333241144874281,
    "b3": 0.4315434683326805,
    "t1": 0.5807100272290793,
    "t2": 0.6046002938048431
}