{
    "b0": 0.14307114527417053,
    "b1": -0.03307352281676598,
    "b2": -0.4918230554211746,
    "b3": 0.508677596631055,
    "t1": 1.9637418162522415,
    "t2": 1.7957986872070797
}