{
    "b0": 0.05913035772606423,
    "b1": 0.07119117026815963,
    "b2": 0.11059966593239504,
    "b3": 0.21286703722728773,
    "t1": 0.8916892408955831,
    "t2": 6.859633622223794
}