{
    "b0": 0.21511345534985896,
    "b1": -0.09704286317837399,
    "b2": 0.09532157051279583,
    "b3": -0.22216429684103797,
    "t1": 1.435629489498798,
    "t2": 4.451146295247347
}