{
    "b0": 0.1244690320536854,
    "b1": -0.01312406721767554,
    "b2": -0.36212513765278315,
    "b3": 0.36371995631628623,
    "t1": 0.5169562112216415,
    "t2": 0.546598759583313
}