{
    "b0": 0.129140336195689,
    "b1": -0.017548255826904953,
    "b2": 0.4329064479262903,
    "b3": -0.43382909533183506,
    "t1": 0.5794443056206333,
    "t2": 0.5485472132674047
}