{
    "b0": 0.17830631431147148,
    "b1": -0.05387289813407256,
    "b2": 0.04543541715528966,
    "b3": -0.13723260862986453,
    "t1": 0.8151739182559444,
    "t2": 4.186746792382655
}