{
    "b0": 0.16846073694204838,
    "b1": -0.03448180438723136,
    "b2": 0.05188390136545268,
    "b3": 0.012184919488828194,
    "t1": 2.2721042645611655,
    "t2": 0.6187584550900418
}