{
    "b0": 0.1678881787939289,
    "b1": -0.03355225904222342,
    "b2": 0.040545250444505194,
    "b3": 0.0022723586153539236,
    "t1": 1.8776972389979263,
    "t2": 0.3673532857324764
}