{
    "b0": 0.13899821839886164,
    "b1": -0.0040281068733796655,
    "b2": 0.030851110643992527,
    "b3": 0.02908319371445764,
    "t1": 4.4866238484957375,
    "t2": 0.6310099738505883
}