{
    "b0": 0.14762372047232808,
    "b1": -0.011934309753574589,
    "b2": -0.0026626510555926713,
    "b3": -0.020565089863461512,
    "t1": 1.3352748826030743,
    "t2": 0.7304897807559865
}