{
    "b0": 0.14079355230981397,
    "b1": -0.031240510311170432,
    "b2": 0.4530443091138954,
    "b3": -0.43157603648072806,
    "t1": 1.6790106454932543,
    "t2": 1.8429062528636555
}