{
    "b0": 0.19336487200082875,
    "b1": -0.05522707603505343,
    "b2": -0.03733044944866686,
    "b3": -0.033786345177720604,
    "t1": 0.3235556295215511,
    "t2": 7.39297891843913
}