{
    "b0": 0.14179670689574245,
    "b1": -0.020555817447888005,
    "b2": -0.04905326729295842,
    "b3": 0.06454159489095633,
    "t1": 0.29541405589102876,
    "t2": 0.7307325237114215
}