{
    "b0": 0.12295653040842236,
    "b1": -0.011534234659487953,
    "b2": 0.438982956109734,
    "b3": -0.43554316983485797,
    "t1": 0.5493251168196416,
    "t2": 0.5237196040302186
}