{
    "b0": 0.1460683121948573,
    "b1": -0.008868892483042127,
    "b2": -0.11229083586666164,
    "b3": 0.07555641742281173,
    "t1": 0.8811589475783732,
    "t2": 1.0976589981084706
}