{
    "b0": 0.13351347619619605,
    "b1": -0.02233537031060606,
    "b2": -0.42958303705941275,
    "b3": 0.4348329481737889,
    "t1": 0.4717623875205037,
    "t2": 0.4966503117253893
}