{
    "b0": 0.1501135013766833,
    "b1": -0.03669980293036321,
    "b2": 0.9063152567470698,
    "b3": -0.8823348292594909,
    "t1": 1.7855236042336924,
    "t2": 1.954104307338353
}