{
    "b0": 0.2092883506964891,
    "b1": -0.08901129107979094,
    "b2": 0.06936028194857546,
    "b3": -0.19996247082675647,
    "t1": 1.313308540128316,
    "t2": 4.823594780344489
}