{
    "b0": 0.18633911124320202,
    "b1": -0.06973162679833086,
    "b2": 0.04075614540712633,
    "b3": -0.1605891493470777,
    "t1": 1.0194564145647425,
    "t2": 4.756441589856633
}