{
    "b0": 0.1371640662095561,
    "b1": -0.009978559565875277,
    "b2": -0.04155915395571234,
    "b3": 0.08649043461157421,
    "t1": 1.483184249177516,
    "t2": 0.8116357220020225
}