{
    "b0": 0.17228988081220434,
    "b1": -0.047291897813200465,
    "b2": 0.04796838803087304,
    "b3": -0.11841811551453105,
    "t1": 0.8693123816113361,
    "t2": 4.267228614349596
}