{
    "b0": 0.1406553246748494,
    "b1": -0.019948226302070896,
    "b2": 0.31455082230638,
    "b3": -0.2875211086434175,
    "t1": 0.5269616474451677,
    "t2": 0.45159721309627265
}