{
    "b0": 0.13883212650547955,
    "b1": -0.007725340969831122,
    "b2": -0.11592805298816244,
    "b3": 0.15649810721119684,
    "t1": 1.0854739672807074,
    "t2": 0.9047522909502828
}