{
    "b0": 0.17136040959754595,
    "b1": -0.03409340837638719,
    "b2": 0.06689940584776058,
    "b3": -0.039516075355752155,
    "t1": 1.2436595287517505,
    "t2": 1.0357433697101852
}