{
    "b0": 0.14018464800170252,
    "b1": -0.005830958990427944,
    "b2": 0.0034527576514774656,
    "b3": 0.029713993679820437,
    "t1": 1.5076679608060446,
    "t2": 0.6328413094940073
}