{
    "b0": 0.19330112643088024,
    "b1": -0.08410536289478301,
    "b2": 0.19912263794324078,
    "b3": -0.3234477665162029,
    "t1": 2.9021233345773747,
    "t2": 4.590314777058509
}