{
    "b0": 0.1291215376244348,
    "b1": -0.01802388199414333,
    "b2": 0.05456728609497445,
    "b3": -0.04897323192425615,
    "t1": 0.7106259796491977,
    "t2": 0.47526992848463356
}