{
    "b0": 0.1429293224591732,
    "b1": -0.007399845743899458,
    "b2": -0.002491598512325423,
    "b3": -0.015668420593409536,
    "t1": 1.5009603586771303,
    "t2": 0.6475849409673025
}