{
    "b0": 0.13286529067022684,
    "b1": 0.004451873780775568,
    "b2": -0.24618227381576546,
    "b3": 0.21690599778304606,
    "t1": 1.1826144915733563,
    "t2": 1.3921477025554383
}