{
    "b0": 0.15088598499882672,
    "b1": -0.013700414920551428,
    "b2": 0.04235832514334512,
    "b3": -0.017081274622907126,
    "t1": 1.6124552980470312,
    "t2": 0.8907103916770884
}