{
    "b0": 0.21112667778987199,
    "b1": -0.09124724083303234,
    "b2": 0.08311521834950134,
    "b3": -0.20622921862339094,
    "t1": 1.435927465955972,
    "t2": 4.656880329127743
}