{
    "b0": 0.15502129598519257,
    "b1": -0.016824670495527654,
    "b2": 0.06444833639550887,
    "b3": -0.04014911590573866,
    "t1": 1.6312737634410686,
    "t2": 0.9908097485056702
}