{
    "b0": 0.15567472303184726,
    "b1": -0.020900533384861027,
    "b2": 0.08296306142965218,
    "b3": 0.022700683158124787,
    "t1": 3.4813738642109175,
    "t2": 1.073101860753014
}