{
    "b0": 0.12918337515038983,
    "b1": -0.017489338455011362,
    "b2": 0.33886420903942477,
    "b3": -0.3432190011100928,
    "t1": 0.5184490041824805,
    "t2": 0.4865568623046803
}