{
    "b0": 0.14865065828324112,
    "b1": -0.0380690143412244,
    "b2": 0.033248267844974644,
    "b3": -0.051845716952337965,
    "t1": 1.0857838785006622,
    "t2": 4.0274219288126485
}