{
    "b0": 0.17334251561814645,
    "b1": -0.048904498450889275,
    "b2": 0.04518102428350261,
    "b3": -0.13023687421005273,
    "t1": 0.7613050450859342,
    "t2": 4.097834545534784
}