{
    "b0": 0.12541024643998933,
    "b1": -0.014077878648295444,
    "b2": 0.31752357523019425,
    "b3": -0.31733169957232094,
    "t1": 0.6181882053657413,
    "t2": 0.5837238740504782
}