{
    "b0": 0.1451761975458405,
    "b1": -0.009072320677915226,
    "b2": 0.019670502760733188,
    "b3": -0.011274547597978643,
    "t1": 1.6207773255716251,
    "t2": 1.1275261788479813
}