{
    "b0": 0.12802368396396632,
    "b1": 0.008573530205314341,
    "b2": 0.018874543237137352,
    "b3": -0.05763014046139311,
    "t1": 1.5354616248325885,
    "t2": 0.8354603510908953
}