{
    "b0": 0.12824056908341075,
    "b1": 0.008192990251199116,
    "b2": 0.049079745740195746,
    "b3": -0.07952217452321234,
    "t1": 1.4733090367433341,
    "t2": 0.9223496308194703
}