{
    "b0": 0.13918782777653624,
    "b1": -0.025841901723555605,
    "b2": 0.8584372872378301,
    "b3": -0.8245599117794977,
    "t1": 1.473223571808461,
    "t2": 1.5328414185312318
}