{
    "b0": 0.137619902440367,
    "b1": -0.011731651172944396,
    "b2": -0.10345012488889169,
    "b3": 0.1440379401573986,
    "t1": 1.5980109460059246,
    "t2": 1.0466787713932266
}