{
    "b0": 0.15780439188276868,
    "b1": -0.01961690037254843,
    "b2": 0.06043957170928837,
    "b3": -0.038521757130303626,
    "t1": 1.5926756347331135,
    "t2": 0.9019015194352834
}