{
    "b0": 0.23004130863872324,
    "b1": -0.11173927127895453,
    "b2": 0.08634959726603779,
    "b3": -0.26043432501673575,
    "t1": 1.4534429171599683,
    "t2": 4.776139692256953
}