{
    "b0": 0.13430557401103405,
    "b1": -0.005297978756637279,
    "b2": -0.30488503990234,
    "b3": 0.3468026558890428,
    "t1": 1.0777912885268175,
    "t2": 0.9661618807722663
}