{
    "b0": 0.12905539839328944,
    "b1": -0.017765767447608938,
    "b2": -0.031735466555322195,
    "b3": 0.024627756745649973,
    "t1": 0.3796891284593116,
    "t2": 0.8992635090533252
}