{
    "b0": 0.12714588238316374,
    "b1": -0.015908325396580138,
    "b2": 0.5232656093667292,
    "b3": -0.523458416874099,
    "t1": 0.6079860620660487,
    "t2": 0.5872837925753576
}