{
    "b0": 0.13266443615417794,
    "b1": -0.021324200451479286,
    "b2": -0.1903121737765743,
    "b3": 0.19296435788203176,
    "t1": 0.45916605514998743,
    "t2": 0.5232213687834069
}