{
    "b0": 0.16196549501948831,
    "b1": -0.03712082981263341,
    "b2": 0.044892437054545986,
    "b3": -0.09890881899098768,
    "t1": 0.6876512972001028,
    "t2": 4.126753371947093
}