{
    "b0": 0.14107593545069977,
    "b1": -0.006090812192582464,
    "b2": -0.006321645511609134,
    "b3": 0.031021024203004764,
    "t1": 1.5001613164799914,
    "t2": 0.58592143491457
}