{
    "b0": 0.1459332867297474,
    "b1": -0.010821381405356408,
    "b2": -0.006957736809469456,
    "b3": 0.0318232404896979,
    "t1": 1.4428479050244212,
    "t2": 0.6799910379799785
}