{
    "b0": 0.25884840654371616,
    "b1": -0.1501696176631586,
    "b2": 0.4917606199465056,
    "b3": -0.7317040775340603,
    "t1": 3.4254427409112234,
    "t2": 4.7002759122187205
}