{
    "b0": 0.1534998381532622,
    "b1": -0.031156771593471883,
    "b2": 0.7934471871995277,
    "b3": -0.7649544646905347,
    "t1": 1.6855044835661874,
    "t2": 1.852784654130228
}