{
    "b0": 0.1290731540655227,
    "b1": -0.004889740308668393,
    "b2": -0.04491440036156471,
    "b3": -0.025977046730035914,
    "t1": 0.9095573077237109,
    "t2": 0.3623817754436063
}