{
    "b0": 0.12191517114110546,
    "b1": 0.014512189977504586,
    "b2": 0.053455914187208096,
    "b3": -0.0860998614345351,
    "t1": 1.4565061803472084,
    "t2": 1.0026703546139126
}