{
    "b0": 0.05444095580139052,
    "b1": 0.02614519407099529,
    "b2": -0.11233627820535132,
    "b3": 0.30277499628370486,
    "t1": 6.819027142152216,
    "t2": 5.6609293457394
}