{
    "b0": 0.13190923359067835,
    "b1": -0.040100707786366124,
    "b2": 0.04500368735643839,
    "b3": -0.09253992331924539,
    "t1": 0.8915618109072208,
    "t2": 0.628657796506328
}