{
    "b0": 0.13566500759982736,
    "b1": -0.048309726170871245,
    "b2": 0.2264477842111934,
    "b3": -0.2595043715438074,
    "t1": 0.6223513742662793,
    "t2": 0.5448680786705428
}