{
    "b0": 0.12472761516684196,
    "b1": 0.004544466513923502,
    "b2": 0.03042990163111118,
    "b3": -0.08014075419353349,
    "t1": 1.7448765768907224,
    "t2": 0.6982640161506
}