{
    "b0": 0.12329827445303282,
    "b1": 0.01295900648855087,
    "b2": 0.20036380616446486,
    "b3": -0.23614184135478508,
    "t1": 1.1948984820361668,
    "t2": 1.0173720562978366
}