{
    "b0": 0.12236345349302714,
    "b1": -0.025625427512886188,
    "b2": 0.07156385530870069,
    "b3": -0.075941815241061,
    "t1": 1.5100606003813604,
    "t2": 0.6612123934816196
}