{
    "b0": 0.12377032127520023,
    "b1": -0.010648210939919158,
    "b2": -0.0008841978543462732,
    "b3": -0.05886196268463713,
    "t1": 1.4999359502029952,
    "t2": 0.49691632327540347
}