{
    "b0": 0.06515161341496019,
    "b1": 0.0415490143120564,
    "b2": 0.1425605565333435,
    "b3": -0.047648763574890535,
    "t1": 6.897141804486083,
    "t2": 0.4859843170217797
}