{
    "b0": 0.12919140997872386,
    "b1": -0.04184294512735653,
    "b2": 0.051155059359815735,
    "b3": -0.04813946792588672,
    "t1": 1.8209491877246724,
    "t2": 0.6108391774247979
}