{
    "b0": 0.1337799559299951,
    "b1": -0.04632716863230638,
    "b2": 0.20756453896473853,
    "b3": -0.24809945979666517,
    "t1": 0.5742431631816708,
    "t2": 0.5116975320469335
}