{
    "b0": 0.13350893829729918,
    "b1": -0.04624362038182294,
    "b2": -0.2775127299800317,
    "b3": 0.239095293149183,
    "t1": 0.5773444832863177,
    "t2": 0.6561109802119818
}