{
    "b0": 0.09309476452893334,
    "b1": 0.024416935893145322,
    "b2": 0.057667597871305196,
    "b3": -0.06872806887410039,
    "t1": 6.653239579163129,
    "t2": 0.6535562835141429
}