{
    "b0": 0.1216231217036901,
    "b1": 0.014326606537943962,
    "b2": -0.4666128404441958,
    "b3": 0.4253366206229523,
    "t1": 1.125676671768832,
    "t2": 1.2243194066218361
}