{
    "b0": 0.13180153878557,
    "b1": -0.004416757778885696,
    "b2": -0.6260864119354824,
    "b3": 0.5858123891256197,
    "t1": 1.4206456400911316,
    "t2": 1.531049573873049
}