{
    "b0": 0.13410728912605172,
    "b1": -0.046698624422641194,
    "b2": 0.3542005725222979,
    "b3": -0.39485794394862456,
    "t1": 0.5705827480402199,
    "t2": 0.531963482551217
}