{
    "b0": 0.12572262597686795,
    "b1": -0.034128588214511466,
    "b2": 0.05519791847914506,
    "b3": -0.06199182851392361,
    "t1": 1.5934390769436169,
    "t2": 0.6068314732190352
}