{
    "b0": 0.13245995421204718,
    "b1": -0.0054146268750109895,
    "b2": 0.003625968035467591,
    "b3": -0.06262891466635173,
    "t1": 1.4722196692379228,
    "t2": 0.581017772993552
}