{
    "b0": 0.1313323593421975,
    "b1": -0.04368380502860492,
    "b2": -0.14986024815555749,
    "b3": 0.10618747425290845,
    "t1": 0.7323003206815502,
    "t2": 0.9555131860483144
}