{
    "b0": 0.12104550801520876,
    "b1": -0.029030440365249738,
    "b2": 0.09263579965776637,
    "b3": -0.09492324326383637,
    "t1": 1.534727875171826,
    "t2": 0.7919745631662044
}