{
    "b0": 0.12471001366272297,
    "b1": 0.011809550459515183,
    "b2": -0.28933560968204947,
    "b3": 0.25853667911523953,
    "t1": 1.0417454079594481,
    "t2": 1.1629794956379853
}