{
    "b0": 0.1185234306853573,
    "b1": -0.02172916643210484,
    "b2": 0.15731965492186287,
    "b3": -0.16778526704962757,
    "t1": 1.3455098656502864,
    "t2": 0.9342704773747679
}