{
    "b0": 0.09688490590264166,
    "b1": 0.012872781333382714,
    "b2": 0.08789922663838919,
    "b3": -0.06329574174357501,
    "t1": 4.654896056523468,
    "t2": 0.5896261524213102
}