{
    "b0": 0.12984270950622787,
    "b1": -0.0055294020608763934,
    "b2": -0.009767369633677076,
    "b3": -0.05952788572806382,
    "t1": 0.8865122203602533,
    "t2": 0.6066175410990642
}