{
    "b0": 0.22990561937683396,
    "b1": -0.1491532671148134,
    "b2": 0.5354974021749016,
    "b3": -0.6561316107151526,
    "t1": 3.3403881049904727,
    "t2": 4.4756742456226295
}