{
    "b0": 0.12443414084710346,
    "b1": 0.011908961926408824,
    "b2": -0.10788952899964172,
    "b3": 0.07932021665163959,
    "t1": 1.0364173869801068,
    "t2": 1.3534841702034188
}