{
    "b0": 0.12823360110502416,
    "b1": -0.037803072387120544,
    "b2": 0.150849191961969,
    "b3": -0.1820228950003117,
    "t1": 1.0542292932542257,
    "t2": 0.8079154677145057
}