{
    "b0": 0.08309361900024483,
    "b1": 0.029888388019437453,
    "b2": 0.09915364803529293,
    "b3": -0.06342755553711782,
    "t1": 5.50308216159472,
    "t2": 0.7570414900701428
}