{
    "b0": 0.12338668092928398,
    "b1": 0.005442995960861537,
    "b2": 0.0306315391642225,
    "b3": -0.07647011054447432,
    "t1": 2.3386856504919544,
    "t2": 0.7068555072408138
}