{
    "b0": 0.13519882489655233,
    "b1": -0.04744286146058985,
    "b2": 0.03095536786147739,
    "b3": -0.06099045985354765,
    "t1": 0.8185313804439929,
    "t2": 0.41440909236596557
}