{
    "b0": 0.1998376541843023,
    "b1": -0.11936293994412332,
    "b2": 0.4204125567404878,
    "b3": -0.48050960263421,
    "t1": 2.948371551867729,
    "t2": 3.9579838955430993
}