{
    "b0": 0.11406606585282672,
    "b1": -0.013627323533976604,
    "b2": 0.09193407549509569,
    "b3": -0.10914511896350601,
    "t1": 1.5229288591357175,
    "t2": 0.8393767336116275
}