{
    "b0": 0.2427350455406238,
    "b1": -0.1620615978249301,
    "b2": 0.6720300827578531,
    "b3": -0.8154445016513542,
    "t1": 3.5535806250193325,
    "t2": 4.5892384637540236
}