{
    "b0": 0.11461982987506761,
    "b1": -0.015432655062509047,
    "b2": 0.09484162504202032,
    "b3": -0.10935153792611436,
    "t1": 1.5263487729633265,
    "t2": 0.8554750793308578
}