{
    "b0": 0.13207586860157333,
    "b1": -0.040825399436771825,
    "b2": -0.07479906560255352,
    "b3": -0.01741769493889088,
    "t1": 0.36110748567471246,
    "t2": 0.0034935291841652768
}