{
    "b0": 0.1153135261748177,
    "b1": -0.013497835363175469,
    "b2": -0.1900166442749171,
    "b3": 0.1709499121143533,
    "t1": 1.0488808822356233,
    "t2": 1.5231043280886611
}