{
    "b0": 0.1233723715617792,
    "b1": -0.010444696685905645,
    "b2": 0.0034346343515209,
    "b3": -0.05880022833644798,
    "t1": 1.525904389421537,
    "t2": 0.5604063090198164
}