{
    "b0": 0.1302677725068734,
    "b1": -0.040093665323062765,
    "b2": 0.06854345553671151,
    "b3": -0.08610238866729342,
    "t1": 1.532816223816849,
    "t2": 0.7156287401361352
}