{
    "b0": 0.13387747418034662,
    "b1": -0.04640627688001057,
    "b2": 0.19799388252255823,
    "b3": -0.23443705755398825,
    "t1": 0.6244087683148709,
    "t2": 0.542063564862122
}