{
    "b0": 0.08143643754756237,
    "b1": 0.046437354996151904,
    "b2": 0.07229084662884806,
    "b3": -0.06099487514768383,
    "t1": 10.0,
    "t2": 0.6127651022712222
}