{
    "b0": 0.08116848422344435,
    "b1": 0.031963294894456686,
    "b2": 0.09061188090652098,
    "b3": -0.06881749069681281,
    "t1": 5.781539680968471,
    "t2": 0.6885851069925639
}