{
    "b0": 0.12963861730083193,
    "b1": -0.04192122612122531,
    "b2": 0.05290464269125396,
    "b3": -0.08984668387496884,
    "t1": 0.6456635237099876,
    "t2": 0.4653188570331789
}