{
    "b0": 0.13705631705319632,
    "b1": -0.049944419405741555,
    "b2": 0.01382774160030912,
    "b3": -0.06687386070250213,
    "t1": 0.44110131264955577,
    "t2": 0.3617321495593586
}