{
    "b0": 0.12429783908106715,
    "b1": 0.011362117822065192,
    "b2": 0.010298260088439886,
    "b3": -0.06558681171123669,
    "t1": 1.9835848608993292,
    "t2": 0.753098058378626
}