{
    "b0": 0.11865430231057393,
    "b1": -0.020655746642823082,
    "b2": 0.09156310721952349,
    "b3": -0.11717265629631914,
    "t1": 1.3880187662735133,
    "t2": 0.8603457448462608
}