{
    "b0": 0.1279517380347326,
    "b1": -0.03617574459868792,
    "b2": 0.04326548557663395,
    "b3": -0.051770038557100065,
    "t1": 1.8271804544711436,
    "t2": 0.5215451640200914
}