{
    "b0": 0.1343013088953412,
    "b1": -0.04659318888743693,
    "b2": 0.7337884300465295,
    "b3": -0.7799190910133261,
    "t1": 0.5823339668178695,
    "t2": 0.5631032522697064
}