{
    "b0": 0.13525897831929126,
    "b1": -0.047996323368652755,
    "b2": 0.16838736763305678,
    "b3": -0.20616111606740506,
    "t1": 0.5835225500369958,
    "t2": 0.5062836719191282
}