{
    "b0": 0.13609953994257667,
    "b1": -0.04819950000859419,
    "b2": 0.14753877715010924,
    "b3": -0.20100953168944033,
    "t1": 0.5502913025858396,
    "t2": 0.49534510407122845
}