{
    "b0": 0.1357454600897869,
    "b1": -0.04866716847007392,
    "b2": 0.21042557052843558,
    "b3": -0.24910205857669904,
    "t1": 0.548992789391102,
    "t2": 0.49113365355346605
}