{
    "b0": 0.1264808904466952,
    "b1": -0.023800272800472314,
    "b2": 0.03758454556217014,
    "b3": -0.0607143238557911,
    "t1": 1.569854002450394,
    "t2": 0.6386845773984104
}