{
    "b0": 0.39511254937057927,
    "b1": -0.3095955897313334,
    "b2": -0.19650992081092877,
    "b3": -0.7217207313449748,
    "t1": 1.0583160035768666,
    "t2": 6.736135989707864
}