{
    "b0": 0.12652732314287182,
    "b1": -0.03908273164654579,
    "b2": 0.04616996337091084,
    "b3": -0.05130479772352969,
    "t1": 1.5159568231324423,
    "t2": 0.6003754763877414
}