{
    "b0": 0.13335790073416054,
    "b1": -0.045187681442608076,
    "b2": 0.42163355875163644,
    "b3": -0.4665142960281988,
    "t1": 0.7235202515695516,
    "t2": 0.6759251947951785
}