{
    "b0": 0.12465928436992359,
    "b1": -0.02202333913477781,
    "b2": 0.0816310903009533,
    "b3": -0.10516461664613576,
    "t1": 1.5151030943152224,
    "t2": 0.82046682359525
}