{
    "b0": 0.02893573648252706,
    "b1": 0.08345007084075334,
    "b2": 0.15690494908475955,
    "b3": -0.0568303644056289,
    "t1": 10.0,
    "t2": 0.5204901711897012
}