{
    "b0": 0.13600230321704504,
    "b1": -0.04499905576550335,
    "b2": -0.07795415361441291,
    "b3": -0.02114246026346398,
    "t1": 0.3765784851874026,
    "t2": 0.004014258632435111
}