{
    "b0": 0.12660554690909506,
    "b1": 0.0056324727151731025,
    "b2": 0.008910754613827827,
    "b3": -0.07044795721437716,
    "t1": 1.3699580945825787,
    "t2": 0.8578582931539733
}