{
    "b0": 0.1247703582011447,
    "b1": 0.003334723688140048,
    "b2": 0.04432880202953333,
    "b3": -0.08519054030808312,
    "t1": 2.0259751912095707,
    "t2": 0.9371300032485657
}