{
    "b0": 0.11950054407684715,
    "b1": 0.008586432551374062,
    "b2": -0.06690601538242484,
    "b3": 0.04990872362431222,
    "t1": 0.9745387008190525,
    "t2": 3.585579600955738
}