{
    "b0": 0.13013421998607808,
    "b1": -0.04221309739709936,
    "b2": 0.2139956306378038,
    "b3": -0.25487329407816367,
    "t1": 0.5926059349945931,
    "t2": 0.5337201965136091
}