{
    "b0": 0.06524352137310678,
    "b1": 0.06346726364357201,
    "b2": -2.7351563327074335e-06,
    "b3": 0.184803072657589,
    "t1": 0.5898117339400551,
    "t2": 5.366157074295752
}