{
    "b0": 0.12399782351995525,
    "b1": -0.03448448786980389,
    "b2": 0.07248354065351116,
    "b3": -0.06258721864336901,
    "t1": 2.1250300869716994,
    "t2": 0.6720820431360339
}