{
    "b0": 0.12503315609863427,
    "b1": -0.022593879847306937,
    "b2": 0.045446095148632376,
    "b3": -0.05746388199448262,
    "t1": 1.9392087873961406,
    "t2": 0.7020829205239165
}