{
    "b0": 0.12754617240615265,
    "b1": -0.004472367697976418,
    "b2": 0.0035560030497731676,
    "b3": -0.060377320124350486,
    "t1": 1.5026828390789109,
    "t2": 0.5902450155699048
}