{
    "b0": 0.12192722072771833,
    "b1": 0.007394822842787892,
    "b2": 0.061935287469441345,
    "b3": -0.1100582874077527,
    "t1": 1.3103160551299178,
    "t2": 0.7866195556651503
}