{
    "b0": 0.1252369222636582,
    "b1": -0.0016872861987393094,
    "b2": 0.0005438972481439184,
    "b3": -0.057401679508641106,
    "t1": 1.493208928109699,
    "t2": 0.5691633952682915
}