{
    "b0": 0.13220009142518313,
    "b1": -0.040492253426176635,
    "b2": 0.18417281609142916,
    "b3": -0.23695496247891495,
    "t1": 0.8106288552955334,
    "t2": 0.719807927628394
}