{
    "b0": 0.13027040660467618,
    "b1": -0.04289759477780447,
    "b2": 0.8149959263760048,
    "b3": -0.8466703146488321,
    "t1": 0.8765302564561468,
    "t2": 0.8383255784578383
}