{
    "b0": 0.11675909324265882,
    "b1": -0.016878448732806424,
    "b2": 0.42087899153728114,
    "b3": -0.44381755336015044,
    "t1": 1.1395370891704975,
    "t2": 1.0020063819002658
}