{
    "b0": 0.13007371975553228,
    "b1": -0.038933704857446634,
    "b2": 0.12871588162301367,
    "b3": -0.1718876885418846,
    "t1": 0.9512457040088265,
    "t2": 0.7420939019545463
}