{
    "b0": 0.12357338516103217,
    "b1": 0.012120274678182393,
    "b2": -0.17591278970241436,
    "b3": 0.13026035937556055,
    "t1": 0.9769797062321581,
    "t2": 1.1814167548084615
}