{
    "b0": 0.1271113673136618,
    "b1": -0.0046100692343118005,
    "b2": 0.0014199920634397761,
    "b3": -0.059623341136346694,
    "t1": 1.4926835187307685,
    "t2": 0.5976738939878574
}