{
    "b0": 0.12558207675621352,
    "b1": 0.00958306041307196,
    "b2": 0.1647532231418365,
    "b3": -0.21881383193889214,
    "t1": 1.201891568989205,
    "t2": 1.0073849256214737
}