{
    "b0": 0.12916471783162023,
    "b1": -0.041321851477582966,
    "b2": 0.0793798145785875,
    "b3": -0.1011162356984911,
    "t1": 1.1245622186141837,
    "t2": 0.6868285401031056
}