{
    "b0": 0.1336191839720027,
    "b1": -0.042209414110167674,
    "b2": 0.36289706549295053,
    "b3": -0.4204907662962111,
    "t1": 0.7695081104450043,
    "t2": 0.7268835571618295
}