{
    "b0": 0.12842587868617295,
    "b1": -0.04077507084299701,
    "b2": 0.9069476192028345,
    "b3": -0.9367817080770259,
    "t1": 0.9623447120014592,
    "t2": 0.9187241603442351
}