{
    "b0": 0.12494225705328713,
    "b1": 0.008077064973437829,
    "b2": 0.046484578422877794,
    "b3": -0.10142217437250968,
    "t1": 1.1832327720632314,
    "t2": 0.8938722395722323
}