{
    "b0": 0.13412133799962528,
    "b1": -0.046325907011177773,
    "b2": -0.3326600186745621,
    "b3": 0.2851892517888796,
    "t1": 0.5555498539439432,
    "t2": 0.6097442948058509
}