{
    "b0": 0.12947561639200894,
    "b1": -0.04196291679614065,
    "b2": 0.14606921378582266,
    "b3": -0.17005812512295376,
    "t1": 1.0139516517140237,
    "t2": 0.7802342908971882
}