{
    "b0": 0.13526644917036373,
    "b1": -0.048271455500617004,
    "b2": 0.048435047045198396,
    "b3": -0.07875833796017546,
    "t1": 0.6237260811620925,
    "t2": 0.4195553287808334
}