{
    "b0": 0.11178893135577282,
    "b1": 0.0015913700785816897,
    "b2": -0.07459969702547216,
    "b3": 0.054025661777020575,
    "t1": 0.8525405710322547,
    "t2": 2.856909278574546
}