{
    "b0": 0.11488917980781582,
    "b1": -0.014129709731333324,
    "b2": 0.1668113039773705,
    "b3": -0.18756328863019414,
    "t1": 1.2601418446082486,
    "t2": 0.9169155278526793
}