{
    "b0": 0.13514225281228057,
    "b1": -0.04735989643932218,
    "b2": 0.0757218521726642,
    "b3": -0.11720271256450063,
    "t1": 0.645963104505931,
    "t2": 0.48940715158031034
}