{
    "b0": 0.12856923816778193,
    "b1": -0.02615380103863278,
    "b2": 0.06313145604930823,
    "b3": -0.091700958642302,
    "t1": 1.3032983759265404,
    "t2": 0.8179518609292398
}