{
    "b0": 0.084743552804042,
    "b1": 0.03502813847223615,
    "b2": 0.08357928498250408,
    "b3": -0.0741206490878737,
    "t1": 6.797838853567813,
    "t2": 0.7040933124859885
}