{
    "b0": 0.12917508595887803,
    "b1": -0.041705318458259845,
    "b2": 0.32219906236761764,
    "b3": -0.3586153472616562,
    "t1": 0.5327144118935175,
    "t2": 0.4977884358646029
}