{
    "b0": 0.13029773737922423,
    "b1": -0.03917330440141121,
    "b2": 0.29932012692019316,
    "b3": -0.34464684169280235,
    "t1": 0.8923391653230119,
    "t2": 0.7971169326678638
}