{
    "b0": 0.11258619005262371,
    "b1": -0.005717106089355738,
    "b2": -0.0708712668933835,
    "b3": 0.06990241429631294,
    "t1": 0.4142817326329382,
    "t2": 0.49091999387614127
}