{
    "b0": 0.13539381393169048,
    "b1": -0.04951166643269278,
    "b2": -0.06317190440604614,
    "b3": 0.006100844055118664,
    "t1": 0.31578832692605996,
    "t2": 0.04357672566939019
}