{
    "b0": 0.1340312430972209,
    "b1": -0.04947603744638854,
    "b2": -0.22046274840480076,
    "b3": 0.25676606507398475,
    "t1": 1.8499758233350088,
    "t2": 1.535279544670372
}