{
    "b0": 0.13760005361609337,
    "b1": -0.03308945604577925,
    "b2": 0.05675852733777233,
    "b3": -0.0980367935645941,
    "t1": 1.9575685502239577,
    "t2": 4.123877089986606
}