{
    "b0": 0.1283861690187947,
    "b1": -0.03622767014103231,
    "b2": 0.6776209955271779,
    "b3": -0.6286025281598003,
    "t1": 1.430416493610247,
    "t2": 1.5080950370142427
}