{
    "b0": 0.15551887813671814,
    "b1": -0.0517371604645041,
    "b2": 0.07770623499141341,
    "b3": -0.1238959446025322,
    "t1": 1.9059962933629215,
    "t2": 4.036970707953744
}