{
    "b0": 0.13723516454608062,
    "b1": -0.05180700052436983,
    "b2": -0.07020302891643884,
    "b3": 0.11858359836110108,
    "t1": 2.4774359015008307,
    "t2": 1.4429380273378105
}