{
    "b0": 0.12045389367851253,
    "b1": -0.015540182709881587,
    "b2": 0.01779888321718679,
    "b3": -0.0015937720097808795,
    "t1": 1.1401708887934432,
    "t2": 0.6767103921775064
}