{
    "b0": 0.12429694060028339,
    "b1": -0.028547706612476402,
    "b2": -0.07469441801532548,
    "b3": 0.11283117069167183,
    "t1": 1.3209857393065985,
    "t2": 1.1023918851135486
}