{
    "b0": 0.11638036000481948,
    "b1": -0.009136000821910645,
    "b2": 0.309027336140528,
    "b3": -0.30951628918894075,
    "t1": 0.5531053316362113,
    "t2": 0.5130874545191633
}