{
    "b0": 0.15131934884542544,
    "b1": -0.058304485272537454,
    "b2": -0.03999351028243589,
    "b3": -0.06911860156487573,
    "t1": 0.3201355272207697,
    "t2": 6.177974888405385
}