{
    "b0": 0.11784502277839248,
    "b1": -0.011134336929899473,
    "b2": 0.1039744422575137,
    "b3": -0.09686877455841679,
    "t1": 0.7926049155579787,
    "t2": 0.639286526902252
}