{
    "b0": 0.11946424710071797,
    "b1": -0.01227746629101591,
    "b2": 0.9986293195576016,
    "b3": -0.9964617624004141,
    "t1": 0.48987932957567004,
    "t2": 0.4772291579990826
}