{
    "b0": 0.11210006227380598,
    "b1": -0.005395957754022072,
    "b2": 0.09177909085576695,
    "b3": -0.08990766998123076,
    "t1": 0.5757622777514548,
    "t2": 0.5004243261051959
}