{
    "b0": 0.12588296866329202,
    "b1": -0.034635920192891176,
    "b2": -0.23010714616376765,
    "b3": 0.2832223628817066,
    "t1": 1.6613177719039536,
    "t2": 1.4608745749801662
}