{
    "b0": 0.1382001450077176,
    "b1": -0.05425728536347636,
    "b2": 0.9686467204028334,
    "b3": -0.9417123577835611,
    "t1": 1.784052219235666,
    "t2": 1.8873184516806516
}