{
    "b0": 0.11064540762243204,
    "b1": -0.00326264885243735,
    "b2": 0.09031706329157553,
    "b3": -0.08270353530996674,
    "t1": 0.6555471823447885,
    "t2": 0.4798133383357035
}