{
    "b0": 0.1355932930501346,
    "b1": -0.048785579995218195,
    "b2": -0.02144017025973132,
    "b3": -0.04134923888759941,
    "t1": 0.3057020641900374,
    "t2": 0.3542219759032559
}