{
    "b0": 0.21258111285687759,
    "b1": -0.10751956636816037,
    "b2": 0.2583260829408635,
    "b3": -0.42916444615809674,
    "t1": 3.6664084814515814,
    "t2": 5.454217255571832
}