{
    "b0": 0.12430816768697549,
    "b1": -0.03170645350563728,
    "b2": 0.089476012274652,
    "b3": -0.04138045161494422,
    "t1": 1.1276136010159643,
    "t2": 1.5920163344723894
}