{
    "b0": 0.13582003354661515,
    "b1": -0.04882351627412537,
    "b2": -0.1898957759778396,
    "b3": 0.1257418376974,
    "t1": 0.3248884932496378,
    "t2": 0.318896749182477
}