{
    "b0": 0.11432197907363872,
    "b1": -0.007046789384974943,
    "b2": 0.9880946770200447,
    "b3": -0.985881454715622,
    "t1": 0.5262730625572329,
    "t2": 0.5124731160010967
}