{
    "b0": 0.13071919236840465,
    "b1": -0.02633614527409139,
    "b2": 0.8392832292768442,
    "b3": -0.8264019579980368,
    "t1": 1.857564128793478,
    "t2": 1.9517029946114377
}