{
    "b0": 0.12370003348359937,
    "b1": -0.024268140813349846,
    "b2": -0.0032673324633571785,
    "b3": 0.055063630813560506,
    "t1": 2.3298763560996334,
    "t2": 0.8483558079866755
}