{
    "b0": 0.11796221775907449,
    "b1": -0.011396062485221322,
    "b2": 0.1920035009366874,
    "b3": -0.18534473171416083,
    "t1": 0.6733202806259335,
    "t2": 0.6140607982348811
}