{
    "b0": 0.11931749893931246,
    "b1": -0.017361882736555933,
    "b2": 0.012377250613058041,
    "b3": 0.028317305774351313,
    "t1": 1.4922258585050807,
    "t2": 0.5532921383499403
}