{
    "b0": 0.11445251463733679,
    "b1": -0.00744994095551078,
    "b2": 0.4794666028736058,
    "b3": -0.47153949577410187,
    "t1": 0.5783116747090684,
    "t2": 0.5433334326154906
}