{
    "b0": 0.12654444589656788,
    "b1": -0.033270280594364036,
    "b2": 0.17884660615991144,
    "b3": -0.13370651451956908,
    "t1": 1.2812514892889784,
    "t2": 1.4738180643874559
}