{
    "b0": 0.15539885422792524,
    "b1": -0.06922713542317259,
    "b2": -0.04969525388504133,
    "b3": -0.08111248937154465,
    "t1": 0.3649524670700117,
    "t2": 3.248646898327471
}