{
    "b0": 0.11818565617058802,
    "b1": -0.011509828371684816,
    "b2": 0.3481821773809898,
    "b3": -0.3433463869600608,
    "t1": 0.694455131210657,
    "t2": 0.6568574437859285
}