{
    "b0": 0.1363318320955323,
    "b1": -0.04936575778834871,
    "b2": 0.000896528567569204,
    "b3": -0.02624713149860128,
    "t1": 0.666409014725831,
    "t2": 0.2264827510700158
}