{
    "b0": 0.11827065826223107,
    "b1": -0.010906333708847204,
    "b2": 0.38137092737778844,
    "b3": -0.3844852570747832,
    "t1": 0.4793616894280097,
    "t2": 0.4502942086154036
}