{
    "b0": 0.11257424913425855,
    "b1": -0.005267944721821216,
    "b2": 0.351115728765384,
    "b3": -0.3477301928424062,
    "t1": 0.5285823726979828,
    "t2": 0.49651017968430544
}