{
    "b0": 0.11234236768798977,
    "b1": -0.00531590886975943,
    "b2": -0.02842775932821438,
    "b3": 0.028613739000406733,
    "t1": 0.37049100634614796,
    "t2": 0.6040837019521108
}