{
    "b0": 0.15375746678785715,
    "b1": -0.05014606115087741,
    "b2": 0.09548246038201136,
    "b3": -0.15578931950543498,
    "t1": 2.164686888031577,
    "t2": 4.065168379886622
}