{
    "b0": 0.1362636155966599,
    "b1": -0.04939435913736312,
    "b2": -0.10541835237096274,
    "b3": 0.04819408431167746,
    "t1": 0.3693409878373659,
    "t2": 0.40807414201982795
}