{
    "b0": 0.18454544416759344,
    "b1": -0.08006068721078129,
    "b2": 0.17375868315089077,
    "b3": -0.2946676347365301,
    "t1": 3.1452685256599673,
    "t2": 5.039344928447823
}