{
    "b0": 0.11449902230758581,
    "b1": -0.0073447561876785,
    "b2": 0.34497257446666335,
    "b3": -0.33816609433480455,
    "t1": 0.5857659118342209,
    "t2": 0.5384084649149292
}