{
    "b0": 0.12655198026954415,
    "b1": -0.03805215936149238,
    "b2": -0.3163299501138439,
    "b3": 0.3743341325620074,
    "t1": 1.5562412700116774,
    "t2": 1.4413592879499588
}