{
    "b0": 0.13832417522265122,
    "b1": -0.05403266610983569,
    "b2": -0.8950592401275272,
    "b3": 0.9217211195301351,
    "t1": 1.8720899640890383,
    "t2": 1.7636412193068143
}