{
    "b0": 0.12240809132383525,
    "b1": -0.022022384459121115,
    "b2": -0.0460252574875252,
    "b3": 0.08000363708841657,
    "t1": 1.16728474773047,
    "t2": 0.8987434007156478
}