{
    "b0": 0.1458347196440476,
    "b1": -0.039766685524963735,
    "b2": -0.03254605940581365,
    "b3": -0.07817103871867186,
    "t1": 0.2896369599106954,
    "t2": 4.806661035301382
}