{
    "b0": 0.14457812044785323,
    "b1": -0.037458935359058726,
    "b2": -0.04161053148969324,
    "b3": -0.07677501501648198,
    "t1": 0.3923123777029639,
    "t2": 4.935338005783851
}