{
    "b0": 0.12644152027676797,
    "b1": -0.03957117568659008,
    "b2": -0.05048936111597542,
    "b3": 0.018116842430746082,
    "t1": 0.2595208232693782,
    "t2": 10.0
}