{
    "b0": 0.11603850556808788,
    "b1": -0.008895209428468248,
    "b2": 0.15070792061087632,
    "b3": -0.1493698060710317,
    "t1": 0.5765172711306574,
    "t2": 0.5168390732590193
}