{
    "b0": 0.11470227342373052,
    "b1": -0.007642364843821174,
    "b2": -0.3154049236707363,
    "b3": 0.3210762956276202,
    "t1": 0.5314389005813291,
    "t2": 0.5685901426325222
}