{
    "b0": 0.12490754400219592,
    "b1": -0.030636515063257867,
    "b2": -0.20277347804259394,
    "b3": 0.241979009817289,
    "t1": 1.38275134350374,
    "t2": 1.2681538467584863
}