{
    "b0": 0.1195266868620991,
    "b1": -0.017017541498855336,
    "b2": 0.017228210783867152,
    "b3": 0.01592789959352096,
    "t1": 1.163466434232265,
    "t2": 0.2931927299904018
}