{
    "b0": 0.1505397114865663,
    "b1": -0.06672531461392343,
    "b2": -0.6614111013244521,
    "b3": 0.6734422555121954,
    "t1": 1.9565049164191657,
    "t2": 1.8042478428991782
}