{
    "b0": 0.12255403678198348,
    "b1": -0.031801780692165785,
    "b2": 0.43241099976970865,
    "b3": -0.37368067137758737,
    "t1": 1.293453004404645,
    "t2": 1.3679190309574856
}