{
    "b0": 0.11385760179490333,
    "b1": -0.006385261332702686,
    "b2": 0.8656458691625953,
    "b3": -0.8616190488107642,
    "t1": 0.5358507930290566,
    "t2": 0.5180759665894623
}