{
    "b0": 0.1527088806069099,
    "b1": -0.06599385073151606,
    "b2": -0.0450390379329829,
    "b3": -0.08267486910626334,
    "t1": 0.35667368098471464,
    "t2": 3.729945787642547
}