{
    "b0": 0.13629076193574036,
    "b1": -0.049477640362129115,
    "b2": 0.01990703360192389,
    "b3": -0.0698440331430936,
    "t1": 0.39623732982550663,
    "t2": 0.34502095561159773
}