{
    "b0": 0.14216943435528237,
    "b1": -0.03610586490870825,
    "b2": -0.026434487147359336,
    "b3": -0.06092313067081953,
    "t1": 0.31510221732476074,
    "t2": 5.0296025373586
}