{
    "b0": 0.11489711097482595,
    "b1": -0.007406032534201073,
    "b2": -0.2212415603542639,
    "b3": 0.21814586440996864,
    "t1": 0.42228459413566366,
    "t2": 0.46219365378469845
}