{
    "b0": 0.13637580539217597,
    "b1": -0.04953489079792685,
    "b2": 0.005511673697909288,
    "b3": -0.03976506170945987,
    "t1": 0.5486285617252573,
    "t2": 0.3039904385090546
}