{
    "b0": 0.1907541810906545,
    "b1": -0.08696763875947199,
    "b2": 0.17698640016715808,
    "b3": -0.31629968290309635,
    "t1": 2.9493518612136986,
    "t2": 4.941142922253368
}