{
    "b0": 0.15329766688768137,
    "b1": -0.06934050886617954,
    "b2": -0.2537442588029362,
    "b3": 0.26168630110147084,
    "t1": 2.1426404804749777,
    "t2": 1.679577578965063
}