{
    "b0": 0.13588105996685662,
    "b1": -0.04915012093125536,
    "b2": -0.0687453023939704,
    "b3": 0.012933059461047947,
    "t1": 0.37504846869433806,
    "t2": 0.6005496313822869
}