{
    "b0": 0.14372897056447514,
    "b1": -0.03660436650435553,
    "b2": -0.038714432732350694,
    "b3": -0.09463534669458774,
    "t1": 0.41560518546711206,
    "t2": 5.3554036688325155
}