{
    "b0": 0.12381336681951617,
    "b1": -0.01882979676190919,
    "b2": -0.24266904892830188,
    "b3": 0.2731913045839357,
    "t1": 1.4650028891498574,
    "t2": 1.2808935658483285
}