{
    "b0": 0.12173687887242927,
    "b1": -0.01650861715874384,
    "b2": -0.7304217256963319,
    "b3": 0.7648135997299241,
    "t1": 1.2793560949945526,
    "t2": 1.2368130429288393
}