{
    "b0": 0.13152112286207596,
    "b1": -0.0452388132177148,
    "b2": -0.040054006050871546,
    "b3": 0.09408189273217929,
    "t1": 1.7287429176952331,
    "t2": 1.2022335461307438
}