{
    "b0": 0.11687290942994115,
    "b1": -0.00945273556047603,
    "b2": -0.12669360932253546,
    "b3": 0.1260020412635844,
    "t1": 0.415644289399812,
    "t2": 0.5062037234447372
}