{
    "b0": 0.11760540446320009,
    "b1": -0.010251132690623738,
    "b2": 0.7194836150863041,
    "b3": -0.7223744953900235,
    "t1": 0.5430270341956183,
    "t2": 0.5261243379620311
}