{
    "b0": 0.11675394082577065,
    "b1": -0.009678032367857895,
    "b2": 0.11349755861343484,
    "b3": -0.1089993245065074,
    "t1": 0.7458350610413234,
    "t2": 0.6064875015693951
}