{
    "b0": 0.12116858072237273,
    "b1": -0.018853531611870894,
    "b2": 0.013245868615457063,
    "b3": 0.013054960055847727,
    "t1": 0.8345471615483122,
    "t2": 0.2904393456852219
}