{
    "b0": 0.1498951051114379,
    "b1": -0.06378064746589653,
    "b2": -0.06102831706640158,
    "b3": -0.056416823155254106,
    "t1": 0.34917391273201037,
    "t2": 3.266744449474447
}