{
    "b0": 0.11245330206684767,
    "b1": -0.0019067021759654624,
    "b2": -0.784706758996301,
    "b3": 0.7486222588509969,
    "t1": 0.8391263535369093,
    "t2": 0.8649421478328057
}