{
    "b0": 0.12123547185735571,
    "b1": 0.001395282843550458,
    "b2": 0.053716217413999554,
    "b3": -0.03941693317525324,
    "t1": 1.6037360753231078,
    "t2": 1.9133125013030696
}