{
    "b0": 0.10004275372470893,
    "b1": 0.01151638410539334,
    "b2": -0.036932633240861656,
    "b3": 0.03957034815925832,
    "t1": 0.5925500559167225,
    "t2": 4.007325045659787
}