{
    "b0": 0.1272141445598631,
    "b1": -0.017332195913766193,
    "b2": 0.16599144026301188,
    "b3": -0.141925445017426,
    "t1": 1.4063744834067524,
    "t2": 1.7615388314434282
}