{
    "b0": 0.1199537956920794,
    "b1": -0.0005736106604201131,
    "b2": 0.008831707858308318,
    "b3": 0.011620015963703744,
    "t1": 1.4518433357650222,
    "t2": 0.6676535588498727
}