{
    "b0": 0.12079384646559728,
    "b1": -0.006897930227157743,
    "b2": 0.005878044981263262,
    "b3": 0.032147670834708535,
    "t1": 1.430492876374705,
    "t2": 0.7310858919534589
}