{
    "b0": 0.11871789819863933,
    "b1": 0.002551909925749914,
    "b2": 0.012338943866492168,
    "b3": 0.0055994570210114395,
    "t1": 1.3202972030754792,
    "t2": 0.5272015892980031
}