{
    "b0": 0.11925705418377672,
    "b1": 0.0017572204931801932,
    "b2": 0.012689849018185203,
    "b3": 0.0069244754745344025,
    "t1": 1.2349800382933869,
    "t2": 0.5339565558022672
}