{
    "b0": 0.1717173437278008,
    "b1": -0.055344247666785584,
    "b2": 0.6095545374525566,
    "b3": -0.677994863889207,
    "t1": 3.33232957682052,
    "t2": 3.8141292387253465
}