{
    "b0": 0.11190404565664087,
    "b1": 0.013495069783483624,
    "b2": 0.3926571339264599,
    "b3": -0.41195285592817227,
    "t1": 1.2917695647520855,
    "t2": 1.2143113166996038
}