{
    "b0": 0.11895670551379767,
    "b1": 0.001085070756531456,
    "b2": 0.011722843944792184,
    "b3": 0.008894058070463041,
    "t1": 1.5310299545363248,
    "t2": 0.47312679922830014
}