{
    "b0": 0.1209968906644984,
    "b1": -0.004906650810452495,
    "b2": 0.31482358579522957,
    "b3": -0.2901494741404796,
    "t1": 0.7912314430508038,
    "t2": 0.769433394684147
}