{
    "b0": 0.11354385514709676,
    "b1": 0.011235820997401558,
    "b2": -0.14705547855564077,
    "b3": 0.14766954700513088,
    "t1": 1.7742038190807232,
    "t2": 1.9946615242622272
}