{
    "b0": 0.12614649194745023,
    "b1": -0.0162677950636855,
    "b2": -0.07279405395045778,
    "b3": 0.10649418245636441,
    "t1": 1.7732203083025522,
    "t2": 1.2592013387708394
}