{
    "b0": 0.11787957591493142,
    "b1": 0.0061050890136014275,
    "b2": -0.0561420716992967,
    "b3": 0.05538177950364885,
    "t1": 1.6217507823539759,
    "t2": 1.9371660328107252
}