{
    "b0": 0.12327162625103429,
    "b1": -0.006836900692083059,
    "b2": -0.12735922549214307,
    "b3": 0.14906910184987154,
    "t1": 0.7028927417041597,
    "t2": 0.7782698641632271
}