{
    "b0": 0.11151617678520548,
    "b1": -0.0013166196639405481,
    "b2": 0.07905325344013875,
    "b3": -0.11416420380241438,
    "t1": 0.9504077464052756,
    "t2": 0.7853418911762882
}