{
    "b0": 0.12170219866099967,
    "b1": -0.003204750429983268,
    "b2": 0.005180859929541585,
    "b3": 0.013863101310347655,
    "t1": 1.4083534091524763,
    "t2": 0.8448280432509367
}