{
    "b0": 0.11798500922382085,
    "b1": 0.002708630718712744,
    "b2": 0.00670556944224377,
    "b3": 0.011551517546345327,
    "t1": 1.4734989500333864,
    "t2": 0.6303992544813228
}