{
    "b0": 0.11944944160331901,
    "b1": 0.004566068195554529,
    "b2": 0.05676922350045498,
    "b3": -0.038992084553635176,
    "t1": 1.0341638240070008,
    "t2": 0.7894980480869194
}