{
    "b0": 0.10225835003236518,
    "b1": 0.015011786531441381,
    "b2": 0.029422159346352245,
    "b3": -0.043719011991032855,
    "t1": 3.9021499943220697,
    "t2": 0.6377414924119943
}