{
    "b0": 0.11862462264238141,
    "b1": 0.0021261911641553034,
    "b2": 0.0064272050991530045,
    "b3": 0.011404908141444044,
    "t1": 1.5062904397216452,
    "t2": 0.6298247237658439
}