{
    "b0": 0.12075862989498205,
    "b1": -0.001551238646746369,
    "b2": 0.01029393752201056,
    "b3": 0.0099962990099337,
    "t1": 1.380158065566433,
    "t2": 0.7060060391242633
}