{
    "b0": 0.12249784874631797,
    "b1": -0.0057359417402059,
    "b2": -0.8383488310336492,
    "b3": 0.8604315975104065,
    "t1": 0.7592112539468827,
    "t2": 0.772401079721579
}