{
    "b0": 0.09284356107748508,
    "b1": 0.018565181856942337,
    "b2": -0.032653883171365854,
    "b3": 0.05892120353639588,
    "t1": 0.6020857330134393,
    "t2": 4.146549206061734
}