{
    "b0": 0.11098154354181554,
    "b1": 0.0047482188913827855,
    "b2": 0.5738596159457245,
    "b3": -0.6032648083081473,
    "t1": 1.0670405973489334,
    "t2": 1.0111165675745664
}