{
    "b0": 0.12299917457758033,
    "b1": -0.004871636897995538,
    "b2": -0.17204951516873726,
    "b3": 0.19253529795098284,
    "t1": 1.496523333641488,
    "t2": 1.4191884665105663
}