{
    "b0": 0.12094530322998111,
    "b1": -0.0016675822605851705,
    "b2": 0.0019166256139410232,
    "b3": 0.01845033346586556,
    "t1": 1.4388627066698243,
    "t2": 1.005370353086402
}