{
    "b0": 0.12641010289261945,
    "b1": -0.015446626152608322,
    "b2": -0.8049213496720593,
    "b3": 0.8376017717075662,
    "t1": 1.2704500405940906,
    "t2": 1.2534431793127245
}