{
    "b0": 0.12092818921171881,
    "b1": -0.00184852370429,
    "b2": 0.00624406601607635,
    "b3": 0.011711702869767113,
    "t1": 0.8620137196003492,
    "t2": 1.0433587496825822
}