{
    "b0": 0.12512140159321,
    "b1": -0.01681654165343397,
    "b2": 0.1268765005691964,
    "b3": -0.09437145667012471,
    "t1": 1.202431702875276,
    "t2": 1.5597681026585013
}