{
    "b0": 0.11567704681879672,
    "b1": 0.009153335569965202,
    "b2": -0.37993265354180505,
    "b3": 0.37672674375265064,
    "t1": 1.6373307790910312,
    "t2": 1.7043647788273972
}