{
    "b0": 0.09883926287541601,
    "b1": 0.012907501233069614,
    "b2": -0.03660596216660216,
    "b3": 0.04073507218219861,
    "t1": 0.6064194301720731,
    "t2": 4.122049499780544
}