{
    "b0": 0.12373224931272774,
    "b1": -0.0063714296874319695,
    "b2": 0.5946696730654715,
    "b3": -0.5779045255774728,
    "t1": 0.8685991484333329,
    "t2": 0.8475317974596299
}