{
    "b0": 0.12777159061504342,
    "b1": -0.01804721726025163,
    "b2": -0.17221958246535177,
    "b3": 0.19892946960424607,
    "t1": 1.7994343835809197,
    "t2": 1.460185151246296
}