{
    "b0": 0.11041947593538871,
    "b1": 0.010395907295396755,
    "b2": 0.3963952621550077,
    "b3": -0.41817850120943034,
    "t1": 1.1498104891751035,
    "t2": 1.0649360541999888
}