{
    "b0": 0.12222696782698057,
    "b1": -0.003542775961301699,
    "b2": -0.0696345320793547,
    "b3": 0.08583861690119492,
    "t1": 0.5508405534862568,
    "t2": 0.6503125745593215
}