{
    "b0": 0.12316598645986812,
    "b1": -0.004348219869368932,
    "b2": 0.06287952326387841,
    "b3": -0.04571875687963171,
    "t1": 0.9374740146128175,
    "t2": 0.7610871488495468
}