{
    "b0": 0.10941578432814553,
    "b1": 0.0017990156095935902,
    "b2": 0.24787449151140312,
    "b3": -0.2838682171502209,
    "t1": 1.1957476101554616,
    "t2": 1.0639087732484596
}