{
    "b0": 0.10778411142321882,
    "b1": 0.006988084849958734,
    "b2": 0.027839896030433305,
    "b3": -0.06429931837775589,
    "t1": 1.869346822044763,
    "t2": 0.7571652233417803
}