{
    "b0": 0.12337425109879187,
    "b1": -0.005384015794622736,
    "b2": -0.04352315913470728,
    "b3": 0.06373909239260005,
    "t1": 1.6940991440118864,
    "t2": 1.3403033051106972
}