{
    "b0": 0.09857370687581132,
    "b1": 0.02193363979292673,
    "b2": 0.05497669460210531,
    "b3": -0.056175978466010634,
    "t1": 4.106205197187519,
    "t2": 0.6549134561780461
}