{
    "b0": 0.11881381387750833,
    "b1": 0.002102471798627577,
    "b2": 0.009224243632883135,
    "b3": 0.008991922133149184,
    "t1": 1.3369308283780268,
    "t2": 0.5377024147084937
}