{
    "b0": 0.12326625547051809,
    "b1": -0.00596233955074972,
    "b2": 0.07324818345070591,
    "b3": -0.051334471792553855,
    "t1": 0.9856543754732208,
    "t2": 0.8202786020305526
}