{
    "b0": 0.10856419068679131,
    "b1": 0.006070958811867733,
    "b2": 0.12330582747540951,
    "b3": -0.16031098767458493,
    "t1": 1.1029312692998214,
    "t2": 0.895061708198897
}