{
    "b0": 0.12299868429340091,
    "b1": -0.0080840309768245,
    "b2": -0.023055401077807847,
    "b3": 0.05613538209262348,
    "t1": 1.4290048092833278,
    "t2": 1.0330707131291366
}