{
    "b0": 0.11951605464928175,
    "b1": 0.0018624416723665629,
    "b2": -0.044458541379099596,
    "b3": 0.06342018526510886,
    "t1": 1.0599626568231848,
    "t2": 1.0416711984294995
}