{
    "b0": 0.12349811566696886,
    "b1": -0.008246932586958225,
    "b2": 0.04260286231658628,
    "b3": -0.014345150965267105,
    "t1": 1.0197050752918542,
    "t2": 1.6817193021460097
}