{
    "b0": 0.11909748620088756,
    "b1": 0.0031051000388331914,
    "b2": 0.020520770749513913,
    "b3": 0.0028747920351314474,
    "t1": 1.5799515141150073,
    "t2": 0.19322037722089114
}