{
    "b0": 0.11172684668193641,
    "b1": 0.007242429074173642,
    "b2": 0.1369977127352198,
    "b3": -0.17411525966055552,
    "t1": 1.1526677017048175,
    "t2": 0.9211964984583769
}