{
    "b0": 0.11351161801601246,
    "b1": -0.004138963677643494,
    "b2": 0.06101779560884703,
    "b3": -0.09151753649340673,
    "t1": 0.8349588821623088,
    "t2": 0.6813352699105488
}