{
    "b0": 0.1236342550013368,
    "b1": -0.012491914081487903,
    "b2": 0.03701218267297694,
    "b3": -0.008974507234294524,
    "t1": 0.9424198290323078,
    "t2": 1.7285405589923561
}