{
    "b0": 0.1234082415885386,
    "b1": -0.00595376779356851,
    "b2": -0.12990298769892092,
    "b3": 0.1495947548334357,
    "t1": 0.8284870926539414,
    "t2": 0.9076742425329174
}