{
    "b0": 0.11963820384812288,
    "b1": 0.004346630491308432,
    "b2": 0.021807124905640872,
    "b3": -0.0052314011160187425,
    "t1": 1.5,
    "t2": 0.5
}