{
    "b0": 0.10887237631602335,
    "b1": 0.006176049937137563,
    "b2": 0.3880809277640578,
    "b3": -0.42319213793155863,
    "t1": 1.0856001730211986,
    "t2": 1.0025254645255375
}