{
    "b0": 0.11157074910682374,
    "b1": 0.013818692407482278,
    "b2": 0.19201515474411415,
    "b3": -0.20415231735999112,
    "t1": 1.7168647532452246,
    "t2": 1.495932802079217
}