{
    "b0": 0.1203739591662907,
    "b1": -0.0014302034602051133,
    "b2": 0.017095364129607417,
    "b3": 0.003923699600263784,
    "t1": 0.9034369629639114,
    "t2": 0.07277374975887518
}