{
    "b0": 0.12011068992142755,
    "b1": -0.0015210546044898254,
    "b2": 0.013564226388516877,
    "b3": 0.007867814312594545,
    "t1": 1.4852857600427827,
    "t2": 0.6437054060038614
}