{
    "b0": -0.022646520941016633,
    "b1": 0.12701218674901496,
    "b2": -0.00197607072267985,
    "b3": 0.3627108681320064,
    "t1": 1.9946788835093812,
    "t2": 6.260256810163948
}