{
    "b0": 0.11015559856101928,
    "b1": 0.015582623307799155,
    "b2": 0.0715944646492135,
    "b3": -0.09447655268940323,
    "t1": 1.4814376808098184,
    "t2": 1.0307099668877568
}