{
    "b0": 0.11427351805011789,
    "b1": 0.010585711031664858,
    "b2": -0.10415204512171777,
    "b3": 0.10127483041176659,
    "t1": 1.7125047219178051,
    "t2": 1.9449460670486909
}