{
    "b0": 0.15197759548965498,
    "b1": -0.02847844330043419,
    "b2": 0.0696942131878566,
    "b3": -0.12935972549562308,
    "t1": 3.0687580232463616,
    "t2": 5.303641126804054
}