{
    "b0": 0.11259192502005773,
    "b1": 0.008009642201495491,
    "b2": 0.6406842981699937,
    "b3": -0.6678365358778393,
    "t1": 1.1026634383340417,
    "t2": 1.0462846572280244
}