{
    "b0": 0.11297384528032693,
    "b1": -0.002471998944925849,
    "b2": 0.04700504398297124,
    "b3": -0.08514056791972906,
    "t1": 0.9707505088996591,
    "t2": 0.7068247851500891
}