{
    "b0": 0.12621719613209417,
    "b1": -0.015552495387976917,
    "b2": -0.09720791333776332,
    "b3": 0.1302633466151689,
    "t1": 1.4723541410977523,
    "t2": 1.256365532384645
}