{
    "b0": 0.11784275575567829,
    "b1": 0.002854270474072518,
    "b2": 0.008805368292686879,
    "b3": 0.00951542532174367,
    "t1": 1.4990087920235529,
    "t2": 0.547235049386047
}