{
    "b0": 0.09845601982188179,
    "b1": 0.021812227389389947,
    "b2": 0.04639908304045372,
    "b3": -0.06019405462059134,
    "t1": 3.8248348936255048,
    "t2": 0.6962961003825078
}