{
    "b0": 0.10470559140298674,
    "b1": 0.01509518700607846,
    "b2": 0.026936575212382973,
    "b3": -0.05873377586350555,
    "t1": 3.0690018053370167,
    "t2": 0.6445392629828985
}