{
    "b0": 0.11357403883860491,
    "b1": -0.0034806312296857163,
    "b2": 0.021840467048384635,
    "b3": -0.053694190665051336,
    "t1": 1.0382927250279295,
    "t2": 0.6119366398769399
}