{
    "b0": 0.11798836501736021,
    "b1": 0.0006178930240648009,
    "b2": 0.008660563241966212,
    "b3": 0.017598927006703804,
    "t1": 4.262425147621238,
    "t2": 0.8983355556412373
}