{
    "b0": 0.11950077205391772,
    "b1": 0.0025720379738840855,
    "b2": -0.014413759841240836,
    "b3": 0.03463074334806333,
    "t1": 1.3714349732374833,
    "t2": 1.1304528684693391
}