{
    "b0": 0.13799664023014102,
    "b1": -0.021836943810680607,
    "b2": 0.8194289698309148,
    "b3": -0.8188059670045631,
    "t1": 2.3228492606530593,
    "t2": 2.454052417687446
}