{
    "b0": 0.11572461236721951,
    "b1": -0.017850074297806662,
    "b2": 0.10563924437707678,
    "b3": -0.16793088146992896,
    "t1": 0.7560771105650552,
    "t2": 0.7057761207168021
}