{
    "b0": 0.10308185647774791,
    "b1": -0.0315142152563093,
    "b2": -0.002820665583835223,
    "b3": -0.013838473870604176,
    "t1": 2.320884583708997,
    "t2": 0.5625288544365024
}