{
    "b0": 0.1008436113364961,
    "b1": -0.02889477958390424,
    "b2": -0.001013721247756524,
    "b3": -0.01842737617464201,
    "t1": 1.9244106165816848,
    "t2": 0.6391460639921007
}