{
    "b0": 0.11385782586768795,
    "b1": -0.006097285591898382,
    "b2": 0.06912243251123164,
    "b3": -0.10154487443153953,
    "t1": 0.25195903999476155,
    "t2": 0.3155583435251357
}