{
    "b0": 0.11753773241332222,
    "b1": -0.021787273908696135,
    "b2": 0.004723820594400421,
    "b3": -0.04713695070600839,
    "t1": 1.1276627364344458,
    "t2": 0.5662831726381521
}