{
    "b0": 0.11692262719806061,
    "b1": -0.021564418979106444,
    "b2": 0.32151719524840167,
    "b3": -0.37199842341616,
    "t1": 0.7216802686296129,
    "t2": 0.7029350845772155
}