{
    "b0": 0.10609436484001426,
    "b1": -0.03222528123922115,
    "b2": -0.0002717169760396397,
    "b3": -0.017954542267226606,
    "t1": 2.148182830010159,
    "t2": 0.47054307221631575
}