{
    "b0": 0.09897837551240722,
    "b1": -0.02729281685946474,
    "b2": -0.012786179320182767,
    "b3": -0.012608505739956049,
    "t1": 1.5047979961944602,
    "t2": 0.5762081016174685
}