{
    "b0": 0.10638986733888162,
    "b1": -0.02819152906043975,
    "b2": -0.0048409918899395485,
    "b3": -0.03250860212066277,
    "t1": 1.5277629775851196,
    "t2": 0.3948076080322691
}