{
    "b0": 0.10748442097993394,
    "b1": -0.019250180999279786,
    "b2": 0.005438430519564285,
    "b3": -0.04891535859168256,
    "t1": 1.5102027334832577,
    "t2": 0.6200134805155875
}