{
    "b0": 0.11607221608924341,
    "b1": -0.01076738925507947,
    "b2": 0.11225591503970311,
    "b3": -0.151202349326064,
    "t1": 0.8557885297236174,
    "t2": 0.7512351271846427
}