{
    "b0": 0.10836757863160783,
    "b1": -0.020881285487686065,
    "b2": 0.0006038597261294968,
    "b3": -0.05306402970186023,
    "t1": 1.1235895702501972,
    "t2": 0.59506569225496
}