{
    "b0": 0.1070496094322877,
    "b1": -0.02816233468617548,
    "b2": 0.00035031795295709794,
    "b3": -0.033628225489596965,
    "t1": 2.1781044121027464,
    "t2": 0.3777539642889458
}