{
    "b0": 0.10708241809567262,
    "b1": -0.027936739248889335,
    "b2": -0.011056533008229017,
    "b3": -0.03532722478847784,
    "t1": 1.515685930865724,
    "t2": 0.4208042864226682
}