{
    "b0": 0.11870897104407244,
    "b1": -0.013826867940367419,
    "b2": 0.005555098955623524,
    "b3": -0.04891346934423289,
    "t1": 1.5691721819624291,
    "t2": 0.6276071680888586
}