{
    "b0": 0.11850413911408726,
    "b1": -0.022655522285356756,
    "b2": -0.09328870132990645,
    "b3": 0.037690673541206546,
    "t1": 0.6342800399614275,
    "t2": 0.7204007182920344
}