{
    "b0": 0.10107204042848031,
    "b1": -0.02953418250230129,
    "b2": -0.0014862184414886747,
    "b3": -0.023265270252223184,
    "t1": 1.4930383490354915,
    "t2": 0.7499311616147626
}