{
    "b0": 0.10298560196253483,
    "b1": -0.028337604660422615,
    "b2": -0.00030056931764319353,
    "b3": -0.02031366300761219,
    "t1": 1.8099197573718593,
    "t2": 0.40230825852866126
}