{
    "b0": 0.10374391413811207,
    "b1": -0.023845363748895284,
    "b2": -0.0002308277584247096,
    "b3": -0.03364618315035122,
    "t1": 2.5981322521700974,
    "t2": 0.49308650295287926
}