{
    "b0": 0.10276875988676733,
    "b1": -0.028165090658838224,
    "b2": -2.6230147594221917e-05,
    "b3": -0.022229007579853917,
    "t1": 1.4647399137545314,
    "t2": 0.46274872646757004
}