{
    "b0": 0.11617175805756871,
    "b1": -0.013649344355108048,
    "b2": 0.18812112840323042,
    "b3": -0.23758303052255492,
    "t1": 0.8169414472284142,
    "t2": 0.7602996488951757
}