{
    "b0": 0.11562436863171427,
    "b1": -0.022131173544391765,
    "b2": 0.5986617656037481,
    "b3": -0.6462644006353749,
    "t1": 0.7778682327551305,
    "t2": 0.7589421143637329
}