{
    "b0": 0.11150022975474963,
    "b1": -0.026933924657696284,
    "b2": 0.5301324703389679,
    "b3": -0.5804213696507438,
    "t1": 1.0630599281106665,
    "t2": 1.028404832721972
}