{
    "b0": 0.11748953981817353,
    "b1": -0.016205422510168405,
    "b2": 0.2012225446831092,
    "b3": -0.25930429191238347,
    "t1": 0.768693464391311,
    "t2": 0.7261185587335763
}