{
    "b0": 0.10370043649559077,
    "b1": -0.032279246081577645,
    "b2": 0.0014105644424847671,
    "b3": -0.015380680343286702,
    "t1": 2.384334739946494,
    "t2": 0.5594885715981688
}