{
    "b0": 0.17609632972181583,
    "b1": -0.10529495791760182,
    "b2": -0.08114224456415524,
    "b3": -0.20361634380823215,
    "t1": 1.0894122885765993,
    "t2": 6.254010044591439
}