{
    "b0": 0.10849901143145002,
    "b1": -0.022718456381362426,
    "b2": -0.007451625428018866,
    "b3": -0.033901868617338786,
    "t1": 1.49661832017215,
    "t2": 0.5705820626294331
}