{
    "b0": 0.10091427879615453,
    "b1": -0.0295052399929241,
    "b2": -0.0018472368245822136,
    "b3": -0.022598695686777918,
    "t1": 1.4010342496729016,
    "t2": 0.7131001633243024
}