{
    "b0": 0.11426582841571738,
    "b1": -0.01032989797879827,
    "b2": 0.010708825691820164,
    "b3": -0.05471738738114583,
    "t1": 1.5849285601684064,
    "t2": 0.6339183927114691
}