{
    "b0": 0.11739886037955444,
    "b1": -0.021897707873997547,
    "b2": 0.006298228556436344,
    "b3": -0.041786723933572446,
    "t1": 1.4895837284855706,
    "t2": 0.5539533346291678
}