{
    "b0": 0.10872822470518063,
    "b1": -0.021523340428965643,
    "b2": 0.005810207117802901,
    "b3": -0.0541220159955351,
    "t1": 1.5464400468879633,
    "t2": 0.6236731443243917
}