{
    "b0": 0.10005240873826331,
    "b1": -0.028453987667656423,
    "b2": -0.04642941384441211,
    "b3": 0.007489582949732631,
    "t1": 0.989948959013562,
    "t2": 2.138805438133147
}