{
    "b0": 0.10803242578741953,
    "b1": -0.02531360314807749,
    "b2": -0.008770334735660223,
    "b3": -0.04021092012011647,
    "t1": 1.4810407286279381,
    "t2": 0.6491849921342325
}