{
    "b0": 0.11503068383226764,
    "b1": -0.00857804450316817,
    "b2": 0.27495962305422034,
    "b3": -0.30543914175194437,
    "t1": 0.7683618857956702,
    "t2": 0.7272163953955681
}