{
    "b0": 0.10759466316865249,
    "b1": -0.028401605351567737,
    "b2": -0.0007058101135576887,
    "b3": -0.035417957520765785,
    "t1": 2.099723193564409,
    "t2": 0.42262078134905323
}