{
    "b0": 0.11107106526370905,
    "b1": -0.022155400789942097,
    "b2": 0.06196363336039416,
    "b3": -0.11998227035556808,
    "t1": 0.7649965994114414,
    "t2": 0.7394525452218534
}