{
    "b0": 0.10097200586230375,
    "b1": -0.029092546031714107,
    "b2": -0.0007931705825014665,
    "b3": -0.01629327925095728,
    "t1": 2.185403604056279,
    "t2": 0.6045498912961662
}