{
    "b0": 0.0988569200314661,
    "b1": -0.027109551136483626,
    "b2": 0.16660636441141552,
    "b3": -0.19971044055974457,
    "t1": 1.2444912977633344,
    "t2": 1.1628889811526473
}