{
    "b0": 0.0991206190752732,
    "b1": -0.028199862413006635,
    "b2": -0.042338112002130376,
    "b3": 0.0034935850494201767,
    "t1": 0.9738127601132343,
    "t2": 1.5202141301797623
}