{
    "b0": 0.10641502289680267,
    "b1": -0.03229055116470835,
    "b2": -0.001219490486776307,
    "b3": -0.017554728944137347,
    "t1": 2.058184126313405,
    "t2": 0.442040254298373
}