{
    "b0": 0.1140219818104764,
    "b1": -0.008753309145504894,
    "b2": 0.015548661630821449,
    "b3": -0.035731109044083754,
    "t1": 2.188753083646895,
    "t2": 0.5595494362900686
}