{
    "b0": 0.11322767475577675,
    "b1": -0.020350785722368737,
    "b2": 0.04013920782366052,
    "b3": -0.08543352733452236,
    "t1": 0.8455559906944936,
    "t2": 0.7133111222920308
}