{
    "b0": 0.10536324246514113,
    "b1": -0.03130273370591792,
    "b2": -0.0008946635184670319,
    "b3": -0.018548998328034354,
    "t1": 1.9640970554562038,
    "t2": 0.46086761513594343
}