{
    "b0": 0.10689178725880466,
    "b1": -0.03303892106495941,
    "b2": -0.0006269124219039999,
    "b3": -0.018744403049035678,
    "t1": 1.875343509628065,
    "t2": 0.4950760113761419
}