{
    "b0": 0.10905517204810658,
    "b1": -0.024924663899024542,
    "b2": -0.9319244342653744,
    "b3": 0.8793363427906322,
    "t1": 1.037315378698736,
    "t2": 1.0664624781879386
}