{
    "b0": 0.10638365946274228,
    "b1": -0.031988133351562344,
    "b2": -0.0003392898121444658,
    "b3": -0.02513935666946558,
    "t1": 1.5014897330792025,
    "t2": 0.5485896264609931
}