{
    "b0": 0.10023642025674169,
    "b1": -0.028523809990311063,
    "b2": -0.0028003787009568204,
    "b3": -0.01519138878397699,
    "t1": 2.0946043705436357,
    "t2": 0.5758020249121802
}