{
    "b0": 0.10755283386368876,
    "b1": -0.020304323591050513,
    "b2": -0.0001271929556309996,
    "b3": -0.05194079558564749,
    "t1": 1.5165238018701626,
    "t2": 0.6318500786056713
}