{
    "b0": 0.11460972642486905,
    "b1": -0.02134168538768641,
    "b2": 0.03682370654756214,
    "b3": -0.08008387826920998,
    "t1": 0.9525433485268371,
    "t2": 0.7177204388812299
}