{
    "b0": 0.10820635654474857,
    "b1": -0.02076178716836704,
    "b2": 0.010254168950157827,
    "b3": -0.0524728580791596,
    "t1": 1.5315770645683568,
    "t2": 0.6230045852797002
}