{
    "b0": 0.11525113949458385,
    "b1": -0.008344198780141455,
    "b2": 0.054862143966368355,
    "b3": -0.08551696698127545,
    "t1": 0.827077967913505,
    "t2": 0.6699112454054141
}