{
    "b0": 0.09853380035189235,
    "b1": -0.026368522664431647,
    "b2": -0.1067999615513406,
    "b3": 0.06229911575042004,
    "t1": 1.08008250041995,
    "t2": 1.2661837260706346
}