{
    "b0": 0.11012336468007267,
    "b1": -0.023514326108814335,
    "b2": -0.001113118425131206,
    "b3": -0.046066485580404375,
    "t1": 1.4258167108862763,
    "t2": 0.5871957045665974
}