{
    "b0": 0.10680839256232001,
    "b1": -0.027774977747379852,
    "b2": -0.003269194021265716,
    "b3": -0.03506937874926667,
    "t1": 2.0532691874121727,
    "t2": 0.40998927366233495
}