{
    "b0": 0.11276316258677008,
    "b1": -0.024012596350082918,
    "b2": 0.5082504791399932,
    "b3": -0.5551720351561401,
    "t1": 0.8392183200166725,
    "t2": 0.823286505020759
}