{
    "b0": 0.11687578721768226,
    "b1": -0.019473369724067317,
    "b2": 0.16690561885278582,
    "b3": -0.22921870081865958,
    "t1": 0.7525729829689229,
    "t2": 0.7191900235418034
}