{
    "b0": 0.10721603785627627,
    "b1": -0.03334480686452265,
    "b2": 0.0001747851489269977,
    "b3": -0.018204912582005225,
    "t1": 2.11661904623119,
    "t2": 0.4688429960022793
}