{
    "b0": 0.1139764199348341,
    "b1": -0.005531258826242759,
    "b2": 0.06071004272845469,
    "b3": -0.08737719146192158,
    "t1": 0.8391386877618814,
    "t2": 0.655684921775257
}