{
    "b0": 0.10879400515566329,
    "b1": -0.025799705969170923,
    "b2": 7.680094248640502e-05,
    "b3": -0.04367319527517347,
    "t1": 1.7859723695532068,
    "t2": 0.6577210403212996
}