{
    "b0": 0.11496255995643523,
    "b1": -0.011803903074249927,
    "b2": 0.015214480608529138,
    "b3": -0.058049435715667404,
    "t1": 1.4873792229397615,
    "t2": 0.6569161197943281
}