{
    "b0": -0.019659383132122142,
    "b1": 0.12213530804841766,
    "b2": -0.0021597217372447478,
    "b3": 0.3625658241326848,
    "t1": 2.015249990701104,
    "t2": 6.211394370388666
}