{
    "b0": 0.0990358682163003,
    "b1": -0.02754009970816778,
    "b2": -0.012232123585316456,
    "b3": -0.012115159984739176,
    "t1": 1.5068729073419425,
    "t2": 0.5703187541194179
}