{
    "b0": 0.10885534891044969,
    "b1": -0.023583861997094724,
    "b2": -3.7071176583504395e-06,
    "b3": -0.035037639410478355,
    "t1": 1.8943456556418181,
    "t2": 0.6117362518823635
}