{
    "b0": 0.10810401815426746,
    "b1": -0.024628773197344862,
    "b2": -0.6471839438360828,
    "b3": 0.58247401951333,
    "t1": 0.5370799057552746,
    "t2": 0.5217249538988744
}