{
    "b0": 0.10134894576277448,
    "b1": -0.029856135706922374,
    "b2": -0.0009446418523571028,
    "b3": -0.022155663333824467,
    "t1": 1.4957253199748397,
    "t2": 0.6570904650599365
}