{
    "b0": 0.11550082913270308,
    "b1": -0.010578656258630668,
    "b2": 0.36421882991764454,
    "b3": -0.4072555731641267,
    "t1": 0.8774592603003395,
    "t2": 0.8350077624192425
}