{
    "b0": 0.10596996812942623,
    "b1": -0.03329718860791224,
    "b2": -0.00025080925942934373,
    "b3": -0.021095528044263737,
    "t1": 2.327995446878495,
    "t2": 0.5675432457862586
}