{
    "b0": 0.11738153059382002,
    "b1": -0.008774940937191687,
    "b2": -0.04110246476396035,
    "b3": -0.003977679649473176,
    "t1": 0.47176567906713196,
    "t2": 4.346823417457607
}