{
    "b0": 0.1082900572474237,
    "b1": -0.025003883173133262,
    "b2": -0.002235164592814677,
    "b3": -0.0440680587373125,
    "t1": 1.5106042384405982,
    "t2": 0.6459924810909081
}