{
    "b0": 0.10450207524689682,
    "b1": -0.024298668201462037,
    "b2": -0.004395624846632549,
    "b3": -0.03105984167698462,
    "t1": 2.3980390954973085,
    "t2": 0.4936352855320427
}