{
    "b0": 0.11890364465249763,
    "b1": -0.014228293019089622,
    "b2": 0.06973831680379576,
    "b3": -0.1224938512948577,
    "t1": 1.0336958824722635,
    "t2": 0.8372218792350843
}