{
    "b0": 0.11006804563276845,
    "b1": -0.02538207123463397,
    "b2": 0.19484906358807888,
    "b3": -0.24900787241849867,
    "t1": 0.9707269893551391,
    "t2": 0.9048396730118977
}