{
    "b0": 0.10388408789679839,
    "b1": -0.024634378199007427,
    "b2": -0.0019318600327495588,
    "b3": -0.03167115412220249,
    "t1": 2.0597653343299966,
    "t2": 0.4367593213087453
}