{
    "b0": 0.10356901873866944,
    "b1": -0.023675741004000616,
    "b2": -0.00019710412792353724,
    "b3": -0.032261411307193955,
    "t1": 2.4916515836816124,
    "t2": 0.4701266146917762
}