{
    "b0": 0.422558496255119,
    "b1": -0.3376089737821295,
    "b2": 0.0652930799767198,
    "b3": -0.7831498931664097,
    "t1": 3.080374085910378,
    "t2": 8.375569094969102
}