{
    "b0": 0.11085023656755749,
    "b1": -0.03004246660026841,
    "b2": -0.2331390633516355,
    "b3": 0.2577100817285903,
    "t1": 1.403034373227169,
    "t2": 1.4956951790267183
}