{
    "b0": 0.12238465086905315,
    "b1": -0.029005159262759414,
    "b2": -0.01866539501158231,
    "b3": -0.0381603677792281,
    "t1": 0.14034898670467122,
    "t2": 0.4975836250414831
}