{
    "b0": 0.10877792531620022,
    "b1": -0.036100174597786944,
    "b2": 9.20165196622233e-05,
    "b3": 0.012815408554074963,
    "t1": 2.0264051113188786,
    "t2": 0.26892985951600856
}