{
    "b0": 0.10714020485932355,
    "b1": -0.03809073767740682,
    "b2": -0.012308481167399046,
    "b3": -0.01322040636597686,
    "t1": 0.7616642798085236,
    "t2": 1.4000620283800034
}