{
    "b0": 0.12132619596266456,
    "b1": -0.033871358836551804,
    "b2": 0.030465063461838093,
    "b3": -0.007357678595231328,
    "t1": 1.4744409102619631,
    "t2": 0.5558752853031889
}