{
    "b0": 0.1024486566485291,
    "b1": -0.03319218332726899,
    "b2": 0.0005022107710925417,
    "b3": -0.003773351648887446,
    "t1": 1.395085273522608,
    "t2": 0.28321462508080675
}