{
    "b0": 0.12264040460260552,
    "b1": -0.03510617507309814,
    "b2": 0.03058266950517479,
    "b3": -0.004270655662276174,
    "t1": 1.5,
    "t2": 0.5
}