{
    "b0": 0.10926033678367149,
    "b1": -0.026729778463006056,
    "b2": 0.0288710834107455,
    "b3": -0.015689534125888405,
    "t1": 1.6055060374370687,
    "t2": 0.8902488656270536
}