{
    "b0": 0.11801488058891538,
    "b1": -0.048991646770085905,
    "b2": -0.010372284497311146,
    "b3": -0.04190006746013697,
    "t1": 0.9511569922723995,
    "t2": 4.848933953271119
}