{
    "b0": 0.11623783652572846,
    "b1": -0.04376019323344614,
    "b2": -0.1204116298884538,
    "b3": 0.10372590260262313,
    "t1": 2.592885850082112,
    "t2": 2.1132284228414755
}