{
    "b0": 0.10679491905582915,
    "b1": -0.03486514895798532,
    "b2": -0.0002903724030555409,
    "b3": 0.010848082585192861,
    "t1": 2.091381405038572,
    "t2": 0.2753490908521261
}