{
    "b0": 0.1400042330569337,
    "b1": -0.04563999991344813,
    "b2": 0.020729072080413177,
    "b3": -0.04672905826717917,
    "t1": 1.420919740041648,
    "t2": 4.416183773004467
}