{
    "b0": 0.12781101116473542,
    "b1": -0.044670598789825544,
    "b2": -0.06071921387735345,
    "b3": 0.08831068206744655,
    "t1": 4.797192430601763,
    "t2": 2.925976227052324
}