{
    "b0": 0.10775727923925794,
    "b1": -0.035449500466778916,
    "b2": -0.00027159331027665386,
    "b3": 0.014994432651500977,
    "t1": 2.2289947478232,
    "t2": 0.3247774660498628
}