{
    "b0": 0.10050643486062757,
    "b1": -0.030535818804611176,
    "b2": 7.941964158804035e-06,
    "b3": -0.019548944593494818,
    "t1": 1.725841292350601,
    "t2": 0.7644467358621156
}