{
    "b0": 0.10290695592111113,
    "b1": -0.03319923333041419,
    "b2": 0.0001112173802534696,
    "b3": -0.0047003928843386954,
    "t1": 1.666917120245473,
    "t2": 0.19117443278676038
}