{
    "b0": 0.101033588763996,
    "b1": -0.030836380886473207,
    "b2": -0.004530682447919892,
    "b3": -0.00552753667595641,
    "t1": 0.9766104789739449,
    "t2": 0.08905321535929112
}