{
    "b0": 0.10895261677685732,
    "b1": -0.03660035938974071,
    "b2": 0.00020565689164583553,
    "b3": 0.012975785844224798,
    "t1": 2.084193043018327,
    "t2": 0.2607475684755336
}