{
    "b0": 0.10103861413087384,
    "b1": -0.031330615728000666,
    "b2": -5.068011564224664e-05,
    "b3": -0.006941545221152726,
    "t1": 1.2618756619897553,
    "t2": 0.6494152178694721
}