{
    "b0": 0.12327273327401891,
    "b1": -0.03595113280572619,
    "b2": -0.055197234072353066,
    "b3": 0.04944150961824105,
    "t1": 0.7819776823509947,
    "t2": 0.9362064884657961
}