{
    "b0": 0.12206022459351525,
    "b1": -0.028587598076246633,
    "b2": 0.03792945900585125,
    "b3": -0.02036382579341356,
    "t1": 1.2555299740515058,
    "t2": 1.1167047513987316
}