{
    "b0": 0.12766174350586804,
    "b1": -0.035441517382705984,
    "b2": 0.015646339089246744,
    "b3": 0.003193236098793301,
    "t1": 1.1265305995427837,
    "t2": 0.15425112642573868
}