{
    "b0": 0.1188806754098626,
    "b1": -0.030681579471185404,
    "b2": 0.1734026114790724,
    "b3": -0.1746384856415968,
    "t1": 0.8939316719174579,
    "t2": 0.8732002072862377
}