{
    "b0": 0.10024807281836907,
    "b1": -0.030179475555765056,
    "b2": -0.00030902721862160684,
    "b3": -0.017878292380610807,
    "t1": 1.8988339365955071,
    "t2": 0.7101134642965263
}