{
    "b0": 0.10498404438135321,
    "b1": -0.03346104608568187,
    "b2": -9.997688311227937e-05,
    "b3": 0.011992475391902478,
    "t1": 2.670568167039526,
    "t2": 0.3872921925730992
}