{
    "b0": 0.10426678601896613,
    "b1": -0.03404725397337786,
    "b2": -0.006580519500236518,
    "b3": -0.004928475149021713,
    "t1": 1.1029612852048345,
    "t2": 0.08844195856157366
}