{
    "b0": 0.11443613488566068,
    "b1": -0.03824663859918844,
    "b2": 0.018533917755161528,
    "b3": 0.0063695929848756345,
    "t1": 1.447365400497203,
    "t2": 0.2897655621318851
}