{
    "b0": 0.09856823634660657,
    "b1": -0.028044279996231464,
    "b2": -0.001293464634824588,
    "b3": -0.023051138179289735,
    "t1": 1.3698777815223235,
    "t2": 0.8260829059907948
}