{
    "b0": 0.10185089190146458,
    "b1": -0.03135635732849641,
    "b2": -0.00045276586385747247,
    "b3": -0.017598077368781294,
    "t1": 1.754059567460044,
    "t2": 0.6599740597349744
}