{
    "b0": 0.23283104004958702,
    "b1": -0.13593879460730127,
    "b2": -0.3880425823917713,
    "b3": 0.29254383617640417,
    "t1": 7.949150124150977,
    "t2": 4.988829566842614
}