{
    "b0": 0.11401248060050502,
    "b1": -0.03734248951847929,
    "b2": 0.030332648420253745,
    "b3": 0.002920759001268241,
    "t1": 1.2302655207107565,
    "t2": 0.2064862085581094
}