{
    "b0": 0.19049750818568,
    "b1": -0.09313505665894416,
    "b2": -0.27529067322638695,
    "b3": 0.24475697667754753,
    "t1": 8.128861445051502,
    "t2": 5.166607055371397
}