{
    "b0": 0.1123814560730221,
    "b1": -0.029427875009466548,
    "b2": 0.08378171848886132,
    "b3": -0.059288415663660235,
    "t1": 1.415457970432104,
    "t2": 1.0890509909510464
}