{
    "b0": 0.10530440225196899,
    "b1": -0.0353290153133783,
    "b2": -0.002878841461179227,
    "b3": -0.005034445506457741,
    "t1": 1.2569259255014749,
    "t2": 0.1387849585050729
}