{
    "b0": 0.13086239118285978,
    "b1": -0.03224127799311097,
    "b2": 0.047211680909833506,
    "b3": -0.054927235722365436,
    "t1": 1.153503651308883,
    "t2": 0.8092552241550024
}