{
    "b0": 0.09849296024143489,
    "b1": -0.028803309838708088,
    "b2": -8.102147909859643e-05,
    "b3": -0.00519132054601861,
    "t1": 1.1121748920184849,
    "t2": 0.48141305369172116
}