{
    "b0": 0.1335468310271281,
    "b1": -0.030828333132783152,
    "b2": -0.04669095311758052,
    "b3": -0.021637615497751252,
    "t1": 0.4648170429138894,
    "t2": 0.013521193046332113
}