{
    "b0": 0.13190439910551943,
    "b1": -0.0349178180023999,
    "b2": 0.3647157155844241,
    "b3": -0.41176147620649733,
    "t1": 0.31861587628356336,
    "t2": 0.34475645255294207
}