{
    "b0": 0.10203016994509878,
    "b1": -0.031839759129088124,
    "b2": -0.00019660627657128692,
    "b3": -0.01717492674363079,
    "t1": 1.7687095718586772,
    "t2": 0.6471396699005423
}