{
    "b0": 0.10933562519595177,
    "b1": -0.03340254358710852,
    "b2": 0.006481826790822959,
    "b3": 0.010275565107081257,
    "t1": 1.5045265731242812,
    "t2": 0.3510341153223333
}