{
    "b0": 0.10268013429897106,
    "b1": -0.03111241110419528,
    "b2": -0.00029934331934143403,
    "b3": 0.012409026428862182,
    "t1": 2.422313303731726,
    "t2": 0.3986789374982189
}