{
    "b0": 0.1034107597741089,
    "b1": -0.03287473835411608,
    "b2": 0.0018915720168359487,
    "b3": -0.02201766900253934,
    "t1": 1.4922494848994576,
    "t2": 0.6672897835592648
}