{
    "b0": 0.11706981907081307,
    "b1": -0.03290236286804571,
    "b2": 0.05223187660747344,
    "b3": -0.02291333375070859,
    "t1": 1.6394773960580664,
    "t2": 0.9146718895696782
}