{
    "b0": 0.10453742319184665,
    "b1": -0.03459955501379406,
    "b2": 0.0008183234369978972,
    "b3": -0.015803786428273105,
    "t1": 1.4989312985526686,
    "t2": 0.5798606723711632
}