{
    "b0": 0.1873820196810864,
    "b1": -0.09094809166498947,
    "b2": -0.2642388775210505,
    "b3": 0.226789455200392,
    "t1": 7.628325259705184,
    "t2": 4.9083974617296855
}