{
    "b0": 0.10053325888484484,
    "b1": -0.0297666397685932,
    "b2": -0.00017916183634502335,
    "b3": -0.01741661417588951,
    "t1": 1.9349631715738393,
    "t2": 0.6659365234334551
}