{
    "b0": 0.2140985827984848,
    "b1": -0.11715503514881455,
    "b2": -0.32839089415972744,
    "b3": 0.26234306662572293,
    "t1": 7.378949275605108,
    "t2": 4.71621680796874
}