{
    "b0": 0.1293488268402024,
    "b1": -0.03588017645994049,
    "b2": 0.023971788015214802,
    "b3": -0.012538530347994944,
    "t1": 0.983936676646028,
    "t2": 0.7604046125727812
}