{
    "b0": 0.12019505842121252,
    "b1": -0.027550169172747406,
    "b2": 0.010458656131619276,
    "b3": 0.001672674815666935,
    "t1": 1.170209321787734,
    "t2": 0.24032970435352397
}