{
    "b0": 0.12178843317823657,
    "b1": -0.029829959366412567,
    "b2": 0.08423950180451803,
    "b3": -0.09263378797845159,
    "t1": 0.9874070799836518,
    "t2": 0.9304791516819737
}