{
    "b0": 0.11262873942480245,
    "b1": -0.030560832907315146,
    "b2": 0.16774408856109901,
    "b3": -0.1622326146112903,
    "t1": 1.1566480173894944,
    "t2": 1.0810476339092547
}