{
    "b0": 0.11109807196848692,
    "b1": -0.0416882741572208,
    "b2": 0.039228730005103095,
    "b3": -0.04546222671516741,
    "t1": 1.7206545399715782,
    "t2": 2.5399196343324872
}