{
    "b0": 0.1051801711911798,
    "b1": -0.035691945128908886,
    "b2": -0.008509311586494345,
    "b3": -0.01610466677450336,
    "t1": 0.8540399234938914,
    "t2": 2.7758498723717224
}