{
    "b0": 0.12134895457933158,
    "b1": -0.03699218309879536,
    "b2": 0.04446728304219635,
    "b3": -0.00605670678756553,
    "t1": 1.6370850625803555,
    "t2": 0.716825505261735
}