{
    "b0": 0.12850901669292752,
    "b1": -0.03335924237416234,
    "b2": -0.20269705259647372,
    "b3": 0.20166198605151006,
    "t1": 0.7947877444250242,
    "t2": 0.8221300426510867
}