{
    "b0": 0.12312591160905885,
    "b1": -0.030229653654437035,
    "b2": 0.024682611635319388,
    "b3": -0.026452321621922414,
    "t1": 0.8244331725898739,
    "t2": 0.775093097505958
}