{
    "b0": 0.12016808112240955,
    "b1": -0.0272217075199327,
    "b2": -0.008065818480266463,
    "b3": 0.007575007047088996,
    "t1": 0.807606488539272,
    "t2": 0.861408150952502
}