{
    "b0": 0.11235441062059467,
    "b1": -0.03019043656776145,
    "b2": 0.052503818651548434,
    "b3": -0.030681160357322327,
    "t1": 1.6248940005256485,
    "t2": 0.9617678295123656
}