{
    "b0": 0.12280888096671792,
    "b1": -0.0349858276865681,
    "b2": -0.0592131558876315,
    "b3": 0.06505346884630116,
    "t1": 0.9164696201043885,
    "t2": 1.101080614908419
}