{
    "b0": 0.10243652358504182,
    "b1": -0.03060041173362904,
    "b2": 2.3179199635962183e-05,
    "b3": 0.010432295403198844,
    "t1": 2.5156741358088572,
    "t2": 0.3439300759738311
}