{
    "b0": 0.12711082271151067,
    "b1": -0.03336088791844814,
    "b2": 0.3147026370471538,
    "b3": -0.3123329272267955,
    "t1": 0.8156328879807031,
    "t2": 0.8069234537609002
}