{
    "b0": 0.12362674041683787,
    "b1": -0.036914053309549284,
    "b2": 0.42082415150949487,
    "b3": -0.4110574479308267,
    "t1": 0.9552483670777523,
    "t2": 0.9246423221500075
}