{
    "b0": 0.12693388086807486,
    "b1": -0.05447960553486163,
    "b2": -0.7187313771626638,
    "b3": 0.6853600228731322,
    "t1": 3.010264469859403,
    "t2": 2.8586774439372786
}