{
    "b0": 0.20469048309773824,
    "b1": -0.12279928565509532,
    "b2": -0.6617190919713292,
    "b3": 0.5476186539935313,
    "t1": 6.793554494041713,
    "t2": 5.372757757812676
}