{
    "b0": 0.12288907344275389,
    "b1": -0.036112496466354393,
    "b2": -0.03365875215183667,
    "b3": 0.03834665360640857,
    "t1": 0.7946031892620682,
    "t2": 1.2127807489973121
}