{
    "b0": 0.12192680616419671,
    "b1": -0.029238684987984383,
    "b2": 0.005162630799840829,
    "b3": 0.0009533693272567173,
    "t1": 1.2726311621618387,
    "t2": 0.20364534308558468
}