{
    "b0": 0.10220769984310567,
    "b1": -0.0324708703569022,
    "b2": 0.00033312751565183797,
    "b3": -0.0012455914250014254,
    "t1": 1.4297424078665415,
    "t2": 0.451543448384097
}