{
    "b0": 0.13176726322027918,
    "b1": -0.033688428820466534,
    "b2": 0.04875171208372501,
    "b3": -0.0665480910428877,
    "t1": 0.8182091807400402,
    "t2": 0.6734882010682393
}