{
    "b0": 0.1312124830565233,
    "b1": -0.03252522296276811,
    "b2": 0.11441550023422355,
    "b3": -0.12475110831868771,
    "t1": 1.0628690396032074,
    "t2": 0.9196876162667849
}