{
    "b0": 0.17788180304408718,
    "b1": -0.10535731595530008,
    "b2": -0.12153960350941805,
    "b3": 0.05750519850338838,
    "t1": 7.505496617958457,
    "t2": 2.8387011387617513
}