{
    "b0": 0.1020117891072262,
    "b1": -0.031447355871549225,
    "b2": -0.003264845157159399,
    "b3": -0.01937683957865937,
    "t1": 1.5029548878470118,
    "t2": 0.6768692868405672
}