{
    "b0": 0.12429220976684986,
    "b1": -0.03730388175586704,
    "b2": 0.1576516834131964,
    "b3": -0.15083714214648314,
    "t1": 0.9357036298593702,
    "t2": 0.8593646886816879
}