{
    "b0": 0.12034622016031066,
    "b1": -0.029889324993283464,
    "b2": -0.207291735386053,
    "b3": 0.20929746424088017,
    "t1": 0.9540494545271425,
    "t2": 1.0143934798788874
}