{
    "b0": 0.13875913406329585,
    "b1": -0.030112383153101996,
    "b2": -0.03389795690687017,
    "b3": -0.04192355938739638,
    "t1": 0.7273868868331945,
    "t2": 5.225043649050904
}