{
    "b0": 0.12075975642330188,
    "b1": -0.011177249666912994,
    "b2": 0.04679032993171945,
    "b3": -0.018080799704976128,
    "t1": 1.008278711300231,
    "t2": 1.5846050763284452
}