{
    "b0": 0.1251563326527312,
    "b1": -0.016259604625419803,
    "b2": 0.0012846116081227273,
    "b3": -0.010265128868456028,
    "t1": 1.4213419462641177,
    "t2": 0.29241375102552336
}