{
    "b0": 0.12408636264433397,
    "b1": -0.015332652072471604,
    "b2": 3.7020898508849376e-05,
    "b3": -0.012742245258268066,
    "t1": 1.1887357526608842,
    "t2": 0.4158655580357804
}