{
    "b0": 0.12952836639785545,
    "b1": -0.018943243886450967,
    "b2": -0.03379882035374936,
    "b3": -0.010563555676481987,
    "t1": 0.35423237916932726,
    "t2": 0.00432572432192531
}