{
    "b0": 0.1146694243572259,
    "b1": -0.0011953876356636112,
    "b2": 0.002271649976142194,
    "b3": 0.039168786396599875,
    "t1": 1.5224467396706793,
    "t2": 0.6779429803833494
}