{
    "b0": 0.11725808691026654,
    "b1": -0.008833233931387916,
    "b2": -0.025340837271215416,
    "b3": 0.027079536420357847,
    "t1": 0.3202048906883572,
    "t2": 0.7545543577683489
}