{
    "b0": 0.1182173968459575,
    "b1": -0.009991672281067076,
    "b2": 2.0607426458679745e-05,
    "b3": -0.024460485294784305,
    "t1": 0.2079688190740443,
    "t2": 0.4621781632977271
}