{
    "b0": 0.12237019185313025,
    "b1": -0.015717593552360517,
    "b2": 0.019863414892394685,
    "b3": -0.04634009945197937,
    "t1": 1.2700808647059088,
    "t2": 4.010650750687467
}