{
    "b0": 0.16990739302949243,
    "b1": -0.06254626331761001,
    "b2": 0.01299355470938076,
    "b3": -0.14795069308839698,
    "t1": 1.2900906411402162,
    "t2": 5.734340660826501
}