{
    "b0": 0.13398239853848684,
    "b1": -0.027617407440656272,
    "b2": 0.2072025221967533,
    "b3": -0.22197846967549398,
    "t1": 0.7239325750788597,
    "t2": 0.689563631894182
}