{
    "b0": 0.11130315344587376,
    "b1": -0.005013489131809574,
    "b2": 0.07998320967701573,
    "b3": -0.04381829303295139,
    "t1": 1.1925617418402537,
    "t2": 1.5359238894132297
}