{
    "b0": 0.12587870035787255,
    "b1": -0.01472597171275513,
    "b2": -0.030314706265547636,
    "b3": -0.013412663835475134,
    "t1": 0.3395005258112479,
    "t2": 0.00557348360521895
}