{
    "b0": 0.13298268288785892,
    "b1": -0.026728549234596718,
    "b2": 0.06559612420269927,
    "b3": -0.0780886468656414,
    "t1": 0.7443689682525767,
    "t2": 0.6266631258079101
}