{
    "b0": 0.13082090739397068,
    "b1": -0.02162040951048605,
    "b2": 0.917842922617975,
    "b3": -0.9386218364090544,
    "t1": 0.5762949037737801,
    "t2": 0.5676121921577266
}