{
    "b0": 0.118829468403248,
    "b1": -0.0035739418021417894,
    "b2": 0.026583934952675577,
    "b3": 0.022529038457671166,
    "t1": 1.17398546662087,
    "t2": 0.48993913875421136
}