{
    "b0": 0.12115618897908118,
    "b1": -0.012519196230276225,
    "b2": 0.09340042310941295,
    "b3": -0.10995086663588624,
    "t1": 0.6409877259432726,
    "t2": 0.6094707737987992
}