{
    "b0": 0.12435684940454743,
    "b1": -0.015545920228609199,
    "b2": -0.09541783762962293,
    "b3": 0.07335114010019386,
    "t1": 0.6954264578550102,
    "t2": 0.7383505550110234
}