{
    "b0": 0.1102708517908914,
    "b1": -0.0017369406671095358,
    "b2": 0.24081554188445858,
    "b3": -0.23250314721732313,
    "t1": 0.514238672074149,
    "t2": 0.47637955323596337
}