{
    "b0": 0.26223012207525415,
    "b1": -0.15998149913911236,
    "b2": -0.4599351801173281,
    "b3": 0.3101800964508694,
    "t1": 7.573363310708494,
    "t2": 4.813774230014713
}