{
    "b0": 0.12455165584206121,
    "b1": -0.015629149688990058,
    "b2": -0.17110464834203015,
    "b3": 0.15284077632377446,
    "t1": 0.5159794901776955,
    "t2": 0.5393837354669104
}