{
    "b0": 0.13395132549987368,
    "b1": -0.02979183449931734,
    "b2": 0.12802321927334112,
    "b3": -0.1271850571925353,
    "t1": 0.9095491810880816,
    "t2": 0.8319268040507559
}