{
    "b0": 0.12759229805706804,
    "b1": -0.0188231858687533,
    "b2": 0.6973758965886179,
    "b3": -0.7140815789042039,
    "t1": 0.5334418398544036,
    "t2": 0.5249383280838176
}