{
    "b0": 0.1089626672899968,
    "b1": -0.002540902563811366,
    "b2": 0.2508132783077925,
    "b3": -0.2168672972810262,
    "t1": 1.3603180491383835,
    "t2": 1.4982568896860082
}