{
    "b0": 0.12974174226834176,
    "b1": -0.020842261732342906,
    "b2": -0.29457853421373076,
    "b3": 0.2782083893672777,
    "t1": 0.585514953273119,
    "t2": 0.6213758490458519
}