{
    "b0": 0.12275190799164687,
    "b1": -0.01395481450467077,
    "b2": 0.0036840283321830716,
    "b3": -0.02441026462166908,
    "t1": 0.7105798104961183,
    "t2": 0.5955941783921448
}