{
    "b0": 0.12938738863456542,
    "b1": -0.020247749633393236,
    "b2": 0.5408200333071084,
    "b3": -0.5597892510651604,
    "t1": 0.606773826805842,
    "t2": 0.5911683873886444
}