{
    "b0": 0.13583811878070265,
    "b1": -0.028968107624593252,
    "b2": 0.029556051192603773,
    "b3": -0.037398721158836176,
    "t1": 0.8636594102865311,
    "t2": 0.5332437075676149
}