{
    "b0": 0.11899186222358685,
    "b1": -0.004492719700377665,
    "b2": 0.03300333611301853,
    "b3": 0.015899548194107663,
    "t1": 1.0727888659496365,
    "t2": 0.4356289336797463
}