{
    "b0": 0.13697512508072826,
    "b1": -0.03397684093151089,
    "b2": -0.06116353062662465,
    "b3": 0.05989842593929927,
    "t1": 0.8583990071097691,
    "t2": 0.9893125325056253
}