{
    "b0": 0.11884610892775588,
    "b1": -0.01049062815997273,
    "b2": -0.002729398935840946,
    "b3": -0.007030828602898353,
    "t1": 1.6275543168916657,
    "t2": 0.42597754108088726
}