{
    "b0": 0.11676246946455232,
    "b1": -0.009774211818825294,
    "b2": -0.32276997949256686,
    "b3": 0.3521418333322483,
    "t1": 1.879764368957706,
    "t2": 1.6957285949202427
}