{
    "b0": 0.13182845519548528,
    "b1": -0.026804746373285133,
    "b2": 0.018980442200212017,
    "b3": -0.014200556170582664,
    "t1": 1.5194471182103846,
    "t2": 0.8067727002742409
}