{
    "b0": 0.11601495797910374,
    "b1": -0.007635240327702895,
    "b2": -0.01097039550707495,
    "b3": 0.02542401060312897,
    "t1": 0.22417157773978325,
    "t2": 1.0564075533422619
}