{
    "b0": 0.12455776356986492,
    "b1": -0.014384434980270606,
    "b2": -0.06643947482544484,
    "b3": 0.0962892751142137,
    "t1": 1.4076949606458506,
    "t2": 1.1710198127959597
}