{
    "b0": 0.1226380953506892,
    "b1": -0.014028142787213937,
    "b2": 0.00022313978825702543,
    "b3": -0.012091291246240456,
    "t1": 1.2844218312166333,
    "t2": 0.45233939931759526
}