{
    "b0": 0.12281959832567763,
    "b1": -0.014032849840032224,
    "b2": 0.004529066478595686,
    "b3": -0.026910504525981965,
    "t1": 0.6457880579672644,
    "t2": 0.6056579387032457
}