{
    "b0": 0.12339105794969679,
    "b1": -0.015182217675028977,
    "b2": -0.03396419195884215,
    "b3": 0.03385495168002504,
    "t1": 0.39902282239541975,
    "t2": 0.705888047696491
}