{
    "b0": 0.1165418836805063,
    "b1": -0.008142565989398103,
    "b2": -0.01794446318535884,
    "b3": 0.019729188567542,
    "t1": 0.27820264727629596,
    "t2": 0.8986308256545952
}