{
    "b0": 0.13478027235233328,
    "b1": -0.03398134836455981,
    "b2": 0.1728017728435921,
    "b3": -0.19117430932038643,
    "t1": 0.9613444072670969,
    "t2": 0.8480817468828192
}