{
    "b0": 0.12024611161345607,
    "b1": -0.011482037911338328,
    "b2": -0.04354593150884537,
    "b3": 0.027649120302370933,
    "t1": 0.39442668991505414,
    "t2": 0.45149373856495956
}