{
    "b0": 0.12291608180042353,
    "b1": -0.01467280450392906,
    "b2": -0.020194813870981987,
    "b3": 0.01749010323882547,
    "t1": 0.30247116091621695,
    "t2": 1.0853570213805903
}