{
    "b0": 0.13632766146070377,
    "b1": -0.032964602475656656,
    "b2": -0.8739041379948521,
    "b3": 0.8682485656485704,
    "t1": 0.9085251787229769,
    "t2": 0.9215772422731021
}