{
    "b0": 0.13393544076358282,
    "b1": -0.029575599141733657,
    "b2": -0.26769192722219515,
    "b3": 0.26423091668806586,
    "t1": 0.8898817328921496,
    "t2": 0.9257815695667473
}