{
    "b0": 0.11792930392683472,
    "b1": -0.003235338756209228,
    "b2": 0.02491356598129431,
    "b3": 0.024784521080914983,
    "t1": 1.2793546614106162,
    "t2": 0.4933328265911303
}