{
    "b0": 0.1345496492246415,
    "b1": -0.03312843842560251,
    "b2": 0.3730589023090832,
    "b3": -0.3850569300720483,
    "t1": 1.0079777967362302,
    "t2": 0.9651852641327228
}