{
    "b0": 0.11737208939695282,
    "b1": -0.0024052339437442005,
    "b2": 0.02814054088248258,
    "b3": 0.022576570309264105,
    "t1": 1.1859045330339981,
    "t2": 0.486638042731931
}