{
    "b0": 0.13223471000452053,
    "b1": -0.02030845045085756,
    "b2": -0.04112441503714531,
    "b3": -0.031173177991424217,
    "t1": 0.33867987238648,
    "t2": 0.004624202745126552
}