{
    "b0": 0.12843673656562654,
    "b1": -0.0194058584099787,
    "b2": 0.19023429211811843,
    "b3": -0.21155389326133925,
    "t1": 0.5194201738920503,
    "t2": 0.4986866878903218
}