{
    "b0": 0.12237550205969827,
    "b1": -0.013843270143470284,
    "b2": 0.26299761867039234,
    "b3": -0.2740451502723824,
    "t1": 0.5450489584301597,
    "t2": 0.5256591842806664
}