{
    "b0": 0.13123105833067522,
    "b1": -0.022170025474160183,
    "b2": 0.19014589725682937,
    "b3": -0.2115244932302516,
    "t1": 0.6259809932902318,
    "t2": 0.5787420120760786
}