{
    "b0": 0.12225203955215566,
    "b1": -0.013548348983929023,
    "b2": 0.018985352365306216,
    "b3": -0.039286731168094974,
    "t1": 0.594659258695799,
    "t2": 0.566873737329507
}