{
    "b0": 0.11797787869304001,
    "b1": -0.0032972146703771237,
    "b2": 0.002888514993839063,
    "b3": 0.027126085152662367,
    "t1": 1.476547103513743,
    "t2": 0.7059413141975037
}