{
    "b0": 0.13782833522454302,
    "b1": -0.035145337818451146,
    "b2": -0.12148093263151878,
    "b3": 0.11765679075951457,
    "t1": 0.6693372158130666,
    "t2": 0.6934281612995612
}