{
    "b0": 0.12150963559539085,
    "b1": -0.01314523381442493,
    "b2": 0.0004435686980893104,
    "b3": -0.028462794946134445,
    "t1": 0.3513542512478063,
    "t2": 0.5809730681681042
}