{
    "b0": 0.2021141033090064,
    "b1": -0.06314959324503343,
    "b2": 0.03304571830104541,
    "b3": -0.1303282723004285,
    "t1": 1.1535579952456132,
    "t2": 4.8061161423419545
}