{
    "b0": 0.12698445031375138,
    "b1": -0.0026354377885623196,
    "b2": -0.7390314609739786,
    "b3": 0.7605434480284053,
    "t1": 1.0536168860212842,
    "t2": 1.024900470087747
}