{
    "b0": 0.13274808609882238,
    "b1": 0.007356765713383998,
    "b2": 0.3372696219648418,
    "b3": -0.3336448054374524,
    "t1": 0.7071332387255698,
    "t2": 0.7715448888281102
}