{
    "b0": 0.1455823137871593,
    "b1": -0.004933958463276803,
    "b2": 0.007537081844869367,
    "b3": 0.014155574863914298,
    "t1": 1.4738996222569947,
    "t2": 0.6397276048152003
}