{
    "b0": 0.13133381987758835,
    "b1": 0.006677669342732642,
    "b2": -0.033460415532841986,
    "b3": 0.044598842044639445,
    "t1": 1.3875967186058835,
    "t2": 0.558596778908198
}