{
    "b0": 0.12625726720908093,
    "b1": 0.008333625075089328,
    "b2": -0.1428184098239035,
    "b3": 0.17389194285962536,
    "t1": 1.022669197122407,
    "t2": 0.836884931993616
}