{
    "b0": 0.12230209859210193,
    "b1": 0.009890065207259206,
    "b2": -0.02723642272810553,
    "b3": 0.052117864714154076,
    "t1": 0.9778233185878973,
    "t2": 0.5938271899369925
}