{
    "b0": 0.07874270844772176,
    "b1": 0.062489302608863706,
    "b2": 0.05330873916414557,
    "b3": 0.16060458450745319,
    "t1": 0.7583177169665356,
    "t2": 5.842150963546324
}