{
    "b0": 0.12403587480674348,
    "b1": 0.0040694813892640635,
    "b2": -0.008003438282084866,
    "b3": 0.03270338500321191,
    "t1": 1.5407365343257857,
    "t2": 0.575611474820092
}