{
    "b0": 0.15080405728134022,
    "b1": -0.010799989166681262,
    "b2": -0.020652651425239844,
    "b3": 0.040918456999622,
    "t1": 1.3906864226796718,
    "t2": 0.930293497551772
}