{
    "b0": 0.11436802756968227,
    "b1": 0.0030670073993174715,
    "b2": 0.0052942842029844285,
    "b3": 0.027539884260745374,
    "t1": 1.503504112231735,
    "t2": 0.4490976587893112
}