{
    "b0": 0.12088737830947847,
    "b1": 0.011967700349293571,
    "b2": -0.2907721907081419,
    "b3": 0.3190489346993299,
    "t1": 0.7926242804253061,
    "t2": 0.7393872262156673
}