{
    "b0": 0.2813170384857868,
    "b1": -0.14018372604055757,
    "b2": 0.004638050033199392,
    "b3": -0.39917321210876994,
    "t1": 2.5911912826068937,
    "t2": 6.412646855910311
}