{
    "b0": 0.12331404383737612,
    "b1": -0.0011241806977418814,
    "b2": -0.002082851267435931,
    "b3": 0.030155432526378683,
    "t1": 1.418818763529356,
    "t2": 0.5755889343158129
}