{
    "b0": 0.12876185412135854,
    "b1": -0.004501063525735687,
    "b2": -0.009249530024803887,
    "b3": 0.040502876467824515,
    "t1": 1.3621211213529487,
    "t2": 0.5973598785435712
}