{
    "b0": 0.15629978218322624,
    "b1": -0.016081945721348648,
    "b2": 0.09585144753413331,
    "b3": -0.0809030071700523,
    "t1": 1.2883671245995036,
    "t2": 1.7639854282681537
}