{
    "b0": 0.1606968113026436,
    "b1": -0.01980252102254092,
    "b2": -0.2177609584140534,
    "b3": 0.2503523608707511,
    "t1": 0.7014484088120696,
    "t2": 0.7615263032766224
}