{
    "b0": 0.15886967794191076,
    "b1": -0.01947508079849407,
    "b2": -0.0642150756053367,
    "b3": 0.09599356170380705,
    "t1": 1.3475012656519878,
    "t2": 1.2132227593078322
}