{
    "b0": 0.11563521709658243,
    "b1": 0.003592360436536714,
    "b2": -0.26927193959594525,
    "b3": 0.2967438455357992,
    "t1": 0.8695857585326205,
    "t2": 0.8324063152659402
}