{
    "b0": 0.15629792463359377,
    "b1": -0.015878834247690675,
    "b2": -0.6669600875475465,
    "b3": 0.6861014625545095,
    "t1": 0.756004731649508,
    "t2": 0.7691069220781044
}