{
    "b0": 0.12364909448251693,
    "b1": 0.0021666497140613826,
    "b2": -0.00443296747493563,
    "b3": 0.029361240603894587,
    "t1": 1.4985636239722688,
    "t2": 0.4496569074759762
}