{
    "b0": 0.15318314431051053,
    "b1": -0.013327998692200171,
    "b2": -0.004582779550257697,
    "b3": 0.030462674991955933,
    "t1": 2.0183608835719955,
    "t2": 0.9044712047821051
}