{
    "b0": 0.12639454092770674,
    "b1": 0.004387250755883677,
    "b2": -0.01751345635592579,
    "b3": 0.04115608161502349,
    "t1": 1.5045020142127945,
    "t2": 0.6555094556442995
}