{
    "b0": 0.12222709546479277,
    "b1": 0.0029705130876862777,
    "b2": 0.006875227784040437,
    "b3": 0.022498055908228388,
    "t1": 0.8674228396217112,
    "t2": 0.4235455943067077
}