{
    "b0": 0.12344221351683769,
    "b1": 0.0018296511091114732,
    "b2": 0.010046076776480693,
    "b3": 0.01845777707897388,
    "t1": 0.8999667623774696,
    "t2": 0.4098716052199398
}