{
    "b0": 0.12626893162400493,
    "b1": 0.009600526863819164,
    "b2": -0.10799560566622939,
    "b3": 0.1231273880222364,
    "t1": 0.9287089827393622,
    "t2": 0.7045582776578803
}