{
    "b0": 0.11470321983685725,
    "b1": 0.0033433302210183046,
    "b2": -0.0041534580904330175,
    "b3": 0.03251940938857044,
    "t1": 1.4898454362411417,
    "t2": 0.5810336872364354
}