{
    "b0": 0.1577522659034462,
    "b1": -0.017428838506597353,
    "b2": 0.05599704528740999,
    "b3": -0.04391792070427724,
    "t1": 1.0428166313687277,
    "t2": 2.2542903232911486
}