{
    "b0": 0.12506921555955416,
    "b1": 0.009566377521573653,
    "b2": -0.0682580758077908,
    "b3": 0.09862499765795497,
    "t1": 1.0861735156001489,
    "t2": 0.7773845491535978
}