{
    "b0": 0.1571961015097091,
    "b1": -0.016738365992514066,
    "b2": 0.04588022214201202,
    "b3": -0.01695063835304528,
    "t1": 0.8826974297996939,
    "t2": 2.1411124119526797
}