{
    "b0": 0.1267066013882787,
    "b1": 0.0038956011797770043,
    "b2": -0.017228281772559535,
    "b3": 0.03938778647179234,
    "t1": 1.678550180475717,
    "t2": 0.6465045187172445
}