{
    "b0": 0.13448167346605647,
    "b1": 0.005744512023655782,
    "b2": -0.09362725964503488,
    "b3": 0.10232176257364504,
    "t1": 0.7357372306142853,
    "t2": 0.617145287733921
}