{
    "b0": 0.1697636080531473,
    "b1": -0.029780601510621094,
    "b2": -0.10793514768033849,
    "b3": 0.12262246081717741,
    "t1": 2.6258884371665503,
    "t2": 1.7986097213849188
}