{
    "b0": 0.13138026148755141,
    "b1": 0.005270359850634338,
    "b2": 0.9313408960482197,
    "b3": -0.9192766310446652,
    "t1": 0.7283034442526963,
    "t2": 0.7503854633064941
}