{
    "b0": 0.151511339890921,
    "b1": -0.011304938336198663,
    "b2": -0.010072518125181503,
    "b3": 0.027747111542522875,
    "t1": 1.6724978572000904,
    "t2": 0.8169908632606955
}