{
    "b0": 0.16294379831626962,
    "b1": -0.037230078147650135,
    "b2": -0.06275213518922622,
    "b3": 0.026428584001339017,
    "t1": 10.0,
    "t2": 0.43333869331967634
}