{
    "b0": 0.11880441694068358,
    "b1": 0.0006620905451636457,
    "b2": -0.015780645326123176,
    "b3": 0.04449162512069409,
    "t1": 0.9788854703514724,
    "t2": 0.6566247172989161
}