{
    "b0": 0.3528678207686213,
    "b1": -0.21313082776607228,
    "b2": 0.0038595318811676382,
    "b3": -0.5872842054347842,
    "t1": 2.5566413801981067,
    "t2": 6.71370629984307
}