{
    "b0": 0.12804136966994223,
    "b1": -0.003920548255968882,
    "b2": -0.021619266770859107,
    "b3": 0.05445640170678463,
    "t1": 1.4380332759203913,
    "t2": 0.6793362748649017
}