{
    "b0": 0.12117866950018279,
    "b1": 0.011980209732320977,
    "b2": -0.08915431502726107,
    "b3": 0.11828672602066104,
    "t1": 0.8445808459467221,
    "t2": 0.6912000725605667
}