{
    "b0": 0.17896890264233611,
    "b1": -0.037674057302103714,
    "b2": -0.037347672605723144,
    "b3": -0.06563304895001273,
    "t1": 0.23457162942956072,
    "t2": 5.414708181529159
}