{
    "b0": 0.15063629708134055,
    "b1": -0.010713526053848753,
    "b2": 0.0007413401498404396,
    "b3": 0.02276493061658156,
    "t1": 1.5159441672626621,
    "t2": 0.608864137593466
}