{
    "b0": 0.12469104064414545,
    "b1": 0.010045928900682618,
    "b2": 0.26762398319778247,
    "b3": -0.23473702421211637,
    "t1": 0.9487522917012452,
    "t2": 1.0662552846053193
}