{
    "b0": 0.13774358713889423,
    "b1": 0.002571817247125123,
    "b2": -0.2277551163440882,
    "b3": 0.23016736604227642,
    "t1": 0.6518266451156922,
    "t2": 0.6000476514454807
}