{
    "b0": 0.14072063573819185,
    "b1": -9.36271382683566e-05,
    "b2": -0.015264099718839564,
    "b3": 0.014331601021433736,
    "t1": 1.4611234515249762,
    "t2": 0.38324425504790494
}