{
    "b0": 0.1138048638946705,
    "b1": 0.005689068540824176,
    "b2": -0.055954325995206444,
    "b3": 0.0854392309808582,
    "t1": 0.936867181461368,
    "t2": 0.7759274564940677
}