{
    "b0": 0.12279387839902303,
    "b1": 0.00020402514077475908,
    "b2": -0.010080534144407311,
    "b3": 0.034028486105453996,
    "t1": 1.4986210443602586,
    "t2": 0.630721906224748
}