{
    "b0": 0.1641117275938583,
    "b1": -0.03631154117324731,
    "b2": -0.06571091964737091,
    "b3": 0.028042551551557684,
    "t1": 10.0,
    "t2": 0.5050263149639731
}