{
    "b0": 0.18762446773885394,
    "b1": -0.04877388430721902,
    "b2": 0.025145277670204216,
    "b3": -0.09694837044512461,
    "t1": 1.0198643023225358,
    "t2": 4.827834192729262
}