{
    "b0": 0.12224293796099278,
    "b1": 0.008964732426275105,
    "b2": -0.03977094790165011,
    "b3": 0.06720465992102866,
    "t1": 0.9312536523994472,
    "t2": 0.6338865522574615
}