{
    "b0": 0.15699898242894406,
    "b1": -0.01622433831088135,
    "b2": -0.0176037123740414,
    "b3": 0.021475094977603033,
    "t1": 0.3161328869255815,
    "t2": 0.9662398749030272
}