{
    "b0": 0.12875649217826482,
    "b1": -0.004361311391553465,
    "b2": -0.008101322448275562,
    "b3": 0.04052270377900089,
    "t1": 1.5637178331916264,
    "t2": 0.6237823765066377
}