{
    "b0": 0.12333933248636034,
    "b1": 0.007740024167635223,
    "b2": -0.08612213448606007,
    "b3": 0.11610163872765575,
    "t1": 0.8590239150564276,
    "t2": 0.7095970747953277
}