{
    "b0": 0.1579897846797529,
    "b1": -0.01724286002151496,
    "b2": 0.025937704943411806,
    "b3": 0.00571325464103499,
    "t1": 1.0192399132992405,
    "t2": 0.9027239519188575
}