{
    "b0": 0.11669152378247995,
    "b1": -0.0007459517635038521,
    "b2": 0.025773906020126712,
    "b3": 0.015424460508264053,
    "t1": 0.8814209609424681,
    "t2": 0.4068614159781232
}