{
    "b0": 0.12476327566131182,
    "b1": 0.006257129097097138,
    "b2": -0.01910335625626664,
    "b3": 0.04125017089153359,
    "t1": 1.6022722254065416,
    "t2": 0.6042335180858869
}