{
    "b0": 0.1586018041250531,
    "b1": -0.018940464036869234,
    "b2": -0.972210031516283,
    "b3": 0.9881455537522029,
    "t1": 1.7723914794918953,
    "t2": 1.7141281149129939
}