{
    "b0": 0.16241591964355792,
    "b1": -0.023597844223535155,
    "b2": -0.2965617870373849,
    "b3": 0.3249409739494661,
    "t1": 1.7112239335037933,
    "t2": 1.4980850561503773
}