{
    "b0": 0.14189589524152146,
    "b1": -0.001104211458342194,
    "b2": -0.010507421471647457,
    "b3": 0.011787542248047329,
    "t1": 1.483949143459498,
    "t2": 0.43021557530455024
}