{
    "b0": 0.12280696619048662,
    "b1": -0.002640330579048886,
    "b2": 0.0038733897424585288,
    "b3": 0.0279397581434714,
    "t1": 1.4912519590140394,
    "t2": 0.5767677822906219
}