{
    "b0": 0.12461082229435587,
    "b1": 0.010210689723351585,
    "b2": -0.2372581154712692,
    "b3": 0.26529457227731307,
    "t1": 1.0486905781689138,
    "t2": 0.9212245749641106
}