{
    "b0": 0.1261516008220607,
    "b1": 0.004517044286462175,
    "b2": -0.01794775365832344,
    "b3": 0.041487097532934544,
    "t1": 1.503375144507781,
    "t2": 0.6130783826965827
}