{
    "b0": 0.13238836832741505,
    "b1": -0.008375352422957345,
    "b2": 0.06332980793724512,
    "b3": -0.030452596207803675,
    "t1": 0.7316335434203305,
    "t2": 1.2155214913719607
}