{
    "b0": 0.11439190634165847,
    "b1": 0.005192732573825619,
    "b2": -0.024843678909260973,
    "b3": 0.0540110999044123,
    "t1": 0.8823302295520037,
    "t2": 0.6903263794819567
}