{
    "b0": 0.15643281298324993,
    "b1": -0.015835571412379824,
    "b2": -0.07065765002192659,
    "b3": 0.102054169695681,
    "t1": 0.5251907870494161,
    "t2": 0.7172765401684416
}