{
    "b0": 0.11982468724548333,
    "b1": 0.002793737356310817,
    "b2": -0.005005455801078498,
    "b3": 0.03117563029421523,
    "t1": 1.528709654875413,
    "t2": 0.5919068471211357
}