{
    "b0": 0.1637318852163041,
    "b1": -0.023919699156981392,
    "b2": -0.7703261478202995,
    "b3": 0.7848268793393718,
    "t1": 1.7388196035576504,
    "t2": 1.6496237589713347
}