{
    "b0": 0.18098062651965288,
    "b1": -0.03947970878753923,
    "b2": -0.039443343870244785,
    "b3": -0.07340679986146692,
    "t1": 0.23212741179525676,
    "t2": 5.243934075230015
}