{
    "b0": 0.15628221375324086,
    "b1": -0.015470960819015582,
    "b2": -0.18175356567678602,
    "b3": 0.19586508388619747,
    "t1": 0.7115642864598319,
    "t2": 0.7597926745184003
}