{
    "b0": 0.12606792108523243,
    "b1": 0.009866463064428095,
    "b2": -0.45110173910521784,
    "b3": 0.46821691904082446,
    "t1": 0.8393288960080287,
    "t2": 0.7858935961012445
}