{
    "b0": 0.15281072014936997,
    "b1": -0.013749861022745433,
    "b2": 0.04486250850003258,
    "b3": -0.0053131921615310555,
    "t1": 1.03867775708889,
    "t2": 1.013411851306223
}