{
    "b0": 0.3897403883612901,
    "b1": -0.2503732221660803,
    "b2": 0.002209194086460628,
    "b3": -0.6779092526129947,
    "t1": 2.4735941428548065,
    "t2": 6.7819495406421595
}