{
    "b0": 0.16986680766095394,
    "b1": -0.030960069917908846,
    "b2": 0.10147444699731245,
    "b3": -0.09087413318070293,
    "t1": 1.5183904107397712,
    "t2": 2.6349659793248454
}