{
    "b0": 0.32493486526461596,
    "b1": -0.18354283573655283,
    "b2": 0.005267694913418941,
    "b3": -0.5120713330759509,
    "t1": 2.509101222286519,
    "t2": 6.417965841603546
}