{
    "b0": 0.14879867660639703,
    "b1": -0.008788968710492643,
    "b2": -0.0020155607541339515,
    "b3": 0.02180326227842783,
    "t1": 1.497198050408394,
    "t2": 0.6024324320654246
}