{
    "b0": 0.15950735889549109,
    "b1": -0.0186177016250487,
    "b2": 0.002198751910696718,
    "b3": 0.039997281065262756,
    "t1": 1.3997897103294736,
    "t2": 0.8352185760375894
}