{
    "b0": 0.12296687001310255,
    "b1": 0.0020529071113470684,
    "b2": 0.0011313956098379404,
    "b3": 0.024997804236337545,
    "t1": 1.4737685835168972,
    "t2": 0.4331618725205253
}