{
    "b0": 0.13193545531396522,
    "b1": -0.007961301657769423,
    "b2": -0.6524277626775864,
    "b3": 0.6864957016540136,
    "t1": 0.9954916877131259,
    "t2": 0.9635405659706482
}