{
    "b0": 0.16432134015494018,
    "b1": -0.024273450426206628,
    "b2": 0.21521563835185506,
    "b3": -0.18688969671514155,
    "t1": 1.4842926709904694,
    "t2": 1.6793189671821231
}