{
    "b0": 0.16163434344259775,
    "b1": -0.021963854174820642,
    "b2": 0.9646604059154432,
    "b3": -0.9424879306013001,
    "t1": 1.5827272056572013,
    "t2": 1.6274199024394398
}