{
    "b0": 0.12271658798717872,
    "b1": 0.018084891397857385,
    "b2": -0.0339543351807226,
    "b3": 0.02474781055960488,
    "t1": 1.1044394334317191,
    "t2": 0.3565752081129929
}