{
    "b0": 0.10848062933889882,
    "b1": 0.030307968363962583,
    "b2": 0.17371083166981122,
    "b3": -0.1960091212393305,
    "t1": 2.3294506125413106,
    "t2": 1.603472433686882
}