{
    "b0": 0.16401969481797968,
    "b1": -0.02043731875382208,
    "b2": 0.22295545118858942,
    "b3": -0.2037043568457491,
    "t1": 0.8900110575433242,
    "t2": 0.7983273768074604
}