{
    "b0": 0.12921633280185035,
    "b1": 0.011641112769680514,
    "b2": -0.038022963956973556,
    "b3": 0.017676639476114718,
    "t1": 1.234894040814301,
    "t2": 0.2999828222639662
}