{
    "b0": 0.13105230276185814,
    "b1": 0.009716487521108149,
    "b2": -0.044964944236174406,
    "b3": 0.022881713128965822,
    "t1": 1.0505781345448346,
    "t2": 0.30722347810565953
}