{
    "b0": 0.13201243289830625,
    "b1": 0.008615982024591858,
    "b2": -0.029892351518911404,
    "b3": 0.013698741469795732,
    "t1": 1.161977652655772,
    "t2": 0.20133798639148814
}