{
    "b0": 0.15654601804995308,
    "b1": -0.014502676430204848,
    "b2": 0.042080713850068764,
    "b3": -0.005464563918088604,
    "t1": 1.1410656418451506,
    "t2": 0.5823555856237963
}