{
    "b0": 0.12081809402255325,
    "b1": 0.018122313542268523,
    "b2": 0.13991014119254483,
    "b3": -0.1905016235494367,
    "t1": 1.7074874812487026,
    "t2": 1.3081512362966197
}