{
    "b0": 0.08367089706561845,
    "b1": 0.055402420124904525,
    "b2": -0.05062605856739257,
    "b3": 0.13952141822119704,
    "t1": 1.257627088658419,
    "t2": 4.429474761803116
}