{
    "b0": 0.1331600005499118,
    "b1": 0.007181735411427079,
    "b2": 0.026064051690010366,
    "b3": -0.03341058572982249,
    "t1": 0.2597308808121115,
    "t2": 0.8906229071211431
}