{
    "b0": 0.1461345779872571,
    "b1": -0.0034818396761849765,
    "b2": -0.05922617008640984,
    "b3": 0.04035740077615837,
    "t1": 1.205510434093029,
    "t2": 1.4553866026768536
}