{
    "b0": 0.12324281790649778,
    "b1": 0.017556678759834063,
    "b2": -0.034944083893071944,
    "b3": 0.019644918171769155,
    "t1": 1.3535288452640666,
    "t2": 0.3207513802658992
}