{
    "b0": 0.12899319371260523,
    "b1": 0.01195358724516421,
    "b2": -0.04762335116918143,
    "b3": 0.021021821398542983,
    "t1": 1.1059786679354784,
    "t2": 0.29393215063793576
}