{
    "b0": 0.12665863059676558,
    "b1": 0.013767832233765773,
    "b2": -0.043361952683426276,
    "b3": 0.030689849040657774,
    "t1": 1.0413519193949714,
    "t2": 0.3684687642553266
}