{
    "b0": 0.11677326449158275,
    "b1": 0.022978069390026064,
    "b2": -0.05076099813697346,
    "b3": 0.014230692994211622,
    "t1": 1.0851054983406092,
    "t2": 0.33529986124841304
}