{
    "b0": 0.14224623923309107,
    "b1": -0.0012934676870904691,
    "b2": -0.03747733060991318,
    "b3": 0.01796880308531917,
    "t1": 0.8931577052827979,
    "t2": 0.3169952683511843
}