{
    "b0": 0.16106746579843684,
    "b1": -0.018429109291765382,
    "b2": -0.6899992339901344,
    "b3": 0.6642336972932905,
    "t1": 1.111366507435985,
    "t2": 1.1335406662324825
}