{
    "b0": 0.12222749281234702,
    "b1": 0.018307370596976638,
    "b2": -0.03970894790741432,
    "b3": 0.028035404490952705,
    "t1": 1.16228339734315,
    "t2": 0.36399424862058627
}