{
    "b0": 0.11851941147885288,
    "b1": 0.022051715463107115,
    "b2": -0.05755143112420742,
    "b3": 0.02444869617015284,
    "t1": 0.9625182029286794,
    "t2": 0.36755586101417315
}