{
    "b0": 0.14607129225617652,
    "b1": -0.005099454551288324,
    "b2": -0.22362786428318804,
    "b3": 0.20083133730101502,
    "t1": 0.5462332882585432,
    "t2": 0.4849212382751098
}