{
    "b0": 0.12138097673677647,
    "b1": 0.019255083240745974,
    "b2": -0.038699239281056466,
    "b3": 0.027276103975404774,
    "t1": 1.2058035347797373,
    "t2": 0.37752694538807585
}