{
    "b0": 0.11927383815826767,
    "b1": 0.019770931673713174,
    "b2": -0.04853486932874955,
    "b3": 0.018993656567548627,
    "t1": 1.0165188364078928,
    "t2": 0.34501658351118447
}