{
    "b0": 0.16028966179150358,
    "b1": -0.018037076158251675,
    "b2": 0.03599469242050974,
    "b3": -0.0018810625274281578,
    "t1": 1.228163254545263,
    "t2": 0.5418436674913849
}