{
    "b0": 0.2415933585013317,
    "b1": -0.10200524108955569,
    "b2": -0.3571344186707871,
    "b3": 0.28054235315187787,
    "t1": 6.744029492002534,
    "t2": 4.547851994539157
}