{
    "b0": 0.14522886610248836,
    "b1": -0.004320321674753231,
    "b2": 0.029903399445450018,
    "b3": -0.05454606383891085,
    "t1": 0.3523101110322111,
    "t2": 0.7003552776483168
}