{
    "b0": 0.12438636367240864,
    "b1": 0.016313706337158815,
    "b2": -0.04626519497364744,
    "b3": 0.030924185259524242,
    "t1": 1.1122401720233177,
    "t2": 0.39862751604684377
}