{
    "b0": 0.1276109127292324,
    "b1": 0.012797516304228465,
    "b2": -0.04623321748379546,
    "b3": 0.02673821752320839,
    "t1": 1.2196894204668256,
    "t2": 0.34502286859788445
}