{
    "b0": 0.12334075349682454,
    "b1": 0.01785566018642142,
    "b2": -0.06895469116430827,
    "b3": 0.038664085782007133,
    "t1": 0.8545926049432815,
    "t2": 0.4044996199791919
}