{
    "b0": 0.1470799109260292,
    "b1": -0.004286028521059941,
    "b2": -0.07325884647659964,
    "b3": 0.050294402426732165,
    "t1": 1.3922514844700662,
    "t2": 1.8849710701533686
}