{
    "b0": 0.11760971837561353,
    "b1": 0.022984169503448372,
    "b2": -0.05750753847484111,
    "b3": 0.021172980258064935,
    "t1": 1.0131939955891478,
    "t2": 0.3978981893620528
}