{
    "b0": 0.14769614563667421,
    "b1": -0.0047248156853857606,
    "b2": 0.015522413058098415,
    "b3": -0.04171069458858577,
    "t1": 1.4546231695537686,
    "t2": 1.145589172474745
}