{
    "b0": 0.14478942507853912,
    "b1": -0.001981577110880088,
    "b2": 0.39938520157185287,
    "b3": -0.421080173012923,
    "t1": 1.4137219610857206,
    "t2": 1.380196042874858
}