{
    "b0": 0.13275855115035426,
    "b1": 0.007785590557657929,
    "b2": -0.03933301761512202,
    "b3": 0.024391764904142146,
    "t1": 0.8000015501724791,
    "t2": 0.29206926151823787
}