{
    "b0": 0.11521610909070235,
    "b1": 0.023742477531403572,
    "b2": -0.04274561998231943,
    "b3": 0.019091277224640463,
    "t1": 1.0992706194765303,
    "t2": 0.3476382563155864
}