{
    "b0": 0.12860456194004802,
    "b1": 0.011857600907378836,
    "b2": -0.03598294917051042,
    "b3": 0.019289550563094667,
    "t1": 1.2453269944937144,
    "t2": 0.2868671071054605
}