{
    "b0": 0.09262846607376829,
    "b1": 0.047749306748164924,
    "b2": -0.045381064364218696,
    "b3": 0.10099700491517816,
    "t1": 1.3315173765869783,
    "t2": 4.494461858205289
}