{
    "b0": 0.127555567148031,
    "b1": 0.013618974960718164,
    "b2": -0.07288226621690293,
    "b3": 0.04696860314294053,
    "t1": 0.8729919063711833,
    "t2": 0.42597768820001214
}