{
    "b0": 0.12462175335966881,
    "b1": 0.015989717437276355,
    "b2": -0.04112600946754104,
    "b3": 0.019484719055273336,
    "t1": 1.3833150363708673,
    "t2": 0.2887080593643807
}