{
    "b0": 0.11390782456986928,
    "b1": 0.02456323783136305,
    "b2": -0.22748426859308446,
    "b3": 0.19904909334586707,
    "t1": 1.5128992920349307,
    "t2": 1.997459094753957
}