{
    "b0": 0.16292745464717778,
    "b1": -0.02073410021349342,
    "b2": 0.06331185285523142,
    "b3": -0.07178283067630857,
    "t1": 1.0984965761073964,
    "t2": 0.8664025169372387
}