{
    "b0": 0.12212506950933542,
    "b1": 0.01850724875932627,
    "b2": -0.04000210505978582,
    "b3": 0.02240259566071354,
    "t1": 1.2841107859500402,
    "t2": 0.3044766523566764
}