{
    "b0": 0.11790922724279203,
    "b1": 0.021127509913657708,
    "b2": -0.04867810075269504,
    "b3": 0.02029002814055545,
    "t1": 1.006772589822789,
    "t2": 0.36529633778912185
}