{
    "b0": 0.11440198603701157,
    "b1": 0.024023574231649254,
    "b2": -0.1720486822230912,
    "b3": 0.14467906147035764,
    "t1": 1.4706062593755167,
    "t2": 2.1102783223032024
}