{
    "b0": 0.12283560563653094,
    "b1": 0.017985475047974264,
    "b2": -0.03571888998604623,
    "b3": 0.022844790232316836,
    "t1": 1.2845934070884537,
    "t2": 0.3464978762752118
}