{
    "b0": 0.1138459453695993,
    "b1": 0.025207268708870766,
    "b2": -0.04452997510385908,
    "b3": 0.021061407300077082,
    "t1": 1.0913714127561969,
    "t2": 0.39089209585571627
}