{
    "b0": 0.13280213327449814,
    "b1": 0.007913548223702794,
    "b2": -0.03739240280858851,
    "b3": 0.014400963286833915,
    "t1": 1.3596602959255426,
    "t2": 0.23171741972776605
}