{
    "b0": 0.11702268138117247,
    "b1": 0.023485119075171725,
    "b2": -0.07465132789051007,
    "b3": 0.0449285434939483,
    "t1": 0.83861314528815,
    "t2": 0.5117155452668634
}