{
    "b0": 0.16003658866867096,
    "b1": -0.01764061952037943,
    "b2": 0.6270637965873863,
    "b3": -0.6335150965935247,
    "t1": 1.307378239965446,
    "t2": 1.2563544609950696
}