{
    "b0": 0.11994594378909164,
    "b1": 0.021016645725385585,
    "b2": -0.06089745564170075,
    "b3": 0.03212611430986009,
    "t1": 0.8819151612055522,
    "t2": 0.4216124108669703
}