{
    "b0": 0.13047599585308867,
    "b1": 0.0102344726469937,
    "b2": -0.04647621041579956,
    "b3": 0.030625071155761692,
    "t1": 0.8394327933986698,
    "t2": 0.3162914425699368
}