{
    "b0": 0.12374385536505507,
    "b1": 0.014209476873687548,
    "b2": -0.1003680934543558,
    "b3": 0.07313037665549844,
    "t1": 0.6400199128421109,
    "t2": 0.4544961163090431
}