{
    "b0": 0.12735801795564305,
    "b1": 0.013085834890818559,
    "b2": -0.043918240303037794,
    "b3": 0.02706643293304325,
    "t1": 1.156212851083089,
    "t2": 0.34657152332431007
}