{
    "b0": 0.1120361705693285,
    "b1": 0.02592900525122425,
    "b2": -0.0835393928728535,
    "b3": 0.054476032276151554,
    "t1": 1.1548768623467829,
    "t2": 2.601286882462034
}