{
    "b0": 0.16566543395855857,
    "b1": -0.023230406342137105,
    "b2": 0.12713134322053676,
    "b3": -0.13449615431604667,
    "t1": 1.1624756192516834,
    "t2": 0.9675469576809075
}