{
    "b0": 0.13308091557463747,
    "b1": 0.007161513150256492,
    "b2": 0.025914395317053127,
    "b3": -0.034415612688592986,
    "t1": 0.2342131252165851,
    "t2": 0.9307412435077396
}