{
    "b0": 0.2792523732833447,
    "b1": -0.13582296510612105,
    "b2": 0.09242565807611179,
    "b3": -0.34512057300779897,
    "t1": 2.422486708735648,
    "t2": 6.0444135175834175
}