{
    "b0": 0.13026664091788562,
    "b1": 0.010246379561233613,
    "b2": -0.03777197166142662,
    "b3": 0.02251252101451129,
    "t1": 1.064563341431835,
    "t2": 0.3034538157956721
}