{
    "b0": 0.1637425174296055,
    "b1": -0.019670904520806276,
    "b2": 0.3488766942687287,
    "b3": -0.33082917085477503,
    "t1": 0.9186700029261381,
    "t2": 0.8232351283601282
}