{
    "b0": 0.1283363796819393,
    "b1": 0.012128351511580954,
    "b2": -0.04522480509019378,
    "b3": 0.024236674001119583,
    "t1": 0.983852274671488,
    "t2": 0.2791568273542113
}