{
    "b0": 0.12817508144763545,
    "b1": 0.012162913091308809,
    "b2": -0.033991853285434005,
    "b3": 0.019561316452303162,
    "t1": 1.1430817536394784,
    "t2": 0.25964482523260024
}