{
    "b0": 0.11863304434888679,
    "b1": 0.021853516827657307,
    "b2": 0.027752179482261965,
    "b3": -0.03206115780904212,
    "t1": 0.2873853570867606,
    "t2": 1.2378355074243301
}