{
    "b0": 0.11622490444455591,
    "b1": 0.022750763441783027,
    "b2": -0.04418451249023762,
    "b3": 0.020761576268918815,
    "t1": 1.0356229282941873,
    "t2": 0.35181337678702107
}