{
    "b0": 0.13119420015262623,
    "b1": 0.00947891419707343,
    "b2": -0.03756923466015107,
    "b3": 0.015794201691588492,
    "t1": 1.2934955016408933,
    "t2": 0.2431724101025008
}