{
    "b0": 0.13284157140985006,
    "b1": 0.007852593353159527,
    "b2": -0.04561347772911948,
    "b3": 0.02294948845127054,
    "t1": 1.1016995244747525,
    "t2": 0.3137959097107643
}