{
    "b0": 0.12706123730568783,
    "b1": 0.013359902906927216,
    "b2": -0.041353657745606696,
    "b3": 0.028542942701616426,
    "t1": 1.0587609170867114,
    "t2": 0.35697466162103275
}