{
    "b0": 0.133052584347355,
    "b1": 0.007506619235614437,
    "b2": 0.037841468288952955,
    "b3": -0.046751899878839896,
    "t1": 0.32659624104872087,
    "t2": 0.7104868013350165
}