{
    "b0": 0.12161284940882088,
    "b1": 0.019143700977453472,
    "b2": -0.03860114526983397,
    "b3": 0.023119807965402226,
    "t1": 1.2303247870056753,
    "t2": 0.31275557401385523
}