{
    "b0": 0.16101138490117511,
    "b1": -0.017490526291473588,
    "b2": 0.9510510000601714,
    "b3": -0.925091997075779,
    "t1": 0.9087066650390625,
    "t2": 0.89235510145381
}