{
    "b0": 0.1440260619082985,
    "b1": -0.0022859946455211465,
    "b2": -0.0039345772933294006,
    "b3": -0.027334472982090505,
    "t1": 0.023557034008946154,
    "t2": 1.1587022068998976
}