{
    "b0": 0.16051662338300682,
    "b1": -0.017689008289713017,
    "b2": 0.2668065799638364,
    "b3": -0.24006599012884472,
    "t1": 0.9116048917071771,
    "t2": 0.8707514551837647
}