{
    "b0": 0.16301829178201374,
    "b1": -0.0206743954032008,
    "b2": -0.33376852059684453,
    "b3": 0.3202189691015607,
    "t1": 0.8709920191326344,
    "t2": 0.9169108764604098
}