{
    "b0": 0.15106824065987712,
    "b1": -0.008785406998748751,
    "b2": -0.008375965372236512,
    "b3": -0.012522146285391287,
    "t1": 1.494363185676856,
    "t2": 0.7171340928952938
}