{
    "b0": 0.12291298524370997,
    "b1": 0.015031436199838481,
    "b2": -0.5548243970615533,
    "b3": 0.5318378178131528,
    "t1": 0.5514834847608183,
    "t2": 0.5229472387420024
}