{
    "b0": 0.15169980606656436,
    "b1": -0.00916336957333621,
    "b2": -0.1945804593961179,
    "b3": 0.1725431079733492,
    "t1": 1.3372302593643282,
    "t2": 1.4579182115775744
}