{
    "b0": 0.16263427806390912,
    "b1": -0.019627820920415807,
    "b2": 0.05386691146301093,
    "b3": -0.07765000952836508,
    "t1": 1.4228757605367093,
    "t2": 1.069182403107752
}