{
    "b0": 0.08163228443491324,
    "b1": 0.058146222306613635,
    "b2": -0.03960287870310159,
    "b3": 0.13022982185251927,
    "t1": 1.1865635041655578,
    "t2": 4.873646644419841
}