{
    "b0": 0.12163941018978157,
    "b1": 0.019495280348350005,
    "b2": -0.07140630018896406,
    "b3": 0.040906264230508194,
    "t1": 0.8528419644734351,
    "t2": 0.42666197121703053
}