{
    "b0": 0.10609539142767574,
    "b1": -0.027224864975308447,
    "b2": 0.22628164621433827,
    "b3": -0.28856661372491205,
    "t1": 0.8234710006053447,
    "t2": 0.7596426312026008
}