{
    "b0": 0.10801141745111192,
    "b1": -0.00921012196486641,
    "b2": 0.010646127506255081,
    "b3": -0.06983991518600251,
    "t1": 1.4883814855859852,
    "t2": 0.6679353026583126
}