{
    "b0": 0.11358521742335785,
    "b1": -0.0099415935061717,
    "b2": 0.16814837743469577,
    "b3": -0.22729955777895577,
    "t1": 1.0398061247893904,
    "t2": 0.8840140839550905
}