{
    "b0": 0.10413459726751696,
    "b1": 0.02020281691341413,
    "b2": 0.0942949056615126,
    "b3": -0.15292447736237424,
    "t1": 1.3709332422216962,
    "t2": 1.0672507642100306
}