{
    "b0": 0.10580990271635193,
    "b1": 0.030349265665867056,
    "b2": -0.3008240548822639,
    "b3": 0.27158359814126576,
    "t1": 1.5344400479179467,
    "t2": 1.8770638595108324
}