{
    "b0": 0.10606602663030065,
    "b1": -0.012481641692967643,
    "b2": 0.07599825250683574,
    "b3": -0.13413276397301027,
    "t1": 1.1814381923343409,
    "t2": 0.8599630542503185
}