{
    "b0": 0.10552433417404555,
    "b1": 0.017036711396566397,
    "b2": 0.06154056715776885,
    "b3": -0.12407259261639415,
    "t1": 1.2400408079517389,
    "t2": 0.8919421220268235
}