{
    "b0": 0.10539716385894417,
    "b1": 0.009488364531826936,
    "b2": 0.10618650726537586,
    "b3": -0.15955534617284262,
    "t1": 0.9819259962088029,
    "t2": 0.8361027309521658
}