{
    "b0": 0.11175351058667661,
    "b1": -0.010170015271025831,
    "b2": 0.0239611371688024,
    "b3": -0.07632886244552688,
    "t1": 1.9471451680809087,
    "t2": 0.6821105623149029
}