{
    "b0": 0.11064267500739523,
    "b1": -0.03636407506226917,
    "b2": 0.23683997932975093,
    "b3": -0.28773921045694306,
    "t1": 0.9398200902918274,
    "t2": 0.8330261854953873
}