{
    "b0": 0.11300458641376514,
    "b1": -0.04214833100242681,
    "b2": -0.4335561538440168,
    "b3": 0.38687482835649367,
    "t1": 1.0134987039867127,
    "t2": 1.1244289851227323
}