{
    "b0": 0.1040035274722519,
    "b1": 0.01880773061088707,
    "b2": 0.03156357131654632,
    "b3": -0.09781884190819203,
    "t1": 1.6327162077934432,
    "t2": 0.8967058380058806
}