{
    "b0": 0.10882942786221833,
    "b1": -0.008502057296471226,
    "b2": 0.01663084975787916,
    "b3": -0.07397203792202482,
    "t1": 1.5619034960480445,
    "t2": 0.6543474870384909
}