{
    "b0": 0.10743714122676566,
    "b1": 0.006464853747371012,
    "b2": 0.008121983381037198,
    "b3": -0.07235513497042044,
    "t1": 1.0949510629293742,
    "t2": 0.6144867609736142
}