{
    "b0": 0.11130467701491467,
    "b1": -0.04057827384553598,
    "b2": -0.3014549547947352,
    "b3": 0.25799023028335527,
    "t1": 0.9749934894318242,
    "t2": 1.1250302174663462
}