{
    "b0": 0.11193617899992252,
    "b1": -0.03830927558972197,
    "b2": 0.12540782730260566,
    "b3": -0.1734461375252254,
    "t1": 1.0731767801272944,
    "t2": 0.8415568285058281
}