{
    "b0": 0.10621029136542053,
    "b1": -0.023009483798482902,
    "b2": 0.03381999215327647,
    "b3": -0.09936272789950551,
    "t1": 1.0268772964752997,
    "t2": 0.7519974636539697
}