{
    "b0": 0.10863408245659308,
    "b1": -0.016374191764868685,
    "b2": 0.25628298290585233,
    "b3": -0.3190551625562696,
    "t1": 0.9282756086789927,
    "t2": 0.8430167227642462
}