{
    "b0": 0.1074519279329365,
    "b1": 0.005037573243276659,
    "b2": -0.006801049580954549,
    "b3": -0.07307492575766636,
    "t1": 1.4528228879034364,
    "t2": 0.5781886557041824
}