{
    "b0": 0.1104151239319743,
    "b1": -0.0064536606267509775,
    "b2": 0.1135360014473358,
    "b3": -0.16975591597430653,
    "t1": 1.0092788897597176,
    "t2": 0.8361247384662533
}