{
    "b0": 0.10680190647866919,
    "b1": -0.013025752610755604,
    "b2": 0.031587698486688506,
    "b3": -0.08563590602786919,
    "t1": 1.4934676838374972,
    "t2": 0.7831129587937662
}