{
    "b0": -0.0001230320455804072,
    "b1": 0.07450140886824656,
    "b2": 0.2302657379222952,
    "b3": -0.043934652945602976,
    "t1": 7.074630403645993,
    "t2": 0.49129035079906846
}