{
    "b0": 0.11521508728129808,
    "b1": -0.007621223357632819,
    "b2": 0.01970315194731425,
    "b3": -0.07533591853192904,
    "t1": 1.4839638924967504,
    "t2": 0.7007627697515337
}