{
    "b0": 0.11438265602550665,
    "b1": -0.006065401813749583,
    "b2": 0.026993605672432194,
    "b3": -0.08567626260548442,
    "t1": 1.4707532547686233,
    "t2": 0.728280513318583
}