{
    "b0": 0.10540905999756753,
    "b1": -0.02196147777923038,
    "b2": 0.07813934358515023,
    "b3": -0.13404489697289493,
    "t1": 0.9902477727606387,
    "t2": 0.8111450691893101
}