{
    "b0": -0.25106258721987307,
    "b1": 0.31939585794820585,
    "b2": -0.003872181266742769,
    "b3": 0.9404701792603136,
    "t1": 2.483619830535643,
    "t2": 6.703840359702001
}