{
    "b0": 0.10966041635042953,
    "b1": -0.0199657433305023,
    "b2": 0.01369476586798643,
    "b3": -0.07344315961640688,
    "t1": 1.5001276347928911,
    "t2": 0.607357923704626
}