{
    "b0": 0.10334233804384976,
    "b1": 0.021187299346942846,
    "b2": -0.47672900728490547,
    "b3": 0.42665462534511917,
    "t1": 1.1651303004727032,
    "t2": 1.2466178949297904
}