{
    "b0": 0.11192818749220179,
    "b1": -0.04117321312645409,
    "b2": -0.3077716407811492,
    "b3": 0.26229774414607804,
    "t1": 0.9669882970988631,
    "t2": 1.1131547698179403
}