{
    "b0": 0.1053821085282628,
    "b1": 0.02343144181077988,
    "b2": -0.09773127150710606,
    "b3": 0.05218677903094182,
    "t1": 1.0523166326842177,
    "t2": 1.5780692237037268
}