{
    "b0": 0.10427817297939333,
    "b1": 0.020133249531687235,
    "b2": -0.4289445791674044,
    "b3": 0.37529594946468037,
    "t1": 1.1498638091445885,
    "t2": 1.2379957748954369
}