{
    "b0": 0.10470824317964078,
    "b1": 0.021217598315439377,
    "b2": -0.2556934377980058,
    "b3": 0.20805729372928988,
    "t1": 1.0904283081276187,
    "t2": 1.2254313438236881
}