{
    "b0": 0.11325017180335065,
    "b1": -0.010331193765119127,
    "b2": 0.04556553729037878,
    "b3": -0.09621826196833529,
    "t1": 1.481570621155845,
    "t2": 0.7923212334694227
}