{
    "b0": 0.10969523488439342,
    "b1": -0.02256368234626515,
    "b2": 0.20527287945681233,
    "b3": -0.28613810792328526,
    "t1": 0.4935418715995441,
    "t2": 0.5310790008211779
}