{
    "b0": 0.11127605269869491,
    "b1": -0.03797365822242657,
    "b2": 0.12233590663571886,
    "b3": -0.16830374003050252,
    "t1": 1.0990503468934962,
    "t2": 0.8547231054416544
}