{
    "b0": 0.10715857168890143,
    "b1": -0.026076528327503207,
    "b2": 0.036517791001168816,
    "b3": -0.09630342330256368,
    "t1": 1.0571107432444822,
    "t2": 0.698295645400381
}