{
    "b0": 0.10961719392222652,
    "b1": -0.018625766057767848,
    "b2": 0.02105543089469495,
    "b3": -0.07518578569944585,
    "t1": 1.4975308670786944,
    "t2": 0.635785153712618
}