{
    "b0": 0.11191598531847861,
    "b1": -0.04121208969170242,
    "b2": -0.6315783977354897,
    "b3": 0.5900171867877491,
    "t1": 1.015796158333185,
    "t2": 1.0831576124158009
}