{
    "b0": 0.10771315489430974,
    "b1": -0.025062290549220496,
    "b2": 0.058183795745685135,
    "b3": -0.12775601184638946,
    "t1": 0.9372071215353905,
    "t2": 0.7743682047797895
}