{
    "b0": 0.1047089511240865,
    "b1": 0.016828350248286314,
    "b2": 0.11576667478385673,
    "b3": -0.1772590151235941,
    "t1": 1.0626771478727588,
    "t2": 0.8837952103477722
}