{
    "b0": 0.10487116460331611,
    "b1": 0.01328440703647413,
    "b2": 0.008267947401496218,
    "b3": -0.07002455888539569,
    "t1": 1.5449196516858628,
    "t2": 0.7076187569960064
}