{
    "b0": -0.25009237030241455,
    "b1": 0.3180784808950929,
    "b2": -0.003929363781435963,
    "b3": 0.9491094977853287,
    "t1": 2.5136975801933494,
    "t2": 6.809797415845797
}