{
    "b0": 0.009686360369441201,
    "b1": 0.06645948087303498,
    "b2": 0.208326354070988,
    "b3": -0.04402290246790232,
    "t1": 6.824567214412052,
    "t2": 0.4887466535780821
}