{
    "b0": 0.1092226527411822,
    "b1": -0.01797386622173863,
    "b2": 0.02217652354779721,
    "b3": -0.07428143949383102,
    "t1": 1.586404146101267,
    "t2": 0.6284015006559764
}