{
    "b0": 0.10717477054493371,
    "b1": 0.023301433142166587,
    "b2": -0.0897408009918612,
    "b3": 0.05173353992445442,
    "t1": 1.1201183767468614,
    "t2": 2.1472215189982813
}