{
    "b0": 0.10609094816999187,
    "b1": 0.02182209353238921,
    "b2": -0.08246730120603515,
    "b3": 0.03545916562445843,
    "t1": 0.9938741046563013,
    "t2": 1.569492629930064
}