{
    "b0": 0.10535669637472325,
    "b1": 0.022858539096872153,
    "b2": -0.06736548223201537,
    "b3": 0.022672795623261313,
    "t1": 0.9390743989500789,
    "t2": 1.8479260102249806
}