{
    "b0": 0.11011934331248871,
    "b1": -0.03471652296039942,
    "b2": 0.3864952660350282,
    "b3": -0.4336456068713451,
    "t1": 0.9793749786339596,
    "t2": 0.8949802874634303
}