{
    "b0": 0.12021891977515496,
    "b1": -0.00877188776195809,
    "b2": 0.02188248841229653,
    "b3": -0.04911169201304052,
    "t1": 2.8395297420419157,
    "t2": 0.626720267501395
}