{
    "b0": 0.10683472329110069,
    "b1": 0.02909577239006454,
    "b2": -0.3293626370340788,
    "b3": 0.3016968153429309,
    "t1": 1.5776134364905943,
    "t2": 1.9148328427704016
}