{
    "b0": 0.10920704902616538,
    "b1": -0.022991651226835122,
    "b2": 0.016190639248208634,
    "b3": -0.0760959211149305,
    "t1": 1.077350056265645,
    "t2": 0.6702097501553643
}