{
    "b0": 0.10684487268986033,
    "b1": -0.013141290421867128,
    "b2": 0.0756001912061122,
    "b3": -0.13355876278864381,
    "t1": 1.2060929459700729,
    "t2": 0.8674797014032816
}