{
    "b0": 0.11317560359244998,
    "b1": -0.0422760372871207,
    "b2": -0.4733455824067813,
    "b3": 0.4248441828688233,
    "t1": 0.9983137390870638,
    "t2": 1.0940415617043966
}