{
    "b0": 0.10560437807863499,
    "b1": 0.024318423541202512,
    "b2": -0.1795266337105466,
    "b3": 0.1346987767284106,
    "t1": 1.2604745771120656,
    "t2": 1.6223708287666314
}