{
    "b0": 0.10685406202179222,
    "b1": -0.008645418292060201,
    "b2": 0.026627072320282146,
    "b3": -0.0836441340242566,
    "t1": 1.4570192738774534,
    "t2": 0.7362953865379884
}