{
    "b0": 0.10475087625888316,
    "b1": 0.012452882966753969,
    "b2": 0.007097172296308646,
    "b3": -0.07114799350206114,
    "t1": 1.408855067959081,
    "t2": 0.6863453742473178
}