{
    "b0": 0.10420005266663655,
    "b1": 0.01977440358512357,
    "b2": -0.09144458721115482,
    "b3": 0.046526812054223,
    "t1": 0.9701430885122724,
    "t2": 1.79720417818702
}