{
    "b0": 0.10360909780659283,
    "b1": 0.019954781152577896,
    "b2": 0.056217194103844396,
    "b3": -0.11967506415524626,
    "t1": 1.5669897318095574,
    "t2": 0.9988964393873436
}