{
    "b0": 0.10518066327752212,
    "b1": 0.011547943868201835,
    "b2": 0.006145236137517818,
    "b3": -0.06852233278415706,
    "t1": 1.4229109170363103,
    "t2": 0.675304347345552
}