{
    "b0": 0.11297019158358466,
    "b1": -0.04209626811429405,
    "b2": -0.3231709534057734,
    "b3": 0.2716804375682291,
    "t1": 0.969315806830422,
    "t2": 1.1043147905372068
}