{
    "b0": 0.10829178941217163,
    "b1": -0.00909858848752871,
    "b2": 0.012811840942998007,
    "b3": -0.06834482287292876,
    "t1": 1.7638336140720372,
    "t2": 0.6567364380468099
}