{
    "b0": 0.10617543804787603,
    "b1": -0.022911840868561427,
    "b2": 0.044262560110269404,
    "b3": -0.11209595243680712,
    "t1": 0.9274392920269445,
    "t2": 0.7571082476539344
}