{
    "b0": 0.11363517923985125,
    "b1": -0.00954608216348463,
    "b2": 0.10620048899475083,
    "b3": -0.14804733259993194,
    "t1": 1.168644261535936,
    "t2": 0.9217523741831704
}