{
    "b0": 0.11019773880353559,
    "b1": 0.020623165821928812,
    "b2": 0.19064328596263064,
    "b3": -0.244363720643912,
    "t1": 1.4760201887679814,
    "t2": 1.2776339775643137
}