{
    "b0": 0.013448860316158365,
    "b1": 0.06251024178392665,
    "b2": 0.20497918474323257,
    "b3": -0.044355550491112394,
    "t1": 6.85165735241248,
    "t2": 0.4930964992032321
}