{
    "b0": 0.10688530588504203,
    "b1": -0.021634704058293,
    "b2": 0.009202727782599925,
    "b3": -0.06290057413877928,
    "t1": 1.4931635118719964,
    "t2": 0.6368030612293163
}