{
    "b0": 0.10803647030783835,
    "b1": 0.006327107591179611,
    "b2": 0.007190162918201353,
    "b3": -0.07257832800418021,
    "t1": 0.9548820641742886,
    "t2": 0.6076660294124734
}