{
    "b0": 0.10148864255119566,
    "b1": 0.023409807303710867,
    "b2": 0.5139921044383794,
    "b3": -0.5623283666408104,
    "t1": 1.3423217809409085,
    "t2": 1.2568705552721453
}