{
    "b0": 0.12124688766865463,
    "b1": -0.01075578137001609,
    "b2": 0.030640146661142488,
    "b3": -0.08830229703634782,
    "t1": 1.1449357633657669,
    "t2": 0.6729785607939309
}