{
    "b0": 0.10566720620980098,
    "b1": 0.006701504792011183,
    "b2": -0.006299410559516154,
    "b3": -0.07305264581768457,
    "t1": 1.4739645387065115,
    "t2": 0.5697339531685817
}