{
    "b0": 0.10528616663356383,
    "b1": 0.01419969109833823,
    "b2": -0.06011144362035833,
    "b3": 0.010099699852116745,
    "t1": 0.6010447814848199,
    "t2": 0.2564874016283749
}