{
    "b0": 0.07983965605018811,
    "b1": 0.049315445108764566,
    "b2": 0.042023256689525855,
    "b3": 0.09834455718747935,
    "t1": 0.26376950824192064,
    "t2": 5.847104635614147
}