{
    "b0": 0.11324188855917362,
    "b1": -0.04218125915593516,
    "b2": 0.05241529280526405,
    "b3": -0.08771046726776202,
    "t1": 1.4635148840637413,
    "t2": 0.7935636132899697
}