{
    "b0": 0.10995390812786487,
    "b1": -0.00937299506982147,
    "b2": 0.027819251613044486,
    "b3": -0.08634766950450132,
    "t1": 1.2957782757491705,
    "t2": 0.6989177723145854
}