{
    "b0": 0.12787163911025595,
    "b1": -0.06416934000458221,
    "b2": -0.04596229211296267,
    "b3": 0.031849433059800744,
    "t1": 1.131688925095574,
    "t2": 2.45997290645559
}