{
    "b0": 0.11723998922063161,
    "b1": -0.05332465317022935,
    "b2": 0.01740960972503347,
    "b3": -0.03226572958772263,
    "t1": 1.5063089069044953,
    "t2": 0.8022339625488311
}