{
    "b0": 0.1388478978137187,
    "b1": -0.07653844761719353,
    "b2": 0.010890699119715345,
    "b3": -0.08330422666519298,
    "t1": 0.6184723082889354,
    "t2": 0.9004273515682328
}