{
    "b0": 0.10443004945495896,
    "b1": -0.035402395532240775,
    "b2": 0.8382635575721274,
    "b3": -0.8832202291040465,
    "t1": 0.8129768421798671,
    "t2": 0.7900872969340318
}