{
    "b0": 0.12759921056557016,
    "b1": -0.06416213612632267,
    "b2": -0.031079412419523552,
    "b3": -0.009670666059772312,
    "t1": 1.0306187111323277,
    "t2": 0.46726668821823125
}