{
    "b0": 0.10319738046825738,
    "b1": -0.036092601744022734,
    "b2": 0.03860431697203108,
    "b3": -0.06719410372102969,
    "t1": 1.497138842162415,
    "t2": 0.7913412240072796
}