{
    "b0": 0.14050665190271835,
    "b1": -0.0781047894279396,
    "b2": 0.03251538305242569,
    "b3": -0.08970201271867906,
    "t1": 0.8720776564858488,
    "t2": 0.960431975787194
}