{
    "b0": 0.10596307608307869,
    "b1": -0.0406030041602017,
    "b2": 0.05692401627817868,
    "b3": -0.09094935660967719,
    "t1": 1.4773279441571314,
    "t2": 0.9096202749391266
}