{
    "b0": 0.10868217633727449,
    "b1": -0.04375113959281416,
    "b2": 0.06697000143737249,
    "b3": -0.09089903728595305,
    "t1": 1.4725944341042942,
    "t2": 0.993648833298572
}