{
    "b0": 0.11430423298699915,
    "b1": -0.049882637792307886,
    "b2": -0.007082743068862795,
    "b3": -0.016365072672970087,
    "t1": 1.5041420395332592,
    "t2": 0.443435399426388
}