{
    "b0": 0.10845526424596838,
    "b1": -0.04378213173916477,
    "b2": 0.5519237053565111,
    "b3": -0.5882919327497687,
    "t1": 1.0381465648827257,
    "t2": 1.0058256729868917
}