{
    "b0": 0.1407766549760126,
    "b1": -0.07840865804869253,
    "b2": -0.6499660547619098,
    "b3": 0.6006024317329605,
    "t1": 0.8268635977892584,
    "t2": 0.8089818595949287
}