{
    "b0": 0.13314068537179258,
    "b1": -0.06846979329770603,
    "b2": -0.03878835039029342,
    "b3": -0.009902421853016341,
    "t1": 1.004195361731676,
    "t2": 0.14053353407201197
}