{
    "b0": 0.10737267987167881,
    "b1": -0.043019126553916605,
    "b2": 0.2573404246255455,
    "b3": -0.2908762822477461,
    "t1": 1.4198022726843802,
    "t2": 1.2316819367595255
}