{
    "b0": 0.12443626525934451,
    "b1": -0.060092722834449455,
    "b2": -0.04716139417179993,
    "b3": -0.005487505660511574,
    "t1": 0.9649625091248035,
    "t2": 0.1527943869759838
}