{
    "b0": 0.1139168103784376,
    "b1": -0.04977999349463502,
    "b2": 0.0053803168973896864,
    "b3": -0.01977377307512221,
    "t1": 1.5002059403340926,
    "t2": 0.5435228293094116
}