{
    "b0": 0.10549707967359143,
    "b1": -0.03986433939991202,
    "b2": 0.09022127303008318,
    "b3": -0.1395905187710515,
    "t1": 1.1108146226925513,
    "t2": 0.903389994912497
}