{
    "b0": 0.11385880162607881,
    "b1": -0.04942935703845924,
    "b2": -0.0015229066914800912,
    "b3": -0.015493432867561965,
    "t1": 1.710212893489719,
    "t2": 0.4714052848230992
}