{
    "b0": 0.08650564586403797,
    "b1": -0.022396456116683627,
    "b2": 0.1333949584726529,
    "b3": -0.009177060306641689,
    "t1": 5.010491015631444,
    "t2": 0.24572895420666008
}