{
    "b0": 0.10911477630574389,
    "b1": -0.04442838630305432,
    "b2": -0.10179355843050328,
    "b3": 0.054401759691614315,
    "t1": 0.8336360860769423,
    "t2": 0.9659467840121723
}