{
    "b0": 0.13409886685860364,
    "b1": -0.0695142707773525,
    "b2": -0.044556791568440515,
    "b3": -0.10917050764263896,
    "t1": 0.2459882015268997,
    "t2": 0.8249424671897723
}