{
    "b0": 0.10404824451330418,
    "b1": -0.03681779948238212,
    "b2": 0.30507013431207675,
    "b3": -0.3509932252157388,
    "t1": 0.993825743319098,
    "t2": 0.9236441676368221
}