{
    "b0": 0.10308454114776512,
    "b1": -0.037046351565237584,
    "b2": 0.12089411922543661,
    "b3": -0.15883861063064372,
    "t1": 1.100667971463908,
    "t2": 0.9214746938773475
}