{
    "b0": 0.12369329156434893,
    "b1": -0.06032214693975619,
    "b2": 0.0027878360629056513,
    "b3": -0.018821426888376167,
    "t1": 1.49839910397142,
    "t2": 0.5758706074131847
}