{
    "b0": -0.1272647151298472,
    "b1": 0.19243264542679528,
    "b2": -0.002914750677624825,
    "b3": 0.637540695888842,
    "t1": 2.1282259312270995,
    "t2": 6.266897366390271
}