{
    "b0": 0.1086033444398043,
    "b1": -0.04049239261065021,
    "b2": 0.06610867472168495,
    "b3": -0.1187708798596494,
    "t1": 0.8391306832460046,
    "t2": 0.711775425462994
}