{
    "b0": 0.10594998586135,
    "b1": -0.041336933883538034,
    "b2": 0.6849630941401283,
    "b3": -0.7229055368191123,
    "t1": 0.9342873948202719,
    "t2": 0.9174331327710714
}