{
    "b0": 0.10723532039008501,
    "b1": -0.0395465226257273,
    "b2": -0.2885493993935854,
    "b3": 0.24227879941635794,
    "t1": 0.9668889866532278,
    "t2": 1.0822785562100796
}