{
    "b0": 0.11193940354702199,
    "b1": -0.04747729201196318,
    "b2": 0.0005060189937723183,
    "b3": -0.025028767145548178,
    "t1": 1.5085867848029366,
    "t2": 0.5975349840858755
}