{
    "b0": -0.17543170596827756,
    "b1": 0.23877948237381252,
    "b2": -0.0028657231259598542,
    "b3": 0.7420023337133724,
    "t1": 2.35112732768659,
    "t2": 6.554475304358232
}