{
    "b0": 0.1307237031416157,
    "b1": -0.06647682976920971,
    "b2": -0.04331084883088504,
    "b3": -0.006826517607409013,
    "t1": 1.0511384073374792,
    "t2": 0.16211735839422303
}