{
    "b0": 0.13589981024986572,
    "b1": -0.07281992599008413,
    "b2": -0.06137766269935225,
    "b3": 0.05410210683431891,
    "t1": 1.3272072428485568,
    "t2": 2.026949498012332
}