{
    "b0": 0.11866068185076382,
    "b1": -0.0556339869680413,
    "b2": -0.032115746756031946,
    "b3": 0.0761148689251732,
    "t1": 1.1953691552037167,
    "t2": 4.5080383358482745
}