{
    "b0": 0.10617204778590922,
    "b1": -0.04099871621907901,
    "b2": 0.15042258397620936,
    "b3": -0.18542223978275701,
    "t1": 1.4344054006191922,
    "t2": 1.123665323811811
}