{
    "b0": 0.1140431860178995,
    "b1": -0.0494275989483538,
    "b2": 0.004736345774434037,
    "b3": -0.029975134260604733,
    "t1": 1.4956503182358953,
    "t2": 0.6163362911005548
}