{
    "b0": 0.10766270768975669,
    "b1": -0.0398832056810217,
    "b2": 0.5258859403236975,
    "b3": -0.5699726032382352,
    "t1": 1.0225162140108104,
    "t2": 0.9702834028183833
}