{
    "b0": 0.13028617320940136,
    "b1": -0.06567214456307302,
    "b2": -0.042085563556454125,
    "b3": -0.009674326844827602,
    "t1": 1.0279813085758605,
    "t2": 0.21036585946946484
}