{
    "b0": 0.13415428242555785,
    "b1": -0.07164134293757315,
    "b2": -0.12493055082392204,
    "b3": 0.12477531754820184,
    "t1": 1.531132921032699,
    "t2": 1.749953782611171
}