{
    "b0": 0.10853010081760833,
    "b1": -0.04495173037677226,
    "b2": 0.06609277904508386,
    "b3": -0.1456343514351887,
    "t1": 0.38371076152812744,
    "t2": 0.5393471791055084
}