{
    "b0": 0.12979759620897374,
    "b1": -0.06718837103149375,
    "b2": -0.013403643731527144,
    "b3": 0.06913648384836196,
    "t1": 2.1755778749822667,
    "t2": 3.1231973288233235
}