{
    "b0": 0.11322796208018533,
    "b1": -0.04893303911080147,
    "b2": -0.004097773774771345,
    "b3": -0.013724565753723396,
    "t1": 1.510998791685767,
    "t2": 0.4021255748092356
}