{
    "b0": 0.10930491276651005,
    "b1": -0.03926930024124999,
    "b2": 0.5406048434897874,
    "b3": -0.5925854523941189,
    "t1": 0.8537642964722245,
    "t2": 0.8232578848432404
}