{
    "b0": 0.11420563418813465,
    "b1": -0.04961292754913564,
    "b2": 0.46689703105617536,
    "b3": -0.48860220884608446,
    "t1": 1.2629129495117541,
    "t2": 1.1709167966331027
}