{
    "b0": 0.10595276564029076,
    "b1": -0.04149003949360401,
    "b2": -0.08212284837934551,
    "b3": 0.09433207094086332,
    "t1": 1.2484472320156124,
    "t2": 2.8544342063627277
}