{
    "b0": 0.10519715951104736,
    "b1": -0.040837591440706485,
    "b2": -0.23708011433229495,
    "b3": 0.19745777487220054,
    "t1": 1.194869104659389,
    "t2": 1.4274000031546716
}