{
    "b0": 0.12928862636737565,
    "b1": -0.06608977765853569,
    "b2": -0.06735573745229886,
    "b3": 0.10367564353530424,
    "t1": 1.7961090607212964,
    "t2": 2.5266924629932537
}