{
    "b0": 0.11028124986188872,
    "b1": -0.04061885293520853,
    "b2": -0.9677731320300869,
    "b3": 0.9157130698657513,
    "t1": 0.8419095430755457,
    "t2": 0.8629949940747119
}