{
    "b0": 0.1012494797538982,
    "b1": -0.03641835266074372,
    "b2": 0.8016161231632873,
    "b3": -0.8268807391498249,
    "t1": 1.354067523366866,
    "t2": 1.3101942640479143
}