{
    "b0": 0.10889744404553049,
    "b1": -0.043972832522351825,
    "b2": 0.22668746118356936,
    "b3": -0.2669141376348543,
    "t1": 1.0083709383210469,
    "t2": 0.9492798214550104
}