{
    "b0": 0.1239035096407324,
    "b1": -0.06095690982382458,
    "b2": 0.22115273785167228,
    "b3": -0.2246682641096477,
    "t1": 1.362169058930567,
    "t2": 1.2765672513519037
}