{
    "b0": 0.105429810305503,
    "b1": -0.03781019906114243,
    "b2": 0.5059792847299808,
    "b3": -0.5485427759449797,
    "t1": 1.0091314378518357,
    "t2": 0.9567654258625087
}