{
    "b0": 0.1331457856480282,
    "b1": -0.07082616057939213,
    "b2": -0.19545834684323846,
    "b3": 0.21386880316147214,
    "t1": 1.7952496677231924,
    "t2": 1.9771168143685696
}