{
    "b0": 0.10986627063039453,
    "b1": -0.0451669646281728,
    "b2": 0.0478867794639172,
    "b3": -0.09435916657041808,
    "t1": 0.9042896032512484,
    "t2": 0.8138184309488956
}