{
    "b0": 0.12092502435048112,
    "b1": -0.057617373096359524,
    "b2": 0.018908483365880736,
    "b3": -0.03151578635033359,
    "t1": 1.5346234948371782,
    "t2": 0.7613958663698464
}