{
    "b0": 0.10534733708111803,
    "b1": -0.040491005814027356,
    "b2": 0.25928403618821855,
    "b3": -0.29096126732172145,
    "t1": 1.3575711750021278,
    "t2": 1.24308500373749
}