{
    "b0": 0.1310733106513604,
    "b1": -0.06647966102235157,
    "b2": -0.03652348282927198,
    "b3": -0.010232478562138065,
    "t1": 1.099844632689237,
    "t2": 0.19248648926885625
}