{
    "b0": 0.13749290249400817,
    "b1": -0.07310604647433754,
    "b2": -0.0389699888371457,
    "b3": -0.008290180108821932,
    "t1": 1.2376117877253834,
    "t2": 0.14685990652434988
}