{
    "b0": 0.11715532613988971,
    "b1": -0.05290214434292028,
    "b2": -0.007003338992751568,
    "b3": -0.016223178129755874,
    "t1": 1.5012507625951548,
    "t2": 0.4789271535547206
}