{
    "b0": 0.10444277254829114,
    "b1": -0.0366816890474189,
    "b2": 0.044770824549827254,
    "b3": -0.07848918736671465,
    "t1": 1.2389291450337385,
    "t2": 0.7789805827884857
}