{
    "b0": 0.10467684691166382,
    "b1": -0.03807902634902118,
    "b2": 0.6821040390208473,
    "b3": -0.7228431840355022,
    "t1": 1.128689936022278,
    "t2": 1.0813183496581806
}