{
    "b0": 0.10763774129904745,
    "b1": -0.042035146799602255,
    "b2": 0.08060708480228845,
    "b3": -0.1306618241341449,
    "t1": 1.1266038134277139,
    "t2": 0.8943116496124919
}