{
    "b0": 0.12722899763175893,
    "b1": -0.0647757738532464,
    "b2": -0.060805346454008674,
    "b3": 0.06972998702942143,
    "t1": 1.437105582624309,
    "t2": 2.029831666527212
}