{
    "b0": 0.10217762415265075,
    "b1": -0.036393198104386584,
    "b2": 0.05657384169849035,
    "b3": -0.08752804111510132,
    "t1": 1.2294560523019085,
    "t2": 0.8387353985257837
}