{
    "b0": 0.12649487678415114,
    "b1": -0.06338684360635438,
    "b2": 0.015983805574382656,
    "b3": -0.02538131377011821,
    "t1": 1.6420587359341718,
    "t2": 0.7509560484674518
}