{
    "b0": 0.10581455774043323,
    "b1": -0.04125857096578002,
    "b2": 0.16467929484215071,
    "b3": -0.20088708532354868,
    "t1": 1.4076973192858784,
    "t2": 1.1574614640306053
}