{
    "b0": 0.13400272316158385,
    "b1": -0.071220742803321,
    "b2": 0.5120236822636084,
    "b3": -0.4867674755210352,
    "t1": 1.9818973285183763,
    "t2": 1.9137603643959122
}