{
    "b0": 0.11945200996189186,
    "b1": -0.055652868980450354,
    "b2": 0.019911274087130122,
    "b3": -0.028422079562426768,
    "t1": 1.7187698498411272,
    "t2": 0.8083626029495194
}