{
    "b0": 0.11505815284537015,
    "b1": -0.05080048813345946,
    "b2": -0.11562049236385127,
    "b3": 0.04828546185067649,
    "t1": 0.6536098533861479,
    "t2": 0.4951918134272324
}