{
    "b0": 0.10699265308265915,
    "b1": -0.04261821530964123,
    "b2": 0.9251622916023632,
    "b3": -0.9623259352560858,
    "t1": 1.3275987025973968,
    "t2": 1.2768577701343125
}