{
    "b0": 0.1117139580362234,
    "b1": -0.047234046122003895,
    "b2": 0.6435331574140388,
    "b3": -0.6774474986811837,
    "t1": 1.0809878590588964,
    "t2": 1.0413626670934129
}