{
    "b0": 0.13047651860054876,
    "b1": -0.06600862563491057,
    "b2": -0.041723456543152765,
    "b3": -0.1008597179984421,
    "t1": 0.2474506750787464,
    "t2": 0.8059265447205917
}