{
    "b0": 0.10653115331195843,
    "b1": -0.042779085282990306,
    "b2": -0.09105603057330511,
    "b3": 0.02301026570257537,
    "t1": 0.6337784137950901,
    "t2": 0.2706491175258723
}