{
    "b0": 0.12707948739854408,
    "b1": -0.06435413295578361,
    "b2": 0.2228107638484311,
    "b3": -0.20216182098563,
    "t1": 1.758093135229411,
    "t2": 1.5781772068238409
}