{
    "b0": 0.07549804126018614,
    "b1": -0.011201585589287263,
    "b2": 0.19532435903570364,
    "b3": -0.00810761705206673,
    "t1": 5.325721423638445,
    "t2": 0.11728187001432036
}