{
    "b0": 0.13621556388976339,
    "b1": -0.07120944516697486,
    "b2": -0.04358788635322399,
    "b3": -0.104743816960506,
    "t1": 0.251175411330979,
    "t2": 0.9230131335534733
}