{
    "b0": 0.12433462759766682,
    "b1": -0.061497916662304704,
    "b2": 0.013739986939287727,
    "b3": 0.05298454550417078,
    "t1": 2.3193163250843307,
    "t2": 3.9618292971900266
}