{
    "b0": 0.0980887680360978,
    "b1": -0.033252880221960414,
    "b2": 0.22551948216388915,
    "b3": -0.2568790276289582,
    "t1": 1.1463153923418172,
    "t2": 1.0775885269667285
}