{
    "b0": 0.07522240206707652,
    "b1": -0.02082158972704825,
    "b2": -0.06405230564541065,
    "b3": -0.007084426093355905,
    "t1": 0.872208857924754,
    "t2": 0.13983249730316416
}