{
    "b0": 0.08184597405319476,
    "b1": -0.024658745787018425,
    "b2": -0.0070120287789073475,
    "b3": -0.034205508272821004,
    "t1": 1.491985904779499,
    "t2": 0.6224591314786867
}