{
    "b0": 0.09709450878545717,
    "b1": -0.03233962132360675,
    "b2": 0.06816325486687604,
    "b3": -0.08690188552192721,
    "t1": 1.589781267537652,
    "t2": 1.1915069140198282
}