{
    "b0": 0.07525982427201225,
    "b1": -0.025301889329704154,
    "b2": -0.005463811460576495,
    "b3": -0.03574352274130877,
    "t1": 1.8154750926727763,
    "t2": 0.7578465744764804
}