{
    "b0": 0.08029187792299271,
    "b1": -0.019957416992891358,
    "b2": 0.08339704463146547,
    "b3": -0.1286384025720365,
    "t1": 1.2225598116375105,
    "t2": 1.0592756840514272
}