{
    "b0": 0.09674020646960906,
    "b1": -0.03194981429733634,
    "b2": 0.055228290194156704,
    "b3": -0.07622286395137895,
    "t1": 1.5138687607254049,
    "t2": 1.1181675192299538
}