{
    "b0": 0.0753458327426226,
    "b1": -0.02550918208046731,
    "b2": -0.002254685029730294,
    "b3": -0.0387141279783471,
    "t1": 1.4721909234848516,
    "t2": 0.6855612427762328
}