{
    "b0": 0.08258181362085223,
    "b1": -0.019377438203314556,
    "b2": -0.014061092775607912,
    "b3": -0.03897680574166981,
    "t1": 1.5583039312747102,
    "t2": 0.7229026939243139
}