{
    "b0": 0.08254996873128034,
    "b1": -0.017804228153349665,
    "b2": -0.024675521446321423,
    "b3": -0.029641592521613188,
    "t1": 1.420664096217009,
    "t2": 0.7475116583790422
}