{
    "b0": 0.0996050695838636,
    "b1": -0.034645078803634745,
    "b2": 0.1385662072026107,
    "b3": -0.16832024994077383,
    "t1": 1.3731973982764611,
    "t2": 1.1895391541096823
}