{
    "b0": 0.07932826439818735,
    "b1": -0.03457046978149236,
    "b2": 0.005338060953914396,
    "b3": -0.03374715707634639,
    "t1": 1.323184564862001,
    "t2": 0.6712157961523122
}