{
    "b0": 0.07622358608735003,
    "b1": -0.02347304368639158,
    "b2": -0.016380827053769708,
    "b3": -0.038203186480162035,
    "t1": 1.4336540011214494,
    "t2": 0.6744564518974716
}