{
    "b0": 0.07492826019267039,
    "b1": -0.024895521952806254,
    "b2": 0.0010300028630508967,
    "b3": -0.03491916455042247,
    "t1": 2.597511773807268,
    "t2": 0.7164942091062496
}