{
    "b0": 0.09780119909802464,
    "b1": -0.03396327503542002,
    "b2": -0.3154610872518659,
    "b3": 0.26048872241979937,
    "t1": 0.5104556802102582,
    "t2": 0.4638086058865367
}