{
    "b0": 0.08283061426539225,
    "b1": -0.018560828072808094,
    "b2": -0.010785767557054817,
    "b3": -0.04302014402974116,
    "t1": 1.423024188520425,
    "t2": 0.8237322522965753
}