{
    "b0": 0.08836067411830291,
    "b1": -0.023140625873301783,
    "b2": -0.14713743459854445,
    "b3": 0.10549474788640906,
    "t1": 1.2264678307561079,
    "t2": 1.3764877999412506
}