{
    "b0": 0.08313405028018847,
    "b1": -0.024017610695847257,
    "b2": -0.0001195517498527917,
    "b3": -0.039317821171855206,
    "t1": 1.338713453490283,
    "t2": 0.6626199534326522
}