{
    "b0": 0.08219235391615522,
    "b1": -0.025361373692928207,
    "b2": -0.006201820057078115,
    "b3": -0.03731676691008448,
    "t1": 1.4387521647349515,
    "t2": 0.6324684235452942
}