{
    "b0": 0.09837411994514157,
    "b1": -0.0335644565755115,
    "b2": 0.13862494455652052,
    "b3": -0.17064743122065054,
    "t1": 1.166742429045116,
    "t2": 1.0586060359203104
}