{
    "b0": 0.09899133449327964,
    "b1": -0.034070497980878904,
    "b2": 0.13450433823290162,
    "b3": -0.16712926807451564,
    "t1": 1.2159945334166053,
    "t2": 1.082011917708921
}