{
    "b0": 0.077708940149129,
    "b1": -0.0330612136730588,
    "b2": 0.00646681538264475,
    "b3": -0.02977009516960919,
    "t1": 1.491310018024632,
    "t2": 0.6472586792794086
}