{
    "b0": 0.07856030722446615,
    "b1": -0.030808381229763586,
    "b2": -0.001991557703715993,
    "b3": -0.028359630543097668,
    "t1": 1.6934735053435155,
    "t2": 0.5732801499111941
}