{
    "b0": 0.08136667127433843,
    "b1": -0.021399456448022165,
    "b2": -0.006069287376186391,
    "b3": -0.03827026398616251,
    "t1": 1.4569395865524193,
    "t2": 0.6570251859907499
}