{
    "b0": 0.07997729606787303,
    "b1": -0.019978940491770243,
    "b2": -0.0678873777618337,
    "b3": 0.01592130579702177,
    "t1": 0.8102017127511587,
    "t2": 0.9456882514273133
}