{
    "b0": 0.076715057050187,
    "b1": -0.027439110794506318,
    "b2": -0.005940337851974157,
    "b3": -0.032046523220497225,
    "t1": 1.4987299066719468,
    "t2": 0.5634628411216873
}