{
    "b0": 0.09687191997472441,
    "b1": -0.032063187598256535,
    "b2": 0.022205354283643133,
    "b3": -0.04528014423183972,
    "t1": 1.4696807822878841,
    "t2": 0.8830549774588907
}