{
    "b0": 0.09558112003397726,
    "b1": -0.030772504730632942,
    "b2": 0.42307561066308297,
    "b3": -0.4482202480589468,
    "t1": 1.3976618202969062,
    "t2": 1.3223612519693821
}