{
    "b0": 0.09912743071215525,
    "b1": -0.03427730299923736,
    "b2": 0.707638587354537,
    "b3": -0.740451757498329,
    "t1": 1.205341882003943,
    "t2": 1.1775044824661012
}