{
    "b0": 0.09622866799944141,
    "b1": -0.0313358477586406,
    "b2": 0.07989261885400503,
    "b3": -0.11178264321203919,
    "t1": 1.2391258137431538,
    "t2": 1.0665990789229571
}