{
    "b0": 0.0817575952466339,
    "b1": -0.018255243409205556,
    "b2": -0.01601769754005465,
    "b3": -0.04007571361713682,
    "t1": 1.3384030333881993,
    "t2": 0.75143324355472
}