{
    "b0": 0.08013902037549551,
    "b1": -0.019768434910279502,
    "b2": 0.027126868671742757,
    "b3": -0.06632010853868141,
    "t1": 1.635797271592505,
    "t2": 1.0170481207123077
}