{
    "b0": 0.10022310338507805,
    "b1": -0.035532419440123544,
    "b2": -0.06027344538696317,
    "b3": 0.02292979841731982,
    "t1": 1.018438809434218,
    "t2": 1.7105484882637518
}