{
    "b0": 0.08190836511725398,
    "b1": -0.019130597709642573,
    "b2": -0.011907621133174305,
    "b3": -0.040806273654848985,
    "t1": 1.4029872761631657,
    "t2": 0.774319052135759
}