{
    "b0": 0.07700742610183954,
    "b1": -0.02305449252564814,
    "b2": -0.03690732782338294,
    "b3": -0.0266477268963616,
    "t1": 1.0761808937478983,
    "t2": 0.6174207240219234
}