{
    "b0": 0.07612786389869207,
    "b1": -0.024679656586910556,
    "b2": -0.014788339961696427,
    "b3": -0.04047469068765569,
    "t1": 1.4390817620537097,
    "t2": 0.7103814189269633
}