{
    "b0": 0.07810293305860096,
    "b1": -0.033350726564699854,
    "b2": 0.003813773848007969,
    "b3": -0.029778566689694135,
    "t1": 1.4877530652837518,
    "t2": 0.657969992078745
}