{
    "b0": 0.10092579892802686,
    "b1": -0.03611007423680949,
    "b2": 0.09450524974554235,
    "b3": -0.1323394207049302,
    "t1": 1.0237271579186147,
    "t2": 0.9321790102170517
}