{
    "b0": 0.07924130217402336,
    "b1": -0.024632089371344444,
    "b2": -0.00928941557383592,
    "b3": -0.046004062898838884,
    "t1": 1.4740572505286806,
    "t2": 0.678569188764496
}