{
    "b0": 0.09523250732891164,
    "b1": -0.03030850985393113,
    "b2": 0.043641827738478106,
    "b3": -0.07613856598727939,
    "t1": 1.3424517617562266,
    "t2": 1.0531235918565058
}