{
    "b0": 0.0845399878723868,
    "b1": -0.020000696393784295,
    "b2": 0.00016266203461769158,
    "b3": -0.07731843468607258,
    "t1": 0.23697284584042588,
    "t2": 0.8089827965262595
}