{
    "b0": 0.07548511507164782,
    "b1": -0.021256597016289264,
    "b2": -0.05427592772730084,
    "b3": -0.012963493316380487,
    "t1": 0.9679743780877654,
    "t2": 0.3583400334348852
}