{
    "b0": 0.08782413370187012,
    "b1": -0.02245227388731199,
    "b2": -0.09044619167377199,
    "b3": 0.0419446422846492,
    "t1": 1.138870256935216,
    "t2": 1.4447895503557167
}