{
    "b0": 0.08180235842233492,
    "b1": -0.02163404464045509,
    "b2": 0.007304617499852546,
    "b3": -0.04656938882289448,
    "t1": 1.4396851041315886,
    "t2": 0.8478718551799886
}