{
    "b0": 0.09622983681180906,
    "b1": -0.03143969341971728,
    "b2": -0.5302138249577832,
    "b3": 0.49944689323526403,
    "t1": 1.2555564724003823,
    "t2": 1.3008492151355142
}