{
    "b0": 0.08124469753362126,
    "b1": -0.01895212199498684,
    "b2": -0.0038740604765739803,
    "b3": -0.04686829623268324,
    "t1": 1.3968648167771578,
    "t2": 0.8351871291463633
}