{
    "b0": 0.0982213241959132,
    "b1": -0.03330608546710817,
    "b2": -0.08482627116548891,
    "b3": 0.050288429841964466,
    "t1": 1.059895120238696,
    "t2": 1.3874111218287615
}