{
    "b0": 0.09839140798475245,
    "b1": -0.033595422571949266,
    "b2": 0.07223481215477517,
    "b3": -0.10070216281368054,
    "t1": 1.3847608166501542,
    "t2": 1.1260410205990725
}