{
    "b0": 0.07687312366538779,
    "b1": -0.027957966236500757,
    "b2": -0.0005332286754314575,
    "b3": -0.034070644791835525,
    "t1": 1.5822809295451727,
    "t2": 0.5699600280784614
}