{
    "b0": 0.08244451924955642,
    "b1": -0.023800237751272164,
    "b2": 0.0015280781217873601,
    "b3": -0.038143626262009456,
    "t1": 1.4902933289214464,
    "t2": 0.65026981865355
}