{
    "b0": 0.07774063554729743,
    "b1": -0.03173103547079753,
    "b2": -0.01255936520987621,
    "b3": -0.02004725281845357,
    "t1": 1.5105125837809572,
    "t2": 0.5381260530130412
}