{
    "b0": 0.09639775022439208,
    "b1": -0.03135192691505082,
    "b2": 0.015445989669014107,
    "b3": -0.03233636331198145,
    "t1": 1.9622024851613258,
    "t2": 0.7712395144704259
}