{
    "b0": 0.07505693056010665,
    "b1": -0.025228493188241594,
    "b2": -0.002050155119038083,
    "b3": -0.03926752764004498,
    "t1": 1.4692280734311973,
    "t2": 0.7081660722808367
}