{
    "b0": 0.07931083239114349,
    "b1": -0.023899239733336596,
    "b2": -0.0068247378640653045,
    "b3": -0.03999699139122226,
    "t1": 1.5199394666780748,
    "t2": 0.6057050006012981
}