{
    "b0": 0.09815057974391905,
    "b1": -0.03308283942960072,
    "b2": -0.2636571128068773,
    "b3": 0.228968419514704,
    "t1": 1.1184014009202476,
    "t2": 1.2001324167140295
}