{
    "b0": 0.08294032424730155,
    "b1": -0.02590768897190665,
    "b2": -0.004075943465137429,
    "b3": -0.03632066664580315,
    "t1": 1.4936549493202405,
    "t2": 0.6353751089127577
}