{
    "b0": 0.15451583359942916,
    "b1": -0.08938490058128903,
    "b2": -0.08681255846502328,
    "b3": -0.15187241083387037,
    "t1": 1.165576941485842,
    "t2": 7.328691615780856
}