{
    "b0": 0.07766235394451283,
    "b1": -0.03181635925540547,
    "b2": -0.0113925738678435,
    "b3": -0.020587809563008215,
    "t1": 1.5003458326716652,
    "t2": 0.5544428678550535
}