{
    "b0": 0.09618175226929516,
    "b1": -0.0312476256075852,
    "b2": -0.06687671414977141,
    "b3": 0.031596304483254394,
    "t1": 1.1052969057488653,
    "t2": 1.8517538250418752
}