{
    "b0": 0.08248508824994123,
    "b1": -0.02354043562142006,
    "b2": -0.002040436196516107,
    "b3": -0.03593595361523727,
    "t1": 1.5974311980939953,
    "t2": 0.6282455696744549
}