{
    "b0": 0.08178207168046243,
    "b1": -0.024115932750045692,
    "b2": -0.003082067393624228,
    "b3": -0.03919784317292736,
    "t1": 1.409144349769313,
    "t2": 0.6909222667974184
}