{
    "b0": 0.09645898217232456,
    "b1": -0.0316360380487161,
    "b2": -0.1751907374599093,
    "b3": 0.14454816847265722,
    "t1": 1.2496201374090496,
    "t2": 1.4256998107330814
}