{
    "b0": 0.09755961506819891,
    "b1": -0.03283137310432101,
    "b2": 0.2283012979960436,
    "b3": -0.2618656433937147,
    "t1": 1.095471551616459,
    "t2": 1.0453910360355216
}