{
    "b0": 0.09219247429601732,
    "b1": -0.027113593367888926,
    "b2": -0.6626861152026153,
    "b3": 0.6254467472153707,
    "t1": 1.331183264191767,
    "t2": 1.3641023320787098
}