{
    "b0": 0.08300200750618958,
    "b1": -0.017796672818775512,
    "b2": -0.00074442897491106,
    "b3": -0.04554953938300446,
    "t1": 2.066578799763699,
    "t2": 0.8802784513636279
}