{
    "b0": 0.07887864339463604,
    "b1": -0.030460408965883166,
    "b2": -0.0029947039769403164,
    "b3": -0.030600936580346898,
    "t1": 1.5033849336551346,
    "t2": 0.5698756170762822
}