{
    "b0": 0.09179897346737788,
    "b1": -0.026796302848256855,
    "b2": -0.0718341406694557,
    "b3": 0.03346607402731008,
    "t1": 1.1780343582983965,
    "t2": 1.6534379810194775
}