{
    "b0": 0.07418269553169973,
    "b1": -0.024144479165762893,
    "b2": -0.0024238970659548912,
    "b3": -0.03446901017348855,
    "t1": 2.100099580982679,
    "t2": 0.6893766761921096
}