{
    "b0": 0.08139861944283228,
    "b1": -0.022094849483559248,
    "b2": 0.005260614580331864,
    "b3": -0.055767658413363244,
    "t1": 0.7638380052521958,
    "t2": 0.7219662630501542
}