{
    "b0": 0.09814113082209933,
    "b1": -0.033333980043737436,
    "b2": -0.6308991177442356,
    "b3": 0.6008873851642007,
    "t1": 1.2917207761804987,
    "t2": 1.3382962339070197
}