{
    "b0": 0.0976957793449344,
    "b1": -0.033849275471836776,
    "b2": -0.002336408048119503,
    "b3": -0.07607587837501874,
    "t1": 0.2439870520425993,
    "t2": 0.6353964505883116
}