{
    "b0": 0.07918918700017973,
    "b1": -0.024416643890157318,
    "b2": -9.343425461521594e-05,
    "b3": -0.0458408452006493,
    "t1": 1.642111505070253,
    "t2": 0.6639254259548864
}