{
    "b0": 0.09256237363948382,
    "b1": -0.02756420423435514,
    "b2": -0.17355406597274575,
    "b3": 0.14989242616261064,
    "t1": 1.3154430300701012,
    "t2": 1.579128711462876
}