{
    "b0": 0.09402781574155547,
    "b1": -0.07475745054649337,
    "b2": -0.19785691175301234,
    "b3": 0.1370294653819559,
    "t1": 1.1540319726443844,
    "t2": 1.3334372555788363
}