{
    "b0": 0.08864548558667727,
    "b1": -0.06890509374079856,
    "b2": 7.64653798738038e-06,
    "b3": -0.035922011931556516,
    "t1": 1.2719595228551133,
    "t2": 0.48104168645051537
}