{
    "b0": 0.09053712524734363,
    "b1": -0.06496428169769373,
    "b2": -0.07231936721674015,
    "b3": -0.015622821497263939,
    "t1": 1.1459348018131492,
    "t2": 0.35540967545894464
}