{
    "b0": 0.09164682569721354,
    "b1": -0.05419035658414734,
    "b2": 0.7660285581272333,
    "b3": -0.8273056339507293,
    "t1": 1.3149890400887636,
    "t2": 1.2381084583780284
}