{
    "b0": 0.0984051555970834,
    "b1": -0.05893132447790503,
    "b2": -0.2624092519547274,
    "b3": 0.19353132452757632,
    "t1": 0.7688028566061521,
    "t2": 0.8606289827881348
}