{
    "b0": 0.08087415996272687,
    "b1": -0.040276211657904765,
    "b2": -0.05616902199474055,
    "b3": -0.008830255475343482,
    "t1": 0.9391914676696942,
    "t2": 1.6330766756150918
}