{
    "b0": 0.08445040739331112,
    "b1": -0.06449554500820666,
    "b2": 0.0010202793239752206,
    "b3": -0.029107114656273962,
    "t1": 1.4931983770272788,
    "t2": 0.4098780465190792
}