{
    "b0": 0.09122959186878758,
    "b1": -0.07141217949330232,
    "b2": -0.00027740629164165614,
    "b3": -0.046105829804967496,
    "t1": 1.1330742886451524,
    "t2": 0.5553028915896894
}