{
    "b0": 0.10026745921429699,
    "b1": -0.07142456373546191,
    "b2": -0.10919347447686281,
    "b3": 0.0025771621231555006,
    "t1": 0.9920306593016983,
    "t2": 1.4582266503115986
}