{
    "b0": 0.09423485281863175,
    "b1": -0.07480420015456109,
    "b2": -0.023757950733683423,
    "b3": -0.04305324958934277,
    "t1": 1.3680123548004093,
    "t2": 0.8410009252840442
}