{
    "b0": 0.07845177325360966,
    "b1": -0.03444669490900672,
    "b2": -0.009912579706112416,
    "b3": -0.025017094153023223,
    "t1": 1.4831072231714435,
    "t2": 0.6306481951148344
}