{
    "b0": 0.09476456912406847,
    "b1": -0.06125517090852928,
    "b2": 0.05797220046262133,
    "b3": -0.1293513282890716,
    "t1": 1.4037155593401014,
    "t2": 0.9816304090608956
}