{
    "b0": 0.0855253766223839,
    "b1": -0.06338397186787256,
    "b2": -0.0028636220208716444,
    "b3": -0.03834405196843145,
    "t1": 1.7542833050125974,
    "t2": 0.6765201647461989
}