{
    "b0": 0.08410939556502253,
    "b1": -0.063432254024614,
    "b2": -0.036962831811581096,
    "b3": -0.0313496561226331,
    "t1": 1.2782654133076612,
    "t2": 0.7801442680437694
}