{
    "b0": 0.08960977248602711,
    "b1": -0.07018105542925586,
    "b2": 0.09626373690129496,
    "b3": -0.15423056013548894,
    "t1": 1.2976562150493782,
    "t2": 1.1343484674613293
}