{
    "b0": 0.10652590858592448,
    "b1": -0.07714309333411921,
    "b2": -0.1147400949481373,
    "b3": 0.003005391925031707,
    "t1": 1.020811127849666,
    "t2": 1.424952245674715
}