{
    "b0": 0.0857714563113244,
    "b1": -0.0653470138732303,
    "b2": -0.037077770709328585,
    "b3": -0.024358744428808064,
    "t1": 1.4348087020392613,
    "t2": 0.6091568863878258
}