{
    "b0": 0.0909509425119323,
    "b1": -0.05305624559440457,
    "b2": 0.8781344269463236,
    "b3": -0.9491743120470554,
    "t1": 1.1933558869616467,
    "t2": 1.148612166645032
}