{
    "b0": 0.08680485887203367,
    "b1": -0.045775780873428616,
    "b2": 0.026472265823435016,
    "b3": -0.02970275163700847,
    "t1": 4.304170918466073,
    "t2": 0.7439316177240958
}