{
    "b0": 0.0872412965062174,
    "b1": -0.0666560108427104,
    "b2": 0.0028559322943993437,
    "b3": -0.03761394144439749,
    "t1": 2.1717489201381177,
    "t2": 0.7472380969611372
}