{
    "b0": 0.08278467564107181,
    "b1": -0.06274301349289843,
    "b2": -0.00012365518519548424,
    "b3": -0.024781283857233733,
    "t1": 1.6912211000494826,
    "t2": 0.3671644178133153
}