{
    "b0": 0.09339130132411809,
    "b1": -0.06689820375906493,
    "b2": -0.039879382813457195,
    "b3": -0.037124605435340595,
    "t1": 1.4976023552607054,
    "t2": 0.5491879978400984
}