{
    "b0": 0.07769664357613827,
    "b1": -0.034344413238126315,
    "b2": 0.0007373455877885578,
    "b3": -0.02251582049041055,
    "t1": 2.0509781214984297,
    "t2": 0.6370791269856753
}