{
    "b0": 0.0923321447072043,
    "b1": -0.07279865494359392,
    "b2": -0.09364498284925613,
    "b3": 0.00958982683830606,
    "t1": 1.0158692598630519,
    "t2": 1.4308036897226177
}