{
    "b0": 0.09279607211740663,
    "b1": -0.05794547492635542,
    "b2": -0.16429153794079274,
    "b3": 0.06764181613451735,
    "t1": 1.074344716182515,
    "t2": 1.4390091817863788
}