{
    "b0": 0.09269038505731315,
    "b1": -0.07305879099483152,
    "b2": -0.00014851270994279894,
    "b3": -0.035937464762257953,
    "t1": 1.2893542880346471,
    "t2": 0.47864331722554976
}