{
    "b0": 0.10678275366634357,
    "b1": -0.07721410486001236,
    "b2": -0.1725617055241494,
    "b3": 0.06927724154070977,
    "t1": 1.0722776753740808,
    "t2": 1.2299748247834996
}