{
    "b0": 0.07639381919604417,
    "b1": -0.033352222055032084,
    "b2": -0.009684059677899842,
    "b3": -0.021203548493156907,
    "t1": 1.4936836599555159,
    "t2": 0.6317060456952799
}