{
    "b0": 0.09143627465802151,
    "b1": -0.07228842014397314,
    "b2": -0.11580350210252112,
    "b3": 0.02643518520220917,
    "t1": 0.9218959549315588,
    "t2": 0.6154552899467589
}