{
    "b0": 0.0891289270529084,
    "b1": -0.06976072754407264,
    "b2": -0.09181324634209906,
    "b3": 0.03025645404575348,
    "t1": 1.1095892048286697,
    "t2": 2.1829622100578994
}