{
    "b0": 0.09849459482254798,
    "b1": -0.06398921471813636,
    "b2": -0.022289458849630565,
    "b3": -0.06160998084668183,
    "t1": 1.4099632926653842,
    "t2": 0.785496173102862
}