{
    "b0": 0.09431191739123396,
    "b1": -0.06575867283796727,
    "b2": -0.08823884687806285,
    "b3": -0.009911561227711474,
    "t1": 1.0725257049744856,
    "t2": 0.35046308972099016
}