{
    "b0": 0.09375563209331247,
    "b1": -0.06677372504991598,
    "b2": -0.04883998698602625,
    "b3": -0.03589194909397735,
    "t1": 1.4358201559039827,
    "t2": 0.6074701859337797
}