{
    "b0": 0.09190924834238881,
    "b1": -0.05415779777783501,
    "b2": 0.2698824378138258,
    "b3": -0.3297681697394668,
    "t1": 1.3845079662688184,
    "t2": 1.1785235213969867
}