{
    "b0": 0.09585873378963619,
    "b1": -0.07684166351284491,
    "b2": -0.4697916802231954,
    "b3": 0.3665364591412071,
    "t1": 0.6726212179124742,
    "t2": 0.6259285029235269
}