{
    "b0": 0.09104917390961699,
    "b1": -0.05443384617981881,
    "b2": -0.03741679717869425,
    "b3": -0.16050209693757572,
    "t1": 0.21458744192296297,
    "t2": 0.8573232799724444
}