{
    "b0": 0.09143461120362209,
    "b1": -0.07193139612089487,
    "b2": -0.0007398885723096729,
    "b3": -0.04556624129624493,
    "t1": 1.074976849733464,
    "t2": 0.561844471674454
}