{
    "b0": 0.09011535357952732,
    "b1": -0.07067155941969752,
    "b2": -0.00584737377850816,
    "b3": -0.026558015105500654,
    "t1": 1.5022911180245369,
    "t2": 0.4715101375647013
}