{
    "b0": 0.08672053049755593,
    "b1": -0.06715754516307125,
    "b2": -0.01941079449573899,
    "b3": -0.045348534525965656,
    "t1": 1.3279860292780947,
    "t2": 0.871487293224912
}