{
    "b0": 0.07267134523908984,
    "b1": -0.03053240643874322,
    "b2": -0.05878048955058771,
    "b3": 0.021109908270300536,
    "t1": 0.9300913278674852,
    "t2": 1.2223871680323466
}