{
    "b0": 0.10439843326036699,
    "b1": -0.06273952745270922,
    "b2": 0.0008159980881621912,
    "b3": -0.021236457992909373,
    "t1": 1.5358039648700128,
    "t2": 0.5832323582631211
}