{
    "b0": 0.10031360114140873,
    "b1": -0.07028679306131935,
    "b2": 0.12995524531931374,
    "b3": -0.2096509416853704,
    "t1": 1.446807359907527,
    "t2": 1.189400206888708
}