{
    "b0": 0.08893522307950126,
    "b1": -0.06941919452205239,
    "b2": 0.0018798128441330914,
    "b3": -0.0219740791939618,
    "t1": 1.8409820653701319,
    "t2": 0.3874475869047629
}