{
    "b0": 0.07269010579234232,
    "b1": -0.031018240520720212,
    "b2": -0.21099731859175513,
    "b3": 0.16332522886247264,
    "t1": 0.7047777171112122,
    "t2": 0.6496548571848688
}