{
    "b0": 0.07778801681065693,
    "b1": -0.03426392912294696,
    "b2": -0.01345482727253906,
    "b3": -0.0207603425415447,
    "t1": 1.4906359482594573,
    "t2": 0.5972012753727212
}