{
    "b0": 0.09923828129857401,
    "b1": -0.07047792329226914,
    "b2": -0.08447745792727494,
    "b3": -0.01613966878859852,
    "t1": 1.0238849061349193,
    "t2": 0.6511096460620447
}