{
    "b0": 0.07771169337918599,
    "b1": -0.034082740257257674,
    "b2": -0.01122253684076202,
    "b3": -0.022816429699518227,
    "t1": 1.4881185736808829,
    "t2": 0.6289913705478503
}