{
    "b0": 0.09465853310100246,
    "b1": -0.07233442600560135,
    "b2": -0.03307087832702617,
    "b3": -0.03855641741559787,
    "t1": 1.436335593736557,
    "t2": 0.7381373361686974
}