{
    "b0": 0.08555286913140439,
    "b1": -0.06443389741217943,
    "b2": -0.027027367576115825,
    "b3": -0.036718431602414246,
    "t1": 1.3802341006957808,
    "t2": 0.7507449424794288
}