{
    "b0": 0.09224112918818538,
    "b1": -0.07285384936599934,
    "b2": -0.08884855689762884,
    "b3": 0.008698847843179897,
    "t1": 1.0571290339102628,
    "t2": 1.7463304186206052
}