{
    "b0": 0.07296911325540255,
    "b1": -0.030836625097883194,
    "b2": 0.06473897733225181,
    "b3": -0.09938353977171391,
    "t1": 1.096940765649577,
    "t2": 0.9954478828845685
}