{
    "b0": 0.08365175281129038,
    "b1": -0.061814579442863324,
    "b2": -0.013089833714814689,
    "b3": -0.040030837410871864,
    "t1": 1.4630938456433378,
    "t2": 0.7000462326816157
}