{
    "b0": 0.0862049632038562,
    "b1": -0.0638952243851894,
    "b2": -0.0019402254543193394,
    "b3": -0.06055334400236012,
    "t1": 1.3817334693765582,
    "t2": 0.8891898409686672
}