{
    "b0": 0.08586251529588218,
    "b1": -0.06373201700245958,
    "b2": -0.0022501526329296376,
    "b3": -0.03752365345037123,
    "t1": 1.8610003047900348,
    "t2": 0.6275988794715861
}