{
    "b0": 0.0859540170596843,
    "b1": -0.06406789535007526,
    "b2": 0.00013098592700259634,
    "b3": -0.03792456394934597,
    "t1": 1.9468762347764814,
    "t2": 0.656943840162965
}