{
    "b0": 0.09741781631342689,
    "b1": -0.0649452457453914,
    "b2": 0.14629358814559523,
    "b3": -0.23927572070309694,
    "t1": 1.1461211477287678,
    "t2": 1.0644050110811358
}