{
    "b0": 0.09404971308292855,
    "b1": -0.07485198101718747,
    "b2": 0.006727122520417541,
    "b3": -0.03265148070542935,
    "t1": 1.4998376802664959,
    "t2": 0.5453224800411212
}