{
    "b0": 0.09480671343312408,
    "b1": -0.07562588330836881,
    "b2": -0.0008658901522020888,
    "b3": -0.02760270817101336,
    "t1": 1.5001835378236454,
    "t2": 0.5032992687177957
}