{
    "b0": 0.08865177760086528,
    "b1": -0.06628727142455783,
    "b2": -0.032651381299812196,
    "b3": -0.07657780902520422,
    "t1": 0.7279427462612844,
    "t2": 1.0855993068398186
}