{
    "b0": 0.092350297371846,
    "b1": -0.068063893429217,
    "b2": -0.04034975056903917,
    "b3": -0.03265648189675252,
    "t1": 1.4812997388726439,
    "t2": 0.5473595339436361
}