{
    "b0": 0.09164376987569794,
    "b1": -0.07219996483166691,
    "b2": 0.00027287706082157123,
    "b3": -0.034885041475860606,
    "t1": 1.2529167476139165,
    "t2": 0.48838854841933976
}