{
    "b0": 0.07687280093217845,
    "b1": -0.032406486970166015,
    "b2": -0.0005929591735860957,
    "b3": -0.030153920244217147,
    "t1": 1.4040812563683538,
    "t2": 0.7042537080849174
}