{
    "b0": 0.09219604588111799,
    "b1": -0.06705460244136421,
    "b2": -0.03685044965930946,
    "b3": -0.03705068672084087,
    "t1": 1.4760058055564502,
    "t2": 0.5785809454492803
}