{
    "b0": 0.10887242822945903,
    "b1": -0.07098610374914108,
    "b2": 0.7916311657911815,
    "b3": -0.8664389171151592,
    "t1": 0.9340974279994718,
    "t2": 0.8893618160760713
}