{
    "b0": 0.07533538406591057,
    "b1": -0.03248479681330052,
    "b2": -0.006302553227456578,
    "b3": -0.023115191659091518,
    "t1": 1.4991207949204393,
    "t2": 0.6431324629709749
}