{
    "b0": 0.07975115500635452,
    "b1": -0.03904704797579196,
    "b2": -0.044489198385392455,
    "b3": -0.02033775486236355,
    "t1": 1.0348632251606107,
    "t2": 1.2695051459917255
}