{
    "b0": 0.10385866617978005,
    "b1": -0.06730434010731466,
    "b2": -0.20050032335982404,
    "b3": 0.1005518250909821,
    "t1": 0.5306936622570477,
    "t2": 0.4048811004189439
}