{
    "b0": 0.0949686343069453,
    "b1": -0.06823369699197517,
    "b2": -0.046518054146827734,
    "b3": -0.036484226245739826,
    "t1": 1.4494212567989213,
    "t2": 0.5632938812471311
}