{
    "b0": 0.09179759632517341,
    "b1": -0.07259330878347693,
    "b2": -0.14867798777171967,
    "b3": 0.0560978887249765,
    "t1": 0.8129593659358152,
    "t2": 0.6253082269598647
}