{
    "b0": 0.08775494882756522,
    "b1": -0.06815884837199074,
    "b2": 0.003046801086801231,
    "b3": -0.023365984841310333,
    "t1": 1.886537623920633,
    "t2": 0.3963175185331984
}