{
    "b0": 0.0982764341357635,
    "b1": -0.07306567387058086,
    "b2": 0.051292999381095924,
    "b3": 0.006396975170411892,
    "t1": 1.7881906567094488,
    "t2": 0.15431633871126582
}