{
    "b0": 0.13071726956026947,
    "b1": -0.09328206183592175,
    "b2": 0.010427313738303773,
    "b3": -0.10425421197620277,
    "t1": 1.0746782092171585,
    "t2": 4.156839829039931
}