{
    "b0": 0.11236313506507073,
    "b1": -0.02582053416721048,
    "b2": -0.15758967002081545,
    "b3": 0.20861139773156373,
    "t1": 1.0645620676342387,
    "t2": 0.7067706798126352
}