{
    "b0": 0.1231533090521956,
    "b1": -0.0441925462739629,
    "b2": -0.00827984055665858,
    "b3": 0.10722445859743002,
    "t1": 2.596968726890058,
    "t2": 0.6425918066702101
}