{
    "b0": 0.1675017133935164,
    "b1": -0.1422149975510949,
    "b2": 0.13405028609663985,
    "b3": -0.2319976417174235,
    "t1": 2.4794827712779117,
    "t2": 5.411529826729209
}