{
    "b0": 0.09824324771101357,
    "b1": -0.06498808879713422,
    "b2": 0.00036616575488602685,
    "b3": -0.011944165869279388,
    "t1": 0.9578899107997199,
    "t2": 0.3589906444370259
}