{
    "b0": 0.14140789466364456,
    "b1": -0.07362276754378752,
    "b2": 0.05860304354819941,
    "b3": -0.06107314175425826,
    "t1": 0.5267850979695727,
    "t2": 3.098803416497297
}