{
    "b0": 0.10053076168307341,
    "b1": -0.0755319867192439,
    "b2": 0.03173399301072285,
    "b3": 0.007031801884784429,
    "t1": 1.5320745951910189,
    "t2": 0.11722598115869332
}