{
    "b0": 0.10403372583064548,
    "b1": -0.06796223926582462,
    "b2": 0.12577603617407804,
    "b3": -0.12158587671568703,
    "t1": 1.4274763872047136,
    "t2": 1.9127490294611098
}