{
    "b0": 0.1152575949587209,
    "b1": -0.05615968964017267,
    "b2": 0.004106568559365361,
    "b3": 0.04651342354061044,
    "t1": 1.4958552917738528,
    "t2": 0.56425786243316
}