{
    "b0": 0.11798833760958193,
    "b1": -0.037052319490941295,
    "b2": -0.21368748586755337,
    "b3": 0.2769460924749701,
    "t1": 1.0072188741588661,
    "t2": 0.8104401963334542
}