{
    "b0": 0.09047640056882227,
    "b1": -0.06819584622135319,
    "b2": -0.0003664683124223779,
    "b3": -0.013341110505551108,
    "t1": 0.8307977871158574,
    "t2": 0.36696339768206254
}