{
    "b0": 0.10156365393934082,
    "b1": -0.0615705946279118,
    "b2": -0.041802563505036104,
    "b3": -0.03782868242378219,
    "t1": 0.3078183852370975,
    "t2": 1.7022933365963109
}