{
    "b0": 0.11361525518972632,
    "b1": -0.06159085792350953,
    "b2": 0.037792772974102995,
    "b3": 0.06692791702977907,
    "t1": 2.2028087839446626,
    "t2": 0.4644276895144346
}