{
    "b0": 0.08409066578117169,
    "b1": -0.06436788620171673,
    "b2": 0.00019430180173854103,
    "b3": -0.019863338189808715,
    "t1": 1.1939268345786869,
    "t2": 0.2469123336920358
}