{
    "b0": 0.09997077910594833,
    "b1": -0.06087073778111414,
    "b2": -0.023353051875315268,
    "b3": 0.05768636746395084,
    "t1": 1.4692649685839916,
    "t2": 0.7740766102211367
}