{
    "b0": 0.11331364926626099,
    "b1": -0.027285711027846563,
    "b2": -0.0686266252506369,
    "b3": 0.11718900872440563,
    "t1": 1.5038447679568847,
    "t2": 0.6174978689620799
}