{
    "b0": 0.09838620530352336,
    "b1": -0.05738582932406303,
    "b2": -0.00010766391926427844,
    "b3": 0.04260405071057964,
    "t1": 1.781613442004713,
    "t2": 0.6416088350874274
}