{
    "b0": 0.1199128449291417,
    "b1": -0.060779977788489384,
    "b2": 0.05159977859946945,
    "b3": 0.04472184539610314,
    "t1": 0.40157588790402376,
    "t2": 0.014190872307981033
}