{
    "b0": 0.13344268145704136,
    "b1": -0.06431703256346098,
    "b2": 0.061481441029613046,
    "b3": -0.04501813425426025,
    "t1": 0.5147252436252204,
    "t2": 3.2390808930804686
}