{
    "b0": 0.08508725286887366,
    "b1": -0.06521294556214885,
    "b2": 0.001945762242137463,
    "b3": -0.016984962662112378,
    "t1": 1.4495773431587944,
    "t2": 0.21092250759922582
}