{
    "b0": 0.08511901772709433,
    "b1": -0.06537108593712737,
    "b2": -0.0014352970641118047,
    "b3": -0.020864254944282228,
    "t1": 1.2390770528131445,
    "t2": 0.2661302902814118
}