{
    "b0": 0.0987462927151903,
    "b1": -0.06505423955657433,
    "b2": -7.66675057004701e-06,
    "b3": -0.008612361007208231,
    "t1": 0.9080180013906887,
    "t2": 0.3104753587942053
}