{
    "b0": 0.10353064584020014,
    "b1": -0.06932324231759723,
    "b2": 0.3125351244993563,
    "b3": -0.305493918680108,
    "t1": 1.4689123806182764,
    "t2": 1.5872226783372136
}