{
    "b0": 0.08720114612258871,
    "b1": -0.06792836982844809,
    "b2": 0.00013860658968576148,
    "b3": -0.020935465118441486,
    "t1": 1.1132942283703429,
    "t2": 0.3700236863080377
}