{
    "b0": 0.09879321596314233,
    "b1": -0.07341984274463514,
    "b2": -0.14413460058694516,
    "b3": 0.13435176817904232,
    "t1": 0.867318436654049,
    "t2": 0.9432740794054624
}