{
    "b0": 0.1022263584737622,
    "b1": -0.06419161048554546,
    "b2": 0.06068427581084667,
    "b3": -0.05795834741579103,
    "t1": 0.9830893419309554,
    "t2": 1.7953456512084376
}