{
    "b0": 0.10133337780243576,
    "b1": -0.06335762472609585,
    "b2": -0.09905250886181843,
    "b3": 0.12780325436310444,
    "t1": 1.4285978745310908,
    "t2": 1.0806096242832508
}