{
    "b0": 0.09911831326713741,
    "b1": -0.06031123000968481,
    "b2": -0.04739277098641002,
    "b3": 0.07247026260678543,
    "t1": 1.461304000105926,
    "t2": 0.9068238805092577
}