{
    "b0": 0.11471692240231761,
    "b1": -0.05403381818846851,
    "b2": -0.00012460516109412054,
    "b3": 0.03953300510540236,
    "t1": 1.2818724570807323,
    "t2": 0.45713370405456555
}