{
    "b0": 0.10992074049811816,
    "b1": -0.060855942570255485,
    "b2": 0.008974045419834719,
    "b3": 0.045167117955070724,
    "t1": 1.4902028069302462,
    "t2": 0.5304880675335673
}