{
    "b0": 0.10327864207522532,
    "b1": -0.06522340202702953,
    "b2": 0.6600432085433676,
    "b3": -0.6436250093552514,
    "t1": 1.4275623805530864,
    "t2": 1.5095093585354897
}