{
    "b0": 0.11547314920621997,
    "b1": -0.06370120639216229,
    "b2": 0.016083928717823943,
    "b3": 0.042522745562558584,
    "t1": 1.490365162543641,
    "t2": 0.4330215002861646
}