{
    "b0": 0.09891704916596206,
    "b1": -0.05880357677012279,
    "b2": -0.030436230544083995,
    "b3": 0.06244240557396763,
    "t1": 1.3825874335029784,
    "t2": 0.7490365272570783
}