{
    "b0": 0.10547748319409324,
    "b1": -0.0714225438679495,
    "b2": -0.03196197396224847,
    "b3": -0.02098174908192367,
    "t1": 0.5945410026640605,
    "t2": 2.7713958471573936
}