{
    "b0": 0.12280492591082505,
    "b1": -0.05450010267454547,
    "b2": -0.0217014568365715,
    "b3": 0.10826006148125097,
    "t1": 1.120774886216271,
    "t2": 0.6189754999108352
}