{
    "b0": 0.12472332574054819,
    "b1": -0.05453530904430709,
    "b2": -0.41539883533551486,
    "b3": 0.4963045986786424,
    "t1": 0.917321056872721,
    "t2": 0.8247932279930641
}