{
    "b0": 0.11038443760402165,
    "b1": -0.07530265147896088,
    "b2": 0.04679886160201133,
    "b3": -0.06725245516468589,
    "t1": 1.3194738569164155,
    "t2": 2.855068470397373
}