{
    "b0": 0.08703399317611153,
    "b1": -0.06720141606109138,
    "b2": -0.000504407945704128,
    "b3": -0.030729589176844624,
    "t1": 1.079310070463909,
    "t2": 0.32429639297879564
}