{
    "b0": 0.05994306528735504,
    "b1": 0.021715527410129304,
    "b2": 0.12296508351628166,
    "b3": 0.08695646075363116,
    "t1": 9.999999984361242,
    "t2": 0.5558268515044006
}