{
    "b0": 0.09759973594214608,
    "b1": -0.07672928141201414,
    "b2": 0.11023293239466875,
    "b3": -0.14538974340879052,
    "t1": 0.7682001349198773,
    "t2": 0.7052191069444298
}