{
    "b0": 0.1094668569362247,
    "b1": -0.061568812429576986,
    "b2": -0.0047235893965049125,
    "b3": 0.05436251769812455,
    "t1": 1.4952912450947897,
    "t2": 0.63091383648859
}