{
    "b0": 0.09805875586430893,
    "b1": -0.055458926846366045,
    "b2": -0.006434715112725016,
    "b3": 0.05633616859036215,
    "t1": 1.513715886057787,
    "t2": 0.5961036306829595
}