{
    "b0": 0.09971053718075769,
    "b1": -0.06631863717578089,
    "b2": 0.00093733119979705,
    "b3": -0.013759539496374453,
    "t1": 0.8788471184459912,
    "t2": 0.39281778811659773
}