{
    "b0": 0.0994800044348074,
    "b1": -0.06571700719962548,
    "b2": 0.0006370942999838966,
    "b3": -0.01077277575691419,
    "t1": 0.8740545856062685,
    "t2": 0.3565456369961666
}