{
    "b0": 0.10118031307885761,
    "b1": -0.06138085874393603,
    "b2": -0.018125381801340695,
    "b3": 0.05765516158346312,
    "t1": 1.4916045514671672,
    "t2": 0.7532213554541469
}