{
    "b0": 0.12304770397963055,
    "b1": -0.05250999703834804,
    "b2": 0.6424820453171712,
    "b3": -0.5663777405584823,
    "t1": 0.8347417023038952,
    "t2": 0.9005347571000994
}