{
    "b0": 0.09885921417060269,
    "b1": -0.059801364686239866,
    "b2": -0.016934350767859097,
    "b3": 0.04921424035034832,
    "t1": 1.3999608895969926,
    "t2": 0.7389936809197035
}