{
    "b0": 0.09614475900004381,
    "b1": -0.06910875749069026,
    "b2": 0.008832987239134296,
    "b3": 0.01054706083778536,
    "t1": 1.2238023033182799,
    "t2": 0.07128684048634426
}