{
    "b0": 0.11078756334449737,
    "b1": -0.07318149906399667,
    "b2": 0.03259803724259189,
    "b3": -0.062311636424742536,
    "t1": 1.0810146926151594,
    "t2": 2.9820460907787623
}