{
    "b0": 0.11593684911499455,
    "b1": -0.056966399108312527,
    "b2": 0.00731723767262603,
    "b3": 0.04600593818330767,
    "t1": 1.4924850252142385,
    "t2": 0.5533995067630935
}