{
    "b0": 0.09434870110017925,
    "b1": -0.07364965737620235,
    "b2": 0.21579119883617898,
    "b3": -0.26454787402691804,
    "t1": 0.645216279811164,
    "t2": 0.6294005468496184
}