{
    "b0": 0.12517468102029108,
    "b1": -0.06007961011550867,
    "b2": 0.0046347889422013525,
    "b3": 0.07986603800800829,
    "t1": 1.4922855200217464,
    "t2": 0.549899778027549
}