{
    "b0": 0.10683626911716783,
    "b1": -0.05923894904215254,
    "b2": 0.8275517249129077,
    "b3": -0.8086814592842088,
    "t1": 0.9501381039871264,
    "t2": 0.9879458197315545
}