{
    "b0": 0.1153527997815051,
    "b1": -0.05587494345445641,
    "b2": 0.005555001955519763,
    "b3": 0.04735720612585633,
    "t1": 1.4971748651512202,
    "t2": 0.5469061697618223
}