{
    "b0": 0.08802302866473387,
    "b1": -0.06807449015063777,
    "b2": 0.0015631980304588768,
    "b3": -0.027559663167708463,
    "t1": 1.465179126293441,
    "t2": 0.35510281200299687
}