{
    "b0": 0.11358051708194863,
    "b1": -0.06201710366725482,
    "b2": 0.0083176705366911,
    "b3": 0.045235502708255035,
    "t1": 1.4988832359558932,
    "t2": 0.48119766513013396
}