{
    "b0": 0.09978165729670833,
    "b1": -0.0663153161589137,
    "b2": -0.0412706803453819,
    "b3": -0.010866171632725546,
    "t1": 0.5526558070075209,
    "t2": 1.8361798042380113
}