{
    "b0": 0.09705158793094439,
    "b1": -0.05813917123947981,
    "b2": -0.17960793446890677,
    "b3": 0.19191132131072844,
    "t1": 1.116402253284246,
    "t2": 0.9802363154126557
}