{
    "b0": 0.10660309533151298,
    "b1": -0.06903168145571642,
    "b2": 0.5018376553880158,
    "b3": -0.49247382599181655,
    "t1": 1.6065375391798682,
    "t2": 1.7513637754079054
}