{
    "b0": 0.0992142405028457,
    "b1": -0.06242987728130718,
    "b2": -0.03854100157512556,
    "b3": -0.03514430055694858,
    "t1": 0.3794867057821159,
    "t2": 1.7812777030341373
}