{
    "b0": 0.08614101644077234,
    "b1": -0.06618479927434327,
    "b2": -0.001289082738699203,
    "b3": -0.03225437790740313,
    "t1": 1.101443150343611,
    "t2": 0.34604178902859317
}