{
    "b0": 0.12362944261482753,
    "b1": -0.056458843678534,
    "b2": 0.0016328868038908428,
    "b3": 0.09051441262215137,
    "t1": 1.543787078531032,
    "t2": 0.5835249654840444
}