{
    "b0": 0.10145272345247891,
    "b1": -0.06325995866406049,
    "b2": 0.0581131500984067,
    "b3": -0.05741735909152931,
    "t1": 0.9813016258335231,
    "t2": 1.8338715116109565
}