{
    "b0": 0.093110359088269,
    "b1": -0.07320185946236818,
    "b2": 0.004475853547301862,
    "b3": -0.022459563040810104,
    "t1": 1.0954878151553489,
    "t2": 0.4115337004762969
}