{
    "b0": 0.08838293303011445,
    "b1": -0.0689066106867013,
    "b2": 0.00029633473653119247,
    "b3": -0.019411698961587853,
    "t1": 1.1949854166224556,
    "t2": 0.32417430077874876
}