{
    "b0": 0.11886134354156737,
    "b1": -0.05614129267590335,
    "b2": -1.0238096972425836e-06,
    "b3": 0.04540460474012413,
    "t1": 1.004013944751211,
    "t2": 0.47183283667774667
}