{
    "b0": 0.11977431013616975,
    "b1": -0.048025859479078954,
    "b2": -0.06000070822409611,
    "b3": 0.1543206211073771,
    "t1": 1.2140658374679503,
    "t2": 0.6837451763718141
}