{
    "b0": 0.11593317596014867,
    "b1": -0.05692855293121917,
    "b2": 0.005620202873400832,
    "b3": 0.04631700578889191,
    "t1": 1.497171069878779,
    "t2": 0.5682438338480269
}