{
    "b0": 0.10072078992857626,
    "b1": -0.07428478620838162,
    "b2": 0.03641872905823118,
    "b3": -0.0039042052714905393,
    "t1": 1.4370266713872297,
    "t2": 0.5320010694208577
}