{
    "b0": 0.0924550205118779,
    "b1": -0.06762694962617374,
    "b2": -0.021416070577057144,
    "b3": -0.007204405213043906,
    "t1": 0.6195030890180204,
    "t2": 0.4340261675220276
}