{
    "b0": 0.11969584381632906,
    "b1": -0.045579709720930964,
    "b2": -0.06242118246393493,
    "b3": 0.15178819582920094,
    "t1": 1.0484489198774982,
    "t2": 0.6678249519379733
}