{
    "b0": 0.10144938713392135,
    "b1": -0.07563844974230191,
    "b2": 0.07863763953617192,
    "b3": -0.08257352752535876,
    "t1": 0.9276553014685351,
    "t2": 0.8265298088216539
}