{
    "b0": 0.112287027549428,
    "b1": -0.06397927424174513,
    "b2": 0.0009216896382187208,
    "b3": 0.04440390156216588,
    "t1": 1.2769365565688213,
    "t2": 0.5285099026432754
}