{
    "b0": 0.11580713069018483,
    "b1": -0.055533472587306065,
    "b2": 0.003837087983876414,
    "b3": 0.04635384071702085,
    "t1": 1.4972729703386474,
    "t2": 0.5451715330686211
}