{
    "b0": 0.10752399636401197,
    "b1": -0.058026584194147635,
    "b2": -0.0016083478428789363,
    "b3": 0.05798049333273978,
    "t1": 1.5602699477753386,
    "t2": 0.5787808869675786
}