{
    "b0": 0.13048296343817614,
    "b1": 0.002843797454509536,
    "b2": -0.797471815194817,
    "b3": 0.7989077034259984,
    "t1": 0.8360497610042347,
    "t2": 0.79041540702006
}