{
    "b0": 0.17516239286310098,
    "b1": -0.07092055447711826,
    "b2": -0.0939703139349858,
    "b3": 0.07309896035787994,
    "t1": 5.45349799937955,
    "t2": 0.5711947469519968
}