{
    "b0": 0.17747457798579977,
    "b1": -0.06294568614422796,
    "b2": -0.10905794033339236,
    "b3": 0.06091025567284177,
    "t1": 5.597099152490821,
    "t2": 0.4953728732030199
}