{
    "b0": 0.38597791832573,
    "b1": -0.2507664238108205,
    "b2": 0.008584542080462068,
    "b3": -0.6560036124799047,
    "t1": 2.5873446637154154,
    "t2": 6.296203735914393
}