{
    "b0": 0.12192067241506893,
    "b1": 0.012758019743704049,
    "b2": -0.8311614134104218,
    "b3": 0.8250531187108031,
    "t1": 0.7768669751696075,
    "t2": 0.7267412624330662
}