{
    "b0": 0.12611620354021988,
    "b1": -0.0036932635842477825,
    "b2": -0.6220582370017355,
    "b3": 0.6314448653320996,
    "t1": 0.9623985673610038,
    "t2": 0.8928747931722691
}