{
    "b0": 0.12431152193800865,
    "b1": -0.010578527494966633,
    "b2": -0.7752625390755168,
    "b3": 0.7854823952754149,
    "t1": 0.9658739086163958,
    "t2": 0.8841416743925541
}