{
    "b0": -0.06676762859916227,
    "b1": 0.20301333357775414,
    "b2": 0.1388798585866826,
    "b3": 0.5438006151951215,
    "t1": 0.9893904594588614,
    "t2": 6.24611253080183
}