{
    "b0": 0.12333292579853666,
    "b1": -0.019665057272362438,
    "b2": -0.8824707151978206,
    "b3": 0.8959188907241634,
    "t1": 0.9085253489314775,
    "t2": 0.8446438607873299
}