{
    "b0": 0.1667988895062672,
    "b1": -0.06188255250547237,
    "b2": -0.08662293329727454,
    "b3": 0.06897712064984013,
    "t1": 4.958702233501507,
    "t2": 0.5561902938700223
}