{
    "b0": 0.36815952273043356,
    "b1": -0.23242679299686242,
    "b2": 0.009364610969577664,
    "b3": -0.606527835189931,
    "t1": 2.4790510941090105,
    "t2": 6.147353702873349
}