{
    "b0": 0.25307695538591707,
    "b1": -0.1121007766667882,
    "b2": 0.04563583005184718,
    "b3": -0.32582752228343365,
    "t1": 4.625836731314042,
    "t2": 5.630082318008202
}