{
    "b0": 0.11739327444749421,
    "b1": -0.027765756655944527,
    "b2": -0.047073724832333984,
    "b3": 0.10910426732000744,
    "t1": 1.3572177718353915,
    "t2": 0.5664064776462876
}