{
    "b0": 0.1361097036409394,
    "b1": -0.0004974867474263588,
    "b2": 0.014289387780935272,
    "b3": -0.008239925666417696,
    "t1": 0.6602218645346891,
    "t2": 3.8514260385036994
}