{
    "b0": 0.1200528050224049,
    "b1": -0.00447779081514684,
    "b2": -0.16747684207190766,
    "b3": 0.20038940701343644,
    "t1": 1.0400603685420857,
    "t2": 0.7664572322860925
}