{
    "b0": 0.36010630230327123,
    "b1": -0.2209392046052373,
    "b2": 0.005671655319344951,
    "b3": -0.5929283681486047,
    "t1": 2.6647230115713736,
    "t2": 6.707394736627033
}