{
    "b0": 0.12828405088480668,
    "b1": -0.014391141632289245,
    "b2": -0.49423813166723946,
    "b3": 0.5099975782378905,
    "t1": 1.0841933516822895,
    "t2": 0.9571805234417798
}