{
    "b0": 0.1304416698122736,
    "b1": 0.004033757657915123,
    "b2": -0.0807936218821413,
    "b3": 0.08770601640006222,
    "t1": 1.227182771674244,
    "t2": 0.7549273199269013
}