{
    "b0": 0.12221170131678395,
    "b1": 0.012649867180866308,
    "b2": -0.9884056957662162,
    "b3": 0.9815610560034987,
    "t1": 0.7745992272318216,
    "t2": 0.7328779558455089
}