{
    "b0": 0.13007082820156118,
    "b1": 0.00456710562351727,
    "b2": -0.08924571267270354,
    "b3": 0.05710731427647545,
    "t1": 1.5,
    "t2": 0.5
}