{
    "b0": 0.12986933693258204,
    "b1": 0.005410755894084272,
    "b2": -0.2307570738318429,
    "b3": 0.236860794661613,
    "t1": 0.7173745069247444,
    "t2": 0.6533602722256653
}