{
    "b0": 0.13021403526332642,
    "b1": -0.0032323177103773283,
    "b2": -0.7157431724056342,
    "b3": 0.720912722951393,
    "t1": 0.9575046186030738,
    "t2": 0.8960816538609331
}