{
    "b0": 0.1298457174467358,
    "b1": 0.004561450925583128,
    "b2": -0.8596391268231236,
    "b3": 0.8484108091276927,
    "t1": 0.9037327747026238,
    "t2": 0.8435575403975383
}