{
    "b0": 0.1267755160071163,
    "b1": -0.001200069760488452,
    "b2": -0.9754507971921699,
    "b3": 0.9842587684109572,
    "t1": 1.020736448876192,
    "t2": 0.9653827255716614
}