{
    "b0": 0.12249775880650585,
    "b1": -0.015882409532909612,
    "b2": -0.3861845009461706,
    "b3": 0.40299387092500777,
    "t1": 1.0585097487839592,
    "t2": 0.8861925181351076
}