{
    "b0": 0.276130125132116,
    "b1": -0.13525545462805352,
    "b2": 0.021418279562258363,
    "b3": -0.37707802888902825,
    "t1": 3.6878851973718856,
    "t2": 5.898041983554992
}