{
    "b0": 0.11451270541112127,
    "b1": -0.02801087132079261,
    "b2": -0.4490514182360781,
    "b3": 0.4995570874327989,
    "t1": 0.8414018622297803,
    "t2": 0.7270458933451449
}