{
    "b0": 0.12714253256934963,
    "b1": -0.00187291370356437,
    "b2": 0.918132167233077,
    "b3": -0.9063308046735968,
    "t1": 0.9846829224753542,
    "t2": 1.0363842615931174
}