{
    "b0": 0.12397063324825043,
    "b1": 0.010807502865797946,
    "b2": -0.12504859913521782,
    "b3": 0.11515670783849066,
    "t1": 0.9522167656069733,
    "t2": 0.6065498570340786
}