{
    "b0": 0.2024909462592236,
    "b1": -0.07790235838664765,
    "b2": -0.12656363639158247,
    "b3": 0.039049746666475246,
    "t1": 6.582128466374678,
    "t2": 0.519011541768352
}