{
    "b0": 0.11789167591607087,
    "b1": -0.019233220345763205,
    "b2": -0.04031913607721641,
    "b3": 0.08863436051298354,
    "t1": 1.5,
    "t2": 0.5
}