{
    "b0": 0.4711488584221583,
    "b1": -0.33567828744772604,
    "b2": 0.007054437369030164,
    "b3": -0.8591041204635056,
    "t1": 2.52268258331724,
    "t2": 6.598487126962673
}