{
    "b0": 0.13979346148651747,
    "b1": -0.005843370242341588,
    "b2": -0.22205702802835822,
    "b3": 0.24076808967824143,
    "t1": 1.0914530760409615,
    "t2": 0.9411442475346199
}