{
    "b0": 0.18492159552396528,
    "b1": -0.056318771925217316,
    "b2": -0.10258230540673294,
    "b3": 0.03744647241691401,
    "t1": 5.468354160661591,
    "t2": 0.5127768381606811
}