{
    "b0": 0.15718517178535457,
    "b1": -0.053444993341755426,
    "b2": -0.07910979429532143,
    "b3": 0.0720121044354303,
    "t1": 4.102780249160494,
    "t2": 0.5689087981485937
}