{
    "b0": 0.12789962820083434,
    "b1": 0.007294764034100554,
    "b2": -0.10450371981065856,
    "b3": 0.08311360636002203,
    "t1": 1.468114984743203,
    "t2": 0.6778099581997177
}