{
    "b0": 0.13165205418651502,
    "b1": 0.0014017814395909825,
    "b2": -0.41964106829488157,
    "b3": 0.42179806427430816,
    "t1": 0.8819788352288883,
    "t2": 0.795302233631033
}