{
    "b0": 0.1601135710085471,
    "b1": -0.05348219371657523,
    "b2": -0.08389040011046277,
    "b3": 0.06847355250325676,
    "t1": 4.4076301910679465,
    "t2": 0.5506941985756126
}