{
    "b0": 0.13393792185973516,
    "b1": -0.005462951545871084,
    "b2": -0.0942406648663033,
    "b3": 0.09849728864524329,
    "t1": 1.1367331085061005,
    "t2": 0.7309805802481293
}