{
    "b0": 0.1547942721176666,
    "b1": -0.041319959515927346,
    "b2": -0.06432000267805081,
    "b3": 0.062037624834945404,
    "t1": 3.919769369446905,
    "t2": 0.6378222020120712
}