{
    "b0": 0.1271715363933571,
    "b1": 0.00799412261211304,
    "b2": -0.09453043259086413,
    "b3": 0.07329664584981324,
    "t1": 1.495539924005302,
    "t2": 0.6339196948472132
}