{
    "b0": 0.17829403802765117,
    "b1": -0.04809194507007316,
    "b2": -0.07730509439691562,
    "b3": 0.04222907328720728,
    "t1": 5.3939917682338265,
    "t2": 0.5159799351463076
}