{
    "b0": 0.12850937575894067,
    "b1": -0.01844459510162441,
    "b2": -0.8711219680522567,
    "b3": 0.9013890935973222,
    "t1": 0.9795965803477404,
    "t2": 0.9156949343611487
}