{
    "b0": 0.19370954429254586,
    "b1": -0.08000408779052151,
    "b2": -0.1345622354680612,
    "b3": 0.05787616492399619,
    "t1": 5.692023933493222,
    "t2": 0.49865573982924255
}