{
    "b0": 0.13878722903015564,
    "b1": -0.004271653470577763,
    "b2": -0.5257189487058833,
    "b3": 0.5392344940981331,
    "t1": 1.1644206534642376,
    "t2": 1.090078362686556
}