{
    "b0": 0.1266044002367321,
    "b1": 0.008199228216715846,
    "b2": -0.07790702492179043,
    "b3": 0.05302391455270452,
    "t1": 1.5,
    "t2": 0.5
}