{
    "b0": 0.35717360306308105,
    "b1": -0.21712813144437187,
    "b2": 0.012150468893604778,
    "b3": -0.5736732732244886,
    "t1": 3.104028556086236,
    "t2": 6.427372111854335
}