{
    "b0": 0.12253156619793647,
    "b1": 0.012289088028840437,
    "b2": 0.9816190506765422,
    "b3": -0.9890600937411599,
    "t1": 0.7455078667240926,
    "t2": 0.7892983875050915
}