{
    "b0": 0.1279210311924129,
    "b1": -0.018218630963189278,
    "b2": 0.8582170510826255,
    "b3": -0.8329813069565392,
    "t1": 0.8955491768816541,
    "t2": 0.9606341961930172
}