{
    "b0": 0.1257999739472068,
    "b1": -0.0085666619720161,
    "b2": -0.07302565531246982,
    "b3": 0.09376492787431832,
    "t1": 1.3850669930169395,
    "t2": 0.6632947659964898
}