{
    "b0": 0.12816052452054022,
    "b1": 0.006795813794534893,
    "b2": -0.08319994394253909,
    "b3": 0.05291925112581785,
    "t1": 1.5,
    "t2": 0.5
}