{
    "b0": 0.12211511834763132,
    "b1": 0.012574897857431749,
    "b2": -0.3154953141249896,
    "b3": 0.3069977018425523,
    "t1": 0.8422796930624443,
    "t2": 0.699304035814194
}