{
    "b0": 0.13481303161540895,
    "b1": 2.5462310246756638e-05,
    "b2": -0.1007930529977201,
    "b3": 0.11697777261633695,
    "t1": 1.1326284765490118,
    "t2": 0.8671462962834369
}