{
    "b0": 0.2955864886606137,
    "b1": -0.15515361954153814,
    "b2": 0.01888534614843023,
    "b3": -0.4149142939899034,
    "t1": 3.5320109354081204,
    "t2": 5.998005935688104
}