{
    "b0": 0.12329327678320873,
    "b1": 0.01156456356063821,
    "b2": 0.6687592211256183,
    "b3": -0.6780944510392561,
    "t1": 0.8187682034584642,
    "t2": 0.8974337064575569
}