{
    "b0": 0.415711452182483,
    "b1": -0.28026380970992887,
    "b2": 0.00792510139333015,
    "b3": -0.7183248945855101,
    "t1": 2.5587553841487134,
    "t2": 6.563559637083511
}