{
    "b0": 0.1731169121585568,
    "b1": -0.06755208349760496,
    "b2": -0.09793634250122875,
    "b3": 0.06780237759531735,
    "t1": 5.346909720418303,
    "t2": 0.5493843843612256
}