{
    "b0": 0.12158963234191109,
    "b1": 0.013556332273325492,
    "b2": -0.5820746869337088,
    "b3": 0.5727259131812426,
    "t1": 0.963544593808213,
    "t2": 0.8642918046812369
}