{
    "b0": 0.12309153256307122,
    "b1": 0.011739307827275003,
    "b2": -0.19453242804630083,
    "b3": 0.18388496332504625,
    "t1": 0.8987886935195686,
    "t2": 0.6661639076347861
}