{
    "b0": 0.12782969616483192,
    "b1": 0.007198314924116387,
    "b2": -0.0741508094169374,
    "b3": 0.04867490676009498,
    "t1": 1.5,
    "t2": 0.5
}