{
    "b0": 0.3839341131573864,
    "b1": -0.24854275342345755,
    "b2": 0.00847477211457362,
    "b3": -0.6474532661881919,
    "t1": 2.492040834202343,
    "t2": 6.354164482853119
}