{
    "b0": 0.16474310522754373,
    "b1": -0.057278149051898035,
    "b2": -0.08919510495883909,
    "b3": 0.07050117349621773,
    "t1": 4.675237132265518,
    "t2": 0.5634476434217662
}