{
    "b0": 0.12214599327396461,
    "b1": -0.007858248198756133,
    "b2": -0.5782172836938236,
    "b3": 0.5879327769945379,
    "t1": 0.9758897099076194,
    "t2": 0.8679565655463559
}