{
    "b0": 0.3970236694638977,
    "b1": -0.2585739981288215,
    "b2": 0.008107724120947596,
    "b3": -0.6813369225618413,
    "t1": 2.441010549344665,
    "t2": 6.646031855949331
}