{
    "b0": 0.3481850498112434,
    "b1": -0.21011582210700008,
    "b2": 0.008330526198067019,
    "b3": -0.5493656225641512,
    "t1": 2.6078717073404745,
    "t2": 6.325857259504481
}