{
    "b0": 0.4265249065398838,
    "b1": -0.29093674302318734,
    "b2": 0.007529790805393191,
    "b3": -0.7528655309236194,
    "t1": 2.414927958973658,
    "t2": 6.262849320986008
}