{
    "b0": 0.12384029978709563,
    "b1": 0.010845389294657117,
    "b2": -0.3819516971046331,
    "b3": 0.37096510005225597,
    "t1": 0.9327251295435302,
    "t2": 0.7902740669249972
}