{
    "b0": 0.13472478924856013,
    "b1": 0.00034364564671033465,
    "b2": -0.10970865648136477,
    "b3": 0.11297706532416057,
    "t1": 1.2165577586333036,
    "t2": 0.9202703306075657
}