{
    "b0": 0.12584079127462014,
    "b1": 0.009113228073663339,
    "b2": -0.07676769079021499,
    "b3": 0.0509287674713585,
    "t1": 1.5,
    "t2": 0.5
}