{
    "b0": 0.12507368343485434,
    "b1": 0.00046525024705218834,
    "b2": 0.6401522458977794,
    "b3": -0.6343493582328285,
    "t1": 0.9463207854527851,
    "t2": 1.0250024494071912
}