{
    "b0": 0.3583579465926138,
    "b1": -0.21840479104645583,
    "b2": 0.011633978551083383,
    "b3": -0.5781748992592497,
    "t1": 3.139862490771817,
    "t2": 6.518552540862936
}