{
    "b0": 0.1270326612206465,
    "b1": -0.013021987952278598,
    "b2": -0.8054791050012293,
    "b3": 0.8257166260988102,
    "t1": 1.0330338570810165,
    "t2": 0.9672628186534249
}