{
    "b0": 0.11170506157710343,
    "b1": 0.024279496161454646,
    "b2": -0.8252984235764877,
    "b3": 0.7935247973897296,
    "t1": 0.6645879056579795,
    "t2": 0.6214420926095885
}