{
    "b0": 0.13679887655188888,
    "b1": -0.0003113504943763473,
    "b2": -0.10608319768121965,
    "b3": 0.04325070251600543,
    "t1": 1.5,
    "t2": 0.5
}