{
    "b0": 0.11918948352467645,
    "b1": 0.011168426432328507,
    "b2": 0.46996371657425223,
    "b3": -0.5193023827052676,
    "t1": 0.5732554358513298,
    "t2": 0.6297409903421984
}