{
    "b0": 0.11374831791667687,
    "b1": 0.006280864472316241,
    "b2": -0.061830500289897665,
    "b3": 0.01337046940200324,
    "t1": 0.9345236647935353,
    "t2": 0.2816862911903675
}