{
    "b0": -0.04411121137182366,
    "b1": 0.17960007775831882,
    "b2": -0.24024512416750962,
    "b3": 0.5478714908830685,
    "t1": 2.3420983821481776,
    "t2": 4.978674891368894
}