{
    "b0": -0.011540932178695583,
    "b1": 0.1458474439565874,
    "b2": -0.13075872568507885,
    "b3": 0.39617219020015404,
    "t1": 1.856803315398145,
    "t2": 5.236547190006805
}