{
    "b0": 0.14842943971023353,
    "b1": -0.01123927061366839,
    "b2": -0.060919454754869914,
    "b3": 0.012841728565834164,
    "t1": 1.5,
    "t2": 0.5
}