{
    "b0": 0.1204717314593908,
    "b1": 0.01113809066350908,
    "b2": -0.2116973656838343,
    "b3": 0.15639108579778674,
    "t1": 0.7033191462764004,
    "t2": 0.5247809605422722
}