{
    "b0": -0.10273076278852253,
    "b1": 0.24271743680123986,
    "b2": -0.45250901473858923,
    "b3": 0.8530117983639627,
    "t1": 3.029126432765587,
    "t2": 5.134575646488659
}