{
    "b0": 0.1393971032540572,
    "b1": -0.0039547268145449805,
    "b2": -0.8138128270460598,
    "b3": 0.790825844440983,
    "t1": 0.6917832991129407,
    "t2": 0.6588360383961621
}