{
    "b0": 0.11810468857067023,
    "b1": 0.013266633301931199,
    "b2": -0.40200978165041035,
    "b3": 0.34703205736185566,
    "t1": 0.6844573814177952,
    "t2": 0.5945439129100585
}