{
    "b0": -0.09401675664400505,
    "b1": 0.23037731141914275,
    "b2": 0.14167844805103405,
    "b3": 0.6258649730941638,
    "t1": 1.04301614079213,
    "t2": 6.4170676913235
}