{
    "b0": -0.21795803295529356,
    "b1": 0.356090122179301,
    "b2": 0.19870113324841637,
    "b3": 0.9226203842905317,
    "t1": 0.9721051748499238,
    "t2": 6.373872340772238
}