{
    "b0": 0.11374303992026893,
    "b1": 0.02140613541210744,
    "b2": -0.8552926999580733,
    "b3": 0.8103340761703299,
    "t1": 0.6578579582784494,
    "t2": 0.6169899514066266
}