{
    "b0": 0.11443628797304091,
    "b1": 0.020900497453990346,
    "b2": -0.9715102326544116,
    "b3": 0.9300556599946869,
    "t1": 0.6658514703430738,
    "t2": 0.6286147389362782
}