{
    "b0": 0.11286271882274039,
    "b1": 0.02334766419568433,
    "b2": -0.9520467236185307,
    "b3": 0.917939069523348,
    "t1": 0.6471483378808707,
    "t2": 0.6080299904411749
}