{
    "b0": 0.12481815168840672,
    "b1": 0.0021115937172241986,
    "b2": 0.03516990797407653,
    "b3": -0.09036865443778679,
    "t1": 0.3468597181830697,
    "t2": 0.8264547157493842
}