{
    "b0": -0.027459510361049693,
    "b1": 0.16230844372295886,
    "b2": -0.18629854722669417,
    "b3": 0.47618394334027214,
    "t1": 2.1647678999525546,
    "t2": 5.170118525723142
}