{
    "b0": -0.15324555301908582,
    "b1": 0.28976742798183036,
    "b2": 0.17209570337068222,
    "b3": 0.7822522949933246,
    "t1": 1.0762925739039593,
    "t2": 6.4988063579177195
}