{
    "b0": 0.15708790009584805,
    "b1": -0.02201502313897392,
    "b2": -0.054384378551256655,
    "b3": 0.01837901097221141,
    "t1": 3.6761699226288713,
    "t2": 0.40626363764132556
}