{
    "b0": 0.12300630476538173,
    "b1": 0.0015491455658721408,
    "b2": -0.10283404265496696,
    "b3": 0.05899839985938822,
    "t1": 1.1028951398297364,
    "t2": 1.2308552996961142
}