{
    "b0": -0.12616435137871734,
    "b1": 0.2636499491111555,
    "b2": 0.1531638857984586,
    "b3": 0.7042474528397734,
    "t1": 0.9426407089715971,
    "t2": 6.311583715731997
}