{
    "b0": 0.03566462306462158,
    "b1": 0.099736932553815,
    "b2": 0.09966961257885713,
    "b3": 0.2264249308819184,
    "t1": 0.4442778493252374,
    "t2": 6.317090641006743
}