{
    "b0": 0.20137365361193457,
    "b1": -0.07453667059187877,
    "b2": -0.11697482281950697,
    "b3": -0.21225006235977986,
    "t1": 1.38453589055842,
    "t2": 10.0
}