{
    "b0": 0.1137984712829823,
    "b1": 0.022140661689066147,
    "b2": -0.7069276669475241,
    "b3": 0.6789448807623758,
    "t1": 0.6661800941589436,
    "t2": 0.6107873239698524
}