{
    "b0": -0.001685948628134843,
    "b1": 0.1364852863876371,
    "b2": -0.12791819253211612,
    "b3": 0.3738239821747025,
    "t1": 1.8451031747329543,
    "t2": 5.187979384566803
}