{
    "b0": 0.11373534787998657,
    "b1": 0.021499487184965648,
    "b2": 0.8882428747898734,
    "b3": -0.9306387753834093,
    "t1": 0.6272648444292201,
    "t2": 0.6652206407271644
}