{
    "b0": 0.13836906342647676,
    "b1": -0.003211084162920347,
    "b2": 0.5840757234506054,
    "b3": -0.5924914709759009,
    "t1": 0.8626887004729884,
    "t2": 0.9094955159152747
}