{
    "b0": 0.10816584714462402,
    "b1": 0.014155010789159768,
    "b2": -0.7176242097360382,
    "b3": 0.6832581543954716,
    "t1": 1.6595286338011834,
    "t2": 1.7598565972486635
}