{
    "b0": 0.13242575704612053,
    "b1": 0.002801161583451027,
    "b2": -0.30965630647509795,
    "b3": 0.27520676865954097,
    "t1": 0.7610647457782891,
    "t2": 0.6151795581285597
}