{
    "b0": 0.12114536814654031,
    "b1": 0.005891367545450596,
    "b2": 0.06343528462678531,
    "b3": -0.11412642772910805,
    "t1": 0.4142086906646023,
    "t2": 0.7602047697142762
}