{
    "b0": -0.15080772087027358,
    "b1": 0.2884628813067494,
    "b2": 0.1700351911873962,
    "b3": 0.7788169135399037,
    "t1": 0.9052284935023788,
    "t2": 6.187188140878307
}