{
    "b0": -0.19336980298119447,
    "b1": 0.3308541921021779,
    "b2": 0.19684627496685597,
    "b3": 0.8724995583509707,
    "t1": 0.9521078798050047,
    "t2": 6.278052780565298
}