{
    "b0": 0.12962499835303176,
    "b1": 0.005667544569173089,
    "b2": 0.9065015184452996,
    "b3": -0.9298298638686427,
    "t1": 0.6854825569312277,
    "t2": 0.7259065675766774
}