{
    "b0": 0.14026254723093556,
    "b1": -0.004867564927847564,
    "b2": -0.22413168901986816,
    "b3": 0.18511225427761585,
    "t1": 0.8012042185118249,
    "t2": 0.604395327021038
}