{
    "b0": 0.11738260103609696,
    "b1": 0.01851697737941609,
    "b2": -0.5178060215349894,
    "b3": 0.485836433666052,
    "t1": 0.7096430257633521,
    "t2": 0.6259130623498645
}