{
    "b0": 0.14295215659466678,
    "b1": -0.007323965513219677,
    "b2": -0.790965319159747,
    "b3": 0.7639559987257039,
    "t1": 0.6631567343490825,
    "t2": 0.6328243949170236
}