{
    "b0": -0.12169568027043791,
    "b1": 0.25812957189308433,
    "b2": 0.1536291866621892,
    "b3": 0.7044844350959806,
    "t1": 1.0785922631586213,
    "t2": 6.507128482240134
}