{
    "b0": 0.12004323350209627,
    "b1": 0.010205926594406185,
    "b2": 0.21621418933074815,
    "b3": -0.2681297574709015,
    "t1": 0.5445498585069997,
    "t2": 0.6631536023825104
}