{
    "b0": 0.1076887738981467,
    "b1": 0.009204693562419344,
    "b2": 0.02800007332517699,
    "b3": -0.05991422953966348,
    "t1": 0.30676298342405683,
    "t2": 0.8022389219699146
}