{
    "b0": 0.12114224977893251,
    "b1": 0.016847031248487156,
    "b2": -0.10542645362207599,
    "b3": 0.020973792204075355,
    "t1": 1.5,
    "t2": 0.5
}