{
    "b0": 0.11583532041866963,
    "b1": 0.009307037042508834,
    "b2": 0.05172175336140611,
    "b3": -0.09104885865405175,
    "t1": 2.26570168229133,
    "t2": 1.340820680980403
}