{
    "b0": 0.12738692684380196,
    "b1": 0.001158363973306039,
    "b2": 0.013051575617265315,
    "b3": -0.07744316461808386,
    "t1": 1.08343432289727,
    "t2": 1.0642624993579441
}