{
    "b0": 0.11038987159732766,
    "b1": 0.01244460880751235,
    "b2": 0.06303211228105511,
    "b3": -0.09597655243796102,
    "t1": 2.3767246189197575,
    "t2": 1.4184758569660287
}