{
    "b0": 0.1324466025417163,
    "b1": 0.002773519153576293,
    "b2": -0.0461201879797664,
    "b3": 0.05127224026295995,
    "t1": 0.862124049697985,
    "t2": 0.5726798025917335
}