{
    "b0": 0.12110159115248399,
    "b1": 0.005332531804305339,
    "b2": -0.3238440943824558,
    "b3": 0.27926616749104427,
    "t1": 1.330469281209972,
    "t2": 1.449330259053193
}