{
    "b0": 0.11170875767961659,
    "b1": 0.02416868476347798,
    "b2": 0.8128571524933952,
    "b3": -0.8431548580856469,
    "t1": 0.6047593182144465,
    "t2": 0.6486743997247275
}