{
    "b0": -0.1846469410332676,
    "b1": 0.3225357738532424,
    "b2": 0.1864913798980534,
    "b3": 0.844898759637232,
    "t1": 0.9331439500036852,
    "t2": 6.263268761073777
}