{
    "b0": 0.11438994068974465,
    "b1": 0.005454890108779798,
    "b2": 0.06246792522155367,
    "b3": -0.10731005623067613,
    "t1": 0.5468189807589781,
    "t2": 0.7601781861444961
}