{
    "b0": -0.10867599174707031,
    "b1": 0.2460415828890538,
    "b2": 0.14546368425119452,
    "b3": 0.6579798086048401,
    "t1": 0.9208672418159602,
    "t2": 6.2523520664985215
}