{
    "b0": 0.11254765650266885,
    "b1": 0.021465364287843104,
    "b2": -0.23924073371697774,
    "b3": 0.19754071413079174,
    "t1": 0.7222099503262672,
    "t2": 0.5654517489719535
}