{
    "b0": 0.13777211775491377,
    "b1": -0.0019600545225272395,
    "b2": 0.39625436221034804,
    "b3": -0.4296245421480905,
    "t1": 0.5887484143960711,
    "t2": 0.6583752631092866
}