{
    "b0": 0.11494058741440547,
    "b1": 0.020735341665996353,
    "b2": -0.44108116113291435,
    "b3": 0.4012028483402223,
    "t1": 0.686397405774624,
    "t2": 0.6051366787455708
}