{
    "b0": 0.12147303588683438,
    "b1": 0.0055607423113216495,
    "b2": 0.06590631930779076,
    "b3": -0.11800000004289302,
    "t1": 0.41662291834872445,
    "t2": 0.7544194483250655
}