{
    "b0": 0.1331942377022042,
    "b1": 0.002105685495091686,
    "b2": -0.24603860906548036,
    "b3": 0.21902481573051674,
    "t1": 0.7542953784641195,
    "t2": 0.6014638855430299
}