{
    "b0": 0.12439261369299438,
    "b1": 0.002471784734118035,
    "b2": 0.08320468053048916,
    "b3": -0.1356885946742174,
    "t1": 0.6308381740532027,
    "t2": 0.7923015689143247
}