{
    "b0": 0.11281616316754497,
    "b1": 0.0036247328134441474,
    "b2": 0.018053493835349075,
    "b3": -0.057962618800936415,
    "t1": 0.18995933697647072,
    "t2": 1.0405780973158683
}