{
    "b0": 0.14192386549442976,
    "b1": -0.005102169054034756,
    "b2": -0.09183987308041068,
    "b3": 0.032572523326551875,
    "t1": 1.5,
    "t2": 0.5
}