{
    "b0": 0.15068396726831682,
    "b1": -0.013703382675114291,
    "b2": -0.10096926276292237,
    "b3": 0.03031738404904358,
    "t1": 1.5,
    "t2": 0.5
}