{
    "b0": 0.012685744665196407,
    "b1": 0.12164467717016034,
    "b2": -0.1033684764354014,
    "b3": 0.32276216828540283,
    "t1": 1.696176285210325,
    "t2": 5.263093792115278
}