{
    "b0": 0.12250883001782582,
    "b1": 0.012872882663361339,
    "b2": -0.34657033325914693,
    "b3": 0.31704138330378007,
    "t1": 0.7618237463181634,
    "t2": 0.6235803010415282
}