{
    "b0": 0.12003772069164251,
    "b1": 0.006660309727360925,
    "b2": 0.21676446734480528,
    "b3": -0.26057041595712466,
    "t1": 1.4909477922278733,
    "t2": 1.345162374979925
}