{
    "b0": 0.11750077554771061,
    "b1": 0.013133565148691241,
    "b2": 0.11258348490401385,
    "b3": -0.15933859549720944,
    "t1": 0.5071905866363254,
    "t2": 0.7253608331009173
}