{
    "b0": -0.19036579432068249,
    "b1": 0.32818594946827095,
    "b2": 0.18907835018611857,
    "b3": 0.8615318731545639,
    "t1": 0.9470485629021573,
    "t2": 6.300510395002013
}