{
    "b0": 0.014533916422244348,
    "b1": 0.11751708009087836,
    "b2": -0.07279232508618404,
    "b3": 0.30305151701524735,
    "t1": 1.458202774452197,
    "t2": 5.445219983030319
}