{
    "b0": 0.1140655586041332,
    "b1": 0.005342153404826746,
    "b2": 0.036638773796130085,
    "b3": -0.08201375554633256,
    "t1": 0.51514367458409,
    "t2": 0.8254925458211106
}