{
    "b0": 0.11185789759246956,
    "b1": 0.02417924925460454,
    "b2": -0.9332113763335576,
    "b3": 0.9020091034575233,
    "t1": 0.6602659031998583,
    "t2": 0.6178883543048832
}