{
    "b0": 0.12991540985679675,
    "b1": 0.005163980439265485,
    "b2": -0.06888022899255886,
    "b3": 0.06380634796656433,
    "t1": 1.0549821012076368,
    "t2": 0.593287462305824
}