{
    "b0": 0.11455507584394216,
    "b1": 0.017250904343758075,
    "b2": 0.4108543310842892,
    "b3": -0.4569010920228768,
    "t1": 0.5925253415887628,
    "t2": 0.6793321054297516
}