{
    "b0": 0.11627048449681354,
    "b1": 0.01461009565405914,
    "b2": -0.3149895651357208,
    "b3": 0.2617386026467832,
    "t1": 0.6825300768587796,
    "t2": 0.5707612116219991
}