{
    "b0": 0.14563340109775239,
    "b1": -0.008791689673008297,
    "b2": -0.06395590625423511,
    "b3": 0.019865382685864533,
    "t1": 1.5,
    "t2": 0.5
}