{
    "b0": -0.08507317259590655,
    "b1": 0.22440812211900596,
    "b2": -0.35826842318744334,
    "b3": 0.730530294970093,
    "t1": 2.8021547690699564,
    "t2": 5.166579103021375
}