{
    "b0": 0.10274466892609417,
    "b1": 0.020205380623055783,
    "b2": 0.0647121438991347,
    "b3": -0.09765063015684822,
    "t1": 2.8671513484108386,
    "t2": 1.4046488102620454
}