{
    "b0": 0.12737866565075984,
    "b1": 0.007795198369297554,
    "b2": -0.817816541584511,
    "b3": 0.7958109731541881,
    "t1": 0.6935733166411753,
    "t2": 0.647933715235256
}