{
    "b0": 0.11033273320749243,
    "b1": 0.012417282004148324,
    "b2": 0.05503892851923427,
    "b3": -0.09181326617721693,
    "t1": 2.3224564698490706,
    "t2": 1.3640748698538778
}