{
    "b0": 0.115307002063337,
    "b1": 0.006407875528023865,
    "b2": 0.015901087650928927,
    "b3": -0.053924929796647675,
    "t1": 0.2733749157336103,
    "t2": 0.910513039969822
}