{
    "b0": 0.11824325617761686,
    "b1": 0.01752881121776116,
    "b2": -0.2974406179660218,
    "b3": 0.26190546031882306,
    "t1": 0.7496320874128717,
    "t2": 0.5878511918202882
}