{
    "b0": 0.10730345242450083,
    "b1": -0.003082991037155806,
    "b2": 0.054516776187729994,
    "b3": -0.005603406565135534,
    "t1": 3.950325737481032,
    "t2": 0.23510199498331907
}