{
    "b0": 0.11896584410719367,
    "b1": -0.014265588252163069,
    "b2": 0.010188879247554124,
    "b3": -0.008781503815440525,
    "t1": 1.1666496781501037,
    "t2": 0.16701134168325993
}