{
    "b0": 0.10891821442850988,
    "b1": 0.0014186082206444333,
    "b2": -0.06399878252780827,
    "b3": 0.025957458315515488,
    "t1": 1.0303637462450506,
    "t2": 2.161532704220575
}