{
    "b0": 0.14562267840303733,
    "b1": -0.02407982845519034,
    "b2": 0.07765440451735689,
    "b3": -0.014530144673549135,
    "t1": 0.7634531124920017,
    "t2": 0.1180840675985575
}