{
    "b0": 0.11907061793733159,
    "b1": -0.01519398661644047,
    "b2": -0.0060861768443018875,
    "b3": 0.033698916382264923,
    "t1": 1.3224315246961056,
    "t2": 0.7306129303733773
}