{
    "b0": 0.12944375365185165,
    "b1": -0.01788128293819819,
    "b2": -0.009184019872757451,
    "b3": 0.06798448762919189,
    "t1": 1.2751347934052681,
    "t2": 0.8190043999784633
}