{
    "b0": 0.047553616280342235,
    "b1": 0.05893881757683132,
    "b2": 0.12063981534282596,
    "b3": -0.01482574921326743,
    "t1": 10.0,
    "t2": 0.48436738016115566
}