{
    "b0": 0.10928104109288983,
    "b1": 0.0021295899850808176,
    "b2": 0.03625044438395718,
    "b3": -0.07687747436190863,
    "t1": 1.7008062378754096,
    "t2": 1.0897695265949143
}