{
    "b0": 0.11806715563302275,
    "b1": -0.013706361396151605,
    "b2": -0.06172778484120738,
    "b3": 0.04235378187411673,
    "t1": 1.0498539457189375,
    "t2": 1.4231797624390237
}