{
    "b0": 0.12792777388634688,
    "b1": -0.011160041837307694,
    "b2": 0.08916206152584294,
    "b3": 0.015124268444295645,
    "t1": 0.8636751000611632,
    "t2": 7.584505876755914
}