{
    "b0": 0.12557054139268273,
    "b1": -0.01592173368927067,
    "b2": -0.12485370315781252,
    "b3": 0.17794831183337503,
    "t1": 1.147783255921329,
    "t2": 1.0413043565660072
}