{
    "b0": 0.11413223773850247,
    "b1": -0.009852902684923278,
    "b2": 0.025263505528243912,
    "b3": -0.005258383783970155,
    "t1": 2.824330946506681,
    "t2": 0.2218077268527443
}