{
    "b0": 0.12317794462253141,
    "b1": -0.01897044962747082,
    "b2": -0.0030850919509811353,
    "b3": 0.040941825690296446,
    "t1": 1.4770882715322335,
    "t2": 0.7631089862368288
}