{
    "b0": 0.056203192264407814,
    "b1": 0.050513779520747745,
    "b2": 0.1083845000588509,
    "b3": -0.030471753096410727,
    "t1": 10.0,
    "t2": 0.7271473640163624
}