{
    "b0": 0.10851824458352294,
    "b1": 0.0027972898412067437,
    "b2": 0.0701784930630351,
    "b3": -0.1112969777400245,
    "t1": 1.5498434475954208,
    "t2": 1.171578091961237
}