{
    "b0": 0.12467436815332841,
    "b1": -0.015453920707772783,
    "b2": -0.31480658730916733,
    "b3": 0.3602018763112939,
    "t1": 0.9702266678716551,
    "t2": 0.9360317372565987
}