{
    "b0": 0.10719183119931268,
    "b1": 0.009755120828950262,
    "b2": -0.9332230368045437,
    "b3": 0.8916002218594379,
    "t1": 1.5186643246719367,
    "t2": 1.5794214460559564
}