{
    "b0": 0.12164538407043769,
    "b1": -0.01708798941041032,
    "b2": 0.020788264789112016,
    "b3": -0.013563618691321333,
    "t1": 0.9215195040976791,
    "t2": 0.20275216806211915
}