{
    "b0": 0.11196162921672127,
    "b1": -0.0029969704748698724,
    "b2": 0.10339758450747344,
    "b3": -0.1387533309952838,
    "t1": 1.4395181884189774,
    "t2": 1.1910621625249176
}