{
    "b0": 0.12468643381042886,
    "b1": -0.020675116593956742,
    "b2": -0.11803813272889672,
    "b3": 0.14472990479768028,
    "t1": 1.0325762343738933,
    "t2": 0.9310801570822509
}