{
    "b0": 0.11238040733179251,
    "b1": -0.008878615194647601,
    "b2": 0.02412305594210509,
    "b3": 0.019204412639751627,
    "t1": 0.5925210716106574,
    "t2": 4.944882636653956
}