{
    "b0": 0.12341363850778225,
    "b1": -0.01891481601682057,
    "b2": 0.005370600572662499,
    "b3": -0.028889840683586673,
    "t1": 0.2731981802877357,
    "t2": 0.2615634080641085
}