{
    "b0": 0.11638729898560521,
    "b1": -0.01211070552461492,
    "b2": 0.029930538661133654,
    "b3": -0.0049362793220068,
    "t1": 3.0098795057684526,
    "t2": 0.2042725982278757
}