{
    "b0": 0.12418305777768099,
    "b1": -0.01486983944625526,
    "b2": -0.06723639722231453,
    "b3": 0.11741028639956316,
    "t1": 1.0311212852076714,
    "t2": 0.9121422265890002
}