{
    "b0": 0.13076921506094766,
    "b1": -0.01469999224232298,
    "b2": -0.03196546326673619,
    "b3": 0.10634461326827521,
    "t1": 1.3198706882870512,
    "t2": 0.9810132956686815
}