{
    "b0": 0.12625588365647542,
    "b1": -0.01584397438112892,
    "b2": 0.11077349602895183,
    "b3": -0.06097366745540781,
    "t1": 0.9609507196902136,
    "t2": 1.108774261481881
}