{
    "b0": 0.12627733637363128,
    "b1": -0.014490583426160013,
    "b2": -0.018308223340606226,
    "b3": 0.043230643846157935,
    "t1": 0.26636015516197986,
    "t2": 0.6917852604307386
}