{
    "b0": 0.12118074488482035,
    "b1": -0.016771077598113124,
    "b2": 0.01099332347828032,
    "b3": -0.006923474968575472,
    "t1": 1.218839890863645,
    "t2": 0.1589904116581211
}