{
    "b0": 0.11630352289533355,
    "b1": -0.012161408623093048,
    "b2": -0.06248570101718535,
    "b3": 0.06032384977591008,
    "t1": 1.314123906072581,
    "t2": 1.9053990030525352
}