{
    "b0": 0.08497429980460816,
    "b1": 0.019011736920877834,
    "b2": 0.058777895751121245,
    "b3": 0.10553564131817975,
    "t1": 0.8215903181195782,
    "t2": 5.711068718471674
}