{
    "b0": 0.12342884107103282,
    "b1": -0.019188211026975818,
    "b2": -0.013112009793064788,
    "b3": 0.042882572939358585,
    "t1": 1.2069773810666784,
    "t2": 0.7629950719528695
}