{
    "b0": 0.10979109727110208,
    "b1": 0.0019409560854872308,
    "b2": -0.24166618111087995,
    "b3": 0.2002198760164859,
    "t1": 1.2398672687486618,
    "t2": 1.3747785839270343
}