{
    "b0": 0.12491650601309699,
    "b1": -0.018619622498472647,
    "b2": 0.010616255967159028,
    "b3": 0.039356365377674105,
    "t1": 1.4632029378154559,
    "t2": 0.6932661018127462
}