{
    "b0": 0.027921734028642942,
    "b1": 0.07727097516934192,
    "b2": 0.17571660471288628,
    "b3": 0.055810872644121046,
    "t1": 10.0,
    "t2": 0.8272522615461746
}