{
    "b0": 0.12600346056735387,
    "b1": -0.01644721562555627,
    "b2": -0.0985736724604572,
    "b3": 0.15337696758681776,
    "t1": 1.1340548227126899,
    "t2": 1.0136549631448455
}