{
    "b0": 0.11738168289033177,
    "b1": -0.014669713813735613,
    "b2": -0.0198053784761208,
    "b3": 0.04032746547588252,
    "t1": 1.1267455436353213,
    "t2": 0.6973554526466428
}