{
    "b0": 0.10929481159136284,
    "b1": 0.0011922695920200486,
    "b2": -0.1569921309610658,
    "b3": 0.117529666365637,
    "t1": 1.2040984252216926,
    "t2": 1.4757373027874237
}