{
    "b0": 0.11879289191490015,
    "b1": -0.015443617613709954,
    "b2": 0.000635636550834387,
    "b3": 0.026406747412441908,
    "t1": 1.4970241607813515,
    "t2": 0.6588348359204881
}