{
    "b0": 0.11774287753295462,
    "b1": -0.013303297257827985,
    "b2": 0.013222723016327655,
    "b3": -0.005306288307702195,
    "t1": 1.9152140720950426,
    "t2": 0.1603062040679859
}