{
    "b0": 0.10101080355713278,
    "b1": 0.016346087398477774,
    "b2": -0.15707523707082446,
    "b3": 0.12353222011242841,
    "t1": 1.4896009372952337,
    "t2": 2.084228819374826
}