{
    "b0": 0.09582934638413748,
    "b1": 0.008276551161533523,
    "b2": 0.06570398008039044,
    "b3": -0.010205385332105446,
    "t1": 5.5487756069918195,
    "t2": 0.532596706568742
}