{
    "b0": 0.122807206403036,
    "b1": -0.016967464035833962,
    "b2": 0.025107267912846443,
    "b3": 0.04641956428429668,
    "t1": 2.6456208815973032,
    "t2": 0.744588129598017
}