{
    "b0": 0.11346785055467738,
    "b1": -0.004157356643478834,
    "b2": 0.0601267776482446,
    "b3": -0.09791448008706505,
    "t1": 1.3364899152624643,
    "t2": 1.0605951212539204
}