{
    "b0": 0.11880125185035442,
    "b1": -0.014823182438618446,
    "b2": 0.14916790359892423,
    "b3": -0.150835365120077,
    "t1": 1.4877067729983584,
    "t2": 1.3121498654734354
}