{
    "b0": 0.10148371307943808,
    "b1": 0.004571865339542465,
    "b2": -0.017314471494345434,
    "b3": 0.04995749474103266,
    "t1": 0.6740575126774191,
    "t2": 4.9674552459149846
}