{
    "b0": 0.10429893856261302,
    "b1": -0.00015910143365293825,
    "b2": 0.05003283642157099,
    "b3": -0.00693325066773807,
    "t1": 4.853203941374935,
    "t2": 0.36289548592012366
}