{
    "b0": 0.12259295257329939,
    "b1": -0.01806645967400169,
    "b2": 0.013312038590876318,
    "b3": -0.008428195641046065,
    "t1": 1.211973854641716,
    "t2": 0.16558373350578304
}