{
    "b0": 0.15432779484512518,
    "b1": -0.0356840438607455,
    "b2": -0.1033352879828277,
    "b3": -0.16538409984263697,
    "t1": 1.3431481154336748,
    "t2": 17.85789287586086
}