{
    "b0": 0.08147146605695385,
    "b1": 0.03295553405551541,
    "b2": -0.05009898330986291,
    "b3": 0.08857163412393071,
    "t1": 1.1504239678738069,
    "t2": 4.613780288501919
}