{
    "b0": 0.12396787721020042,
    "b1": -0.018987324226158217,
    "b2": -0.04859769507730697,
    "b3": 0.08849706762604534,
    "t1": 0.9994930240714561,
    "t2": 0.8664633759146705
}