{
    "b0": 0.12596191102726823,
    "b1": -0.021347264208776928,
    "b2": 0.013056955482605707,
    "b3": -0.01057305236300013,
    "t1": 1.0986337351609476,
    "t2": 0.1920707382243334
}