{
    "b0": 0.11081543455507895,
    "b1": 0.000151318592813093,
    "b2": -0.07003459691539371,
    "b3": 0.02795198290493742,
    "t1": 1.0081736021700838,
    "t2": 1.6490485139344098
}