{
    "b0": 0.11820837386509271,
    "b1": -0.0139838926059885,
    "b2": 0.0340833690989374,
    "b3": -0.007413542547535899,
    "t1": 2.665320687143676,
    "t2": 0.2777722470910966
}