{
    "b0": 0.11686373480785663,
    "b1": -0.012162904952431466,
    "b2": -0.05904371461063014,
    "b3": 0.0374541196475236,
    "t1": 1.1043989495310251,
    "t2": 1.6258612003698958
}