{
    "b0": 0.11400238428490006,
    "b1": -0.0067226443912469895,
    "b2": -0.09660247595335503,
    "b3": 0.0647880881179989,
    "t1": 1.1696941067803088,
    "t2": 1.6649491822266498
}