{
    "b0": 0.11087868639787812,
    "b1": 0.0015669137383675768,
    "b2": 0.03283873509919423,
    "b3": -0.07558290387391371,
    "t1": 1.6344628123614333,
    "t2": 1.0867902684223347
}