{
    "b0": 0.12494527156153913,
    "b1": -0.02026025069513468,
    "b2": 0.018362087510128487,
    "b3": -0.010447812623622155,
    "t1": 1.1857004200969303,
    "t2": 0.18530932647628706
}