{
    "b0": 0.027972568075504023,
    "b1": 0.07825763279808533,
    "b2": 0.166126833334252,
    "b3": 0.049815345687009446,
    "t1": 10.0,
    "t2": 0.7744431732713419
}