{
    "b0": 0.11225839807118967,
    "b1": -0.00785386821375782,
    "b2": 0.04082695486659436,
    "b3": -0.004678194798914912,
    "t1": 3.6931773155600154,
    "t2": 0.1794007019330861
}