{
    "b0": 0.11927248057249448,
    "b1": -0.01483076218942462,
    "b2": 0.025243099896114004,
    "b3": -0.006588787877939391,
    "t1": 2.397476212048311,
    "t2": 0.1914529088729875
}