{
    "b0": 0.06130630708565906,
    "b1": 0.05510536386233622,
    "b2": -0.009994239423833047,
    "b3": 0.14050484484897283,
    "t1": 0.7702994861316754,
    "t2": 5.540742898678669
}