{
    "b0": 0.12180402419764355,
    "b1": -0.015134047127873747,
    "b2": -9.633454438204292e-06,
    "b3": -0.031212002511780464,
    "t1": 1.4747195634426031,
    "t2": 0.6647769450143093
}