{
    "b0": 0.1389058587073961,
    "b1": -0.017131884847617903,
    "b2": -0.03190224321116272,
    "b3": 0.06420641027836647,
    "t1": 0.13408043189650787,
    "t2": 0.9314116075188172
}