{
    "b0": 0.12263997141410526,
    "b1": -0.018219989593259163,
    "b2": 0.00908636738703819,
    "b3": -0.007282200874095983,
    "t1": 1.135571545796724,
    "t2": 0.164378970364222
}