{
    "b0": 0.11020324715521623,
    "b1": 0.0026736404399192466,
    "b2": -0.16546399284597268,
    "b3": 0.12539445740267618,
    "t1": 1.2184020070982164,
    "t2": 1.4197437997085824
}