{
    "b0": 0.12072273468938624,
    "b1": -0.016606110915343378,
    "b2": 0.00873199016797331,
    "b3": -0.005106744736174526,
    "t1": 1.4838854299473936,
    "t2": 0.21331604941613502
}