{
    "b0": 0.11072961491062225,
    "b1": 0.0012349687857872646,
    "b2": 0.6097376593173581,
    "b3": -0.6511378620579144,
    "t1": 1.3334990458650227,
    "t2": 1.2848045509038353
}