{
    "b0": 0.11476187692048428,
    "b1": -0.01059585282262997,
    "b2": -0.07204150238436063,
    "b3": 0.07096268741197635,
    "t1": 1.4025648655773515,
    "t2": 1.9825931865941984
}