{
    "b0": 0.10873087678331891,
    "b1": 0.0023843840528360687,
    "b2": -0.056488504210464044,
    "b3": 0.017329191664674108,
    "t1": 0.9668105964850762,
    "t2": 2.2503757055676905
}