{
    "b0": 0.13958792347708854,
    "b1": -0.021783938479901135,
    "b2": -0.46723895964057394,
    "b3": 0.549003388396858,
    "t1": 1.0177720816387703,
    "t2": 0.9797357215451159
}