{
    "b0": 0.10094790018451072,
    "b1": 0.017677612181190613,
    "b2": 0.08296091749448437,
    "b3": -0.12584128011430334,
    "t1": 2.197668851768144,
    "t2": 1.399368708272477
}