{
    "b0": 0.11733106197244497,
    "b1": -0.013283590551370527,
    "b2": -0.3473200643095347,
    "b3": 0.34580586385176765,
    "t1": 1.461591878383926,
    "t2": 1.551629511282115
}