{
    "b0": 0.11904026069318932,
    "b1": -0.014616308330852394,
    "b2": 0.00848837030484096,
    "b3": -0.006401086972695652,
    "t1": 1.2101507932691962,
    "t2": 0.16434658589096784
}