{
    "b0": 0.10968192778828115,
    "b1": 0.0009615020824231876,
    "b2": -0.07407119699923087,
    "b3": 0.034079496409368845,
    "t1": 1.0501683436801201,
    "t2": 1.741698584972898
}