{
    "b0": 0.11916541275535597,
    "b1": -0.015179741051365016,
    "b2": 0.058281747178185045,
    "b3": -0.06375964112137922,
    "t1": 1.4505854724975284,
    "t2": 1.1491336910063854
}