{
    "b0": 0.12078160952027583,
    "b1": -0.015715887229939995,
    "b2": 0.01942255724059532,
    "b3": -0.029443335299771455,
    "t1": 1.965718267209084,
    "t2": 0.867341741670753
}