{
    "b0": 0.11149969816874701,
    "b1": 0.00032137811762703375,
    "b2": 0.11266439629376768,
    "b3": -0.15464444515004533,
    "t1": 1.3419653850765472,
    "t2": 1.156698586466507
}