{
    "b0": 0.11701829685203555,
    "b1": -0.01480118144333093,
    "b2": -0.09696588810720745,
    "b3": 0.11815142495324764,
    "t1": 1.3214435615872508,
    "t2": 1.1531019299703669
}