{
    "b0": 0.12305794579207262,
    "b1": -0.0185986652977561,
    "b2": 0.005874605938863029,
    "b3": 0.044458644790030685,
    "t1": 1.6355696709106815,
    "t2": 0.7547471047067624
}