{
    "b0": 0.11999284618732907,
    "b1": -0.014208183349393735,
    "b2": -0.04866333125708445,
    "b3": 0.0193292746292708,
    "t1": 0.9004659359108373,
    "t2": 1.513782446889568
}