{
    "b0": 0.13263083080288285,
    "b1": -0.015885820397629116,
    "b2": 0.6036609930550833,
    "b3": -0.5444791006532519,
    "t1": 0.5810535587298249,
    "t2": 0.5482087720462374
}